{
  "algorithm": "GWO",
  "thresholds": [
    24,
    42,
    59,
    76,
    96,
    121,
    147,
    174,
    202,
    229
  ],
  "best_f": -36.80730905695396,
  "entropy": 36.80730905695396,
  "time": 17.22809910774231,
  "metrics": {
    "psnr": 31.851916969552512,
    "ssim": 0.9182911683429487,
    "boundary_dsc": 0.16482104729851987
  }
}