{
  "algorithm": "HYBRID-PA5",
  "thresholds": [
    24,
    45,
    65,
    84,
    102,
    120,
    144,
    169,
    194,
    224
  ],
  "best_f": -37.28677230958161,
  "entropy": 37.28677230958161,
  "time": 4.965316295623779,
  "metrics": {
    "psnr": 32.267444273283374,
    "ssim": 0.8891146576824188,
    "boundary_dsc": 0.22839888276590925
  }
}