{
  "image_name": "uploaded",
  "timestamp": "2026-01-22T19:24:09.348066",
  "total_time": 220.59074091911316,
  "best_overall_algo": "HYBRID-PA5",
  "best_overall_f": -0.03767271374242327,
  "best_overall_entropy": 0.03767271374242327,
  "results": {
    "GWO": {
      "entropy": 0.03732129784915378,
      "time": 24.315141916275024,
      "metrics": {
        "psnr": 17.785154806117163,
        "ssim": 0.7882953238120151,
        "dice": 0.22667055210598283
      }
    },
    "WOA": {
      "entropy": 0.037539283344898255,
      "time": 22.140509366989136,
      "metrics": {
        "psnr": 18.805138799747837,
        "ssim": 0.7858441153351583,
        "dice": 0.2245102368310519
      }
    },
    "HYBRID-PA1": {
      "entropy": 0.037559913846339436,
      "time": 21.3132586479187,
      "metrics": {
        "psnr": 18.756032981570016,
        "ssim": 0.7889515809637767,
        "dice": 0.2279223643581826
      }
    },
    "HYBRID-PA2": {
      "entropy": 0.03742222706040675,
      "time": 21.02187418937683,
      "metrics": {
        "psnr": 18.572791551857826,
        "ssim": 0.7906445804414443,
        "dice": 0.22644892316332924
      }
    },
    "HYBRID-PA3": {
      "entropy": 0.03737122003501439,
      "time": 21.619404554367065,
      "metrics": {
        "psnr": 19.174953057868066,
        "ssim": 0.8192805803677544,
        "dice": 0.23078566529106836
      }
    },
    "HYBRID-PA4": {
      "entropy": 0.037428191745130804,
      "time": 22.15136480331421,
      "metrics": {
        "psnr": 19.071106022750225,
        "ssim": 0.8039235775852758,
        "dice": 0.2269854176830921
      }
    },
    "HYBRID-PA5": {
      "entropy": 0.03767271374242327,
      "time": 43.143948793411255,
      "metrics": {
        "psnr": 18.515057873925993,
        "ssim": 0.7899170601843036,
        "dice": 0.22560737102872788
      }
    }
  }
}