{
  "algorithm": "GWO",
  "thresholds": [
    6,
    21,
    36,
    53,
    77,
    101,
    129,
    159,
    190,
    223
  ],
  "best_f": -36.23542180336299,
  "entropy": 36.23542180336299,
  "time": 2.3709850311279297,
  "metrics": {
    "psnr": 31.18646717953022,
    "ssim": 0.8907489478282038,
    "boundary_dsc": 0.07792925108583766
  }
}