{
  "algorithm": "PSO",
  "thresholds": [
    30,
    53,
    75,
    96,
    117,
    140,
    164,
    188,
    212,
    236
  ],
  "best_f": -36.7871532963119,
  "entropy": 36.7871532963119,
  "time": 28.63652777671814,
  "metrics": {
    "psnr": 32.807332490412826,
    "ssim": 0.9382205776182704,
    "boundary_dsc": 0.16488527714868367
  }
}