{
  "algorithm": "HYBRID-PA6",
  "thresholds": [
    18,
    44,
    70,
    93,
    115,
    137,
    160,
    182,
    206,
    229
  ],
  "best_f": -37.35692523985041,
  "entropy": 37.35692523985041,
  "time": 2.3333001136779785,
  "metrics": {
    "psnr": 31.436140557770905,
    "ssim": 0.87111611123942,
    "boundary_dsc": 0.1985949704012916
  }
}