{
  "algorithm": "HYBRID-PA6",
  "thresholds": [
    24,
    47,
    70,
    94,
    118,
    142,
    164,
    186,
    208,
    231
  ],
  "best_f": -37.8940588217239,
  "entropy": 37.8940588217239,
  "time": 2.211341619491577,
  "metrics": {
    "psnr": 31.99098545842233,
    "ssim": 0.8963164196066461,
    "dice": 0.20135094110503945
  }
}