{
  "algorithm": "HYBRID-PA5",
  "thresholds": [
    38,
    59,
    75,
    90,
    104,
    119,
    135,
    152,
    169,
    189
  ],
  "best_f": -33.560738414557676,
  "entropy": 33.560738414557676,
  "time": 4.147713661193848,
  "metrics": {
    "psnr": 35.15981794170051,
    "ssim": 0.8954728497690616,
    "dice": 0.12645025811532068
  }
}