{
  "algorithm": "WOA",
  "thresholds": [
    32,
    64,
    94,
    123,
    150,
    176,
    202,
    228
  ],
  "best_f": -32.314012509683465,
  "entropy": 32.314012509683465,
  "time": 2.086700439453125,
  "metrics": {
    "psnr": 29.456966420920182,
    "ssim": 0.8425185759976382,
    "dice": 0.10850877644515365
  }
}