{
  "algorithm": "HYBRID-PA5",
  "thresholds": [
    29,
    57,
    79,
    101,
    124,
    147,
    170,
    192,
    214,
    235
  ],
  "best_f": -35.644331750293865,
  "entropy": 35.644331750293865,
  "time": 8.394574642181396,
  "metrics": {
    "psnr": 32.09820694016725,
    "ssim": 0.9228311236955229,
    "boundary_dsc": 0.19196964036415834
  }
}