{
  "algorithm": "GWO",
  "thresholds": [
    8,
    20,
    33,
    51,
    72,
    100,
    129,
    159,
    189,
    222
  ],
  "best_f": -36.5225778768354,
  "entropy": 36.5225778768354,
  "time": 2.2646851539611816,
  "metrics": {
    "psnr": 30.41364353995435,
    "ssim": 0.8858110830236365,
    "dice": 0.16175860638739112
  }
}