{
  "algorithm": "HYBRID-PA5",
  "thresholds": [
    34,
    61,
    87,
    110,
    131,
    152,
    171,
    192,
    213,
    234
  ],
  "best_f": -36.40008444929952,
  "entropy": 36.40008444929952,
  "time": 4.786524057388306,
  "metrics": {
    "psnr": 33.09904151435356,
    "ssim": 0.8728481751679336,
    "dice": 0.22435047720042417
  }
}