{
  "algorithm": "HYBRID-PA6",
  "thresholds": [
    85,
    170
  ],
  "best_f": -13.022909641171294,
  "entropy": 13.022909641171294,
  "time": 1.8599059581756592,
  "metrics": {
    "psnr": 13.395283606508597,
    "ssim": 0.5761007483677222,
    "dice": 0.265012046002091
  }
}