{
  "config": {
    "eval_mode": "single_image_multi_seed",
    "image_id": "230063",
    "k": 10,
    "seeds": [
      42,
      43
    ],
    "n_agents": 30,
    "n_iters": 80,
    "use_penalties": true,
    "penalty_mode": "light",
    "n_images": 1,
    "algorithms": [
      "GWO",
      "WOA",
      "PSO",
      "OTSU",
      "PA5",
      "PA6"
    ],
    "image_path": "dataset/BDS500/images\\test\\230063.jpg",
    "gt_path": "dataset/BDS500/ground_truth\\test\\230063.mat"
  },
  "summary_statistics": {
    "GWO": {
      "n_runs": 2,
      "n_images": 1,
      "n_seeds": 2,
      "boundary_dsc_mean": 0.23606993621636807,
      "boundary_dsc_sd": 0.009218374083284303,
      "fe_mean": 35.81078786714303,
      "fe_sd": 0.10221119672116175,
      "psnr_mean": 32.762873278754725,
      "psnr_sd": 0.3573250176980684,
      "ssim_mean": 0.8917039792420443,
      "ssim_sd": 0.0015109330694442658,
      "time_mean": 14.470905303955078,
      "time_sd": 0.1720076950939322
    },
    "WOA": {
      "n_runs": 2,
      "n_images": 1,
      "n_seeds": 2,
      "boundary_dsc_mean": 0.23592703404973286,
      "boundary_dsc_sd": 0.0008670538514584926,
      "fe_mean": 36.11832206811174,
      "fe_sd": 0.007199493359795544,
      "psnr_mean": 32.70663896016121,
      "psnr_sd": 0.13298433951958186,
      "ssim_mean": 0.8909036251801248,
      "ssim_sd": 0.0009595306700570297,
      "time_mean": 14.423691868782043,
      "time_sd": 0.10621966772891345
    },
    "PSO": {
      "n_runs": 2,
      "n_images": 1,
      "n_seeds": 2,
      "boundary_dsc_mean": 0.23564936504035097,
      "boundary_dsc_sd": 0.003348367107556145,
      "fe_mean": 36.10529886239024,
      "fe_sd": 0.026618192753926347,
      "psnr_mean": 32.90228985979762,
      "psnr_sd": 0.07859253951918357,
      "ssim_mean": 0.8927352741675366,
      "ssim_sd": 0.003078033782267555,
      "time_mean": 28.88152539730072,
      "time_sd": 0.8546306976309253
    },
    "OTSU": {
      "n_runs": 2,
      "n_images": 1,
      "n_seeds": 2,
      "boundary_dsc_mean": 0.22435831090871455,
      "boundary_dsc_sd": 0.0,
      "fe_mean": 35.2411249751929,
      "fe_sd": 0.0,
      "psnr_mean": 34.40166880004281,
      "psnr_sd": 0.0,
      "ssim_mean": 0.916208364848832,
      "ssim_sd": 0.0,
      "time_mean": 0.4114985466003418,
      "time_sd": 0.0021184691935515775
    },
    "PA5": {
      "n_runs": 2,
      "n_images": 1,
      "n_seeds": 2,
      "boundary_dsc_mean": 0.23230509898714732,
      "boundary_dsc_sd": 0.0009318054192872832,
      "fe_mean": 36.21774840155794,
      "fe_sd": 0.0002477377616297892,
      "psnr_mean": 32.10412507060583,
      "psnr_sd": 0.008281236522085159,
      "ssim_mean": 0.8812837837133503,
      "ssim_sd": 0.00028868516405250753,
      "time_mean": 30.076520323753357,
      "time_sd": 0.06928823884015148
    },
    "PA6": {
      "n_runs": 2,
      "n_images": 1,
      "n_seeds": 2,
      "boundary_dsc_mean": 0.23723275255701345,
      "boundary_dsc_sd": 0.0023065200659938678,
      "fe_mean": 36.079647823511465,
      "fe_sd": 0.05376241674530117,
      "psnr_mean": 32.74391410843667,
      "psnr_sd": 0.08557614905266518,
      "ssim_mean": 0.8916654426854735,
      "ssim_sd": 0.00034026150517681023,
      "time_mean": 15.775769233703613,
      "time_sd": 1.8234928417178968
    }
  },
  "wilcoxon": [
    {
      "base": "PA5",
      "challenger": "GWO",
      "metric": "boundary_dsc",
      "mean_base": 0.23230509898714732,
      "mean_challenger": 0.23606993621636807,
      "delta_mean": -0.0037648372292207466,
      "n": 2,
      "statistic": 1.0,
      "pvalue": 1.0,
      "status": "ok"
    },
    {
      "base": "PA5",
      "challenger": "GWO",
      "metric": "fe",
      "mean_base": 36.21774840155794,
      "mean_challenger": 35.81078786714303,
      "delta_mean": 0.40696053441491387,
      "n": 2,
      "statistic": 0.0,
      "pvalue": 0.5,
      "status": "ok"
    },
    {
      "base": "PA5",
      "challenger": "GWO",
      "metric": "psnr",
      "mean_base": 32.10412507060583,
      "mean_challenger": 32.762873278754725,
      "delta_mean": -0.6587482081488929,
      "n": 2,
      "statistic": 0.0,
      "pvalue": 0.5,
      "status": "ok"
    },
    {
      "base": "PA5",
      "challenger": "GWO",
      "metric": "ssim",
      "mean_base": 0.8812837837133503,
      "mean_challenger": 0.8917039792420443,
      "delta_mean": -0.010420195528693998,
      "n": 2,
      "statistic": 0.0,
      "pvalue": 0.5,
      "status": "ok"
    },
    {
      "base": "PA5",
      "challenger": "WOA",
      "metric": "boundary_dsc",
      "mean_base": 0.23230509898714732,
      "mean_challenger": 0.23592703404973286,
      "delta_mean": -0.0036219350625855407,
      "n": 2,
      "statistic": 0.0,
      "pvalue": 0.5,
      "status": "ok"
    },
    {
      "base": "PA5",
      "challenger": "WOA",
      "metric": "fe",
      "mean_base": 36.21774840155794,
      "mean_challenger": 36.11832206811174,
      "delta_mean": 0.09942633344620333,
      "n": 2,
      "statistic": 0.0,
      "pvalue": 0.5,
      "status": "ok"
    },
    {
      "base": "PA5",
      "challenger": "WOA",
      "metric": "psnr",
      "mean_base": 32.10412507060583,
      "mean_challenger": 32.70663896016121,
      "delta_mean": -0.6025138895553752,
      "n": 2,
      "statistic": 0.0,
      "pvalue": 0.5,
      "status": "ok"
    },
    {
      "base": "PA5",
      "challenger": "WOA",
      "metric": "ssim",
      "mean_base": 0.8812837837133503,
      "mean_challenger": 0.8909036251801248,
      "delta_mean": -0.009619841466774526,
      "n": 2,
      "statistic": 0.0,
      "pvalue": 0.5,
      "status": "ok"
    },
    {
      "base": "PA5",
      "challenger": "PSO",
      "metric": "boundary_dsc",
      "mean_base": 0.23230509898714732,
      "mean_challenger": 0.23564936504035097,
      "delta_mean": -0.0033442660532036483,
      "n": 2,
      "statistic": 0.0,
      "pvalue": 0.5,
      "status": "ok"
    },
    {
      "base": "PA5",
      "challenger": "PSO",
      "metric": "fe",
      "mean_base": 36.21774840155794,
      "mean_challenger": 36.10529886239024,
      "delta_mean": 0.11244953916769873,
      "n": 2,
      "statistic": 0.0,
      "pvalue": 0.5,
      "status": "ok"
    },
    {
      "base": "PA5",
      "challenger": "PSO",
      "metric": "psnr",
      "mean_base": 32.10412507060583,
      "mean_challenger": 32.90228985979762,
      "delta_mean": -0.7981647891917873,
      "n": 2,
      "statistic": 0.0,
      "pvalue": 0.5,
      "status": "ok"
    },
    {
      "base": "PA5",
      "challenger": "PSO",
      "metric": "ssim",
      "mean_base": 0.8812837837133503,
      "mean_challenger": 0.8927352741675366,
      "delta_mean": -0.011451490454186364,
      "n": 2,
      "statistic": 0.0,
      "pvalue": 0.5,
      "status": "ok"
    },
    {
      "base": "PA5",
      "challenger": "OTSU",
      "metric": "boundary_dsc",
      "mean_base": 0.23230509898714732,
      "mean_challenger": 0.22435831090871455,
      "delta_mean": 0.00794678807843277,
      "n": 2,
      "statistic": 0.0,
      "pvalue": 0.5,
      "status": "ok"
    },
    {
      "base": "PA5",
      "challenger": "OTSU",
      "metric": "fe",
      "mean_base": 36.21774840155794,
      "mean_challenger": 35.2411249751929,
      "delta_mean": 0.9766234263650375,
      "n": 2,
      "statistic": 0.0,
      "pvalue": 0.5,
      "status": "ok"
    },
    {
      "base": "PA5",
      "challenger": "OTSU",
      "metric": "psnr",
      "mean_base": 32.10412507060583,
      "mean_challenger": 34.40166880004281,
      "delta_mean": -2.297543729436981,
      "n": 2,
      "statistic": 0.0,
      "pvalue": 0.5,
      "status": "ok"
    },
    {
      "base": "PA5",
      "challenger": "OTSU",
      "metric": "ssim",
      "mean_base": 0.8812837837133503,
      "mean_challenger": 0.916208364848832,
      "delta_mean": -0.03492458113548169,
      "n": 2,
      "statistic": 0.0,
      "pvalue": 0.5,