{
  "algorithm": "OTSU",
  "thresholds": [
    64,
    87,
    112,
    140,
    167,
    191,
    211,
    226,
    238,
    248
  ],
  "best_f": -34.751009544650806,
  "entropy": 34.751009544650806,
  "time": 0.418917179107666,
  "metrics": {
    "psnr": 35.42957443899971,
    "ssim": 0.9432093374423516,
    "boundary_dsc": 0.20714581975469573
  }
}