{
  "image_name": "uploaded",
  "timestamp": "2026-04-18T22:56:30.106256",
  "total_time": 18.000818014144897,
  "best_overall_algo": "HYBRID-PA5",
  "best_overall_f": -36.42186733272985,
  "best_overall_entropy": 36.42186733272985,
  "results": {
    "GWO": {
      "entropy": 33.931364365679215,
      "time": 2.1193578243255615,
      "metrics": {
        "psnr": 29.53246015655564,
        "ssim": 0.8226138240910935,
        "dice": 0.2216099962673966
      }
    },
    "WOA": {
      "entropy": 36.23040393904994,
      "time": 2.0740463733673096,
      "metrics": {
        "psnr": 33.41915870257034,
        "ssim": 0.8816892625750329,
        "dice": 0.22853588420220902
      }
    },
    "PSO": {
      "entropy": 36.28690037972796,
      "time": 4.0437235832214355,
      "metrics": {
        "psnr": 32.45318563892704,
        "ssim": 0.8694402277597127,
        "dice": 0.23213328155914276
      }
    },
    "OTSU": {
      "entropy": 35.44330695658944,
      "time": 0.00200653076171875,
      "metrics": {
        "psnr": 32.48254580585906,
        "ssim": 0.867436236227862,
        "dice": 0.23381281524378852
      }
    },
    "HYBRID-PA5": {
      "entropy": 36.42186733272985,
      "time": 4.196660280227661,
      "metrics": {
        "psnr": 33.10670117830664,
        "ssim": 0.877911136318355,
        "dice": 0.24026562028373075
      }
    },
    "HYBRID-PA6": {
      "entropy": 36.24666188975063,
      "time": 2.1048765182495117,
      "metrics": {
        "psnr": 32.62549878825197,
        "ssim": 0.8673367543791848,
        "dice": 0.23091642178637325
      }
    }
  }
}