{
  "algorithm": "HYBRID-PA6",
  "thresholds": [
    32,
    61,
    87,
    108,
    128,
    147,
    166,
    186,
    206,
    225
  ],
  "best_f": -36.37521336881653,
  "entropy": 36.37521336881653,
  "time": 2.2774553298950195,
  "metrics": {
    "psnr": 31.691299815536418,
    "ssim": 0.8568029026044418,
    "dice": 0.15916410571604178
  }
}