{
  "algorithm": "WOA",
  "thresholds": [
    27,
    53,
    74,
    94,
    114,
    136,
    163,
    186,
    207,
    231
  ],
  "best_f": -37.19282021755596,
  "entropy": 37.19282021755596,
  "time": 2.2619035243988037,
  "metrics": {
    "psnr": 31.977521720448898,
    "ssim": 0.8954677102520997,
    "dice": 0.2680928622714804
  }
}