{
  "algorithm": "GWO",
  "thresholds": [
    78,
    87,
    99,
    110,
    119,
    128,
    137,
    152,
    161,
    172
  ],
  "best_f": -0.0451883941208244,
  "entropy": 0.0451883941208244,
  "time": 19.355069637298584,
  "metrics": {
    "psnr": 15.490387254747795,
    "ssim": 0.6458151493586929,
    "dice": 0.1493842343784221
  }
}