{
  "image_name": "uploaded",
  "timestamp": "2026-04-18T15:49:27.338159",
  "total_time": 17.974432468414307,
  "best_overall_algo": "HYBRID-PA5",
  "best_overall_f": -37.436879895084004,
  "best_overall_entropy": 37.436879895084004,
  "results": {
    "GWO": {
      "entropy": 36.09884382695741,
      "time": 2.082458972930908,
      "metrics": {
        "psnr": 31.15087880764107,
        "ssim": 0.895685718301849,
        "dice": 0.10908259502715062
      }
    },
    "WOA": {
      "entropy": 37.00906259528967,
      "time": 2.368523359298706,
      "metrics": {
        "psnr": 31.337113010303185,
        "ssim": 0.8809154536841035,
        "dice": 0.11438080840042658
      }
    },
    "PSO": {
      "entropy": 37.23547945773944,
      "time": 3.9794139862060547,
      "metrics": {
        "psnr": 31.336610438771103,
        "ssim": 0.8790815488923203,
        "dice": 0.11590404426486113
      }
    },
    "OTSU": {
      "entropy": 37.42202483692165,
      "time": 0.0028612613677978516,
      "metrics": {
        "psnr": 31.90135290997769,
        "ssim": 0.8896196094601938,
        "dice": 0.113621239186018
      }
    },
    "HYBRID-PA5": {
      "entropy": 37.436879895084004,
      "time": 4.003393173217773,
      "metrics": {
        "psnr": 31.64871475647798,
        "ssim": 0.8837178802266452,
        "dice": 0.11242313891707957
      }
    },
    "HYBRID-PA6": {
      "entropy": 37.29348179980453,
      "time": 1.9892630577087402,
      "metrics": {
        "psnr": 32.137701003888296,
        "ssim": 0.8996003319593721,
        "dice": 0.11432388370618603
      }
    }
  }
}