{
  "algorithm": "HYBRID-PA5",
  "thresholds": [
    47,
    74,
    100,
    123,
    145,
    165,
    184,
    203,
    221,
    238
  ],
  "best_f": -35.92259538526595,
  "entropy": 35.92259538526595,
  "time": 4.72809362411499,
  "metrics": {
    "psnr": 31.633155756623236,
    "ssim": 0.9158060339338132,
    "boundary_dsc": 0.11375326617475473
  }
}