{
  "algorithm": "GWO",
  "thresholds": [
    32,
    63,
    86,
    108,
    130,
    152,
    177,
    204,
    230
  ],
  "best_f": -33.866166876698784,
  "entropy": 33.866166876698784,
  "time": 2.006101131439209,
  "metrics": {
    "psnr": 31.234515103413365,
    "ssim": 0.8451489459798256,
    "dice": 0.23729430610164556
  }
}