{
  "algorithm": "WOA",
  "thresholds": [
    20,
    40,
    60,
    80,
    99,
    118,
    137,
    156,
    175,
    198
  ],
  "best_f": -35.652473645654354,
  "entropy": 35.652473645654354,
  "time": 7.531415224075317,
  "metrics": {
    "psnr": 33.224194303245234,
    "ssim": 0.9054999038934958,
    "boundary_dsc": 0.10221300314325346
  }
}