{
  "algorithm": "WOA",
  "thresholds": [
    49,
    76,
    101,
    126,
    151,
    177,
    205,
    230
  ],
  "best_f": -31.26364867876064,
  "entropy": 31.26364867876064,
  "time": 1.9395277500152588,
  "metrics": {
    "psnr": 30.887694657339033,
    "ssim": 0.8406943207866991,
    "dice": 0.23670963313248417
  }
}