{
  "algorithm": "PA6",
  "mode": "single_image_multi_seed",
  "seed": 46,
  "fe": 37.06405111933212,
  "boundary_dsc": 0.2677320991671789,
  "psnr": 32.17143200707818,
  "ssim": 0.8976235536511947,
  "time": 14.89517855644226,
  "thresholds": [
    29,
    55,
    80,
    102,
    124,
    146,
    168,
    191,
    214,
    235
  ],
  "best_f": -37.062460435608486,
  "objective_name": "FE + light penalties",
  "penalty_mode": "light",
  "summary_stat": {
    "n_runs": 5,
    "n_images": 1,
    "n_seeds": 5,
    "boundary_dsc_mean": 0.2736987822521577,
    "boundary_dsc_sd": 0.004402554479529798,
    "fe_mean": 36.97249271578984,
    "fe_sd": 0.08075609498939985,
    "psnr_mean": 32.13127229544227,
    "psnr_sd": 0.15131254666843763,
    "ssim_mean": 0.8953613774430913,
    "ssim_sd": 0.0028169567238441736,
    "time_mean": 14.89066972732544,
    "time_sd": 0.3353141974410782
  }
}