{
  "algorithm": "PSO",
  "thresholds": [
    36,
    54,
    68,
    82,
    98,
    115,
    132,
    150,
    169,
    189
  ],
  "best_f": -33.49205860497429,
  "entropy": 33.49205860497429,
  "time": 4.278109550476074,
  "metrics": {
    "psnr": 34.62341565571061,
    "ssim": 0.8865304233046017,
    "boundary_dsc": 0.12664664590894853
  }
}