{
  "algorithm": "HYBRID-PA6",
  "thresholds": [
    47,
    93,
    133,
    173,
    215
  ],
  "best_f": -23.014244774607068,
  "entropy": 23.014244774607068,
  "time": 1.882535696029663,
  "metrics": {
    "psnr": 27.58920944788196,
    "ssim": 0.7787072269803867,
    "dice": 0.25313290020931306
  }
}