{
  "image_index": 8,
  "image_path": "dataset/BDS500/images/val\\108082.jpg",
  "k": 10,
  "strategies": {
    "PA1": {
      "fe_best": 0.05113005064589706,
      "thresholds": [
        1,
        2,
        4,
        11,
        235,
        238,
        239,
        250,
        251,
        254
      ],
      "time_sec": 4.529600143432617,
      "stability_jitter": {
        "fe_mean": 0.05091275687181319,
        "fe_std": 0.0001090435594404572,
        "fe_min": 0.0507146053172372,
        "fe_max": 0.05113005064589706,
        "fe_original": 0.05113005064589706
      },
      "stability_convergence": {
        "fe_last_mean": 0.05113005064589706,
        "fe_last_std": 0.0,
        "fe_improvement": 0.0013733433854736174,
        "fe_first": 0.049756707260423444,
        "fe_last": 0.05113005064589706
      }
    },
    "PA2": {
      "fe_best": 0.050888223720076606,
      "thresholds": [
        1,
        2,
        3,
        4,
        5,
        6,
        7,
        8,
        9,
        240
      ],
      "time_sec": 4.530197381973267,
      "stability_jitter": {
        "fe_mean": 0.05068381805336278,
        "fe_std": 0.00011052540764553591,
        "fe_min": 0.05048393627563465,
        "fe_max": 0.050888223720076606,
        "fe_original": 0.050888223720076606
      },
      "stability_convergence": {
        "fe_last_mean": 0.050888223720076606,
        "fe_last_std": 0.0,
        "fe_improvement": 9.446325296843389e-05,
        "fe_first": 0.05079376046710817,
        "fe_last": 0.050888223720076606
      }
    },
    "PA3": {
      "fe_best": 0.05118388359089616,
      "thresholds": [
        1,
        2,
        3,
        4,
        5,
        6,
        7,
        250,
        251,
        254
      ],
      "time_sec": 4.496995687484741,
      "stability_jitter": {
        "fe_mean": 0.05089960211441661,
        "fe_std": 0.00012127894291487499,
        "fe_min": 0.05070333458421162,
        "fe_max": 0.05118388359089616,
        "fe_original": 0.05118388359089616
      },
      "stability_convergence": {
        "fe_last_mean": 0.051183883590896165,
        "fe_last_std": 6.938893903907228e-18,
        "fe_improvement": 0.001427176330472714,
        "fe_first": 0.049756707260423444,
        "fe_last": 0.05118388359089616
      }
    },
    "PA4": {
      "fe_best": 0.050888223720076606,
      "thresholds": [
        1,
        2,
        3,
        4,
        5,
        6,
        7,
        8,
        9,
        240
      ],
      "time_sec": 4.441988229751587,
      "stability_jitter": {
        "fe_mean": 0.05068381805336278,
        "fe_std": 0.00011052540764553591,
        "fe_min": 0.05048393627563465,
        "fe_max": 0.050888223720076606,
        "fe_original": 0.050888223720076606
      },
      "stability_convergence": {
        "fe_last_mean": 0.050888223720076606,
        "fe_last_std": 0.0,
        "fe_improvement": 9.446325296843389e-05,
        "fe_first": 0.05079376046710817,
        "fe_last": 0.050888223720076606
      }
    },
    "PA5": {
      "fe_best": 0.05135978100295115,
      "thresholds": [
        9,
        238,
        239,
        242,
        243,
        246,
        247,
        250,
        251,
        254
      ],
      "time_sec": 9.533731698989868,
      "stability_jitter": {
        "fe_mean": 0.05109119899327182,
        "fe_std": 9.7880693483948e-05,
        "fe_min": 0.05091140135137421,
        "fe_max": 0.05135978100295115,
        "fe_original": 0.05135978100295115
      },
      "stability_convergence": {
        "fe_last_mean": 0.05135978100295115,
        "fe_last_std": 0.0,
        "fe_improvement": 0.0016030737425277095,
        "fe_first": 0.049756707260423444,
        "fe_last": 0.05135978100295115
      }
    }
  }
}