{
  "image_index": 4,
  "image_path": "dataset/BDS500/images/val\\105025.jpg",
  "k": 10,
  "strategies": {
    "PA1": {
      "fe_best": 0.040768516230772836,
      "thresholds": [
        5,
        7,
        8,
        9,
        25,
        27,
        89,
        236,
        251,
        252
      ],
      "time_sec": 4.368541717529297,
      "stability_jitter": {
        "fe_mean": 0.03934340098922319,
        "fe_std": 0.0008647831616229689,
        "fe_min": 0.03765253638013495,
        "fe_max": 0.040768516230772836,
        "fe_original": 0.040768516230772836
      },
      "stability_convergence": {
        "fe_last_mean": 0.040768256912346104,
        "fe_last_std": 5.186368534582097e-07,
        "fe_improvement": 0.0008466065131375322,
        "fe_first": 0.039921909717635304,
        "fe_last": 0.040768516230772836
      }
    },
    "PA2": {
      "fe_best": 0.04067403587886623,
      "thresholds": [
        17,
        39,
        64,
        103,
        212,
        213,
        228,
        242,
        251,
        254
      ],
      "time_sec": 5.018115758895874,
      "stability_jitter": {
        "fe_mean": 0.03967011989136205,
        "fe_std": 0.0005430154305714629,
        "fe_min": 0.03878937344629323,
        "fe_max": 0.04067403587886623,
        "fe_original": 0.04067403587886623
      },
      "stability_convergence": {
        "fe_last_mean": 0.04067403587886622,
        "fe_last_std": 6.938893903907228e-18,
        "fe_improvement": 0.0007521261612309232,
        "fe_first": 0.039921909717635304,
        "fe_last": 0.04067403587886623
      }
    },
    "PA3": {
      "fe_best": 0.04072315018564175,
      "thresholds": [
        14,
        22,
        82,
        136,
        165,
        172,
        227,
        250,
        251,
        254
      ],
      "time_sec": 5.176818370819092,
      "stability_jitter": {
        "fe_mean": 0.03910289611373555,
        "fe_std": 0.0007252265425106952,
        "fe_min": 0.03787584315479694,
        "fe_max": 0.04072315018564175,
        "fe_original": 0.04072315018564175
      },
      "stability_convergence": {
        "fe_last_mean": 0.04072315018564175,
        "fe_last_std": 0.0,
        "fe_improvement": 0.0008012404680064478,
        "fe_first": 0.039921909717635304,
        "fe_last": 0.04072315018564175
      }
    },
    "PA4": {
      "fe_best": 0.0408128198241731,
      "thresholds": [
        1,
        2,
        3,
        39,
        58,
        67,
        235,
        250,
        251,
        254
      ],
      "time_sec": 4.809066534042358,
      "stability_jitter": {
        "fe_mean": 0.03921418563200315,
        "fe_std": 0.0007404276817230887,
        "fe_min": 0.03793342555552001,
        "fe_max": 0.0408128198241731,
        "fe_original": 0.0408128198241731
      },
      "stability_convergence": {
        "fe_last_mean": 0.04076826271932978,
        "fe_last_std": 2.916947224180103e-05,
        "fe_improvement": 0.0008909101065377942,
        "fe_first": 0.039921909717635304,
        "fe_last": 0.0408128198241731
      }
    },
    "PA5": {
      "fe_best": 0.04052101774812729,
      "thresholds": [
        1,
        2,
        4,
        8,
        12,
        29,
        30,
        184,
        247,
        248
      ],
      "time_sec": 9.706315755844116,
      "stability_jitter": {
        "fe_mean": 0.03998787693000246,
        "fe_std": 0.00031287846476089085,
        "fe_min": 0.03941230850440764,
        "fe_max": 0.04052101774812729,
        "fe_original": 0.04052101774812729
      },
      "stability_convergence": {
        "fe_last_mean": 0.04051263260065201,
        "fe_last_std": 6.846444244142204e-06,
        "fe_improvement": 0.0005902613394571515,
        "fe_first": 0.03993075640867014,
        "fe_last": 0.04052101774812729
      }
    }
  }
}