{
  "image_index": 6,
  "image_path": "dataset/BDS500/images/val\\108005.jpg",
  "k": 10,
  "strategies": {
    "PA1": {
      "fe_best": 0.04825022721623078,
      "thresholds": [
        1,
        2,
        3,
        4,
        5,
        6,
        39,
        250,
        251,
        254
      ],
      "time_sec": 4.663046598434448,
      "stability_jitter": {
        "fe_mean": 0.04809534936421619,
        "fe_std": 6.005148676553129e-05,
        "fe_min": 0.047989669210013054,
        "fe_max": 0.04825022721623078,
        "fe_original": 0.04825022721623078
      },
      "stability_convergence": {
        "fe_last_mean": 0.04825022721623078,
        "fe_last_std": 0.0,
        "fe_improvement": 0.0023821708126658125,
        "fe_first": 0.04586805640356497,
        "fe_last": 0.04825022721623078
      }
    },
    "PA2": {
      "fe_best": 0.048186647866620164,
      "thresholds": [
        1,
        2,
        3,
        4,
        5,
        6,
        7,
        8,
        38,
        254
      ],
      "time_sec": 4.593914985656738,
      "stability_jitter": {
        "fe_mean": 0.04811682645510965,
        "fe_std": 4.2680718676742484e-05,
        "fe_min": 0.04800933887955808,
        "fe_max": 0.048186647866620164,
        "fe_original": 0.048186647866620164
      },
      "stability_convergence": {
        "fe_last_mean": 0.04818664786662017,
        "fe_last_std": 6.938893903907228e-18,
        "fe_improvement": 0.0022983219605303626,
        "fe_first": 0.0458883259060898,
        "fe_last": 0.048186647866620164
      }
    },
    "PA3": {
      "fe_best": 0.04633222158065513,
      "thresholds": [
        6,
        69,
        117,
        118,
        121,
        122,
        125,
        138,
        141,
        216
      ],
      "time_sec": 4.438280344009399,
      "stability_jitter": {
        "fe_mean": 0.04567424223777132,
        "fe_std": 0.0003684139704502684,
        "fe_min": 0.04504426105609988,
        "fe_max": 0.04633222158065513,
        "fe_original": 0.04633222158065513
      },
      "stability_convergence": {
        "fe_last_mean": 0.04629995456407776,
        "fe_last_std": 1.0947433788280253e-05,
        "fe_improvement": 0.00046416517709015753,
        "fe_first": 0.04586805640356497,
        "fe_last": 0.04633222158065513
      }
    },
    "PA4": {
      "fe_best": 0.04794082643139334,
      "thresholds": [
        9,
        10,
        55,
        244,
        245,
        246,
        249,
        250,
        251,
        254
      ],
      "time_sec": 4.512830972671509,
      "stability_jitter": {
        "fe_mean": 0.047817934858261205,
        "fe_std": 7.508871871896314e-05,
        "fe_min": 0.04766950774402662,
        "fe_max": 0.04794082643139334,
        "fe_original": 0.04794082643139334
      },
      "stability_convergence": {
        "fe_last_mean": 0.04792200038006136,
        "fe_last_std": 1.4971547208176832e-05,
        "fe_improvement": 0.0020525005253035356,
        "fe_first": 0.0458883259060898,
        "fe_last": 0.04794082643139334
      }
    },
    "PA5": {
      "fe_best": 0.048224935713889236,
      "thresholds": [
        1,
        2,
        3,
        4,
        5,
        6,
        7,
        38,
        251,
        252
      ],
      "time_sec": 8.907970905303955,
      "stability_jitter": {
        "fe_mean": 0.048080013226440184,
        "fe_std": 4.973302968901301e-05,
        "fe_min": 0.04800406587027696,
        "fe_max": 0.048224935713889236,
        "fe_original": 0.048224935713889236
      },
      "stability_convergence": {
        "fe_last_mean": 0.048224935713889236,
        "fe_last_std": 0.0,
        "fe_improvement": 0.000294809957818519,
        "fe_first": 0.04793012575607072,
        "fe_last": 0.048224935713889236
      }
    }
  }
}