{
  "image_index": 25,
  "image_path": "dataset/BDS500/images/val\\160068.jpg",
  "k": 10,
  "strategies": {
    "PA1": {
      "fe_best": 0.048627309089127636,
      "thresholds": [
        1,
        2,
        3,
        5,
        6,
        11,
        21,
        66,
        253,
        254
      ],
      "time_sec": 4.722034931182861,
      "stability_jitter": {
        "fe_mean": 0.04851005830379241,
        "fe_std": 8.083087845840146e-05,
        "fe_min": 0.048338736541656005,
        "fe_max": 0.048627309089127636,
        "fe_original": 0.048627309089127636
      },
      "stability_convergence": {
        "fe_last_mean": 0.04861471248746714,
        "fe_last_std": 6.984921349655466e-06,
        "fe_improvement": 0.0010249731073443888,
        "fe_first": 0.04760233598178325,
        "fe_last": 0.048627309089127636
      }
    },
    "PA2": {
      "fe_best": 0.04814827501006351,
      "thresholds": [
        1,
        98,
        199,
        226,
        231,
        250,
        251,
        252,
        253,
        254
      ],
      "time_sec": 4.489877223968506,
      "stability_jitter": {
        "fe_mean": 0.04808604819719023,
        "fe_std": 3.475653345493018e-05,
        "fe_min": 0.04802627083869247,
        "fe_max": 0.04816363345675499,
        "fe_original": 0.04814827501006351
      },
      "stability_convergence": {
        "fe_last_mean": 0.04814827501006351,
        "fe_last_std": 0.0,
        "fe_improvement": 0.0008973779235579155,
        "fe_first": 0.047250897086505594,
        "fe_last": 0.04814827501006351
      }
    },
    "PA3": {
      "fe_best": 0.048621847717531794,
      "thresholds": [
        1,
        2,
        3,
        15,
        19,
        68,
        251,
        252,
        253,
        254
      ],
      "time_sec": 4.678457498550415,
      "stability_jitter": {
        "fe_mean": 0.04853747224840813,
        "fe_std": 6.687530399946808e-05,
        "fe_min": 0.048324285044225444,
        "fe_max": 0.048621847717531794,
        "fe_original": 0.048621847717531794
      },
      "stability_convergence": {
        "fe_last_mean": 0.048621847717531794,
        "fe_last_std": 0.0,
        "fe_improvement": 0.0010195117357485461,
        "fe_first": 0.04760233598178325,
        "fe_last": 0.048621847717531794
      }
    },
    "PA4": {
      "fe_best": 0.04864209038864863,
      "thresholds": [
        2,
        3,
        4,
        5,
        10,
        18,
        19,
        66,
        253,
        254
      ],
      "time_sec": 4.458098411560059,
      "stability_jitter": {
        "fe_mean": 0.048523306081363,
        "fe_std": 9.733121639000615e-05,
        "fe_min": 0.04827941321501843,
        "fe_max": 0.04864209038864863,
        "fe_original": 0.04864209038864863
      },
      "stability_convergence": {
        "fe_last_mean": 0.04864209038864863,
        "fe_last_std": 0.0,
        "fe_improvement": 0.0013911933021430387,
        "fe_first": 0.047250897086505594,
        "fe_last": 0.04864209038864863
      }
    },
    "PA5": {
      "fe_best": 0.04865407890841349,
      "thresholds": [
        2,
        3,
        4,
        5,
        6,
        7,
        17,
        18,
        67,
        254
      ],
      "time_sec": 9.025866270065308,
      "stability_jitter": {
        "fe_mean": 0.048552603002209836,
        "fe_std": 9.895609932007887e-05,
        "fe_min": 0.04820909661373661,
        "fe_max": 0.04865438342928714,
        "fe_original": 0.04865407890841349
      },
      "stability_convergence": {
        "fe_last_mean": 0.04865407890841349,
        "fe_last_std": 0.0,
        "fe_improvement": 0.0010465360648031219,
        "fe_first": 0.047607542843610365,
        "fe_last": 0.04865407890841349
      }
    }
  }
}