{
  "image_index": 38,
  "image_path": "dataset/BDS500/images/val\\208001.jpg",
  "k": 10,
  "strategies": {
    "PA1": {
      "fe_best": 0.047947385187279416,
      "thresholds": [
        1,
        2,
        4,
        28,
        173,
        196,
        205,
        208,
        209,
        213
      ],
      "time_sec": 5.319136619567871,
      "stability_jitter": {
        "fe_mean": 0.047850715497364214,
        "fe_std": 4.1015099879434875e-05,
        "fe_min": 0.04777899332171605,
        "fe_max": 0.047947385187279416,
        "fe_original": 0.047947385187279416
      },
      "stability_convergence": {
        "fe_last_mean": 0.04794385515545342,
        "fe_last_std": 2.3109482926021274e-06,
        "fe_improvement": 0.000500375830394563,
        "fe_first": 0.04744700935688485,
        "fe_last": 0.047947385187279416
      }
    },
    "PA2": {
      "fe_best": 0.04793373244425256,
      "thresholds": [
        1,
        2,
        3,
        7,
        24,
        178,
        187,
        194,
        203,
        218
      ],
      "time_sec": 4.308391571044922,
      "stability_jitter": {
        "fe_mean": 0.047856739874185025,
        "fe_std": 4.0789071941382415e-05,
        "fe_min": 0.04778769040479439,
        "fe_max": 0.04793373244425256,
        "fe_original": 0.04793373244425256
      },
      "stability_convergence": {
        "fe_last_mean": 0.047930827413751195,
        "fe_last_std": 1.5453709569108484e-06,
        "fe_improvement": 0.00048672308736770475,
        "fe_first": 0.04744700935688485,
        "fe_last": 0.04793373244425256
      }
    },
    "PA3": {
      "fe_best": 0.04795387733759278,
      "thresholds": [
        5,
        27,
        172,
        193,
        194,
        197,
        210,
        213,
        218,
        221
      ],
      "time_sec": 4.700222969055176,
      "stability_jitter": {
        "fe_mean": 0.047827960236721034,
        "fe_std": 5.1787292192190064e-05,
        "fe_min": 0.047698333719645214,
        "fe_max": 0.04795387733759278,
        "fe_original": 0.04795387733759278
      },
      "stability_convergence": {
        "fe_last_mean": 0.04793686951370485,
        "fe_last_std": 9.874204108675503e-06,
        "fe_improvement": 0.0005068679807079257,
        "fe_first": 0.04744700935688485,
        "fe_last": 0.04795387733759278
      }
    },
    "PA4": {
      "fe_best": 0.04795328686396488,
      "thresholds": [
        1,
        28,
        181,
        182,
        189,
        190,
        193,
        194,
        252,
        254
      ],
      "time_sec": 3.6033613681793213,
      "stability_jitter": {
        "fe_mean": 0.047768747034097725,
        "fe_std": 7.562559619198183e-05,
        "fe_min": 0.04763104153691483,
        "fe_max": 0.04795328686396488,
        "fe_original": 0.04795328686396488
      },
      "stability_convergence": {
        "fe_last_mean": 0.047941910216449835,
        "fe_last_std": 7.447764056074412e-06,
        "fe_improvement": 0.0005062775070800232,
        "fe_first": 0.04744700935688485,
        "fe_last": 0.04795328686396488
      }
    },
    "PA5": {
      "fe_best": 0.04804171290327239,
      "thresholds": [
        1,
        28,
        173,
        188,
        189,
        192,
        193,
        200,
        201,
        217
      ],
      "time_sec": 8.299555778503418,
      "stability_jitter": {
        "fe_mean": 0.04785013883988945,
        "fe_std": 8.034396899132078e-05,
        "fe_min": 0.0476665521254718,
        "fe_max": 0.04804171290327239,
        "fe_original": 0.04804171290327239
      },
      "stability_convergence": {
        "fe_last_mean": 0.048041712903272395,
        "fe_last_std": 6.938893903907228e-18,
        "fe_improvement": 0.0005947035463875344,
        "fe_first": 0.04744700935688485,
        "fe_last": 0.04804171290327239
      }
    }
  }
}