{
  "image_index": 31,
  "image_path": "dataset/BDS500/images/val\\175032.jpg",
  "k": 10,
  "strategies": {
    "PA1": {
      "fe_best": 0.04707402843918945,
      "thresholds": [
        1,
        2,
        5,
        6,
        7,
        8,
        203,
        252,
        253,
        254
      ],
      "time_sec": 4.774143218994141,
      "stability_jitter": {
        "fe_mean": 0.04702930095941174,
        "fe_std": 1.7594397299167596e-05,
        "fe_min": 0.046999140195950515,
        "fe_max": 0.04707402843918945,
        "fe_original": 0.04707402843918945
      },
      "stability_convergence": {
        "fe_last_mean": 0.04707402843918945,
        "fe_last_std": 0.0,
        "fe_improvement": 0.0012439244714161427,
        "fe_first": 0.04583010396777331,
        "fe_last": 0.04707402843918945
      }
    },
    "PA2": {
      "fe_best": 0.04706531370427493,
      "thresholds": [
        1,
        2,
        3,
        4,
        5,
        6,
        7,
        8,
        9,
        200
      ],
      "time_sec": 4.385695219039917,
      "stability_jitter": {
        "fe_mean": 0.04701798503828993,
        "fe_std": 2.7114606621910427e-05,
        "fe_min": 0.04697360176463798,
        "fe_max": 0.04706531370427493,
        "fe_original": 0.04706531370427493
      },
      "stability_convergence": {
        "fe_last_mean": 0.04706531370427493,
        "fe_last_std": 0.0,
        "fe_improvement": 0.00033012513483787753,
        "fe_first": 0.04673518856943705,
        "fe_last": 0.04706531370427493
      }
    },
    "PA3": {
      "fe_best": 0.04704325909711013,
      "thresholds": [
        1,
        2,
        8,
        205,
        249,
        250,
        251,
        252,
        253,
        254
      ],
      "time_sec": 4.5509192943573,
      "stability_jitter": {
        "fe_mean": 0.04703092505777528,
        "fe_std": 1.313192568885013e-05,
        "fe_min": 0.04699886213235139,
        "fe_max": 0.0470523521488998,
        "fe_original": 0.04704325909711013
      },
      "stability_convergence": {
        "fe_last_mean": 0.047043259097110136,
        "fe_last_std": 6.938893903907228e-18,
        "fe_improvement": 0.0012131551293368195,
        "fe_first": 0.04583010396777331,
        "fe_last": 0.04704325909711013
      }
    },
    "PA4": {
      "fe_best": 0.04706531370427493,
      "thresholds": [
        1,
        2,
        3,
        4,
        5,
        6,
        7,
        8,
        9,
        200
      ],
      "time_sec": 4.276074171066284,
      "stability_jitter": {
        "fe_mean": 0.04701798503828993,
        "fe_std": 2.7114606621910427e-05,
        "fe_min": 0.04697360176463798,
        "fe_max": 0.04706531370427493,
        "fe_original": 0.04706531370427493
      },
      "stability_convergence": {
        "fe_last_mean": 0.04706531370427493,
        "fe_last_std": 0.0,
        "fe_improvement": 0.00033012513483787753,
        "fe_first": 0.04673518856943705,
        "fe_last": 0.04706531370427493
      }
    },
    "PA5": {
      "fe_best": 0.047065796526132964,
      "thresholds": [
        1,
        3,
        4,
        6,
        205,
        250,
        251,
        252,
        253,
        254
      ],
      "time_sec": 9.228677749633789,
      "stability_jitter": {
        "fe_mean": 0.04705033991224258,
        "fe_std": 1.456540148315688e-05,
        "fe_min": 0.04702775141695098,
        "fe_max": 0.0470733490124232,
        "fe_original": 0.047065796526132964
      },
      "stability_convergence": {
        "fe_last_mean": 0.047065796526132964,
        "fe_last_std": 0.0,
        "fe_improvement": 0.0012356925583596537,
        "fe_first": 0.04583010396777331,
        "fe_last": 0.047065796526132964
      }
    }
  }
}