{
  "image_index": 37,
  "image_path": "dataset/BDS500/images/val\\197017.jpg",
  "k": 10,
  "strategies": {
    "PA1": {
      "fe_best": 0.05127337419729551,
      "thresholds": [
        1,
        2,
        3,
        4,
        5,
        6,
        7,
        8,
        9,
        10
      ],
      "time_sec": 4.546089172363281,
      "stability_jitter": {
        "fe_mean": 0.0510920983190062,
        "fe_std": 8.999162363548154e-05,
        "fe_min": 0.05092380783651271,
        "fe_max": 0.05127337419729551,
        "fe_original": 0.05127337419729551
      },
      "stability_convergence": {
        "fe_last_mean": 0.05127337419729551,
        "fe_last_std": 0.0,
        "fe_improvement": 0.00512257136452994,
        "fe_first": 0.04615080283276557,
        "fe_last": 0.05127337419729551
      }
    },
    "PA2": {
      "fe_best": 0.05127337419729551,
      "thresholds": [
        1,
        2,
        3,
        4,
        5,
        6,
        7,
        8,
        9,
        10
      ],
      "time_sec": 4.813531875610352,
      "stability_jitter": {
        "fe_mean": 0.0510920983190062,
        "fe_std": 8.999162363548154e-05,
        "fe_min": 0.05092380783651271,
        "fe_max": 0.05127337419729551,
        "fe_original": 0.05127337419729551
      },
      "stability_convergence": {
        "fe_last_mean": 0.05127337419729551,
        "fe_last_std": 0.0,
        "fe_improvement": 0.0026107789993205927,
        "fe_first": 0.04866259519797492,
        "fe_last": 0.05127337419729551
      }
    },
    "PA3": {
      "fe_best": 0.05127337419729551,
      "thresholds": [
        1,
        2,
        3,
        4,
        5,
        6,
        7,
        8,
        9,
        10
      ],
      "time_sec": 4.701409101486206,
      "stability_jitter": {
        "fe_mean": 0.0510920983190062,
        "fe_std": 8.999162363548154e-05,
        "fe_min": 0.05092380783651271,
        "fe_max": 0.05127337419729551,
        "fe_original": 0.05127337419729551
      },
      "stability_convergence": {
        "fe_last_mean": 0.05127337419729551,
        "fe_last_std": 0.0,
        "fe_improvement": 0.00512257136452994,
        "fe_first": 0.04615080283276557,
        "fe_last": 0.05127337419729551
      }
    },
    "PA4": {
      "fe_best": 0.05127337419729551,
      "thresholds": [
        1,
        2,
        3,
        4,
        5,
        6,
        7,
        8,
        9,
        10
      ],
      "time_sec": 4.506662368774414,
      "stability_jitter": {
        "fe_mean": 0.0510920983190062,
        "fe_std": 8.999162363548154e-05,
        "fe_min": 0.05092380783651271,
        "fe_max": 0.05127337419729551,
        "fe_original": 0.05127337419729551
      },
      "stability_convergence": {
        "fe_last_mean": 0.05127337419729551,
        "fe_last_std": 0.0,
        "fe_improvement": 0.0026107789993205927,
        "fe_first": 0.04866259519797492,
        "fe_last": 0.05127337419729551
      }
    },
    "PA5": {
      "fe_best": 0.0485452636828146,
      "thresholds": [
        1,
        2,
        5,
        238,
        239,
        242,
        249,
        250,
        253,
        254
      ],
      "time_sec": 9.717472076416016,
      "stability_jitter": {
        "fe_mean": 0.04846313193022796,
        "fe_std": 3.583380125224652e-05,
        "fe_min": 0.04837766414823669,
        "fe_max": 0.0485452636828146,
        "fe_original": 0.0485452636828146
      },
      "stability_convergence": {
        "fe_last_mean": 0.0485452636828146,
        "fe_last_std": 0.0,
        "fe_improvement": 0.002391414472505675,
        "fe_first": 0.04615384921030893,
        "fe_last": 0.0485452636828146
      }
    }
  }
}