{
  "image_index": 46,
  "image_path": "dataset/BDS500/images/val\\229036.jpg",
  "k": 10,
  "strategies": {
    "PA1": {
      "fe_best": 0.04636025089150844,
      "thresholds": [
        1,
        2,
        3,
        5,
        12,
        89,
        172,
        177,
        236,
        248
      ],
      "time_sec": 3.901632308959961,
      "stability_jitter": {
        "fe_mean": 0.04626408425538703,
        "fe_std": 4.409707140075197e-05,
        "fe_min": 0.046184044737694205,
        "fe_max": 0.04636025089150844,
        "fe_original": 0.04636025089150844
      },
      "stability_convergence": {
        "fe_last_mean": 0.046360250891508435,
        "fe_last_std": 6.938893903907228e-18,
        "fe_improvement": 0.0008997117266090621,
        "fe_first": 0.04546053916489938,
        "fe_last": 0.04636025089150844
      }
    },
    "PA2": {
      "fe_best": 0.04632944416493153,
      "thresholds": [
        1,
        2,
        4,
        7,
        18,
        79,
        195,
        204,
        247,
        248
      ],
      "time_sec": 3.9060165882110596,
      "stability_jitter": {
        "fe_mean": 0.046190538442370775,
        "fe_std": 6.47787439601569e-05,
        "fe_min": 0.0460807454498063,
        "fe_max": 0.04632944416493153,
        "fe_original": 0.04632944416493153
      },
      "stability_convergence": {
        "fe_last_mean": 0.0463088207245126,
        "fe_last_std": 1.3630701931003371e-05,
        "fe_improvement": 0.0006290302817164375,
        "fe_first": 0.045700413883215094,
        "fe_last": 0.04632944416493153
      }
    },
    "PA3": {
      "fe_best": 0.04652264629367832,
      "thresholds": [
        2,
        16,
        167,
        168,
        171,
        216,
        238,
        243,
        251,
        254
      ],
      "time_sec": 3.9745304584503174,
      "stability_jitter": {
        "fe_mean": 0.04607897192165206,
        "fe_std": 0.00023435457036209597,
        "fe_min": 0.04558009014429615,
        "fe_max": 0.04652264629367832,
        "fe_original": 0.04652264629367832
      },
      "stability_convergence": {
        "fe_last_mean": 0.04652264629367832,
        "fe_last_std": 0.0,
        "fe_improvement": 0.0010621071287789385,
        "fe_first": 0.04546053916489938,
        "fe_last": 0.04652264629367832
      }
    },
    "PA4": {
      "fe_best": 0.04635906410736858,
      "thresholds": [
        1,
        2,
        4,
        7,
        16,
        87,
        184,
        192,
        251,
        252
      ],
      "time_sec": 4.05033802986145,
      "stability_jitter": {
        "fe_mean": 0.04585020046464387,
        "fe_std": 0.0003177175208205066,
        "fe_min": 0.04530001959725116,
        "fe_max": 0.04635906410736858,
        "fe_original": 0.04635906410736858
      },
      "stability_convergence": {
        "fe_last_mean": 0.046353611724626695,
        "fe_last_std": 4.451851866649902e-06,
        "fe_improvement": 0.0006586502241534842,
        "fe_first": 0.045700413883215094,
        "fe_last": 0.04635906410736858
      }
    },
    "PA5": {
      "fe_best": 0.046298200993232425,
      "thresholds": [
        1,
        2,
        3,
        5,
        7,
        11,
        12,
        83,
        200,
        246
      ],
      "time_sec": 8.004665613174438,
      "stability_jitter": {
        "fe_mean": 0.04625369543818149,
        "fe_std": 2.5525180748021592e-05,
        "fe_min": 0.046214626454258785,
        "fe_max": 0.046298200993232425,
        "fe_original": 0.046298200993232425
      },
      "stability_convergence": {
        "fe_last_mean": 0.04629716167877308,
        "fe_last_std": 1.8054193868657409e-06,
        "fe_improvement": 0.0006728707576802717,
        "fe_first": 0.04562533023555215,
        "fe_last": 0.046298200993232425
      }
    }
  }
}