{
  "image_index": 50,
  "image_path": "dataset/BDS500/images/val\\241048.jpg",
  "k": 10,
  "strategies": {
    "PA1": {
      "fe_best": 0.04258212004132707,
      "thresholds": [
        1,
        2,
        3,
        6,
        7,
        17,
        67,
        178,
        195,
        246
      ],
      "time_sec": 3.816171169281006,
      "stability_jitter": {
        "fe_mean": 0.042474103588635716,
        "fe_std": 4.327034287259652e-05,
        "fe_min": 0.042388729252020994,
        "fe_max": 0.04258212004132707,
        "fe_original": 0.04258212004132707
      },
      "stability_convergence": {
        "fe_last_mean": 0.04258212004132707,
        "fe_last_std": 0.0,
        "fe_improvement": 0.0006701680825751954,
        "fe_first": 0.04191195195875187,
        "fe_last": 0.04258212004132707
      }
    },
    "PA2": {
      "fe_best": 0.04256548933436288,
      "thresholds": [
        1,
        2,
        4,
        6,
        9,
        11,
        17,
        22,
        55,
        250
      ],
      "time_sec": 4.305713415145874,
      "stability_jitter": {
        "fe_mean": 0.04250462557013551,
        "fe_std": 4.185193372860544e-05,
        "fe_min": 0.04243813877964164,
        "fe_max": 0.04256548933436288,
        "fe_original": 0.04256548933436288
      },
      "stability_convergence": {
        "fe_last_mean": 0.04256454008939225,
        "fe_last_std": 7.720743539106296e-07,
        "fe_improvement": 0.0006187900487398881,
        "fe_first": 0.041946699285622994,
        "fe_last": 0.04256548933436288
      }
    },
    "PA3": {
      "fe_best": 0.04260613783060249,
      "thresholds": [
        1,
        3,
        6,
        10,
        24,
        65,
        179,
        194,
        243,
        246
      ],
      "time_sec": 4.528944730758667,
      "stability_jitter": {
        "fe_mean": 0.042449028968525995,
        "fe_std": 6.033592796277655e-05,
        "fe_min": 0.04234570049551273,
        "fe_max": 0.04260613783060249,
        "fe_original": 0.04260613783060249
      },
      "stability_convergence": {
        "fe_last_mean": 0.0426061378306025,
        "fe_last_std": 6.938893903907228e-18,
        "fe_improvement": 0.0006941858718506194,
        "fe_first": 0.04191195195875187,
        "fe_last": 0.04260613783060249
      }
    },
    "PA4": {
      "fe_best": 0.04256717872297324,
      "thresholds": [
        1,
        3,
        4,
        5,
        7,
        17,
        18,
        21,
        59,
        248
      ],
      "time_sec": 4.626486539840698,
      "stability_jitter": {
        "fe_mean": 0.04252390693716769,
        "fe_std": 2.499682785427442e-05,
        "fe_min": 0.04248316784762367,
        "fe_max": 0.04256717872297324,
        "fe_original": 0.04256717872297324
      },
      "stability_convergence": {
        "fe_last_mean": 0.042565437271720685,
        "fe_last_std": 2.6700689584467056e-06,
        "fe_improvement": 0.0006204794373502465,
        "fe_first": 0.041946699285622994,
        "fe_last": 0.04256717872297324
      }
    },
    "PA5": {
      "fe_best": 0.04263970420525495,
      "thresholds": [
        1,
        2,
        4,
        7,
        10,
        77,
        167,
        210,
        243,
        246
      ],
      "time_sec": 9.46158766746521,
      "stability_jitter": {
        "fe_mean": 0.042489793290246235,
        "fe_std": 5.588772175767514e-05,
        "fe_min": 0.042375896120402434,
        "fe_max": 0.04263970420525495,
        "fe_original": 0.04263970420525495
      },
      "stability_convergence": {
        "fe_last_mean": 0.04261850919826974,
        "fe_last_std": 2.5992267568659914e-05,
        "fe_improvement": 0.00039347350903939926,
        "fe_first": 0.04224623069621555,
        "fe_last": 0.04263970420525495
      }
    }
  }
}