{
  "image_index": 63,
  "image_path": "dataset/BDS500/images/val\\304034.jpg",
  "k": 10,
  "strategies": {
    "PA1": {
      "fe_best": 0.046925990098527534,
      "thresholds": [
        25,
        28,
        33,
        36,
        37,
        40,
        81,
        252,
        253,
        254
      ],
      "time_sec": 4.062017202377319,
      "stability_jitter": {
        "fe_mean": 0.04646754100020574,
        "fe_std": 0.0001747069871616954,
        "fe_min": 0.04620811205333103,
        "fe_max": 0.046925990098527534,
        "fe_original": 0.046925990098527534
      },
      "stability_convergence": {
        "fe_last_mean": 0.04688447705690611,
        "fe_last_std": 3.682028280933417e-05,
        "fe_improvement": 0.000745145895510585,
        "fe_first": 0.04618084420301695,
        "fe_last": 0.046925990098527534
      }
    },
    "PA2": {
      "fe_best": 0.046574710406635,
      "thresholds": [
        28,
        29,
        32,
        35,
        36,
        43,
        71,
        234,
        235,
        254
      ],
      "time_sec": 4.1948676109313965,
      "stability_jitter": {
        "fe_mean": 0.046290709782824326,
        "fe_std": 0.0001723756672719431,
        "fe_min": 0.04591639408380781,
        "fe_max": 0.046574710406635,
        "fe_original": 0.046574710406635
      },
      "stability_convergence": {
        "fe_last_mean": 0.04657471040663501,
        "fe_last_std": 6.938893903907228e-18,
        "fe_improvement": 0.0006679194811636882,
        "fe_first": 0.045906790925471314,
        "fe_last": 0.046574710406635
      }
    },
    "PA3": {
      "fe_best": 0.046347680041818634,
      "thresholds": [
        25,
        74,
        77,
        78,
        121,
        168,
        169,
        184,
        225,
        253
      ],
      "time_sec": 4.1153459548950195,
      "stability_jitter": {
        "fe_mean": 0.0457756879845314,
        "fe_std": 0.00022206330623788994,
        "fe_min": 0.04540179008990068,
        "fe_max": 0.046347680041818634,
        "fe_original": 0.046347680041818634
      },
      "stability_convergence": {
        "fe_last_mean": 0.04634463340582044,
        "fe_last_std": 1.994491439526942e-06,
        "fe_improvement": 0.00016683583880168495,
        "fe_first": 0.04618084420301695,
        "fe_last": 0.046347680041818634
      }
    },
    "PA4": {
      "fe_best": 0.04676228583835549,
      "thresholds": [
        27,
        49,
        52,
        85,
        88,
        89,
        92,
        129,
        216,
        222
      ],
      "time_sec": 4.146482229232788,
      "stability_jitter": {
        "fe_mean": 0.04572538102468291,
        "fe_std": 0.0004521521699599774,
        "fe_min": 0.0451117422943876,
        "fe_max": 0.04676228583835549,
        "fe_original": 0.04676228583835549
      },
      "stability_convergence": {
        "fe_last_mean": 0.04675027679620307,
        "fe_last_std": 6.0045210762138534e-06,
        "fe_improvement": 0.0008554949128841763,
        "fe_first": 0.045906790925471314,
        "fe_last": 0.04676228583835549
      }
    },
    "PA5": {
      "fe_best": 0.04677946988787719,
      "thresholds": [
        25,
        26,
        29,
        30,
        77,
        246,
        247,
        250,
        251,
        254
      ],
      "time_sec": 8.8249032497406,
      "stability_jitter": {
        "fe_mean": 0.04641818340948313,
        "fe_std": 0.00018598588801486003,
        "fe_min": 0.04599828379546941,
        "fe_max": 0.04677946988787719,
        "fe_original": 0.04677946988787719
      },
      "stability_convergence": {
        "fe_last_mean": 0.04674482588530523,
        "fe_last_std": 1.202245974832983e-05,
        "fe_improvement": 0.0007600097638065517,
        "fe_first": 0.04601946012407064,
        "fe_last": 0.04677946988787719
      }
    }
  }
}