{
  "image_index": 65,
  "image_path": "dataset/BDS500/images/val\\306005.jpg",
  "k": 10,
  "strategies": {
    "PA1": {
      "fe_best": 0.04956060086693895,
      "thresholds": [
        30,
        39,
        42,
        43,
        54,
        71,
        86,
        131,
        186,
        203
      ],
      "time_sec": 4.2108964920043945,
      "stability_jitter": {
        "fe_mean": 0.049037508238446846,
        "fe_std": 0.00019197036917010423,
        "fe_min": 0.04860982343117627,
        "fe_max": 0.04956060086693895,
        "fe_original": 0.04956060086693895
      },
      "stability_convergence": {
        "fe_last_mean": 0.04956060086693894,
        "fe_last_std": 6.938893903907228e-18,
        "fe_improvement": 0.00048468207134125946,
        "fe_first": 0.04907591879559769,
        "fe_last": 0.04956060086693895
      }
    },
    "PA2": {
      "fe_best": 0.04935395253935187,
      "thresholds": [
        31,
        32,
        35,
        52,
        71,
        88,
        111,
        147,
        148,
        204
      ],
      "time_sec": 4.171431064605713,
      "stability_jitter": {
        "fe_mean": 0.04884311981625775,
        "fe_std": 0.0002105223538833988,
        "fe_min": 0.04824155315158784,
        "fe_max": 0.04935395253935187,
        "fe_original": 0.04935395253935187
      },
      "stability_convergence": {
        "fe_last_mean": 0.04935395253935187,
        "fe_last_std": 0.0,
        "fe_improvement": 0.000485001003867655,
        "fe_first": 0.04886895153548421,
        "fe_last": 0.04935395253935187
      }
    },
    "PA3": {
      "fe_best": 0.04938319528405754,
      "thresholds": [
        29,
        48,
        51,
        52,
        136,
        202,
        211,
        242,
        251,
        254
      ],
      "time_sec": 4.208898544311523,
      "stability_jitter": {
        "fe_mean": 0.04905011559628491,
        "fe_std": 0.000156470869818036,
        "fe_min": 0.048834121170057004,
        "fe_max": 0.04938536932142788,
        "fe_original": 0.04938319528405754
      },
      "stability_convergence": {
        "fe_last_mean": 0.04938319528405754,
        "fe_last_std": 0.0,
        "fe_improvement": 0.0003072764884598511,
        "fe_first": 0.04907591879559769,
        "fe_last": 0.04938319528405754
      }
    },
    "PA4": {
      "fe_best": 0.04955640748857946,
      "thresholds": [
        31,
        32,
        55,
        56,
        59,
        76,
        91,
        172,
        251,
        252
      ],
      "time_sec": 4.338804483413696,
      "stability_jitter": {
        "fe_mean": 0.048959847867314915,
        "fe_std": 0.000277176539624228,
        "fe_min": 0.04821100553981419,
        "fe_max": 0.04955640748857946,
        "fe_original": 0.04955640748857946
      },
      "stability_convergence": {
        "fe_last_mean": 0.049460808420193826,
        "fe_last_std": 5.71210212029752e-05,
        "fe_improvement": 0.0006874559530952451,
        "fe_first": 0.04886895153548421,
        "fe_last": 0.04955640748857946
      }
    },
    "PA5": {
      "fe_best": 0.050008215676749866,
      "thresholds": [
        27,
        28,
        31,
        32,
        35,
        40,
        47,
        60,
        207,
        208
      ],
      "time_sec": 8.712768793106079,
      "stability_jitter": {
        "fe_mean": 0.048849680501665396,
        "fe_std": 0.0005669910632392294,
        "fe_min": 0.047406575276348756,
        "fe_max": 0.050008215676749866,
        "fe_original": 0.050008215676749866
      },
      "stability_convergence": {
        "fe_last_mean": 0.050008215676749866,
        "fe_last_std": 0.0,
        "fe_improvement": 0.0009727300979595135,
        "fe_first": 0.04903548557879035,
        "fe_last": 0.050008215676749866
      }
    }
  }
}