{
  "image_index": 76,
  "image_path": "dataset/BDS500/images/val\\41069.jpg",
  "k": 10,
  "strategies": {
    "PA1": {
      "fe_best": 0.047046605451178586,
      "thresholds": [
        1,
        2,
        3,
        4,
        5,
        6,
        7,
        8,
        9,
        54
      ],
      "time_sec": 3.805076837539673,
      "stability_jitter": {
        "fe_mean": 0.047005660335480016,
        "fe_std": 1.98992054273002e-05,
        "fe_min": 0.04694418237483593,
        "fe_max": 0.047046605451178586,
        "fe_original": 0.047046605451178586
      },
      "stability_convergence": {
        "fe_last_mean": 0.04704660545117858,
        "fe_last_std": 6.938893903907228e-18,
        "fe_improvement": 0.0009701847872224112,
        "fe_first": 0.046076420663956175,
        "fe_last": 0.047046605451178586
      }
    },
    "PA2": {
      "fe_best": 0.047046605451178586,
      "thresholds": [
        1,
        2,
        3,
        4,
        5,
        6,
        7,
        8,
        9,
        54
      ],
      "time_sec": 3.7751455307006836,
      "stability_jitter": {
        "fe_mean": 0.047005660335480016,
        "fe_std": 1.98992054273002e-05,
        "fe_min": 0.04694418237483593,
        "fe_max": 0.047046605451178586,
        "fe_original": 0.047046605451178586
      },
      "stability_convergence": {
        "fe_last_mean": 0.04704660545117858,
        "fe_last_std": 6.938893903907228e-18,
        "fe_improvement": 0.0006553104311695923,
        "fe_first": 0.046391295020008994,
        "fe_last": 0.047046605451178586
      }
    },
    "PA3": {
      "fe_best": 0.047046605451178586,
      "thresholds": [
        1,
        2,
        3,
        4,
        5,
        6,
        7,
        8,
        9,
        54
      ],
      "time_sec": 3.850480318069458,
      "stability_jitter": {
        "fe_mean": 0.047005660335480016,
        "fe_std": 1.98992054273002e-05,
        "fe_min": 0.04694418237483593,
        "fe_max": 0.047046605451178586,
        "fe_original": 0.047046605451178586
      },
      "stability_convergence": {
        "fe_last_mean": 0.04704660545117858,
        "fe_last_std": 6.938893903907228e-18,
        "fe_improvement": 0.0009701847872224112,
        "fe_first": 0.046076420663956175,
        "fe_last": 0.047046605451178586
      }
    },
    "PA4": {
      "fe_best": 0.047046605451178586,
      "thresholds": [
        1,
        2,
        3,
        4,
        5,
        6,
        7,
        8,
        9,
        54
      ],
      "time_sec": 3.7705326080322266,
      "stability_jitter": {
        "fe_mean": 0.047005660335480016,
        "fe_std": 1.98992054273002e-05,
        "fe_min": 0.04694418237483593,
        "fe_max": 0.047046605451178586,
        "fe_original": 0.047046605451178586
      },
      "stability_convergence": {
        "fe_last_mean": 0.04704660545117858,
        "fe_last_std": 6.938893903907228e-18,
        "fe_improvement": 0.0006553104311695923,
        "fe_first": 0.046391295020008994,
        "fe_last": 0.047046605451178586
      }
    },
    "PA5": {
      "fe_best": 0.04705367044846351,
      "thresholds": [
        1,
        2,
        3,
        4,
        6,
        59,
        246,
        247,
        250,
        253
      ],
      "time_sec": 7.670397996902466,
      "stability_jitter": {
        "fe_mean": 0.046991928822958745,
        "fe_std": 1.9274297568876805e-05,
        "fe_min": 0.046961895814078114,
        "fe_max": 0.04705367044846351,
        "fe_original": 0.04705367044846351
      },
      "stability_convergence": {
        "fe_last_mean": 0.04704652403769185,
        "fe_last_std": 5.850033011003551e-06,
        "fe_improvement": 5.157390976705256e-05,
        "fe_first": 0.047002096538696456,
        "fe_last": 0.04705367044846351
      }
    }
  }
}