{
  "image_index": 96,
  "image_path": "dataset/BDS500/images/val\\86068.jpg",
  "k": 10,
  "strategies": {
    "PA1": {
      "fe_best": 0.049538531547591094,
      "thresholds": [
        1,
        2,
        3,
        4,
        5,
        6,
        7,
        71,
        253,
        254
      ],
      "time_sec": 3.7755978107452393,
      "stability_jitter": {
        "fe_mean": 0.0494578346455332,
        "fe_std": 4.2030595233068695e-05,
        "fe_min": 0.04937334820144415,
        "fe_max": 0.049538531547591094,
        "fe_original": 0.049538531547591094
      },
      "stability_convergence": {
        "fe_last_mean": 0.049538531547591094,
        "fe_last_std": 0.0,
        "fe_improvement": 0.003350516404094034,
        "fe_first": 0.04618801514349706,
        "fe_last": 0.049538531547591094
      }
    },
    "PA2": {
      "fe_best": 0.04953516884673789,
      "thresholds": [
        1,
        2,
        3,
        4,
        5,
        6,
        7,
        8,
        71,
        254
      ],
      "time_sec": 3.7081198692321777,
      "stability_jitter": {
        "fe_mean": 0.049455344767550875,
        "fe_std": 5.141528180427541e-05,
        "fe_min": 0.049363673799618875,
        "fe_max": 0.04953516884673789,
        "fe_original": 0.04953516884673789
      },
      "stability_convergence": {
        "fe_last_mean": 0.0495351688467379,
        "fe_last_std": 6.938893903907228e-18,
        "fe_improvement": 0.002518526630849005,
        "fe_first": 0.04701664221588889,
        "fe_last": 0.04953516884673789
      }
    },
    "PA3": {
      "fe_best": 0.049538531547591094,
      "thresholds": [
        1,
        2,
        3,
        4,
        5,
        6,
        7,
        71,
        253,
        254
      ],
      "time_sec": 3.750365972518921,
      "stability_jitter": {
        "fe_mean": 0.0494578346455332,
        "fe_std": 4.2030595233068695e-05,
        "fe_min": 0.04937334820144415,
        "fe_max": 0.049538531547591094,
        "fe_original": 0.049538531547591094
      },
      "stability_convergence": {
        "fe_last_mean": 0.049538531547591094,
        "fe_last_std": 0.0,
        "fe_improvement": 0.003350516404094034,
        "fe_first": 0.04618801514349706,
        "fe_last": 0.049538531547591094
      }
    },
    "PA4": {
      "fe_best": 0.04954281135894506,
      "thresholds": [
        1,
        2,
        3,
        4,
        5,
        6,
        73,
        252,
        253,
        254
      ],
      "time_sec": 3.765608787536621,
      "stability_jitter": {
        "fe_mean": 0.049451752380085645,
        "fe_std": 4.163701222925837e-05,
        "fe_min": 0.04938021512862531,
        "fe_max": 0.04954281135894506,
        "fe_original": 0.04954281135894506
      },
      "stability_convergence": {
        "fe_last_mean": 0.04954281135894506,
        "fe_last_std": 0.0,
        "fe_improvement": 0.002526169143056173,
        "fe_first": 0.04701664221588889,
        "fe_last": 0.04954281135894506
      }
    },
    "PA5": {
      "fe_best": 0.04954281135894506,
      "thresholds": [
        1,
        2,
        3,
        4,
        5,
        6,
        73,
        252,
        253,
        254
      ],
      "time_sec": 7.690653562545776,
      "stability_jitter": {
        "fe_mean": 0.049451752380085645,
        "fe_std": 4.163701222925837e-05,
        "fe_min": 0.04938021512862531,
        "fe_max": 0.04954281135894506,
        "fe_original": 0.04954281135894506
      },
      "stability_convergence": {
        "fe_last_mean": 0.04954281135894506,
        "fe_last_std": 0.0,
        "fe_improvement": 0.0014654903592555904,
        "fe_first": 0.04807732099968947,
        "fe_last": 0.04954281135894506
      }
    }
  }
}