{
  "algorithm": "PSO",
  "thresholds": [
    39,
    61,
    78,
    95,
    112,
    127,
    142,
    158,
    174,
    190
  ],
  "best_f": -33.527888898781065,
  "entropy": 33.527888898781065,
  "time": 4.222080945968628,
  "metrics": {
    "psnr": 35.001109591643676,
    "ssim": 0.8898205289280181,
    "dice": 0.1220019600089404
  }
}