{
  "algorithm": "GWO",
  "thresholds": [
    46,
    67,
    82,
    99,
    117,
    135,
    155,
    177,
    202,
    228
  ],
  "best_f": -35.588372205062406,
  "entropy": 35.588372205062406,
  "time": 2.1860766410827637,
  "metrics": {
    "psnr": 33.6491131190896,
    "ssim": 0.9248906502930045,
    "boundary_dsc": 0.1202544569229561
  }
}