{
  "algorithm": "PSO",
  "thresholds": [
    36,
    57,
    78,
    100,
    123,
    146,
    170,
    192,
    214,
    235
  ],
  "best_f": -36.427441543245244,
  "entropy": 36.427441543245244,
  "time": 32.61957573890686,
  "metrics": {
    "psnr": 32.643074574449244,
    "ssim": 0.8922428538299398,
    "boundary_dsc": 0.09234071162598262
  }
}