{
  "algorithm": "HYBRID-PA6",
  "thresholds": [
    21,
    43,
    67,
    92,
    120,
    147,
    172,
    200,
    227
  ],
  "best_f": -34.806153435905784,
  "entropy": 34.806153435905784,
  "time": 2.0135176181793213,
  "metrics": {
    "psnr": 31.235407261211797,
    "ssim": 0.8824866700828405,
    "dice": 0.11427097742245564
  }
}