{
  "algorithm": "HYBRID-PA6",
  "thresholds": [
    30,
    56,
    76,
    96,
    115,
    133,
    156,
    179,
    203,
    228
  ],
  "best_f": -37.24197365580729,
  "entropy": 37.24197365580729,
  "time": 2.2149736881256104,
  "metrics": {
    "psnr": 31.545733650405957,
    "ssim": 0.8878963148765573,
    "boundary_dsc": 0.10732431617288819
  }
}