{
  "algorithm": "HYBRID-PA6",
  "thresholds": [
    12,
    29,
    47,
    66,
    92,
    119,
    147,
    174,
    201,
    227
  ],
  "best_f": -36.518460343694244,
  "entropy": 36.518460343694244,
  "time": 8.018954038619995,
  "metrics": {
    "psnr": 32.51589336156006,
    "ssim": 0.8692958568285126,
    "boundary_dsc": 0.15873290037308277
  }
}