{
  "algorithm": "WOA",
  "thresholds": [
    13,
    54,
    78,
    102,
    126,
    150,
    174,
    198,
    224
  ],
  "best_f": -33.35843078370719,
  "entropy": 33.35843078370719,
  "time": 2.1435344219207764,
  "metrics": {
    "psnr": 30.102777779587182,
    "ssim": 0.8858303864620606,
    "dice": 0.27565642821989983
  }
}