{
  "algorithm": "WOA",
  "thresholds": [
    25,
    46,
    67,
    91,
    115,
    139,
    164,
    189,
    214,
    237
  ],
  "best_f": -37.82306272608857,
  "entropy": 37.82306272608857,
  "time": 14.074683904647827,
  "metrics": {
    "psnr": 31.928762314062325,
    "ssim": 0.8866073196979383,
    "boundary_dsc": 0.22416284862089111
  }
}