{
  "algorithm": "OTSU",
  "thresholds": [
    36,
    73,
    109,
    146,
    182,
    219
  ],
  "best_f": -25.726996299092452,
  "entropy": 25.726996299092452,
  "time": 0.002511739730834961,
  "metrics": {
    "psnr": 24.565229058751754,
    "ssim": 0.7755703603501599,
    "dice": 0.26078209480699105
  }
}