{
  "algorithm": "HYBRID-PA6",
  "thresholds": [
    21,
    50,
    78,
    99,
    116,
    135,
    156,
    180,
    205,
    231
  ],
  "best_f": -36.136281530954456,
  "entropy": 36.136281530954456,
  "time": 2.4791600704193115,
  "metrics": {
    "psnr": 32.220214515408465,
    "ssim": 0.8549948541715181,
    "dice": 0.13429009208550147
  }
}