{
  "algorithm": "HYBRID-PA6",
  "thresholds": [
    7,
    34,
    57,
    85,
    113,
    136,
    161,
    185,
    208,
    231
  ],
  "best_f": -36.7164677433249,
  "entropy": 36.7164677433249,
  "time": 2.0645828247070312,
  "metrics": {
    "psnr": 30.620002610560814,
    "ssim": 0.9106701332698975,
    "dice": 0.21417789456029518
  }
}