{
  "algorithm": "HYBRID-PA3",
  "thresholds": [
    75,
    101,
    116,
    126,
    138,
    147,
    152,
    159,
    164,
    179
  ],
  "best_f": -0.045777293310174924,
  "entropy": 0.045777293310174924,
  "time": 15.306416511535645,
  "metrics": {
    "psnr": 14.624036394370927,
    "ssim": 0.6058047853956189,
    "dice": 0.22967336994673163
  }
}