{
  "image_name": "uploaded",
  "timestamp": "2026-04-24T11:15:01.040616",
  "total_time": 114.94438982009888,
  "best_overall_algo": "PSO",
  "best_overall_f": -37.224639338289265,
  "best_overall_entropy": 37.224639338289265,
  "results": {
    "GWO": {
      "entropy": 36.26437146766076,
      "time": 15.848593711853027,
      "metrics": {
        "psnr": 30.649362353818788,
        "ssim": 0.9077167159412821,
        "boundary_dsc": 0.10510267974627259
      }
    },
    "WOA": {
      "entropy": 37.22228178991521,
      "time": 14.979156494140625,
      "metrics": {
        "psnr": 32.184059307558115,
        "ssim": 0.9288352740007992,
        "boundary_dsc": 0.10239122847341046
      }
    },
    "PSO": {
      "entropy": 37.224639338289265,
      "time": 31.026552438735962,
      "metrics": {
        "psnr": 32.21908953841355,
        "ssim": 0.9294798635461283,
        "boundary_dsc": 0.10195759944503663
      }
    },
    "OTSU": {
      "entropy": 36.343502094254845,
      "time": 0.4616429805755615,
      "metrics": {
        "psnr": 33.58675749698372,
        "ssim": 0.9505908947199303,
        "boundary_dsc": 0.09626394197020513
      }
    },
    "HYBRID-PA5": {
      "entropy": 37.190290501116905,
      "time": 32.731916189193726,
      "metrics": {
        "psnr": 32.266481214197825,
        "ssim": 0.930758472391454,
        "boundary_dsc": 0.1018329250781316
      }
    },
    "HYBRID-PA6": {
      "entropy": 37.09959749557552,
      "time": 16.078474521636963,
      "metrics": {
        "psnr": 32.71826388431204,
        "ssim": 0.9380115130971899,
        "boundary_dsc": 0.1009026222163658
      }
    }
  }
}