{
  "algorithm": "HYBRID-PA5",
  "thresholds": [
    34,
    63,
    91,
    118,
    144,
    167,
    189,
    211,
    233
  ],
  "best_f": -33.94961993082735,
  "entropy": 33.94961993082735,
  "time": 4.5400731563568115,
  "metrics": {
    "psnr": 25.48320218757942,
    "ssim": 0.8155011498212842,
    "dice": 0.23093786268260783
  }
}