{
  "algorithm": "OTSU",
  "thresholds": [
    23,
    46,
    70,
    93,
    116,
    139,
    162,
    185,
    209,
    232
  ],
  "best_f": -37.183436764843904,
  "entropy": 37.183436764843904,
  "time": 0.0029993057250976562,
  "metrics": {
    "psnr": 31.970922601632893,
    "ssim": 0.934906448642443,
    "dice": 0.2117154065620542
  }
}