{
  "algorithm": "HYBRID-PA5",
  "thresholds": [
    30,
    59,
    83,
    104,
    125,
    148,
    171,
    194,
    216,
    236
  ],
  "best_f": -37.63100845172167,
  "entropy": 37.63100845172167,
  "time": 4.505088567733765,
  "metrics": {
    "psnr": 31.904273850619024,
    "ssim": 0.9184663999618771,
    "boundary_dsc": 0.16517357222844345
  }
}