{
  "algorithm": "PSO",
  "thresholds": [
    97,
    158,
    214
  ],
  "best_f": -16.47833620269426,
  "entropy": 16.47833620269426,
  "time": 3.13594651222229,
  "metrics": {
    "psnr": 25.284813683123947,
    "ssim": 0.7394145177894993,
    "dice": 0.26102954183619315
  }
}