{
  "algorithm": "HYBRID-PA2",
  "thresholds": [
    78,
    99,
    115,
    126,
    138,
    143,
    150,
    155,
    162,
    180
  ],
  "best_f": -0.045875332043016165,
  "entropy": 0.045875332043016165,
  "time": 16.868149042129517,
  "metrics": {
    "psnr": 14.402991415909929,
    "ssim": 0.5951565938682251,
    "dice": 0.23069093277960995
  }
}