{
  "algorithm": "WOA",
  "thresholds": [
    30,
    55,
    80,
    104,
    125,
    146,
    167,
    189,
    211,
    233
  ],
  "best_f": -37.09338530324747,
  "entropy": 37.09338530324747,
  "time": 2.4242141246795654,
  "metrics": {
    "psnr": 32.29458284121162,
    "ssim": 0.8998067492223905,
    "dice": 0.2659129128054671
  }
}