{
  "image_index": 4,
  "image_path": "dataset/BDS500/images/val\\105025.jpg",
  "k": 10,
  "strategies": {
    "PA1": {
      "fe_best": 0.040768516230772836,
      "thresholds": [
        5,
        7,
        8,
        9,
        25,
        27,
        89,
        236,
        251,
        252
      ],
      "time_sec": 4.770851135253906
    },
    "PA2": {
      "fe_best": 0.04067403587886623,
      "thresholds": [
        17,
        39,
        64,
        103,
        212,
        213,
        228,
        242,
        251,
        254
      ],
      "time_sec": 4.696210861206055
    },
    "PA3": {
      "fe_best": 0.04072315018564175,
      "thresholds": [
        14,
        22,
        82,
        136,
        165,
        172,
        227,
        250,
        251,
        254
      ],
      "time_sec": 4.726651191711426
    },
    "PA4": {
      "fe_best": 0.0408128198241731,
      "thresholds": [
        1,
        2,
        3,
        39,
        58,
        67,
        235,
        250,
        251,
        254
      ],
      "time_sec": 5.259862184524536
    },
    "PA5": {
      "fe_best": 0.04068852885599011,
      "thresholds": [
        1,
        2,
        3,
        32,
        194,
        215,
        222,
        246,
        251,
        254
      ],
      "time_sec": 9.810786962509155
    }
  }
}