{
  "image_index": 0,
  "image_path": "dataset/BDS500/images/val\\101085.jpg",
  "k": 10,
  "strategies": {
    "PA1": {
      "fe_best": 0.046487177340757926,
      "thresholds": [
        7,
        8,
        11,
        16,
        27,
        28,
        43,
        250,
        251,
        254
      ],
      "time_sec": 5.603407859802246
    },
    "PA2": {
      "fe_best": 0.04631130714783076,
      "thresholds": [
        1,
        2,
        3,
        54,
        246,
        248,
        249,
        250,
        251,
        254
      ],
      "time_sec": 4.940013647079468
    },
    "PA3": {
      "fe_best": 0.04643714450326844,
      "thresholds": [
        1,
        2,
        60,
        243,
        244,
        247,
        248,
        250,
        251,
        254
      ],
      "time_sec": 4.8674657344818115
    },
    "PA4": {
      "fe_best": 0.04640543405913038,
      "thresholds": [
        61,
        243,
        244,
        245,
        246,
        247,
        248,
        250,
        251,
        254
      ],
      "time_sec": 4.701171398162842
    },
    "PA5": {
      "fe_best": 0.04679389412429796,
      "thresholds": [
        1,
        2,
        5,
        6,
        9,
        10,
        13,
        50,
        251,
        252
      ],
      "time_sec": 8.96868634223938
    }
  }
}