{
  "image_index": 2,
  "image_path": "dataset/BDS500/images/val\\102061.jpg",
  "k": 10,
  "strategies": {
    "PA1": {
      "fe_best": 0.04826421593329476,
      "thresholds": [
        2,
        4,
        6,
        9,
        16,
        18,
        59,
        226,
        227,
        242
      ],
      "time_sec": 4.576135158538818
    },
    "PA2": {
      "fe_best": 0.04833146901507795,
      "thresholds": [
        1,
        3,
        4,
        5,
        6,
        7,
        8,
        68,
        223,
        224
      ],
      "time_sec": 4.571364164352417
    },
    "PA3": {
      "fe_best": 0.0482217328371224,
      "thresholds": [
        1,
        2,
        6,
        7,
        8,
        23,
        24,
        51,
        227,
        228
      ],
      "time_sec": 4.44997239112854
    },
    "PA4": {
      "fe_best": 0.048116182180004415,
      "thresholds": [
        1,
        2,
        3,
        4,
        5,
        6,
        7,
        8,
        69,
        208
      ],
      "time_sec": 4.461941719055176
    },
    "PA5": {
      "fe_best": 0.04844586358679408,
      "thresholds": [
        1,
        2,
        3,
        4,
        6,
        69,
        218,
        232,
        247,
        252
      ],
      "time_sec": 9.071654319763184
    }
  }
}