{
  "image_index": 9,
  "image_path": "dataset/BDS500/images/val\\109053.jpg",
  "k": 10,
  "strategies": {
    "PA1": {
      "fe_best": 0.0473151206789198,
      "thresholds": [
        1,
        2,
        3,
        4,
        5,
        6,
        7,
        76,
        251,
        252
      ],
      "time_sec": 3.529884099960327
    },
    "PA2": {
      "fe_best": 0.04729509077520354,
      "thresholds": [
        1,
        2,
        82,
        248,
        249,
        250,
        251,
        252,
        253,
        254
      ],
      "time_sec": 3.5316739082336426
    },
    "PA3": {
      "fe_best": 0.046980106850326386,
      "thresholds": [
        21,
        62,
        241,
        242,
        245,
        248,
        249,
        252,
        253,
        254
      ],
      "time_sec": 3.739356279373169
    },
    "PA4": {
      "fe_best": 0.04732014639413071,
      "thresholds": [
        1,
        2,
        3,
        4,
        5,
        6,
        77,
        250,
        251,
        254
      ],
      "time_sec": 3.7934229373931885
    },
    "PA5": {
      "fe_best": 0.0473151206789198,
      "thresholds": [
        1,
        2,
        3,
        4,
        5,
        6,
        7,
        76,
        251,
        252
      ],
      "time_sec": 7.246023416519165
    }
  }
}