{
  "image_index": 8,
  "image_path": "dataset/BDS500/images/val\\108082.jpg",
  "k": 10,
  "strategies": {
    "PA1": {
      "fe_best": 0.05113005064589706,
      "thresholds": [
        1,
        2,
        4,
        11,
        235,
        238,
        239,
        250,
        251,
        254
      ],
      "time_sec": 3.833987236022949
    },
    "PA2": {
      "fe_best": 0.050888223720076606,
      "thresholds": [
        1,
        2,
        3,
        4,
        5,
        6,
        7,
        8,
        9,
        240
      ],
      "time_sec": 3.7310242652893066
    },
    "PA3": {
      "fe_best": 0.05118388359089616,
      "thresholds": [
        1,
        2,
        3,
        4,
        5,
        6,
        7,
        250,
        251,
        254
      ],
      "time_sec": 3.600799083709717
    },
    "PA4": {
      "fe_best": 0.050888223720076606,
      "thresholds": [
        1,
        2,
        3,
        4,
        5,
        6,
        7,
        8,
        9,
        240
      ],
      "time_sec": 3.4509472846984863
    },
    "PA5": {
      "fe_best": 0.051338101478047654,
      "thresholds": [
        10,
        238,
        241,
        242,
        245,
        246,
        247,
        250,
        251,
        254
      ],
      "time_sec": 7.2298479080200195
    }
  }
}