{
  "image_index": 13,
  "image_path": "dataset/BDS500/images/val\\126007.jpg",
  "k": 10,
  "strategies": {
    "PA1": {
      "fe_best": 0.05206288603822227,
      "thresholds": [
        1,
        3,
        5,
        8,
        10,
        18,
        49,
        213,
        247,
        248
      ],
      "time_sec": 3.963571786880493
    },
    "PA2": {
      "fe_best": 0.052060332212580794,
      "thresholds": [
        1,
        2,
        4,
        5,
        6,
        13,
        56,
        205,
        209,
        243
      ],
      "time_sec": 4.097038745880127
    },
    "PA3": {
      "fe_best": 0.05198963869961964,
      "thresholds": [
        1,
        2,
        4,
        5,
        9,
        10,
        11,
        16,
        51,
        212
      ],
      "time_sec": 4.004512310028076
    },
    "PA4": {
      "fe_best": 0.052019692210237736,
      "thresholds": [
        1,
        2,
        4,
        5,
        7,
        24,
        41,
        220,
        239,
        252
      ],
      "time_sec": 3.6997344493865967
    },
    "PA5": {
      "fe_best": 0.052063841640949085,
      "thresholds": [
        1,
        2,
        3,
        6,
        7,
        9,
        60,
        201,
        247,
        252
      ],
      "time_sec": 6.895898103713989
    }
  }
}