{
  "image_index": 15,
  "image_path": "dataset/BDS500/images/val\\134035.jpg",
  "k": 10,
  "strategies": {
    "PA1": {
      "fe_best": 0.04932893289641383,
      "thresholds": [
        1,
        2,
        3,
        4,
        5,
        6,
        7,
        8,
        9,
        58
      ],
      "time_sec": 3.2755889892578125
    },
    "PA2": {
      "fe_best": 0.04932893289641383,
      "thresholds": [
        1,
        2,
        3,
        4,
        5,
        6,
        7,
        8,
        9,
        58
      ],
      "time_sec": 3.441962718963623
    },
    "PA3": {
      "fe_best": 0.04853920365643736,
      "thresholds": [
        1,
        2,
        3,
        4,
        5,
        6,
        61,
        252,
        253,
        254
      ],
      "time_sec": 3.4314932823181152
    },
    "PA4": {
      "fe_best": 0.04932893289641383,
      "thresholds": [
        1,
        2,
        3,
        4,
        5,
        6,
        7,
        8,
        9,
        58
      ],
      "time_sec": 3.440609931945801
    },
    "PA5": {
      "fe_best": 0.04932893289641383,
      "thresholds": [
        1,
        2,
        3,
        4,
        5,
        6,
        7,
        8,
        9,
        58
      ],
      "time_sec": 6.792033910751343
    }
  }
}