{
  "image_index": 11,
  "image_path": "dataset/BDS500/images/val\\12084.jpg",
  "k": 10,
  "strategies": {
    "PA1": {
      "fe_best": 0.04870257210530843,
      "thresholds": [
        1,
        3,
        4,
        5,
        6,
        7,
        8,
        111,
        253,
        254
      ],
      "time_sec": 3.679415702819824
    },
    "PA2": {
      "fe_best": 0.0487143091016594,
      "thresholds": [
        1,
        2,
        3,
        4,
        5,
        6,
        7,
        8,
        111,
        254
      ],
      "time_sec": 3.5199878215789795
    },
    "PA3": {
      "fe_best": 0.04880458273354506,
      "thresholds": [
        1,
        2,
        3,
        4,
        5,
        116,
        251,
        252,
        253,
        254
      ],
      "time_sec": 3.3446366786956787
    },
    "PA4": {
      "fe_best": 0.0487143091016594,
      "thresholds": [
        1,
        2,
        3,
        4,
        5,
        6,
        7,
        8,
        111,
        254
      ],
      "time_sec": 3.6940956115722656
    },
    "PA5": {
      "fe_best": 0.04880458273354506,
      "thresholds": [
        1,
        2,
        3,
        4,
        5,
        116,
        251,
        252,
        253,
        254
      ],
      "time_sec": 7.80689549446106
    }
  }
}