{
  "image_index": 25,
  "image_path": "dataset/BDS500/images/val\\160068.jpg",
  "k": 10,
  "strategies": {
    "PA1": {
      "fe_best": 0.048627309089127636,
      "thresholds": [
        1,
        2,
        3,
        5,
        6,
        11,
        21,
        66,
        253,
        254
      ],
      "time_sec": 4.663501977920532
    },
    "PA2": {
      "fe_best": 0.04814827501006351,
      "thresholds": [
        1,
        98,
        199,
        226,
        231,
        250,
        251,
        252,
        253,
        254
      ],
      "time_sec": 4.4051289558410645
    },
    "PA3": {
      "fe_best": 0.048621847717531794,
      "thresholds": [
        1,
        2,
        3,
        15,
        19,
        68,
        251,
        252,
        253,
        254
      ],
      "time_sec": 5.200235605239868
    },
    "PA4": {
      "fe_best": 0.04864209038864863,
      "thresholds": [
        2,
        3,
        4,
        5,
        10,
        18,
        19,
        66,
        253,
        254
      ],
      "time_sec": 5.390340089797974
    },
    "PA5": {
      "fe_best": 0.04865407890841349,
      "thresholds": [
        1,
        2,
        3,
        4,
        6,
        7,
        17,
        18,
        67,
        254
      ],
      "time_sec": 11.04079556465149
    }
  }
}