{
  "image_index": 21,
  "image_path": "dataset/BDS500/images/val\\148089.jpg",
  "k": 10,
  "strategies": {
    "PA1": {
      "fe_best": 0.04955018258515986,
      "thresholds": [
        1,
        3,
        4,
        6,
        7,
        10,
        11,
        14,
        15,
        18
      ],
      "time_sec": 3.356367588043213
    },
    "PA2": {
      "fe_best": 0.04944209390943902,
      "thresholds": [
        1,
        2,
        4,
        5,
        8,
        11,
        12,
        15,
        16,
        19
      ],
      "time_sec": 3.3661017417907715
    },
    "PA3": {
      "fe_best": 0.04685036419639545,
      "thresholds": [
        6,
        67,
        84,
        111,
        120,
        123,
        124,
        131,
        144,
        243
      ],
      "time_sec": 3.422299861907959
    },
    "PA4": {
      "fe_best": 0.04680601250284916,
      "thresholds": [
        6,
        69,
        87,
        110,
        119,
        122,
        123,
        130,
        144,
        239
      ],
      "time_sec": 3.3260300159454346
    },
    "PA5": {
      "fe_best": 0.04732212095303581,
      "thresholds": [
        1,
        3,
        26,
        230,
        231,
        234,
        242,
        250,
        251,
        254
      ],
      "time_sec": 7.00675106048584
    }
  }
}