{
  "image_index": 28,
  "image_path": "dataset/BDS500/images/val\\167062.jpg",
  "k": 10,
  "strategies": {
    "PA1": {
      "fe_best": 0.04340105615562147,
      "thresholds": [
        51,
        67,
        68,
        72,
        79,
        91,
        145,
        150,
        243,
        248
      ],
      "time_sec": 4.574559450149536
    },
    "PA2": {
      "fe_best": 0.04444382233698631,
      "thresholds": [
        2,
        98,
        111,
        194,
        213,
        242,
        247,
        250,
        251,
        254
      ],
      "time_sec": 4.539048671722412
    },
    "PA3": {
      "fe_best": 0.04361234321250388,
      "thresholds": [
        55,
        64,
        83,
        103,
        106,
        115,
        122,
        162,
        251,
        252
      ],
      "time_sec": 4.538244724273682
    },
    "PA4": {
      "fe_best": 0.04430198901184122,
      "thresholds": [
        53,
        72,
        77,
        85,
        124,
        146,
        190,
        250,
        251,
        254
      ],
      "time_sec": 4.491706609725952
    },
    "PA5": {
      "fe_best": 0.044653718121905814,
      "thresholds": [
        57,
        60,
        81,
        108,
        111,
        218,
        247,
        250,
        251,
        254
      ],
      "time_sec": 9.134151935577393
    }
  }
}