{
  "image_index": 27,
  "image_path": "dataset/BDS500/images/val\\163085.jpg",
  "k": 10,
  "strategies": {
    "PA1": {
      "fe_best": 0.04730823652967761,
      "thresholds": [
        1,
        2,
        3,
        6,
        7,
        86,
        251,
        252,
        253,
        254
      ],
      "time_sec": 4.456427335739136
    },
    "PA2": {
      "fe_best": 0.0473012836026369,
      "thresholds": [
        1,
        2,
        3,
        4,
        87,
        250,
        251,
        252,
        253,
        254
      ],
      "time_sec": 4.541201591491699
    },
    "PA3": {
      "fe_best": 0.04728627574440454,
      "thresholds": [
        1,
        2,
        3,
        6,
        7,
        8,
        83,
        252,
        253,
        254
      ],
      "time_sec": 4.625074625015259
    },
    "PA4": {
      "fe_best": 0.047338528970453576,
      "thresholds": [
        1,
        2,
        9,
        15,
        18,
        19,
        90,
        252,
        253,
        254
      ],
      "time_sec": 4.459954023361206
    },
    "PA5": {
      "fe_best": 0.047368757927885655,
      "thresholds": [
        1,
        4,
        5,
        8,
        19,
        20,
        87,
        252,
        253,
        254
      ],
      "time_sec": 9.36834454536438
    }
  }
}