{
  "image_index": 30,
  "image_path": "dataset/BDS500/images/val\\170057.jpg",
  "k": 10,
  "strategies": {
    "PA1": {
      "fe_best": 0.04696996532829503,
      "thresholds": [
        1,
        2,
        3,
        5,
        6,
        8,
        9,
        92,
        253,
        254
      ],
      "time_sec": 4.682962894439697
    },
    "PA2": {
      "fe_best": 0.04686254479559439,
      "thresholds": [
        2,
        3,
        5,
        7,
        8,
        11,
        12,
        19,
        20,
        203
      ],
      "time_sec": 4.480079650878906
    },
    "PA3": {
      "fe_best": 0.04697418802824966,
      "thresholds": [
        1,
        3,
        4,
        5,
        6,
        7,
        8,
        95,
        252,
        253
      ],
      "time_sec": 4.3453898429870605
    },
    "PA4": {
      "fe_best": 0.04687334437775388,
      "thresholds": [
        1,
        2,
        4,
        5,
        7,
        14,
        15,
        18,
        19,
        202
      ],
      "time_sec": 4.445782899856567
    },
    "PA5": {
      "fe_best": 0.046973413806237777,
      "thresholds": [
        1,
        2,
        3,
        4,
        5,
        6,
        9,
        94,
        253,
        254
      ],
      "time_sec": 9.028512239456177
    }
  }
}