{
  "image_index": 38,
  "image_path": "dataset/BDS500/images/val\\208001.jpg",
  "k": 10,
  "strategies": {
    "PA1": {
      "fe_best": 0.047947385187279416,
      "thresholds": [
        1,
        2,
        4,
        28,
        173,
        196,
        205,
        208,
        209,
        213
      ],
      "time_sec": 4.460164785385132
    },
    "PA2": {
      "fe_best": 0.04793373244425256,
      "thresholds": [
        1,
        2,
        3,
        7,
        24,
        178,
        187,
        194,
        203,
        218
      ],
      "time_sec": 4.429328918457031
    },
    "PA3": {
      "fe_best": 0.04795387733759278,
      "thresholds": [
        5,
        27,
        172,
        193,
        194,
        197,
        210,
        213,
        218,
        221
      ],
      "time_sec": 4.410708427429199
    },
    "PA4": {
      "fe_best": 0.04795328686396488,
      "thresholds": [
        1,
        28,
        181,
        182,
        189,
        190,
        193,
        194,
        252,
        254
      ],
      "time_sec": 4.466532468795776
    },
    "PA5": {
      "fe_best": 0.048009676511896394,
      "thresholds": [
        1,
        2,
        27,
        174,
        195,
        196,
        199,
        200,
        207,
        212
      ],
      "time_sec": 9.202141761779785
    }
  }
}