{
  "image_index": 31,
  "image_path": "dataset/BDS500/images/val\\175032.jpg",
  "k": 10,
  "strategies": {
    "PA1": {
      "fe_best": 0.04707402843918945,
      "thresholds": [
        1,
        2,
        5,
        6,
        7,
        8,
        203,
        252,
        253,
        254
      ],
      "time_sec": 4.541714191436768
    },
    "PA2": {
      "fe_best": 0.04706531370427493,
      "thresholds": [
        1,
        2,
        3,
        4,
        5,
        6,
        7,
        8,
        9,
        200
      ],
      "time_sec": 4.663280248641968
    },
    "PA3": {
      "fe_best": 0.04704325909711013,
      "thresholds": [
        1,
        2,
        8,
        205,
        249,
        250,
        251,
        252,
        253,
        254
      ],
      "time_sec": 4.55595064163208
    },
    "PA4": {
      "fe_best": 0.04706531370427493,
      "thresholds": [
        1,
        2,
        3,
        4,
        5,
        6,
        7,
        8,
        9,
        200
      ],
      "time_sec": 4.733883380889893
    },
    "PA5": {
      "fe_best": 0.0470848810620154,
      "thresholds": [
        1,
        2,
        3,
        4,
        5,
        6,
        7,
        202,
        253,
        254
      ],
      "time_sec": 9.221323490142822
    }
  }
}