{
  "image_index": 39,
  "image_path": "dataset/BDS500/images/val\\210088.jpg",
  "k": 10,
  "strategies": {
    "PA1": {
      "fe_best": 0.04876130094634358,
      "thresholds": [
        2,
        3,
        4,
        5,
        7,
        12,
        13,
        104,
        253,
        254
      ],
      "time_sec": 4.647299766540527
    },
    "PA2": {
      "fe_best": 0.048839325492591394,
      "thresholds": [
        1,
        2,
        3,
        4,
        5,
        6,
        7,
        110,
        253,
        254
      ],
      "time_sec": 4.514145612716675
    },
    "PA3": {
      "fe_best": 0.04881801234661826,
      "thresholds": [
        1,
        2,
        3,
        4,
        5,
        6,
        109,
        252,
        253,
        254
      ],
      "time_sec": 4.597118139266968
    },
    "PA4": {
      "fe_best": 0.04872609083276307,
      "thresholds": [
        1,
        4,
        8,
        9,
        10,
        107,
        251,
        252,
        253,
        254
      ],
      "time_sec": 4.520752906799316
    },
    "PA5": {
      "fe_best": 0.04885436289420031,
      "thresholds": [
        1,
        2,
        3,
        4,
        5,
        6,
        7,
        8,
        109,
        254
      ],
      "time_sec": 9.15501880645752
    }
  }
}