{
  "image_index": 32,
  "image_path": "dataset/BDS500/images/val\\175043.jpg",
  "k": 10,
  "strategies": {
    "PA1": {
      "fe_best": 0.04664325022447384,
      "thresholds": [
        1,
        3,
        6,
        7,
        28,
        239,
        240,
        247,
        253,
        254
      ],
      "time_sec": 4.566945314407349
    },
    "PA2": {
      "fe_best": 0.04660686477877303,
      "thresholds": [
        1,
        2,
        3,
        4,
        5,
        6,
        7,
        9,
        21,
        254
      ],
      "time_sec": 4.719015121459961
    },
    "PA3": {
      "fe_best": 0.04661903221216999,
      "thresholds": [
        1,
        2,
        3,
        4,
        6,
        7,
        8,
        23,
        252,
        253
      ],
      "time_sec": 4.577191352844238
    },
    "PA4": {
      "fe_best": 0.04667574536795852,
      "thresholds": [
        1,
        2,
        3,
        4,
        31,
        236,
        237,
        252,
        253,
        254
      ],
      "time_sec": 4.84637975692749
    },
    "PA5": {
      "fe_best": 0.04664589496056618,
      "thresholds": [
        1,
        2,
        3,
        4,
        5,
        6,
        25,
        250,
        251,
        254
      ],
      "time_sec": 8.985767126083374
    }
  }
}