{
  "image_index": 34,
  "image_path": "dataset/BDS500/images/val\\189080.jpg",
  "k": 10,
  "strategies": {
    "PA1": {
      "fe_best": 0.05254642613035712,
      "thresholds": [
        3,
        6,
        7,
        10,
        11,
        14,
        15,
        17,
        54,
        254
      ],
      "time_sec": 4.795611381530762
    },
    "PA2": {
      "fe_best": 0.052579345862450076,
      "thresholds": [
        1,
        2,
        5,
        6,
        9,
        10,
        13,
        14,
        57,
        254
      ],
      "time_sec": 4.512924432754517
    },
    "PA3": {
      "fe_best": 0.05255603881792464,
      "thresholds": [
        1,
        3,
        4,
        5,
        8,
        9,
        12,
        13,
        58,
        254
      ],
      "time_sec": 4.564002275466919
    },
    "PA4": {
      "fe_best": 0.05253586049444835,
      "thresholds": [
        1,
        2,
        3,
        4,
        5,
        8,
        9,
        12,
        59,
        254
      ],
      "time_sec": 4.7216620445251465
    },
    "PA5": {
      "fe_best": 0.05256323248707244,
      "thresholds": [
        1,
        2,
        3,
        6,
        7,
        10,
        11,
        14,
        57,
        254
      ],
      "time_sec": 9.19939136505127
    }
  }
}