{
  "image_index": 35,
  "image_path": "dataset/BDS500/images/val\\19021.jpg",
  "k": 10,
  "strategies": {
    "PA1": {
      "fe_best": 0.048414677083218435,
      "thresholds": [
        1,
        2,
        3,
        5,
        9,
        13,
        15,
        18,
        23,
        102
      ],
      "time_sec": 4.587980508804321
    },
    "PA2": {
      "fe_best": 0.04883394111703789,
      "thresholds": [
        22,
        221,
        222,
        234,
        241,
        242,
        245,
        246,
        249,
        250
      ],
      "time_sec": 4.549807786941528
    },
    "PA3": {
      "fe_best": 0.04881089916794329,
      "thresholds": [
        1,
        3,
        4,
        5,
        7,
        8,
        9,
        240,
        251,
        252
      ],
      "time_sec": 4.515423536300659
    },
    "PA4": {
      "fe_best": 0.04884032312788385,
      "thresholds": [
        1,
        2,
        3,
        5,
        13,
        231,
        235,
        246,
        251,
        254
      ],
      "time_sec": 4.4842822551727295
    },
    "PA5": {
      "fe_best": 0.048818797767434585,
      "thresholds": [
        1,
        2,
        3,
        4,
        5,
        6,
        7,
        242,
        247,
        250
      ],
      "time_sec": 9.183269262313843
    }
  }
}