{
  "image_index": 43,
  "image_path": "dataset/BDS500/images/val\\220075.jpg",
  "k": 10,
  "strategies": {
    "PA1": {
      "fe_best": 0.04723329792538004,
      "thresholds": [
        1,
        2,
        3,
        4,
        5,
        6,
        7,
        194,
        211,
        254
      ],
      "time_sec": 4.509467840194702
    },
    "PA2": {
      "fe_best": 0.04731444889781275,
      "thresholds": [
        1,
        3,
        10,
        197,
        198,
        221,
        228,
        229,
        232,
        234
      ],
      "time_sec": 4.52903151512146
    },
    "PA3": {
      "fe_best": 0.047277487783697586,
      "thresholds": [
        2,
        3,
        5,
        6,
        8,
        195,
        203,
        214,
        215,
        254
      ],
      "time_sec": 4.493206262588501
    },
    "PA4": {
      "fe_best": 0.0473627458798368,
      "thresholds": [
        1,
        2,
        10,
        197,
        198,
        201,
        202,
        217,
        222,
        227
      ],
      "time_sec": 4.735147953033447
    },
    "PA5": {
      "fe_best": 0.04942875988146585,
      "thresholds": [
        196,
        197,
        208,
        209,
        211,
        212,
        227,
        228,
        231,
        232
      ],
      "time_sec": 8.92803955078125
    }
  }
}