{
  "image_index": 40,
  "image_path": "dataset/BDS500/images/val\\21077.jpg",
  "k": 10,
  "strategies": {
    "PA1": {
      "fe_best": 0.048037366680085625,
      "thresholds": [
        1,
        2,
        4,
        6,
        9,
        10,
        37,
        218,
        219,
        222
      ],
      "time_sec": 4.477594614028931
    },
    "PA2": {
      "fe_best": 0.0480055184104468,
      "thresholds": [
        1,
        2,
        3,
        6,
        9,
        10,
        40,
        215,
        216,
        223
      ],
      "time_sec": 4.672812223434448
    },
    "PA3": {
      "fe_best": 0.04778284107952077,
      "thresholds": [
        1,
        2,
        12,
        21,
        28,
        225,
        226,
        246,
        247,
        250
      ],
      "time_sec": 4.540825605392456
    },
    "PA4": {
      "fe_best": 0.04799362678126716,
      "thresholds": [
        1,
        2,
        3,
        4,
        6,
        7,
        13,
        33,
        224,
        225
      ],
      "time_sec": 4.542827129364014
    },
    "PA5": {
      "fe_best": 0.04801679413338681,
      "thresholds": [
        1,
        2,
        3,
        4,
        5,
        9,
        12,
        34,
        223,
        224
      ],
      "time_sec": 9.119189739227295
    }
  }
}