{
  "image_index": 41,
  "image_path": "dataset/BDS500/images/val\\216081.jpg",
  "k": 10,
  "strategies": {
    "PA1": {
      "fe_best": 0.04876744596952895,
      "thresholds": [
        53,
        54,
        61,
        62,
        65,
        66,
        73,
        114,
        117,
        139
      ],
      "time_sec": 4.580775260925293
    },
    "PA2": {
      "fe_best": 0.04853700661389977,
      "thresholds": [
        1,
        2,
        3,
        114,
        247,
        248,
        251,
        252,
        253,
        254
      ],
      "time_sec": 4.7250025272369385
    },
    "PA3": {
      "fe_best": 0.04903707570878406,
      "thresholds": [
        53,
        61,
        68,
        73,
        76,
        77,
        80,
        81,
        144,
        152
      ],
      "time_sec": 4.635392904281616
    },
    "PA4": {
      "fe_best": 0.04822624659394819,
      "thresholds": [
        51,
        176,
        183,
        199,
        206,
        210,
        213,
        234,
        245,
        250
      ],
      "time_sec": 4.5577168464660645
    },
    "PA5": {
      "fe_best": 0.04908881094602201,
      "thresholds": [
        56,
        65,
        72,
        73,
        76,
        77,
        80,
        161,
        164,
        165
      ],
      "time_sec": 9.125802993774414
    }
  }
}