{
  "image_index": 46,
  "image_path": "dataset/BDS500/images/val\\229036.jpg",
  "k": 10,
  "strategies": {
    "PA1": {
      "fe_best": 0.04636025089150844,
      "thresholds": [
        1,
        2,
        3,
        5,
        12,
        89,
        172,
        177,
        236,
        248
      ],
      "time_sec": 4.625586032867432
    },
    "PA2": {
      "fe_best": 0.04632944416493153,
      "thresholds": [
        1,
        2,
        4,
        7,
        18,
        79,
        195,
        204,
        247,
        248
      ],
      "time_sec": 4.531507968902588
    },
    "PA3": {
      "fe_best": 0.04652264629367832,
      "thresholds": [
        2,
        16,
        167,
        168,
        171,
        216,
        238,
        243,
        251,
        254
      ],
      "time_sec": 4.493255376815796
    },
    "PA4": {
      "fe_best": 0.04635906410736858,
      "thresholds": [
        1,
        2,
        4,
        7,
        16,
        87,
        184,
        192,
        251,
        252
      ],
      "time_sec": 4.567011833190918
    },
    "PA5": {
      "fe_best": 0.046319333771587645,
      "thresholds": [
        1,
        2,
        3,
        4,
        5,
        6,
        18,
        80,
        199,
        248
      ],
      "time_sec": 9.199723958969116
    }
  }
}