{
  "image_index": 59,
  "image_path": "dataset/BDS500/images/val\\296059.jpg",
  "k": 10,
  "strategies": {
    "PA1": {
      "fe_best": 0.04855989057103556,
      "thresholds": [
        1,
        2,
        3,
        4,
        5,
        6,
        7,
        92,
        253,
        254
      ],
      "time_sec": 4.5430004596710205
    },
    "PA2": {
      "fe_best": 0.04855989057103556,
      "thresholds": [
        1,
        2,
        3,
        4,
        5,
        6,
        7,
        92,
        253,
        254
      ],
      "time_sec": 4.658684730529785
    },
    "PA3": {
      "fe_best": 0.04855989057103556,
      "thresholds": [
        1,
        2,
        3,
        4,
        5,
        6,
        7,
        92,
        253,
        254
      ],
      "time_sec": 4.4540886878967285
    },
    "PA4": {
      "fe_best": 0.048974715655503195,
      "thresholds": [
        1,
        2,
        99,
        248,
        249,
        250,
        251,
        252,
        253,
        254
      ],
      "time_sec": 4.392324209213257
    },
    "PA5": {
      "fe_best": 0.04855989057103556,
      "thresholds": [
        1,
        2,
        3,
        4,
        5,
        6,
        7,
        92,
        253,
        254
      ],
      "time_sec": 8.889674186706543
    }
  }
}