{
  "image_index": 57,
  "image_path": "dataset/BDS500/images/val\\295087.jpg",
  "k": 10,
  "strategies": {
    "PA1": {
      "fe_best": 0.04880565989628533,
      "thresholds": [
        1,
        2,
        4,
        20,
        249,
        250,
        251,
        252,
        253,
        254
      ],
      "time_sec": 4.800256967544556
    },
    "PA2": {
      "fe_best": 0.048805100297393725,
      "thresholds": [
        2,
        22,
        247,
        248,
        249,
        250,
        251,
        252,
        253,
        254
      ],
      "time_sec": 4.812824010848999
    },
    "PA3": {
      "fe_best": 0.04880622678506522,
      "thresholds": [
        1,
        3,
        21,
        248,
        249,
        250,
        251,
        252,
        253,
        254
      ],
      "time_sec": 4.764575958251953
    },
    "PA4": {
      "fe_best": 0.04875398734734523,
      "thresholds": [
        6,
        7,
        19,
        248,
        249,
        250,
        251,
        252,
        253,
        254
      ],
      "time_sec": 4.859901666641235
    },
    "PA5": {
      "fe_best": 0.048809387324712225,
      "thresholds": [
        1,
        2,
        3,
        4,
        5,
        6,
        7,
        17,
        253,
        254
      ],
      "time_sec": 9.81937026977539
    }
  }
}