{
  "image_index": 51,
  "image_path": "dataset/BDS500/images/val\\253027.jpg",
  "k": 10,
  "strategies": {
    "PA1": {
      "fe_best": 0.04868874539580888,
      "thresholds": [
        1,
        3,
        5,
        6,
        7,
        10,
        63,
        226,
        227,
        242
      ],
      "time_sec": 4.493942022323608
    },
    "PA2": {
      "fe_best": 0.0487232940219561,
      "thresholds": [
        1,
        2,
        3,
        4,
        5,
        67,
        222,
        234,
        251,
        254
      ],
      "time_sec": 4.45009970664978
    },
    "PA3": {
      "fe_best": 0.04874214988142893,
      "thresholds": [
        1,
        4,
        70,
        215,
        219,
        222,
        223,
        226,
        239,
        242
      ],
      "time_sec": 4.6806416511535645
    },
    "PA4": {
      "fe_best": 0.04861218159625127,
      "thresholds": [
        20,
        63,
        219,
        231,
        234,
        246,
        247,
        250,
        251,
        254
      ],
      "time_sec": 4.707924842834473
    },
    "PA5": {
      "fe_best": 0.04868549105418461,
      "thresholds": [
        1,
        3,
        4,
        5,
        8,
        64,
        226,
        227,
        230,
        242
      ],
      "time_sec": 8.987634897232056
    }
  }
}