{
  "image_index": 54,
  "image_path": "dataset/BDS500/images/val\\271035.jpg",
  "k": 10,
  "strategies": {
    "PA1": {
      "fe_best": 0.0485736267329624,
      "thresholds": [
        1,
        2,
        3,
        4,
        5,
        6,
        7,
        8,
        40,
        254
      ],
      "time_sec": 4.9049232006073
    },
    "PA2": {
      "fe_best": 0.04867366969893985,
      "thresholds": [
        2,
        3,
        5,
        6,
        25,
        26,
        46,
        188,
        203,
        232
      ],
      "time_sec": 5.1583476066589355
    },
    "PA3": {
      "fe_best": 0.048406581683021345,
      "thresholds": [
        2,
        3,
        52,
        53,
        60,
        77,
        87,
        222,
        251,
        254
      ],
      "time_sec": 5.105430364608765
    },
    "PA4": {
      "fe_best": 0.0485736267329624,
      "thresholds": [
        1,
        2,
        3,
        4,
        5,
        6,
        7,
        8,
        40,
        254
      ],
      "time_sec": 4.747177362442017
    },
    "PA5": {
      "fe_best": 0.0485736267329624,
      "thresholds": [
        1,
        2,
        3,
        4,
        5,
        6,
        7,
        8,
        40,
        254
      ],
      "time_sec": 9.785102844238281
    }
  }
}