{
  "image_index": 52,
  "image_path": "dataset/BDS500/images/val\\253055.jpg",
  "k": 10,
  "strategies": {
    "PA1": {
      "fe_best": 0.04464772495043777,
      "thresholds": [
        1,
        3,
        8,
        11,
        19,
        21,
        29,
        147,
        247,
        250
      ],
      "time_sec": 4.346363306045532
    },
    "PA2": {
      "fe_best": 0.044532403498698026,
      "thresholds": [
        2,
        5,
        9,
        20,
        23,
        28,
        29,
        147,
        243,
        246
      ],
      "time_sec": 4.375798225402832
    },
    "PA3": {
      "fe_best": 0.045518812571555683,
      "thresholds": [
        1,
        12,
        16,
        165,
        219,
        224,
        227,
        250,
        251,
        254
      ],
      "time_sec": 4.457431793212891
    },
    "PA4": {
      "fe_best": 0.045380367317111474,
      "thresholds": [
        9,
        36,
        156,
        214,
        227,
        238,
        243,
        250,
        251,
        254
      ],
      "time_sec": 4.440226078033447
    },
    "PA5": {
      "fe_best": 0.046090866608052464,
      "thresholds": [
        1,
        2,
        3,
        4,
        5,
        43,
        247,
        250,
        251,
        254
      ],
      "time_sec": 9.08120584487915
    }
  }
}