{
  "image_index": 55,
  "image_path": "dataset/BDS500/images/val\\285079.jpg",
  "k": 10,
  "strategies": {
    "PA1": {
      "fe_best": 0.05026124232611004,
      "thresholds": [
        1,
        5,
        7,
        9,
        43,
        246,
        247,
        250,
        251,
        254
      ],
      "time_sec": 4.821819543838501
    },
    "PA2": {
      "fe_best": 0.04995307893540328,
      "thresholds": [
        1,
        2,
        3,
        4,
        5,
        6,
        7,
        8,
        9,
        41
      ],
      "time_sec": 4.7936341762542725
    },
    "PA3": {
      "fe_best": 0.05033299796329692,
      "thresholds": [
        1,
        2,
        3,
        5,
        48,
        246,
        247,
        250,
        251,
        254
      ],
      "time_sec": 4.8915627002716064
    },
    "PA4": {
      "fe_best": 0.05026100092559024,
      "thresholds": [
        1,
        2,
        6,
        45,
        245,
        246,
        247,
        250,
        251,
        254
      ],
      "time_sec": 4.667005300521851
    },
    "PA5": {
      "fe_best": 0.050321798795209635,
      "thresholds": [
        1,
        2,
        3,
        6,
        7,
        8,
        9,
        41,
        251,
        254
      ],
      "time_sec": 9.15775465965271
    }
  }
}