{
  "image_index": 69,
  "image_path": "dataset/BDS500/images/val\\361010.jpg",
  "k": 10,
  "strategies": {
    "PA1": {
      "fe_best": 0.050342187684919756,
      "thresholds": [
        1,
        2,
        3,
        4,
        5,
        8,
        9,
        12,
        21,
        250
      ],
      "time_sec": 4.7540178298950195
    },
    "PA2": {
      "fe_best": 0.05038532185507282,
      "thresholds": [
        2,
        4,
        7,
        8,
        11,
        12,
        19,
        252,
        253,
        254
      ],
      "time_sec": 4.560494899749756
    },
    "PA3": {
      "fe_best": 0.05049257477156152,
      "thresholds": [
        1,
        2,
        3,
        4,
        7,
        8,
        11,
        20,
        251,
        252
      ],
      "time_sec": 4.730556011199951
    },
    "PA4": {
      "fe_best": 0.050555902191957006,
      "thresholds": [
        1,
        2,
        5,
        8,
        9,
        12,
        13,
        20,
        251,
        252
      ],
      "time_sec": 4.802060604095459
    },
    "PA5": {
      "fe_best": 0.050666868312136036,
      "thresholds": [
        1,
        4,
        5,
        8,
        9,
        12,
        17,
        250,
        251,
        254
      ],
      "time_sec": 9.585297346115112
    }
  }
}