{
  "image_index": 66,
  "image_path": "dataset/BDS500/images/val\\3096.jpg",
  "k": 10,
  "strategies": {
    "PA1": {
      "fe_best": 0.053467804729642285,
      "thresholds": [
        2,
        3,
        4,
        7,
        8,
        11,
        12,
        60,
        253,
        254
      ],
      "time_sec": 4.754369735717773
    },
    "PA2": {
      "fe_best": 0.05405191426382399,
      "thresholds": [
        1,
        2,
        3,
        4,
        5,
        8,
        183,
        252,
        253,
        254
      ],
      "time_sec": 4.5973801612854
    },
    "PA3": {
      "fe_best": 0.054032577873534875,
      "thresholds": [
        1,
        2,
        3,
        4,
        5,
        8,
        9,
        10,
        181,
        254
      ],
      "time_sec": 4.593851566314697
    },
    "PA4": {
      "fe_best": 0.05399584570729888,
      "thresholds": [
        1,
        2,
        3,
        4,
        5,
        6,
        7,
        10,
        11,
        180
      ],
      "time_sec": 4.623899459838867
    },
    "PA5": {
      "fe_best": 0.05410144225319753,
      "thresholds": [
        1,
        2,
        3,
        4,
        5,
        6,
        185,
        252,
        253,
        254
      ],
      "time_sec": 9.625797510147095
    }
  }
}