{
  "image_index": 65,
  "image_path": "dataset/BDS500/images/val\\306005.jpg",
  "k": 10,
  "strategies": {
    "PA1": {
      "fe_best": 0.04956060086693895,
      "thresholds": [
        30,
        39,
        42,
        43,
        54,
        71,
        86,
        131,
        186,
        203
      ],
      "time_sec": 4.740758895874023
    },
    "PA2": {
      "fe_best": 0.04935395253935187,
      "thresholds": [
        31,
        32,
        35,
        52,
        71,
        88,
        111,
        147,
        148,
        204
      ],
      "time_sec": 4.741830587387085
    },
    "PA3": {
      "fe_best": 0.04938319528405754,
      "thresholds": [
        29,
        48,
        51,
        52,
        136,
        202,
        211,
        242,
        251,
        254
      ],
      "time_sec": 4.804239273071289
    },
    "PA4": {
      "fe_best": 0.04955640748857946,
      "thresholds": [
        31,
        32,
        55,
        56,
        59,
        76,
        91,
        172,
        251,
        252
      ],
      "time_sec": 4.7947282791137695
    },
    "PA5": {
      "fe_best": 0.04972147925193318,
      "thresholds": [
        31,
        32,
        35,
        36,
        43,
        56,
        59,
        152,
        175,
        252
      ],
      "time_sec": 9.817426204681396
    }
  }
}