{
  "image_index": 64,
  "image_path": "dataset/BDS500/images/val\\304074.jpg",
  "k": 10,
  "strategies": {
    "PA1": {
      "fe_best": 0.04758723351639442,
      "thresholds": [
        1,
        2,
        43,
        246,
        247,
        248,
        249,
        250,
        253,
        254
      ],
      "time_sec": 4.634983062744141
    },
    "PA2": {
      "fe_best": 0.049258966385396216,
      "thresholds": [
        209,
        213,
        220,
        221,
        225,
        246,
        249,
        250,
        251,
        254
      ],
      "time_sec": 4.643760919570923
    },
    "PA3": {
      "fe_best": 0.04759593718125692,
      "thresholds": [
        1,
        44,
        245,
        246,
        247,
        248,
        249,
        250,
        251,
        254
      ],
      "time_sec": 4.624947786331177
    },
    "PA4": {
      "fe_best": 0.04764249889439459,
      "thresholds": [
        1,
        2,
        3,
        4,
        5,
        40,
        249,
        250,
        251,
        254
      ],
      "time_sec": 4.662346601486206
    },
    "PA5": {
      "fe_best": 0.04763390479100296,
      "thresholds": [
        1,
        2,
        3,
        4,
        5,
        6,
        7,
        8,
        35,
        254
      ],
      "time_sec": 10.030231237411499
    }
  }
}