{
  "image_index": 75,
  "image_path": "dataset/BDS500/images/val\\41033.jpg",
  "k": 10,
  "strategies": {
    "PA1": {
      "fe_best": 0.04914010079603363,
      "thresholds": [
        2,
        3,
        4,
        5,
        6,
        7,
        9,
        34,
        37,
        38
      ],
      "time_sec": 4.857543706893921
    },
    "PA2": {
      "fe_best": 0.049168191113416485,
      "thresholds": [
        1,
        2,
        3,
        4,
        5,
        8,
        23,
        24,
        27,
        40
      ],
      "time_sec": 4.812270402908325
    },
    "PA3": {
      "fe_best": 0.049493664903304514,
      "thresholds": [
        1,
        4,
        6,
        9,
        14,
        19,
        30,
        31,
        34,
        35
      ],
      "time_sec": 4.952137470245361
    },
    "PA4": {
      "fe_best": 0.04920431889276135,
      "thresholds": [
        1,
        2,
        4,
        5,
        6,
        14,
        15,
        34,
        35,
        38
      ],
      "time_sec": 4.799616098403931
    },
    "PA5": {
      "fe_best": 0.0496473422164231,
      "thresholds": [
        1,
        2,
        3,
        10,
        15,
        30,
        31,
        34,
        35,
        38
      ],
      "time_sec": 9.603590726852417
    }
  }
}