{
  "image_index": 78,
  "image_path": "dataset/BDS500/images/val\\42049.jpg",
  "k": 10,
  "strategies": {
    "PA1": {
      "fe_best": 0.05783280933829932,
      "thresholds": [
        1,
        2,
        3,
        4,
        5,
        6,
        7,
        8,
        9,
        10
      ],
      "time_sec": 4.828756809234619
    },
    "PA2": {
      "fe_best": 0.05783280933829932,
      "thresholds": [
        1,
        2,
        3,
        4,
        5,
        6,
        7,
        8,
        9,
        10
      ],
      "time_sec": 4.861409664154053
    },
    "PA3": {
      "fe_best": 0.05783280933829932,
      "thresholds": [
        1,
        2,
        3,
        4,
        5,
        6,
        7,
        8,
        9,
        10
      ],
      "time_sec": 5.068634986877441
    },
    "PA4": {
      "fe_best": 0.05783280933829932,
      "thresholds": [
        1,
        2,
        3,
        4,
        5,
        6,
        7,
        8,
        9,
        10
      ],
      "time_sec": 4.951524019241333
    },
    "PA5": {
      "fe_best": 0.05783280933829932,
      "thresholds": [
        1,
        2,
        3,
        4,
        5,
        6,
        7,
        8,
        9,
        10
      ],
      "time_sec": 9.499993801116943
    }
  }
}