{
  "image_index": 79,
  "image_path": "dataset/BDS500/images/val\\43074.jpg",
  "k": 10,
  "strategies": {
    "PA1": {
      "fe_best": 0.04914087761501541,
      "thresholds": [
        1,
        2,
        3,
        6,
        10,
        27,
        250,
        251,
        252,
        254
      ],
      "time_sec": 4.835682153701782
    },
    "PA2": {
      "fe_best": 0.05252882411699835,
      "thresholds": [
        245,
        246,
        247,
        248,
        249,
        250,
        251,
        252,
        253,
        254
      ],
      "time_sec": 4.899551153182983
    },
    "PA3": {
      "fe_best": 0.04914316394773292,
      "thresholds": [
        1,
        2,
        3,
        5,
        8,
        9,
        28,
        249,
        250,
        254
      ],
      "time_sec": 4.828598976135254
    },
    "PA4": {
      "fe_best": 0.04914040559245993,
      "thresholds": [
        1,
        2,
        3,
        7,
        10,
        27,
        250,
        251,
        253,
        254
      ],
      "time_sec": 4.881199836730957
    },
    "PA5": {
      "fe_best": 0.04914116974182663,
      "thresholds": [
        1,
        2,
        3,
        4,
        8,
        9,
        28,
        249,
        252,
        254
      ],
      "time_sec": 9.785658836364746
    }
  }
}