{
  "image_index": 71,
  "image_path": "dataset/BDS500/images/val\\376043.jpg",
  "k": 10,
  "strategies": {
    "PA1": {
      "fe_best": 0.04671520238880354,
      "thresholds": [
        1,
        2,
        3,
        4,
        6,
        7,
        9,
        10,
        11,
        174
      ],
      "time_sec": 6.414866924285889
    },
    "PA2": {
      "fe_best": 0.046718951522883294,
      "thresholds": [
        1,
        2,
        3,
        4,
        5,
        6,
        9,
        10,
        11,
        174
      ],
      "time_sec": 4.943594694137573
    },
    "PA3": {
      "fe_best": 0.04664943377759233,
      "thresholds": [
        6,
        56,
        91,
        96,
        111,
        112,
        115,
        116,
        119,
        232
      ],
      "time_sec": 4.884912967681885
    },
    "PA4": {
      "fe_best": 0.046723440789018425,
      "thresholds": [
        1,
        2,
        3,
        4,
        5,
        6,
        7,
        10,
        11,
        174
      ],
      "time_sec": 4.74067759513855
    },
    "PA5": {
      "fe_best": 0.04673534939781222,
      "thresholds": [
        1,
        2,
        3,
        4,
        5,
        56,
        249,
        250,
        253,
        254
      ],
      "time_sec": 9.229780197143555
    }
  }
}