{
  "image_index": 88,
  "image_path": "dataset/BDS500/images/val\\69020.jpg",
  "k": 10,
  "strategies": {
    "PA1": {
      "fe_best": 0.049105110979883106,
      "thresholds": [
        1,
        2,
        5,
        6,
        9,
        10,
        17,
        18,
        121,
        254
      ],
      "time_sec": 4.796938180923462
    },
    "PA2": {
      "fe_best": 0.04914209410732304,
      "thresholds": [
        1,
        2,
        4,
        5,
        8,
        9,
        12,
        13,
        15,
        122
      ],
      "time_sec": 4.619833707809448
    },
    "PA3": {
      "fe_best": 0.04916484189422367,
      "thresholds": [
        1,
        2,
        5,
        6,
        9,
        10,
        125,
        252,
        253,
        254
      ],
      "time_sec": 4.794851541519165
    },
    "PA4": {
      "fe_best": 0.04911105812980501,
      "thresholds": [
        1,
        4,
        7,
        8,
        11,
        12,
        14,
        123,
        253,
        254
      ],
      "time_sec": 4.703870534896851
    },
    "PA5": {
      "fe_best": 0.04917804919758406,
      "thresholds": [
        2,
        3,
        6,
        7,
        10,
        11,
        14,
        123,
        253,
        254
      ],
      "time_sec": 9.488137245178223
    }
  }
}