{
  "image_index": 89,
  "image_path": "dataset/BDS500/images/val\\69040.jpg",
  "k": 10,
  "strategies": {
    "PA1": {
      "fe_best": 0.04750565553549331,
      "thresholds": [
        1,
        4,
        7,
        8,
        11,
        12,
        79,
        252,
        253,
        254
      ],
      "time_sec": 4.763078451156616
    },
    "PA2": {
      "fe_best": 0.04740722562000854,
      "thresholds": [
        1,
        2,
        4,
        5,
        7,
        8,
        11,
        12,
        76,
        254
      ],
      "time_sec": 4.86078953742981
    },
    "PA3": {
      "fe_best": 0.047337710298316835,
      "thresholds": [
        1,
        2,
        3,
        4,
        11,
        12,
        15,
        76,
        253,
        254
      ],
      "time_sec": 4.732488632202148
    },
    "PA4": {
      "fe_best": 0.04743326434896317,
      "thresholds": [
        1,
        2,
        3,
        6,
        7,
        82,
        251,
        252,
        253,
        254
      ],
      "time_sec": 5.118107557296753
    },
    "PA5": {
      "fe_best": 0.04753581221190665,
      "thresholds": [
        1,
        2,
        3,
        6,
        7,
        10,
        11,
        14,
        75,
        254
      ],
      "time_sec": 9.643995761871338
    }
  }
}