{
  "image_index": 97,
  "image_path": "dataset/BDS500/images/val\\87046.jpg",
  "k": 10,
  "strategies": {
    "PA1": {
      "fe_best": 0.046404097995128235,
      "thresholds": [
        1,
        2,
        4,
        7,
        9,
        17,
        19,
        24,
        151,
        236
      ],
      "time_sec": 4.748559474945068
    },
    "PA2": {
      "fe_best": 0.04614801058159269,
      "thresholds": [
        19,
        33,
        226,
        229,
        234,
        237,
        247,
        250,
        251,
        254
      ],
      "time_sec": 4.9974377155303955
    },
    "PA3": {
      "fe_best": 0.04658547864332446,
      "thresholds": [
        1,
        4,
        7,
        16,
        25,
        148,
        243,
        244,
        247,
        252
      ],
      "time_sec": 4.7715208530426025
    },
    "PA4": {
      "fe_best": 0.04652431474896833,
      "thresholds": [
        1,
        3,
        6,
        13,
        33,
        146,
        235,
        250,
        251,
        254
      ],
      "time_sec": 4.785882949829102
    },
    "PA5": {
      "fe_best": 0.04641918006017452,
      "thresholds": [
        1,
        2,
        3,
        4,
        7,
        11,
        21,
        22,
        151,
        238
      ],
      "time_sec": 9.767524003982544
    }
  }
}