{
  "image_index": 96,
  "image_path": "dataset/BDS500/images/val\\86068.jpg",
  "k": 10,
  "strategies": {
    "PA1": {
      "fe_best": 0.049538531547591094,
      "thresholds": [
        1,
        2,
        3,
        4,
        5,
        6,
        7,
        71,
        253,
        254
      ],
      "time_sec": 4.734991550445557
    },
    "PA2": {
      "fe_best": 0.04953516884673789,
      "thresholds": [
        1,
        2,
        3,
        4,
        5,
        6,
        7,
        8,
        71,
        254
      ],
      "time_sec": 4.782052993774414
    },
    "PA3": {
      "fe_best": 0.049538531547591094,
      "thresholds": [
        1,
        2,
        3,
        4,
        5,
        6,
        7,
        71,
        253,
        254
      ],
      "time_sec": 4.779032945632935
    },
    "PA4": {
      "fe_best": 0.04954281135894506,
      "thresholds": [
        1,
        2,
        3,
        4,
        5,
        6,
        73,
        252,
        253,
        254
      ],
      "time_sec": 4.683472394943237
    },
    "PA5": {
      "fe_best": 0.04954683858512629,
      "thresholds": [
        1,
        2,
        3,
        4,
        5,
        73,
        251,
        252,
        253,
        254
      ],
      "time_sec": 9.485911130905151
    }
  }
}