{
  "image_index": 90,
  "image_path": "dataset/BDS500/images/val\\76053.jpg",
  "k": 10,
  "strategies": {
    "PA1": {
      "fe_best": 0.047559962910428036,
      "thresholds": [
        1,
        2,
        4,
        5,
        6,
        7,
        8,
        9,
        51,
        254
      ],
      "time_sec": 4.701465606689453
    },
    "PA2": {
      "fe_best": 0.04749860159322539,
      "thresholds": [
        1,
        2,
        4,
        58,
        249,
        250,
        251,
        252,
        253,
        254
      ],
      "time_sec": 4.797919511795044
    },
    "PA3": {
      "fe_best": 0.047559962910428036,
      "thresholds": [
        1,
        2,
        4,
        5,
        6,
        7,
        8,
        9,
        51,
        254
      ],
      "time_sec": 4.689420700073242
    },
    "PA4": {
      "fe_best": 0.047559962910428036,
      "thresholds": [
        1,
        2,
        3,
        4,
        6,
        7,
        8,
        9,
        51,
        254
      ],
      "time_sec": 4.659574508666992
    },
    "PA5": {
      "fe_best": 0.047559962910428036,
      "thresholds": [
        1,
        3,
        4,
        5,
        6,
        7,
        8,
        9,
        51,
        254
      ],
      "time_sec": 9.615271806716919
    }
  }
}