{
  "algorithm": "HYBRID-PA5",
  "thresholds": [
    42,
    65,
    85,
    105,
    125,
    145,
    165,
    185,
    206,
    227
  ],
  "best_f": -36.42768721648708,
  "entropy": 36.42768721648708,
  "time": 5.0040223598480225,
  "metrics": {
    "psnr": 32.55085763711573,
    "ssim": 0.8646879075075319,
    "dice": 0.157330323126852
  }
}