{
  "algorithm": "HYBRID-PA6",
  "thresholds": [
    16,
    29,
    50,
    73,
    96,
    119,
    143,
    166,
    190,
    214
  ],
  "best_f": -36.77420253640361,
  "entropy": 36.77420253640361,
  "time": 13.926449537277222,
  "metrics": {
    "psnr": 32.72002353908215,
    "ssim": 0.9472687473639976,
    "boundary_dsc": 0.19294169438466052
  }
}