{
  "image_name": "uploaded",
  "timestamp": "2026-04-18T14:57:28.732712",
  "total_time": 16.656137704849243,
  "best_overall_algo": "WOA",
  "best_overall_f": -28.627230924543017,
  "best_overall_entropy": 28.627230924543017,
  "results": {
    "GWO": {
      "entropy": 28.57550348881987,
      "time": 1.853865146636963,
      "metrics": {
        "psnr": 30.473211749012904,
        "ssim": 0.8347543683033832,
        "dice": 0.24202290317818503
      }
    },
    "WOA": {
      "entropy": 28.627230924543017,
      "time": 1.7987325191497803,
      "metrics": {
        "psnr": 30.09002650476528,
        "ssim": 0.8269940048232152,
        "dice": 0.23436856413213608
      }
    },
    "PSO": {
      "entropy": 28.626374275942357,
      "time": 3.489762783050537,
      "metrics": {
        "psnr": 29.716029808407647,
        "ssim": 0.8191761225094852,
        "dice": 0.22884933774834437
      }
    },
    "OTSU": {
      "entropy": 28.608239469064465,
      "time": 0.0,
      "metrics": {
        "psnr": 30.16676426868954,
        "ssim": 0.826375186381163,
        "dice": 0.23668043528400395
      }
    },
    "HYBRID-PA5": {
      "entropy": 28.6180038079427,
      "time": 3.715272903442383,
      "metrics": {
        "psnr": 29.055478311750633,
        "ssim": 0.815627488221228,
        "dice": 0.2432262129804663
      }
    },
    "HYBRID-PA6": {
      "entropy": 28.565828573114448,
      "time": 2.125188112258911,
      "metrics": {
        "psnr": 28.71147648393997,
        "ssim": 0.8125048688297765,
        "dice": 0.25239005736137665
      }
    }
  }
}