{
  "image_name": "uploaded",
  "timestamp": "2026-04-24T16:30:48.005917",
  "total_time": 107.62992811203003,
  "best_overall_algo": "HYBRID-PA5",
  "best_overall_f": -37.06750931121543,
  "best_overall_entropy": 37.06750931121543,
  "results": {
    "GWO": {
      "entropy": 36.67587453842169,
      "time": 15.407698631286621,
      "metrics": {
        "psnr": 30.458920169223372,
        "ssim": 0.9088331977293446,
        "boundary_dsc": 0.1952601926181847
      }
    },
    "WOA": {
      "entropy": 36.96224807773015,
      "time": 14.694905519485474,
      "metrics": {
        "psnr": 32.12172741856797,
        "ssim": 0.9245631358942067,
        "boundary_dsc": 0.19664615487331277
      }
    },
    "PSO": {
      "entropy": 36.938970965710595,
      "time": 28.628949642181396,
      "metrics": {
        "psnr": 31.280768620157442,
        "ssim": 0.9166752443834238,
        "boundary_dsc": 0.19583626987056862
      }
    },
    "OTSU": {
      "entropy": 36.69964574697238,
      "time": 0.42482542991638184,
      "metrics": {
        "psnr": 32.57444607446795,
        "ssim": 0.9312774574898126,
        "boundary_dsc": 0.19708554167542627
      }
    },
    "HYBRID-PA5": {
      "entropy": 37.06750931121543,
      "time": 29.909647703170776,
      "metrics": {
        "psnr": 31.633122994569156,
        "ssim": 0.9150847379166585,
        "boundary_dsc": 0.19535277286037164
      }
    },
    "HYBRID-PA6": {
      "entropy": 36.734852090990856,
      "time": 14.82634425163269,
      "metrics": {
        "psnr": 30.79783287695163,
        "ssim": 0.9133465599967816,
        "boundary_dsc": 0.1977512699046858
      }
    }
  }
}