{
  "image_name": "uploaded",
  "timestamp": "2026-04-22T20:52:29.440165",
  "total_time": 113.36701774597168,
  "best_overall_algo": "WOA",
  "best_overall_f": -36.28804997688884,
  "best_overall_entropy": 36.28804997688884,
  "results": {
    "GWO": {
      "entropy": 36.00820109120606,
      "time": 15.783431053161621,
      "metrics": {
        "psnr": 33.709082471803285,
        "ssim": 0.863012318782031,
        "boundary_dsc": 0.16588500608697387
      }
    },
    "WOA": {
      "entropy": 36.28804997688884,
      "time": 14.897892951965332,
      "metrics": {
        "psnr": 32.66773026962828,
        "ssim": 0.8400234579058351,
        "boundary_dsc": 0.16512051510145295
      }
    },
    "PSO": {
      "entropy": 36.150229656506745,
      "time": 30.81137442588806,
      "metrics": {
        "psnr": 32.91885788218697,
        "ssim": 0.8496776747726098,
        "boundary_dsc": 0.16269395565539332
      }
    },
    "OTSU": {
      "entropy": 34.825357797432524,
      "time": 0.5074672698974609,
      "metrics": {
        "psnr": 35.370713509564176,
        "ssim": 0.9077302763689472,
        "boundary_dsc": 0.1551767836776074
      }
    },
    "HYBRID-PA5": {
      "entropy": 36.26522087663161,
      "time": 32.000200033187866,
      "metrics": {
        "psnr": 32.84122869020979,
        "ssim": 0.8448020127812622,
        "boundary_dsc": 0.16540542781912798
      }
    },
    "HYBRID-PA6": {
      "entropy": 36.19746845991249,
      "time": 15.461584329605103,
      "metrics": {
        "psnr": 31.93808266829042,
        "ssim": 0.827476484814955,
        "boundary_dsc": 0.16885871871022487
      }
    }
  }
}