{
  "algorithm": "HYBRID-PA5",
  "thresholds": [
    25,
    46,
    67,
    90,
    112,
    136,
    159,
    183,
    206,
    229
  ],
  "best_f": -37.20600751802509,
  "entropy": 37.20600751802509,
  "time": 4.132425546646118,
  "metrics": {
    "psnr": 32.035246341344155,
    "ssim": 0.9388160204507071,
    "dice": 0.253515004597509
  }
}