{
  "algorithm": "HYBRID-PA5",
  "thresholds": [
    30,
    60,
    82,
    102,
    122,
    142,
    164,
    187,
    209,
    231
  ],
  "best_f": -37.27019780398062,
  "entropy": 37.27019780398062,
  "time": 5.260719299316406,
  "metrics": {
    "psnr": 32.392122269245945,
    "ssim": 0.8696916935248978,
    "dice": 0.19426979868520755
  }
}