{
  "image_index": 1,
  "image_path": "dataset/BDS500/images/val\\101087.jpg",
  "k": 10,
  "strategies": {
    "PA1": {
      "fe_best": 0.0352166184380259,
      "thresholds": [
        1,
        2,
        4,
        9,
        14,
        19,
        30,
        71,
        234,
        246
      ],
      "time_sec": 2.863569498062134,
      "stability_jitter": {
        "fe_mean": 0.03513979252658408,
        "fe_std": 3.942398016147483e-05,
        "fe_min": 0.03508071715519408,
        "fe_max": 0.0352166184380259,
        "fe_original": 0.0352166184380259
      },
      "stability_convergence": {
        "fe_last_mean": 0.035216618438025905,
        "fe_last_std": 6.938893903907228e-18,
        "fe_improvement": 0.0005438077569130673,
        "fe_first": 0.03467281068111283,
        "fe_last": 0.0352166184380259
      }
    },
    "PA2": {
      "fe_best": 0.03538572313469361,
      "thresholds": [
        1,
        11,
        100,
        187,
        200,
        235,
        243,
        250,
        251,
        254
      ],
      "time_sec": 2.7557756900787354,
      "stability_jitter": {
        "fe_mean": 0.03457545181389567,
        "fe_std": 0.0004348071193187773,
        "fe_min": 0.033729925806674735,
        "fe_max": 0.03538572313469361,
        "fe_original": 0.03538572313469361
      },
      "stability_convergence": {
        "fe_last_mean": 0.03538572313469361,
        "fe_last_std": 0.0,
        "fe_improvement": 0.0006457759860298007,
        "fe_first": 0.03473994714866381,
        "fe_last": 0.03538572313469361
      }
    },
    "PA3": {
      "fe_best": 0.035235430040572044,
      "thresholds": [
        7,
        20,
        112,
        155,
        160,
        188,
        209,
        240,
        251,
        252
      ],
      "time_sec": 3.3370747566223145,
      "stability_jitter": {
        "fe_mean": 0.034355063789069065,
        "fe_std": 0.0005322597469504219,
        "fe_min": 0.03340608863617295,
        "fe_max": 0.035235430040572044,
        "fe_original": 0.035235430040572044
      },
      "stability_convergence": {
        "fe_last_mean": 0.035203458877022586,
        "fe_last_std": 1.662107216039408e-05,
        "fe_improvement": 0.0005626193594592127,
        "fe_first": 0.03467281068111283,
        "fe_last": 0.035235430040572044
      }
    },
    "PA4": {
      "fe_best": 0.03544258021827819,
      "thresholds": [
        17,
        25,
        175,
        231,
        234,
        237,
        239,
        250,
        251,
        254
      ],
      "time_sec": 4.978684902191162,
      "stability_jitter": {
        "fe_mean": 0.03467685914863855,
        "fe_std": 0.00043823781481494,
        "fe_min": 0.03378215073926111,
        "fe_max": 0.03544258021827819,
        "fe_original": 0.03544258021827819
      },
      "stability_convergence": {
        "fe_last_mean": 0.03538566448661671,
        "fe_last_std": 5.692202848707415e-05,
        "fe_improvement": 0.0007026330696143779,
        "fe_first": 0.03473994714866381,
        "fe_last": 0.03544258021827819
      }
    },
    "PA5": {
      "fe_best": 0.035591691938962285,
      "thresholds": [
        1,
        2,
        4,
        5,
        16,
        77,
        235,
        250,
        251,
        254
      ],
      "time_sec": 7.437434196472168,
      "stability_jitter": {
        "fe_mean": 0.034830506350783934,
        "fe_std": 0.0004319683964928392,
        "fe_min": 0.033898896072906234,
        "fe_max": 0.035591691938962285,
        "fe_original": 0.035591691938962285
      },
      "stability_convergence": {
        "fe_last_mean": 0.035588263934002086,
        "fe_last_std": 3.120719979278702e-06,
        "fe_improvement": 0.0009188812578494535,
        "fe_first": 0.03467281068111283,
        "fe_last": 0.035591691938962285
      }
    }
  }
}