{
  "image_index": 10,
  "image_path": "dataset/BDS500/images/val\\119082.jpg",
  "k": 10,
  "strategies": {
    "PA1": {
      "fe_best": 0.04849674548499785,
      "thresholds": [
        64,
        75,
        76,
        83,
        88,
        107,
        116,
        123,
        206,
        252
      ],
      "time_sec": 4.35512638092041,
      "stability_jitter": {
        "fe_mean": 0.0480702017579454,
        "fe_std": 0.00015461219898392896,
        "fe_min": 0.04777378693982938,
        "fe_max": 0.04849674548499785,
        "fe_original": 0.04849674548499785
      },
      "stability_convergence": {
        "fe_last_mean": 0.048494359429757355,
        "fe_last_std": 1.1930276202443136e-06,
        "fe_improvement": 0.0015359683699330343,
        "fe_first": 0.046960777115064814,
        "fe_last": 0.04849674548499785
      }
    },
    "PA2": {
      "fe_best": 0.049035626806191765,
      "thresholds": [
        1,
        168,
        245,
        246,
        249,
        250,
        251,
        252,
        253,
        254
      ],
      "time_sec": 4.505744457244873,
      "stability_jitter": {
        "fe_mean": 0.04877216625338697,
        "fe_std": 0.00016824689635524604,
        "fe_min": 0.04853808880911776,
        "fe_max": 0.049035626806191765,
        "fe_original": 0.049035626806191765
      },
      "stability_convergence": {
        "fe_last_mean": 0.049035626806191765,
        "fe_last_std": 0.0,
        "fe_improvement": 0.0013064596053817545,
        "fe_first": 0.04772916720081001,
        "fe_last": 0.049035626806191765
      }
    },
    "PA3": {
      "fe_best": 0.04902003368121294,
      "thresholds": [
        68,
        73,
        76,
        77,
        80,
        92,
        93,
        96,
        150,
        252
      ],
      "time_sec": 4.33052921295166,
      "stability_jitter": {
        "fe_mean": 0.048469173443473956,
        "fe_std": 0.00023137280646479353,
        "fe_min": 0.047958130261596114,
        "fe_max": 0.04902003368121294,
        "fe_original": 0.04902003368121294
      },
      "stability_convergence": {
        "fe_last_mean": 0.04893274271888829,
        "fe_last_std": 6.564247989869086e-05,
        "fe_improvement": 0.002059256566148124,
        "fe_first": 0.046960777115064814,
        "fe_last": 0.04902003368121294
      }
    },
    "PA4": {
      "fe_best": 0.04966573143576003,
      "thresholds": [
        70,
        71,
        74,
        75,
        78,
        83,
        237,
        250,
        251,
        254
      ],
      "time_sec": 3.713801622390747,
      "stability_jitter": {
        "fe_mean": 0.049025330682664736,
        "fe_std": 0.00031030540022960773,
        "fe_min": 0.04821510738907593,
        "fe_max": 0.04966573143576003,
        "fe_original": 0.04966573143576003
      },
      "stability_convergence": {
        "fe_last_mean": 0.04954608988806454,
        "fe_last_std": 7.449724341701573e-05,
        "fe_improvement": 0.0019365642349500195,
        "fe_first": 0.04772916720081001,
        "fe_last": 0.04966573143576003
      }
    },
    "PA5": {
      "fe_best": 0.049101657812660654,
      "thresholds": [
        1,
        2,
        77,
        162,
        245,
        246,
        249,
        250,
        253,
        254
      ],
      "time_sec": 7.474462032318115,
      "stability_jitter": {
        "fe_mean": 0.04898495204563523,
        "fe_std": 0.00012362284262591543,
        "fe_min": 0.04877024200585893,
        "fe_max": 0.049207701270421705,
        "fe_original": 0.049101657812660654
      },
      "stability_convergence": {
        "fe_last_mean": 0.04910165781266065,
        "fe_last_std": 6.938893903907228e-18,
        "fe_improvement": 0.002059748164811935,
        "fe_first": 0.04704190964784872,
        "fe_last": 0.049101657812660654
      }
    }
  }
}