{
  "image_index": 35,
  "image_path": "dataset/BDS500/images/val\\19021.jpg",
  "k": 10,
  "strategies": {
    "PA1": {
      "fe_best": 0.048414677083218435,
      "thresholds": [
        1,
        2,
        3,
        5,
        9,
        13,
        15,
        18,
        23,
        102
      ],
      "time_sec": 4.768211603164673,
      "stability_jitter": {
        "fe_mean": 0.048329569013248,
        "fe_std": 5.6993625116805163e-05,
        "fe_min": 0.0481829766448928,
        "fe_max": 0.048414677083218435,
        "fe_original": 0.048414677083218435
      },
      "stability_convergence": {
        "fe_last_mean": 0.048414677083218435,
        "fe_last_std": 0.0,
        "fe_improvement": 0.0015606941926729137,
        "fe_first": 0.04685398289054552,
        "fe_last": 0.048414677083218435
      }
    },
    "PA2": {
      "fe_best": 0.04883394111703789,
      "thresholds": [
        22,
        221,
        222,
        234,
        241,
        242,
        245,
        246,
        249,
        250
      ],
      "time_sec": 4.805828809738159,
      "stability_jitter": {
        "fe_mean": 0.04863983449533305,
        "fe_std": 7.440184197905432e-05,
        "fe_min": 0.04853612955790974,
        "fe_max": 0.04883394111703789,
        "fe_original": 0.04883394111703789
      },
      "stability_convergence": {
        "fe_last_mean": 0.048833941117037885,
        "fe_last_std": 6.938893903907228e-18,
        "fe_improvement": 0.0019799582264923704,
        "fe_first": 0.04685398289054552,
        "fe_last": 0.04883394111703789
      }
    },
    "PA3": {
      "fe_best": 0.04881089916794329,
      "thresholds": [
        1,
        3,
        4,
        5,
        7,
        8,
        9,
        240,
        251,
        252
      ],
      "time_sec": 4.855932235717773,
      "stability_jitter": {
        "fe_mean": 0.048612602783174176,
        "fe_std": 0.00010348663881015446,
        "fe_min": 0.04840132766633087,
        "fe_max": 0.04881089916794329,
        "fe_original": 0.04881089916794329
      },
      "stability_convergence": {
        "fe_last_mean": 0.04881089916794329,
        "fe_last_std": 0.0,
        "fe_improvement": 0.0019569162773977675,
        "fe_first": 0.04685398289054552,
        "fe_last": 0.04881089916794329
      }
    },
    "PA4": {
      "fe_best": 0.04884032312788385,
      "thresholds": [
        1,
        2,
        3,
        5,
        13,
        231,
        235,
        246,
        251,
        254
      ],
      "time_sec": 4.798288583755493,
      "stability_jitter": {
        "fe_mean": 0.048694582303984074,
        "fe_std": 7.25000195673553e-05,
        "fe_min": 0.04860443355716473,
        "fe_max": 0.04884032312788385,
        "fe_original": 0.04884032312788385
      },
      "stability_convergence": {
        "fe_last_mean": 0.048834122736998165,
        "fe_last_std": 3.1032345704839824e-06,
        "fe_improvement": 0.0019863402373383257,
        "fe_first": 0.04685398289054552,
        "fe_last": 0.04884032312788385
      }
    },
    "PA5": {
      "fe_best": 0.048797168717843314,
      "thresholds": [
        1,
        2,
        3,
        4,
        5,
        6,
        7,
        242,
        247,
        254
      ],
      "time_sec": 9.82037353515625,
      "stability_jitter": {
        "fe_mean": 0.048724794252204356,
        "fe_std": 3.56830478215676e-05,
        "fe_min": 0.0486637396483454,
        "fe_max": 0.048797168717843314,
        "fe_original": 0.048797168717843314
      },
      "stability_convergence": {
        "fe_last_mean": 0.04879716871784332,
        "fe_last_std": 6.938893903907228e-18,
        "fe_improvement": 0.00179273409483377,
        "fe_first": 0.047004434623009544,
        "fe_last": 0.048797168717843314
      }
    }
  }
}