{
  "image_index": 34,
  "image_path": "dataset/BDS500/images/val\\189080.jpg",
  "k": 10,
  "strategies": {
    "PA1": {
      "fe_best": 0.05254642613035712,
      "thresholds": [
        3,
        6,
        7,
        10,
        11,
        14,
        15,
        17,
        54,
        254
      ],
      "time_sec": 5.222378969192505,
      "stability_jitter": {
        "fe_mean": 0.052327080699309046,
        "fe_std": 8.980263605106687e-05,
        "fe_min": 0.052183547083702514,
        "fe_max": 0.05254642613035712,
        "fe_original": 0.05254642613035712
      },
      "stability_convergence": {
        "fe_last_mean": 0.052546426130357114,
        "fe_last_std": 6.938893903907228e-18,
        "fe_improvement": 0.0035578868762968507,
        "fe_first": 0.04898853925406027,
        "fe_last": 0.05254642613035712
      }
    },
    "PA2": {
      "fe_best": 0.052579345862450076,
      "thresholds": [
        1,
        2,
        5,
        6,
        9,
        10,
        13,
        14,
        57,
        254
      ],
      "time_sec": 5.040367841720581,
      "stability_jitter": {
        "fe_mean": 0.052358930803428155,
        "fe_std": 0.00012914999633380976,
        "fe_min": 0.052081071835446656,
        "fe_max": 0.052579345862450076,
        "fe_original": 0.052579345862450076
      },
      "stability_convergence": {
        "fe_last_mean": 0.052579345862450076,
        "fe_last_std": 0.0,
        "fe_improvement": 0.003944557681967678,
        "fe_first": 0.0486347881804824,
        "fe_last": 0.052579345862450076
      }
    },
    "PA3": {
      "fe_best": 0.05255603881792464,
      "thresholds": [
        1,
        3,
        4,
        5,
        8,
        9,
        12,
        13,
        58,
        254
      ],
      "time_sec": 4.94286036491394,
      "stability_jitter": {
        "fe_mean": 0.05234574926196448,
        "fe_std": 0.00012039645467001368,
        "fe_min": 0.052149153722283625,
        "fe_max": 0.05255603881792464,
        "fe_original": 0.05255603881792464
      },
      "stability_convergence": {
        "fe_last_mean": 0.0525409132768071,
        "fe_last_std": 2.0357740234064893e-05,
        "fe_improvement": 0.0035674995638643667,
        "fe_first": 0.04898853925406027,
        "fe_last": 0.05255603881792464
      }
    },
    "PA4": {
      "fe_best": 0.05253586049444835,
      "thresholds": [
        1,
        2,
        3,
        4,
        5,
        8,
        9,
        12,
        59,
        254
      ],
      "time_sec": 4.8401572704315186,
      "stability_jitter": {
        "fe_mean": 0.052360801805597615,
        "fe_std": 9.973377602696772e-05,
        "fe_min": 0.052196347620945785,
        "fe_max": 0.05253586049444835,
        "fe_original": 0.05253586049444835
      },
      "stability_convergence": {
        "fe_last_mean": 0.05253586049444835,
        "fe_last_std": 0.0,
        "fe_improvement": 0.003901072313965949,
        "fe_first": 0.0486347881804824,
        "fe_last": 0.05253586049444835
      }
    },
    "PA5": {
      "fe_best": 0.05256323248707244,
      "thresholds": [
        1,
        2,
        3,
        6,
        7,
        10,
        11,
        14,
        57,
        254
      ],
      "time_sec": 9.39103364944458,
      "stability_jitter": {
        "fe_mean": 0.052374893446450035,
        "fe_std": 9.537145050595782e-05,
        "fe_min": 0.0521763202182248,
        "fe_max": 0.05256323248707244,
        "fe_original": 0.05256323248707244
      },
      "stability_convergence": {
        "fe_last_mean": 0.05255620893468538,
        "fe_last_std": 7.650269591074778e-06,
        "fe_improvement": 0.0012258390668253155,
        "fe_first": 0.051337393420247124,
        "fe_last": 0.05256323248707244
      }
    }
  }
}