{
  "image_index": 40,
  "image_path": "dataset/BDS500/images/val\\21077.jpg",
  "k": 10,
  "strategies": {
    "PA1": {
      "fe_best": 0.048037366680085625,
      "thresholds": [
        1,
        2,
        4,
        6,
        9,
        10,
        37,
        218,
        219,
        222
      ],
      "time_sec": 4.706637382507324,
      "stability_jitter": {
        "fe_mean": 0.0479599225240869,
        "fe_std": 4.0230259277562507e-05,
        "fe_min": 0.047863547962765554,
        "fe_max": 0.048037366680085625,
        "fe_original": 0.048037366680085625
      },
      "stability_convergence": {
        "fe_last_mean": 0.048037366680085625,
        "fe_last_std": 0.0,
        "fe_improvement": 0.0022747855338017264,
        "fe_first": 0.0457625811462839,
        "fe_last": 0.048037366680085625
      }
    },
    "PA2": {
      "fe_best": 0.0480055184104468,
      "thresholds": [
        1,
        2,
        3,
        6,
        9,
        10,
        40,
        215,
        216,
        223
      ],
      "time_sec": 4.675728797912598,
      "stability_jitter": {
        "fe_mean": 0.047943061810743315,
        "fe_std": 3.317133261847221e-05,
        "fe_min": 0.04786800904691793,
        "fe_max": 0.0480055184104468,
        "fe_original": 0.0480055184104468
      },
      "stability_convergence": {
        "fe_last_mean": 0.047951064538985524,
        "fe_last_std": 5.0855049696375406e-05,
        "fe_improvement": 0.0021133075144773444,
        "fe_first": 0.045892210895969454,
        "fe_last": 0.0480055184104468
      }
    },
    "PA3": {
      "fe_best": 0.04778284107952077,
      "thresholds": [
        1,
        2,
        12,
        21,
        28,
        225,
        226,
        246,
        247,
        250
      ],
      "time_sec": 5.9979777336120605,
      "stability_jitter": {
        "fe_mean": 0.04694289470372727,
        "fe_std": 0.00045090602805165203,
        "fe_min": 0.04610373249823374,
        "fe_max": 0.04778284107952077,
        "fe_original": 0.04778284107952077
      },
      "stability_convergence": {
        "fe_last_mean": 0.04763736224852172,
        "fe_last_std": 0.00010839965412111973,
        "fe_improvement": 0.002020259933236873,
        "fe_first": 0.0457625811462839,
        "fe_last": 0.04778284107952077
      }
    },
    "PA4": {
      "fe_best": 0.04799362678126716,
      "thresholds": [
        1,
        2,
        3,
        4,
        6,
        7,
        13,
        33,
        224,
        225
      ],
      "time_sec": 5.093100309371948,
      "stability_jitter": {
        "fe_mean": 0.047953485360443096,
        "fe_std": 3.619235342675155e-05,
        "fe_min": 0.04787170047452869,
        "fe_max": 0.04802838979763214,
        "fe_original": 0.04799362678126716
      },
      "stability_convergence": {
        "fe_last_mean": 0.04799362678126716,
        "fe_last_std": 0.0,
        "fe_improvement": 0.0021014158852977055,
        "fe_first": 0.045892210895969454,
        "fe_last": 0.04799362678126716
      }
    },
    "PA5": {
      "fe_best": 0.04802307240596906,
      "thresholds": [
        1,
        2,
        4,
        6,
        8,
        10,
        11,
        36,
        223,
        224
      ],
      "time_sec": 9.040573835372925,
      "stability_jitter": {
        "fe_mean": 0.04796839942090588,
        "fe_std": 3.598478758271524e-05,
        "fe_min": 0.04788769797708834,
        "fe_max": 0.04803217233247965,
        "fe_original": 0.04802307240596906
      },
      "stability_convergence": {
        "fe_last_mean": 0.04801754116009524,
        "fe_last_std": 6.914283311176208e-06,
        "fe_improvement": 0.0013970287749427504,
        "fe_first": 0.04662604363102631,
        "fe_last": 0.04802307240596906
      }
    }
  }
}