{
  "image_index": 51,
  "image_path": "dataset/BDS500/images/val\\253027.jpg",
  "k": 10,
  "strategies": {
    "PA1": {
      "fe_best": 0.04868874539580888,
      "thresholds": [
        1,
        3,
        5,
        6,
        7,
        10,
        63,
        226,
        227,
        242
      ],
      "time_sec": 4.781708002090454,
      "stability_jitter": {
        "fe_mean": 0.04863279753255851,
        "fe_std": 2.2489761509130684e-05,
        "fe_min": 0.048590078070744835,
        "fe_max": 0.04868874539580888,
        "fe_original": 0.04868874539580888
      },
      "stability_convergence": {
        "fe_last_mean": 0.04868874539580888,
        "fe_last_std": 0.0,
        "fe_improvement": 0.0023294392569302227,
        "fe_first": 0.046359306138878655,
        "fe_last": 0.04868874539580888
      }
    },
    "PA2": {
      "fe_best": 0.0487232940219561,
      "thresholds": [
        1,
        2,
        3,
        4,
        5,
        67,
        222,
        234,
        251,
        254
      ],
      "time_sec": 4.490748882293701,
      "stability_jitter": {
        "fe_mean": 0.0485308289658578,
        "fe_std": 0.00011556648819809504,
        "fe_min": 0.04834381618077714,
        "fe_max": 0.0487232940219561,
        "fe_original": 0.0487232940219561
      },
      "stability_convergence": {
        "fe_last_mean": 0.04872329402195609,
        "fe_last_std": 6.938893903907228e-18,
        "fe_improvement": 0.0022672814880774148,
        "fe_first": 0.04645601253387868,
        "fe_last": 0.0487232940219561
      }
    },
    "PA3": {
      "fe_best": 0.04874214988142893,
      "thresholds": [
        1,
        4,
        70,
        215,
        219,
        222,
        223,
        226,
        239,
        242
      ],
      "time_sec": 4.66952109336853,
      "stability_jitter": {
        "fe_mean": 0.04863165893907245,
        "fe_std": 4.1931999707569144e-05,
        "fe_min": 0.04855954053779218,
        "fe_max": 0.04874214988142893,
        "fe_original": 0.04874214988142893
      },
      "stability_convergence": {
        "fe_last_mean": 0.04873351876455388,
        "fe_last_std": 4.3155584375231815e-06,
        "fe_improvement": 0.002382843742550274,
        "fe_first": 0.046359306138878655,
        "fe_last": 0.04874214988142893
      }
    },
    "PA4": {
      "fe_best": 0.04861218159625127,
      "thresholds": [
        20,
        63,
        219,
        231,
        234,
        246,
        247,
        250,
        251,
        254
      ],
      "time_sec": 4.488436222076416,
      "stability_jitter": {
        "fe_mean": 0.04819803759047937,
        "fe_std": 0.0001894638602117242,
        "fe_min": 0.04788627712940041,
        "fe_max": 0.04861218159625127,
        "fe_original": 0.04861218159625127
      },
      "stability_convergence": {
        "fe_last_mean": 0.04861078669882603,
        "fe_last_std": 1.1389289784511404e-06,
        "fe_improvement": 0.0021561690623725857,
        "fe_first": 0.04645601253387868,
        "fe_last": 0.04861218159625127
      }
    },
    "PA5": {
      "fe_best": 0.04866599712994642,
      "thresholds": [
        1,
        2,
        4,
        7,
        9,
        12,
        60,
        230,
        231,
        242
      ],
      "time_sec": 9.299547672271729,
      "stability_jitter": {
        "fe_mean": 0.048622115241671496,
        "fe_std": 2.491319272588106e-05,
        "fe_min": 0.048561755479718215,
        "fe_max": 0.04866599712994642,
        "fe_original": 0.04866599712994642
      },
      "stability_convergence": {
        "fe_last_mean": 0.048657755714185326,
        "fe_last_std": 4.246667573777579e-06,
        "fe_improvement": 0.00039554852325598966,
        "fe_first": 0.04827044860669043,
        "fe_last": 0.04866599712994642
      }
    }
  }
}