{
  "image_index": 58,
  "image_path": "dataset/BDS500/images/val\\296007.jpg",
  "k": 10,
  "strategies": {
    "PA1": {
      "fe_best": 0.05345773898884395,
      "thresholds": [
        1,
        4,
        5,
        7,
        8,
        19,
        26,
        67,
        194,
        253
      ],
      "time_sec": 4.9009106159210205,
      "stability_jitter": {
        "fe_mean": 0.05339404186621027,
        "fe_std": 5.223683658838576e-05,
        "fe_min": 0.053280704155233505,
        "fe_max": 0.05345773898884395,
        "fe_original": 0.05345773898884395
      },
      "stability_convergence": {
        "fe_last_mean": 0.053456610742808386,
        "fe_last_std": 1.7013604179484692e-06,
        "fe_improvement": 0.0013588241161019213,
        "fe_first": 0.05209891487274203,
        "fe_last": 0.05345773898884395
      }
    },
    "PA2": {
      "fe_best": 0.05340639993141332,
      "thresholds": [
        1,
        2,
        8,
        9,
        10,
        25,
        35,
        128,
        228,
        246
      ],
      "time_sec": 4.798020839691162,
      "stability_jitter": {
        "fe_mean": 0.0533494430725919,
        "fe_std": 4.693968201427153e-05,
        "fe_min": 0.05323248382086041,
        "fe_max": 0.05340639993141332,
        "fe_original": 0.05340639993141332
      },
      "stability_convergence": {
        "fe_last_mean": 0.053366130472983185,
        "fe_last_std": 3.571565738508452e-05,
        "fe_improvement": 0.0002102566853173296,
        "fe_first": 0.05319614324609599,
        "fe_last": 0.05340639993141332
      }
    },
    "PA3": {
      "fe_best": 0.053489265923533216,
      "thresholds": [
        1,
        2,
        3,
        5,
        10,
        35,
        134,
        219,
        220,
        253
      ],
      "time_sec": 4.774933576583862,
      "stability_jitter": {
        "fe_mean": 0.05341495538061539,
        "fe_std": 5.8372354054673007e-05,
        "fe_min": 0.053268091404403264,
        "fe_max": 0.053489265923533216,
        "fe_original": 0.053489265923533216
      },
      "stability_convergence": {
        "fe_last_mean": 0.053489253046249595,
        "fe_last_std": 8.430160992386661e-09,
        "fe_improvement": 0.0013903510507911887,
        "fe_first": 0.05209891487274203,
        "fe_last": 0.053489265923533216
      }
    },
    "PA4": {
      "fe_best": 0.05349189007234787,
      "thresholds": [
        1,
        2,
        3,
        4,
        7,
        15,
        18,
        155,
        198,
        199
      ],
      "time_sec": 4.476864576339722,
      "stability_jitter": {
        "fe_mean": 0.05344250247456768,
        "fe_std": 3.913090309319912e-05,
        "fe_min": 0.053360352349531945,
        "fe_max": 0.053492093591676025,
        "fe_original": 0.05349189007234787
      },
      "stability_convergence": {
        "fe_last_mean": 0.05348148560463027,
        "fe_last_std": 1.018303818673996e-05,
        "fe_improvement": 0.0002957468262518789,
        "fe_first": 0.05319614324609599,
        "fe_last": 0.05349189007234787
      }
    },
    "PA5": {
      "fe_best": 0.05348549938314009,
      "thresholds": [
        1,
        2,
        5,
        9,
        11,
        13,
        14,
        31,
        138,
        216
      ],
      "time_sec": 8.781559228897095,
      "stability_jitter": {
        "fe_mean": 0.053437901664967015,
        "fe_std": 3.678555749676377e-05,
        "fe_min": 0.05335074648419751,
        "fe_max": 0.05348549938314009,
        "fe_original": 0.05348549938314009
      },
      "stability_convergence": {
        "fe_last_mean": 0.05348549938314009,
        "fe_last_std": 0.0,
        "fe_improvement": 0.0018124712238821797,
        "fe_first": 0.05167302815925791,
        "fe_last": 0.05348549938314009
      }
    }
  }
}