{
  "image_index": 75,
  "image_path": "dataset/BDS500/images/val\\41033.jpg",
  "k": 10,
  "strategies": {
    "PA1": {
      "fe_best": 0.04914010079603363,
      "thresholds": [
        2,
        3,
        4,
        5,
        6,
        7,
        9,
        34,
        37,
        38
      ],
      "time_sec": 2.8359553813934326,
      "stability_jitter": {
        "fe_mean": 0.048643039403101405,
        "fe_std": 0.00024677830240635296,
        "fe_min": 0.04802471386082302,
        "fe_max": 0.04914010079603363,
        "fe_original": 0.04914010079603363
      },
      "stability_convergence": {
        "fe_last_mean": 0.049140100796033634,
        "fe_last_std": 6.938893903907228e-18,
        "fe_improvement": 0.002809722701434085,
        "fe_first": 0.04633037809459954,
        "fe_last": 0.04914010079603363
      }
    },
    "PA2": {
      "fe_best": 0.049168191113416485,
      "thresholds": [
        1,
        2,
        3,
        4,
        5,
        8,
        23,
        24,
        27,
        40
      ],
      "time_sec": 2.816754102706909,
      "stability_jitter": {
        "fe_mean": 0.048704527606605354,
        "fe_std": 0.00020994739684740418,
        "fe_min": 0.04817199573010026,
        "fe_max": 0.049168191113416485,
        "fe_original": 0.049168191113416485
      },
      "stability_convergence": {
        "fe_last_mean": 0.049168191113416485,
        "fe_last_std": 0.0,
        "fe_improvement": 0.0007768088520306443,
        "fe_first": 0.04839138226138584,
        "fe_last": 0.049168191113416485
      }
    },
    "PA3": {
      "fe_best": 0.049493664903304514,
      "thresholds": [
        1,
        4,
        6,
        9,
        14,
        19,
        30,
        31,
        34,
        35
      ],
      "time_sec": 2.84173321723938,
      "stability_jitter": {
        "fe_mean": 0.04865953791999373,
        "fe_std": 0.0003883864222887508,
        "fe_min": 0.04759783680527366,
        "fe_max": 0.049493664903304514,
        "fe_original": 0.049493664903304514
      },
      "stability_convergence": {
        "fe_last_mean": 0.04949366490330452,
        "fe_last_std": 6.938893903907228e-18,
        "fe_improvement": 0.0031632868087049723,
        "fe_first": 0.04633037809459954,
        "fe_last": 0.049493664903304514
      }
    },
    "PA4": {
      "fe_best": 0.04920431889276135,
      "thresholds": [
        1,
        2,
        4,
        5,
        6,
        14,
        15,
        34,
        35,
        38
      ],
      "time_sec": 2.835926055908203,
      "stability_jitter": {
        "fe_mean": 0.04870832334432049,
        "fe_std": 0.00031952755201171434,
        "fe_min": 0.04811099594040548,
        "fe_max": 0.04921569732162939,
        "fe_original": 0.04920431889276135
      },
      "stability_convergence": {
        "fe_last_mean": 0.04920431889276135,
        "fe_last_std": 0.0,
        "fe_improvement": 0.0008129366313755076,
        "fe_first": 0.04839138226138584,
        "fe_last": 0.04920431889276135
      }
    },
    "PA5": {
      "fe_best": 0.04943691177521646,
      "thresholds": [
        1,
        2,
        3,
        4,
        5,
        18,
        29,
        30,
        33,
        34
      ],
      "time_sec": 5.66297173500061,
      "stability_jitter": {
        "fe_mean": 0.048675626121648635,
        "fe_std": 0.00037011428010517874,
        "fe_min": 0.04763484152581693,
        "fe_max": 0.04943691177521646,
        "fe_original": 0.04943691177521646
      },
      "stability_convergence": {
        "fe_last_mean": 0.04943691177521646,
        "fe_last_std": 0.0,
        "fe_improvement": 0.0028869114714765165,
        "fe_first": 0.046550000303739944,
        "fe_last": 0.04943691177521646
      }
    }
  }
}