{
  "image_index": 93,
  "image_path": "dataset/BDS500/images/val\\85048.jpg",
  "k": 10,
  "strategies": {
    "PA1": {
      "fe_best": 0.047405048398049654,
      "thresholds": [
        1,
        2,
        3,
        4,
        5,
        22,
        25,
        150,
        239,
        240
      ],
      "time_sec": 6.025217771530151,
      "stability_jitter": {
        "fe_mean": 0.04726776455517124,
        "fe_std": 7.29952563830029e-05,
        "fe_min": 0.047129256410507595,
        "fe_max": 0.047423335197150064,
        "fe_original": 0.047405048398049654
      },
      "stability_convergence": {
        "fe_last_mean": 0.047273621863807055,
        "fe_last_std": 0.00014718644683916454,
        "fe_improvement": 0.0012283278988400592,
        "fe_first": 0.046176720499209595,
        "fe_last": 0.047405048398049654
      }
    },
    "PA2": {
      "fe_best": 0.04735485660545842,
      "thresholds": [
        1,
        2,
        7,
        10,
        21,
        25,
        150,
        232,
        235,
        236
      ],
      "time_sec": 6.644117593765259,
      "stability_jitter": {
        "fe_mean": 0.04712749694918596,
        "fe_std": 9.840548492039993e-05,
        "fe_min": 0.04691377539420584,
        "fe_max": 0.04735485660545842,
        "fe_original": 0.04735485660545842
      },
      "stability_convergence": {
        "fe_last_mean": 0.04725310346506622,
        "fe_last_std": 8.122948792235038e-05,
        "fe_improvement": 0.0012946786261727183,
        "fe_first": 0.0460601779792857,
        "fe_last": 0.04735485660545842
      }
    },
    "PA3": {
      "fe_best": 0.04721023482318276,
      "thresholds": [
        1,
        20,
        26,
        164,
        195,
        196,
        235,
        250,
        251,
        254
      ],
      "time_sec": 5.007782459259033,
      "stability_jitter": {
        "fe_mean": 0.045688479601525764,
        "fe_std": 0.0007093181446322086,
        "fe_min": 0.04421436356252134,
        "fe_max": 0.04721023482318276,
        "fe_original": 0.04721023482318276
      },
      "stability_convergence": {
        "fe_last_mean": 0.04715245833524469,
        "fe_last_std": 4.6589311425156e-05,
        "fe_improvement": 0.001033514323973167,
        "fe_first": 0.046176720499209595,
        "fe_last": 0.04721023482318276
      }
    },
    "PA4": {
      "fe_best": 0.04770317493105093,
      "thresholds": [
        15,
        29,
        158,
        231,
        238,
        239,
        243,
        250,
        251,
        254
      ],
      "time_sec": 5.086774110794067,
      "stability_jitter": {
        "fe_mean": 0.0460212460596537,
        "fe_std": 0.000760284589121189,
        "fe_min": 0.04466495381408807,
        "fe_max": 0.04770317493105093,
        "fe_original": 0.04770317493105093
      },
      "stability_convergence": {
        "fe_last_mean": 0.047657175836329654,
        "fe_last_std": 3.755810356569134e-05,
        "fe_improvement": 0.0016429969517652299,
        "fe_first": 0.0460601779792857,
        "fe_last": 0.04770317493105093
      }
    },
    "PA5": {
      "fe_best": 0.04733450794987859,
      "thresholds": [
        1,
        2,
        3,
        5,
        6,
        11,
        25,
        26,
        149,
        238
      ],
      "time_sec": 9.238646745681763,
      "stability_jitter": {
        "fe_mean": 0.047275354221336295,
        "fe_std": 3.0846112162690996e-05,
        "fe_min": 0.04721851522526497,
        "fe_max": 0.04733450794987859,
        "fe_original": 0.04733450794987859
      },
      "stability_convergence": {
        "fe_last_mean": 0.0473270866086389,
        "fe_last_std": 5.180225448775145e-06,
        "fe_improvement": 0.0009868175219443914,
        "fe_first": 0.0463476904279342,
        "fe_last": 0.04733450794987859
      }
    }
  }
}