{
  "algorithm": "WOA",
  "thresholds": [
    35,
    63,
    89,
    111,
    132,
    156,
    181,
    206,
    231
  ],
  "best_f": -33.89472977272007,
  "entropy": 33.89472977272007,
  "time": 1.9572875499725342,
  "metrics": {
    "psnr": 31.815855181115612,
    "ssim": 0.8566743423311323,
    "dice": 0.24110139760681168
  }
}