{
  "algorithm": "WOA",
  "thresholds": [
    19,
    45,
    71,
    95,
    119,
    143,
    167,
    191,
    215,
    239
  ],
  "best_f": -37.631014543566494,
  "entropy": 37.631014543566494,
  "time": 14.503063678741455,
  "metrics": {
    "psnr": 31.677625456611608,
    "ssim": 0.8862025343969488,
    "boundary_dsc": 0.3145304711569772
  }
}