{
  "algorithm": "WOA",
  "thresholds": [
    34,
    55,
    77,
    99,
    122,
    146,
    171,
    192,
    213,
    234
  ],
  "best_f": -35.53808614997132,
  "entropy": 35.53808614997132,
  "time": 8.391849279403687,
  "metrics": {
    "psnr": 32.112274387598426,
    "ssim": 0.923140932301097,
    "boundary_dsc": 0.19329438908251928
  }
}