{
  "algorithm": "PSO",
  "thresholds": [
    30,
    54,
    76,
    100,
    125,
    147,
    169,
    193,
    219
  ],
  "best_f": -33.53965329616711,
  "entropy": 33.53965329616711,
  "time": 4.261926651000977,
  "metrics": {
    "psnr": 35.34413372255288,
    "ssim": 0.9428210901316229,
    "dice": 0.2404733727810651
  }
}