{
  "algorithm": "HYBRID-PA5",
  "thresholds": [
    21,
    41,
    61,
    81,
    100,
    119,
    138,
    157,
    176,
    198
  ],
  "best_f": -35.63970266555091,
  "entropy": 35.63970266555091,
  "time": 15.595929622650146,
  "metrics": {
    "psnr": 33.195108202074486,
    "ssim": 0.9051457814634976,
    "boundary_dsc": 0.10122891597079246
  }
}