{
  "algorithm": "WOA",
  "thresholds": [
    29,
    50,
    71,
    94,
    117,
    140,
    163,
    186,
    209,
    232
  ],
  "best_f": -37.76581235660401,
  "entropy": 37.76581235660401,
  "time": 8.213877439498901,
  "metrics": {
    "psnr": 31.927181762565358,
    "ssim": 0.923252390112809,
    "boundary_dsc": 0.21250153592304585
  }
}