{
  "algorithm": "OTSU",
  "thresholds": [
    35,
    55,
    75,
    99,
    123,
    143,
    165,
    188,
    209,
    230
  ],
  "best_f": -37.33745827487062,
  "entropy": 37.33745827487062,
  "time": 0.48101234436035156,
  "metrics": {
    "psnr": 32.386914935800995,
    "ssim": 0.9017945436241109,
    "boundary_dsc": 0.15410908939327622
  }
}