{
  "algorithm": "HYBRID-PA6",
  "thresholds": [
    60,
    119,
    167,
    214
  ],
  "best_f": -19.833778034549354,
  "entropy": 19.833778034549354,
  "time": 1.8938915729522705,
  "metrics": {
    "psnr": 21.26790582464411,
    "ssim": 0.6918694049595655,
    "dice": 0.2464055528011899
  }
}