{
  "algorithm": "OTSU",
  "thresholds": [
    42,
    85,
    128,
    170,
    212
  ],
  "best_f": -23.258844114672723,
  "entropy": 23.258844114672723,
  "time": 0.001998424530029297,
  "metrics": {
    "psnr": 27.01710339557696,
    "ssim": 0.7800602111729267,
    "dice": 0.1563903418396999
  }
}