{
  "algorithm": "HYBRID-PA6",
  "thresholds": [
    31,
    50,
    70,
    91,
    115,
    138,
    162,
    184,
    207,
    230
  ],
  "best_f": -37.655044908621214,
  "entropy": 37.655044908621214,
  "time": 8.543788194656372,
  "metrics": {
    "psnr": 31.915468293381736,
    "ssim": 0.9232810066751603,
    "boundary_dsc": 0.21205425374894105
  }
}