{
  "algorithm": "HYBRID-PA2",
  "thresholds": [
    17,
    38,
    57,
    82,
    103,
    118,
    141,
    164,
    187,
    208
  ],
  "best_f": -0.043920415278082096,
  "entropy": 0.043920415278082096,
  "time": 14.826447010040283,
  "metrics": {
    "psnr": 24.678053424466956,
    "ssim": 0.8435139596476111,
    "dice": 0.11958327042125924
  }
}