{
  "algorithm": "HYBRID-PA6",
  "thresholds": [
    34,
    57,
    79,
    100,
    121,
    143,
    164,
    185,
    206,
    229
  ],
  "best_f": -37.08016281031678,
  "entropy": 37.08016281031678,
  "time": 2.3050262928009033,
  "metrics": {
    "psnr": 31.777634068695995,
    "ssim": 0.8879352129097793,
    "boundary_dsc": 0.22464026784505362
  }
}