{
  "algorithm": "WOA",
  "thresholds": [
    45,
    66,
    87,
    108,
    129,
    151,
    173,
    194,
    215,
    235
  ],
  "best_f": -36.28804997688884,
  "entropy": 36.28804997688884,
  "time": 14.897892951965332,
  "metrics": {
    "psnr": 32.66773026962828,
    "ssim": 0.8400234579058351,
    "boundary_dsc": 0.16512051510145295
  }
}