{
  "algorithm": "WOA",
  "thresholds": [
    41,
    64,
    85,
    106,
    127,
    148,
    169,
    190,
    210,
    230
  ],
  "best_f": -36.27399868515833,
  "entropy": 36.27399868515833,
  "time": 2.253926992416382,
  "metrics": {
    "psnr": 32.52415979988698,
    "ssim": 0.8623099078179159,
    "dice": 0.09797936869760074
  }
}