{
  "algorithm": "HYBRID-PA5",
  "thresholds": [
    39,
    59,
    79,
    99,
    119,
    140,
    161,
    182,
    204,
    226
  ],
  "best_f": -36.49957773310495,
  "entropy": 36.49957773310495,
  "time": 14.843914031982422,
  "metrics": {
    "psnr": 33.257006947881244,
    "ssim": 0.9200155328999147,
    "boundary_dsc": 0.20958196336308127
  }
}