{
  "algorithm": "HYBRID-PA5",
  "thresholds": [
    35,
    57,
    78,
    100,
    122,
    145,
    167,
    189,
    211,
    233
  ],
  "best_f": -37.07843521734013,
  "entropy": 37.07843521734013,
  "time": 4.481493234634399,
  "metrics": {
    "psnr": 32.55508890757339,
    "ssim": 0.9044872386103578,
    "dice": 0.2674454422671374
  }
}