{
  "algorithm": "HYBRID-PA5",
  "thresholds": [
    39,
    67,
    90,
    112,
    133,
    154,
    175,
    196,
    216,
    236
  ],
  "best_f": -35.573163944907776,
  "entropy": 35.573163944907776,
  "time": 8.793654680252075,
  "metrics": {
    "psnr": 32.22735625873193,
    "ssim": 0.8902938374486172,
    "boundary_dsc": 0.1760953566048857
  }
}