{
  "algorithm": "PSO",
  "thresholds": [
    24,
    47,
    70,
    91,
    112,
    135,
    159,
    182,
    205,
    227
  ],
  "best_f": -37.36287247025802,
  "entropy": 37.36287247025802,
  "time": 56.958675146102905,
  "metrics": {
    "psnr": 31.617607098259626,
    "ssim": 0.8975612424938413,
    "boundary_dsc": 0.13351327218118353
  }
}