{
  "algorithm": "GWO",
  "thresholds": [
    42,
    71,
    88,
    103,
    121,
    142,
    163,
    184,
    207,
    229
  ],
  "best_f": -35.656802465140665,
  "entropy": 35.656802465140665,
  "time": 2.2886898517608643,
  "metrics": {
    "psnr": 33.135373764983555,
    "ssim": 0.9218360109526793,
    "dice": 0.14895876797026136
  }
}