{
  "config": {
    "root": "dataset/BDS500/images/val",
    "n_images": 100,
    "k": 10,
    "n_agents": 30,
    "n_iters": 80,
    "seed": 0,
    "woa_b": 1.0,
    "share_interval": 1,
    "strategies": [
      "PA1",
      "PA2",
      "PA3",
      "PA4",
      "PA5"
    ],
    "jitter_samples": 20,
    "jitter_delta": 2,
    "jitter_seed": 42,
    "conv_last_w": 10
  },
  "by_strategy": {
    "PA1": {
      "n_images": 100,
      "fe_mean": 0.04851322336531271,
      "fe_std": 0.0028785128276772602,
      "time_mean_sec": 2.7427698254585264
    },
    "PA2": {
      "n_images": 100,
      "fe_mean": 0.04855200490818164,
      "fe_std": 0.0029451056690832215,
      "time_mean_sec": 2.739751121997833
    },
    "PA3": {
      "n_images": 100,
      "fe_mean": 0.048435798000328226,
      "fe_std": 0.0028839376096915954,
      "time_mean_sec": 2.7404704475402832
    },
    "PA4": {
      "n_images": 100,
      "fe_mean": 0.048441968626874804,
      "fe_std": 0.0028450269206320967,
      "time_mean_sec": 2.7458069586753844
    },
    "PA5": {
      "n_images": 100,
      "fe_mean": 0.04890149951656252,
      "fe_std": 0.003061204957879072,
      "time_mean_sec": 5.516509525775909
    }
  }
}