{
  "algorithm": "PSO",
  "thresholds": [
    20,
    41,
    62,
    81,
    100,
    119,
    143,
    168,
    193,
    224
  ],
  "best_f": -37.308429978993864,
  "entropy": 37.308429978993864,
  "time": 4.305165767669678,
  "metrics": {
    "psnr": 32.51327691392642,
    "ssim": 0.8943572224338446,
    "boundary_dsc": 0.22741801823132474
  }
}