{
  "algorithm": "OTSU",
  "thresholds": [
    23,
    46,
    70,
    93,
    116,
    139,
    162,
    185,
    209,
    232
  ],
  "best_f": -37.58469317524871,
  "entropy": 37.58469317524871,
  "time": 0.0,
  "metrics": {
    "psnr": 32.0877232537904,
    "ssim": 0.9018055727545339,
    "dice": 0.2924031214566798
  }
}