{
  "image_name": "uploaded",
  "timestamp": "2026-04-22T19:24:19.038473",
  "total_time": 53.41432857513428,
  "best_overall_algo": "HYBRID-PA5",
  "best_overall_f": -36.881380400850375,
  "best_overall_entropy": 36.881380400850375,
  "results": {
    "GWO": {
      "entropy": 35.538658757619196,
      "time": 8.706493139266968,
      "metrics": {
        "psnr": 31.69760991775345,
        "ssim": 0.8694413813869488,
        "boundary_dsc": 0.1551360544217687
      }
    },
    "WOA": {
      "entropy": 36.658992519581375,
      "time": 8.383427858352661,
      "metrics": {
        "psnr": 32.31267657148403,
        "ssim": 0.8428065795612218,
        "boundary_dsc": 0.1817489851150203
      }
    },
    "PSO": {
      "entropy": 36.762650842656846,
      "time": 16.3746817111969,
      "metrics": {
        "psnr": 32.86083644336853,
        "ssim": 0.858451815565552,
        "boundary_dsc": 0.17489622455030637
      }
    },
    "OTSU": {
      "entropy": 35.2037894426933,
      "time": 0.4578845500946045,
      "metrics": {
        "psnr": 34.408441388643205,
        "ssim": 0.9085420764487853,
        "boundary_dsc": 0.13626615497488573
      }
    },
    "HYBRID-PA5": {
      "entropy": 36.881380400850375,
      "time": 8.329139471054077,
      "metrics": {
        "psnr": 32.70199318773815,
        "ssim": 0.8595040377699793,
        "boundary_dsc": 0.17556536343397258
      }
    },
    "HYBRID-PA6": {
      "entropy": 36.518460343694244,
      "time": 8.018954038619995,
      "metrics": {
        "psnr": 32.51589336156006,
        "ssim": 0.8692958568285126,
        "boundary_dsc": 0.15873290037308277
      }
    }
  }
}