{
  "algorithm": "OTSU",
  "thresholds": [
    28,
    57,
    85,
    113,
    142,
    170,
    198,
    227
  ],
  "best_f": -31.054830801789784,
  "entropy": 31.054830801789784,
  "time": 0.0,
  "metrics": {
    "psnr": 30.521166882146126,
    "ssim": 0.827552152399721,
    "dice": 0.21240282685512368
  }
}