{
  "image_name": "uploaded",
  "timestamp": "2026-04-21T16:32:17.220823",
  "total_time": 59.58116888999939,
  "best_overall_algo": "WOA",
  "best_overall_f": -35.479650822549075,
  "best_overall_entropy": 35.479650822549075,
  "results": {
    "GWO": {
      "entropy": 35.383605366011274,
      "time": 7.920355319976807,
      "metrics": {
        "psnr": 34.332965188196766,
        "ssim": 0.9027859425067825,
        "boundary_dsc": 0.11238092853834696
      }
    },
    "WOA": {
      "entropy": 35.479650822549075,
      "time": 7.832005739212036,
      "metrics": {
        "psnr": 33.66249135585526,
        "ssim": 0.8903864510044234,
        "boundary_dsc": 0.11262223519577534
      }
    },
    "PSO": {
      "entropy": 35.41027185190617,
      "time": 15.635749340057373,
      "metrics": {
        "psnr": 33.732419187594665,
        "ssim": 0.8916909977521276,
        "boundary_dsc": 0.11293788811686685
      }
    },
    "OTSU": {
      "entropy": 32.02730420716573,
      "time": 0.41620874404907227,
      "metrics": {
        "psnr": 37.908257937995295,
        "ssim": 0.9636516850025993,
        "boundary_dsc": 0.10235249306223133
      }
    },
    "HYBRID-PA5": {
      "entropy": 35.44041086543566,
      "time": 16.126338005065918,
      "metrics": {
        "psnr": 32.81123040168446,
        "ssim": 0.8709324774027373,
        "boundary_dsc": 0.11670704237324153
      }
    },
    "HYBRID-PA6": {
      "entropy": 35.403746370281596,
      "time": 8.009688138961792,
      "metrics": {
        "psnr": 33.136729184203844,
        "ssim": 0.8781156728001498,
        "boundary_dsc": 0.11507262263633872
      }
    }
  }
}