{
  "algorithm": "OTSU",
  "thresholds": [
    64,
    84,
    102,
    117,
    130,
    142,
    155,
    173,
    196,
    224
  ],
  "best_f": -35.23924260801219,
  "entropy": 35.23924260801219,
  "time": 0.42500829696655273,
  "metrics": {
    "psnr": 34.40166880004281,
    "ssim": 0.916208364848832,
    "boundary_dsc": 0.22435831090871455
  }
}