{
  "algorithm": "HYBRID-PA6",
  "thresholds": [
    16,
    33,
    51,
    77,
    104,
    134,
    167,
    192,
    213,
    234
  ],
  "best_f": -36.84980846636618,
  "entropy": 36.84980846636618,
  "time": 2.1760733127593994,
  "metrics": {
    "psnr": 30.875882135731942,
    "ssim": 0.9248975175736068,
    "boundary_dsc": 0.1704313559918373
  }
}