{
  "algorithm": "OTSU",
  "thresholds": [
    26,
    52,
    69,
    88,
    107,
    123,
    140,
    160,
    184,
    217
  ],
  "best_f": -35.79676797095938,
  "entropy": 35.79676797095938,
  "time": 0.5038373470306396,
  "metrics": {
    "psnr": 32.929936948066526,
    "ssim": 0.8998263526129051,
    "boundary_dsc": 0.20862445953277328
  }
}