{
  "algorithm": "PA5",
  "mode": "single_image_multi_seed",
  "seed": 46,
  "fe": 36.84701497475369,
  "boundary_dsc": 0.12689146767309795,
  "psnr": 31.905587808242327,
  "ssim": 0.930802080384868,
  "time": 32.93025231361389,
  "thresholds": [
    33,
    60,
    82,
    104,
    126,
    148,
    170,
    192,
    213,
    234
  ],
  "best_f": -36.840048932348594,
  "objective_name": "FE + light penalties",
  "penalty_mode": "light",
  "summary_stat": {
    "n_runs": 5,
    "n_images": 1,
    "n_seeds": 5,
    "boundary_dsc_mean": 0.12706576880368492,
    "boundary_dsc_sd": 0.00027960950529255167,
    "fe_mean": 36.835147717375754,
    "fe_sd": 0.017933203276281676,
    "psnr_mean": 31.96553154222683,
    "psnr_sd": 0.08510607015951158,
    "ssim_mean": 0.9314632461171947,
    "ssim_sd": 0.001072081693937214,
    "time_mean": 33.018030834198,
    "time_sd": 1.7388963857824047
  }
}