{
  "algorithm": "HYBRID-PA6",
  "thresholds": [
    59,
    78,
    96,
    115,
    135,
    157,
    179,
    199,
    218,
    236
  ],
  "best_f": -34.549077110813705,
  "entropy": 34.549077110813705,
  "time": 2.2164082527160645,
  "metrics": {
    "psnr": 33.118391230629925,
    "ssim": 0.9328200935813318,
    "boundary_dsc": 0.2539646918013166
  }
}