{
  "algorithm": "GWO",
  "thresholds": [
    11,
    23,
    39,
    58,
    83,
    110,
    140,
    170,
    197,
    226
  ],
  "best_f": -36.69118640623064,
  "entropy": 36.69118640623064,
  "time": 2.202932596206665,
  "metrics": {
    "psnr": 31.073833870355955,
    "ssim": 0.9144664980698244,
    "boundary_dsc": 0.16414300322504524
  }
}