{
  "image_name": "uploaded",
  "timestamp": "2026-04-18T14:33:34.847560",
  "total_time": 14.657506465911865,
  "best_overall_algo": "WOA",
  "best_overall_f": -16.47833620269426,
  "best_overall_entropy": 16.47833620269426,
  "results": {
    "GWO": {
      "entropy": 16.4714947698739,
      "time": 1.585097074508667,
      "metrics": {
        "psnr": 25.195850536897332,
        "ssim": 0.7389089148650689,
        "dice": 0.25535567397446446
      }
    },
    "WOA": {
      "entropy": 16.47833620269426,
      "time": 1.525561809539795,
      "metrics": {
        "psnr": 25.284813683123947,
        "ssim": 0.7394145177894993,
        "dice": 0.26102954183619315
      }
    },
    "PSO": {
      "entropy": 16.47833620269426,
      "time": 2.951634407043457,
      "metrics": {
        "psnr": 25.284813683123947,
        "ssim": 0.7394145177894993,
        "dice": 0.26102954183619315
      }
    },
    "OTSU": {
      "entropy": 16.2390827053058,
      "time": 0.04004240036010742,
      "metrics": {
        "psnr": 26.519957260826132,
        "ssim": 0.7541363145054909,
        "dice": 0.2474368592148037
      }
    },
    "HYBRID-PA5": {
      "entropy": 16.47833620269426,
      "time": 3.10156512260437,
      "metrics": {
        "psnr": 25.284813683123947,
        "ssim": 0.7394145177894993,
        "dice": 0.26102954183619315
      }
    },
    "HYBRID-PA6": {
      "entropy": 16.47833620269426,
      "time": 1.726846694946289,
      "metrics": {
        "psnr": 25.284813683123947,
        "ssim": 0.7394145177894993,
        "dice": 0.26102954183619315
      }
    }
  }
}