{
  "algorithm": "PSO",
  "thresholds": [
    22,
    44,
    66,
    88,
    111,
    134,
    157,
    179,
    201,
    223
  ],
  "best_f": -37.13243246401242,
  "entropy": 37.13243246401242,
  "time": 28.27219557762146,
  "metrics": {
    "psnr": 32.35706058433716,
    "ssim": 0.9343165759505397,
    "boundary_dsc": 0.20029583896070488
  }
}