{
  "algorithm": "HYBRID-PA5",
  "thresholds": [
    60,
    86,
    105,
    124,
    143,
    161,
    179,
    197,
    215,
    233
  ],
  "best_f": -34.705497069699874,
  "entropy": 34.705497069699874,
  "time": 4.531498908996582,
  "metrics": {
    "psnr": 33.0882682270601,
    "ssim": 0.9309709588688369,
    "boundary_dsc": 0.2521107874416239
  }
}