{
  "image_index": 1,
  "image_path": "dataset/BDS500/images/val\\101087.jpg",
  "k": 10,
  "strategies": {
    "PA1": {
      "fe_best": 0.0352166184380259,
      "thresholds": [
        1,
        2,
        4,
        9,
        14,
        19,
        30,
        71,
        234,
        246
      ],
      "time_sec": 3.766036033630371
    },
    "PA2": {
      "fe_best": 0.03538572313469361,
      "thresholds": [
        1,
        11,
        100,
        187,
        200,
        235,
        243,
        250,
        251,
        254
      ],
      "time_sec": 3.6193180084228516
    },
    "PA3": {
      "fe_best": 0.035235430040572044,
      "thresholds": [
        7,
        20,
        112,
        155,
        160,
        188,
        209,
        240,
        251,
        252
      ],
      "time_sec": 3.56447172164917
    },
    "PA4": {
      "fe_best": 0.03544258021827819,
      "thresholds": [
        17,
        25,
        175,
        231,
        234,
        237,
        239,
        250,
        251,
        254
      ],
      "time_sec": 3.593827486038208
    },
    "PA5": {
      "fe_best": 0.03532172979008849,
      "thresholds": [
        1,
        4,
        7,
        8,
        10,
        13,
        14,
        77,
        234,
        246
      ],
      "time_sec": 7.254263877868652
    }
  }
}