{
  "image_index": 4,
  "image_path": "dataset/BDS500/images/val\\105025.jpg",
  "k": 10,
  "strategies": {
    "PA1": {
      "fe_best": 0.040768516230772836,
      "thresholds": [
        5,
        7,
        8,
        9,
        25,
        27,
        89,
        236,
        251,
        252
      ],
      "time_sec": 5.5501439571380615
    },
    "PA2": {
      "fe_best": 0.04067403587886623,
      "thresholds": [
        17,
        39,
        64,
        103,
        212,
        213,
        228,
        242,
        251,
        254
      ],
      "time_sec": 4.141725778579712
    },
    "PA3": {
      "fe_best": 0.04072315018564175,
      "thresholds": [
        14,
        22,
        82,
        136,
        165,
        172,
        227,
        250,
        251,
        254
      ],
      "time_sec": 3.959609270095825
    },
    "PA4": {
      "fe_best": 0.0408128198241731,
      "thresholds": [
        1,
        2,
        3,
        39,
        58,
        67,
        235,
        250,
        251,
        254
      ],
      "time_sec": 3.8329858779907227
    },
    "PA5": {
      "fe_best": 0.04092483744280096,
      "thresholds": [
        1,
        2,
        3,
        4,
        5,
        10,
        211,
        236,
        251,
        252
      ],
      "time_sec": 7.934082269668579
    }
  }
}