{
  "image_index": 8,
  "image_path": "dataset/BDS500/images/val\\108082.jpg",
  "k": 10,
  "strategies": {
    "PA1": {
      "fe_best": 0.05113005064589706,
      "thresholds": [
        1,
        2,
        4,
        11,
        235,
        238,
        239,
        250,
        251,
        254
      ],
      "time_sec": 4.327849626541138
    },
    "PA2": {
      "fe_best": 0.050888223720076606,
      "thresholds": [
        1,
        2,
        3,
        4,
        5,
        6,
        7,
        8,
        9,
        240
      ],
      "time_sec": 4.313257455825806
    },
    "PA3": {
      "fe_best": 0.05118388359089616,
      "thresholds": [
        1,
        2,
        3,
        4,
        5,
        6,
        7,
        250,
        251,
        254
      ],
      "time_sec": 5.139049768447876
    },
    "PA4": {
      "fe_best": 0.050888223720076606,
      "thresholds": [
        1,
        2,
        3,
        4,
        5,
        6,
        7,
        8,
        9,
        240
      ],
      "time_sec": 4.85677695274353
    },
    "PA5": {
      "fe_best": 0.051249113976555474,
      "thresholds": [
        6,
        237,
        240,
        241,
        244,
        245,
        247,
        250,
        251,
        254
      ],
      "time_sec": 9.179632425308228
    }
  }
}