{
  "image_index": 7,
  "image_path": "dataset/BDS500/images/val\\108070.jpg",
  "k": 10,
  "strategies": {
    "PA1": {
      "fe_best": 0.04889698164015982,
      "thresholds": [
        1,
        2,
        3,
        4,
        5,
        33,
        247,
        248,
        251,
        252
      ],
      "time_sec": 4.0198516845703125
    },
    "PA2": {
      "fe_best": 0.04880587246246956,
      "thresholds": [
        1,
        37,
        243,
        244,
        245,
        248,
        249,
        250,
        253,
        254
      ],
      "time_sec": 3.965078830718994
    },
    "PA3": {
      "fe_best": 0.04852655310322276,
      "thresholds": [
        11,
        24,
        243,
        244,
        245,
        247,
        248,
        250,
        251,
        254
      ],
      "time_sec": 4.163838863372803
    },
    "PA4": {
      "fe_best": 0.048721702546816556,
      "thresholds": [
        6,
        7,
        29,
        242,
        245,
        246,
        247,
        250,
        251,
        254
      ],
      "time_sec": 4.509423494338989
    },
    "PA5": {
      "fe_best": 0.04888369896635855,
      "thresholds": [
        1,
        2,
        3,
        4,
        5,
        32,
        247,
        248,
        251,
        252
      ],
      "time_sec": 8.8512544631958
    }
  }
}