{
  "image_index": 10,
  "image_path": "dataset/BDS500/images/val\\119082.jpg",
  "k": 10,
  "strategies": {
    "PA1": {
      "fe_best": 0.04849674548499785,
      "thresholds": [
        64,
        75,
        76,
        83,
        88,
        107,
        116,
        123,
        206,
        252
      ],
      "time_sec": 4.443209886550903
    },
    "PA2": {
      "fe_best": 0.049035626806191765,
      "thresholds": [
        1,
        168,
        245,
        246,
        249,
        250,
        251,
        252,
        253,
        254
      ],
      "time_sec": 4.425757646560669
    },
    "PA3": {
      "fe_best": 0.04902003368121294,
      "thresholds": [
        68,
        73,
        76,
        77,
        80,
        92,
        93,
        96,
        150,
        252
      ],
      "time_sec": 4.386042833328247
    },
    "PA4": {
      "fe_best": 0.04966573143576003,
      "thresholds": [
        70,
        71,
        74,
        75,
        78,
        83,
        237,
        250,
        251,
        254
      ],
      "time_sec": 4.43461799621582
    },
    "PA5": {
      "fe_best": 0.04882366315627687,
      "thresholds": [
        1,
        2,
        165,
        244,
        245,
        246,
        249,
        250,
        251,
        254
      ],
      "time_sec": 9.058140516281128
    }
  }
}