{
  "image_index": 14,
  "image_path": "dataset/BDS500/images/val\\130026.jpg",
  "k": 10,
  "strategies": {
    "PA1": {
      "fe_best": 0.04864035240615822,
      "thresholds": [
        2,
        4,
        5,
        6,
        16,
        244,
        247,
        248,
        251,
        252
      ],
      "time_sec": 4.411175966262817
    },
    "PA2": {
      "fe_best": 0.04848638312968736,
      "thresholds": [
        1,
        2,
        4,
        5,
        10,
        241,
        247,
        250,
        251,
        254
      ],
      "time_sec": 4.348965406417847
    },
    "PA3": {
      "fe_best": 0.048468215813104225,
      "thresholds": [
        1,
        2,
        3,
        4,
        5,
        6,
        17,
        250,
        251,
        254
      ],
      "time_sec": 5.002914190292358
    },
    "PA4": {
      "fe_best": 0.04842597242785104,
      "thresholds": [
        5,
        20,
        229,
        231,
        237,
        246,
        247,
        250,
        251,
        254
      ],
      "time_sec": 4.542970895767212
    },
    "PA5": {
      "fe_best": 0.05062692463126224,
      "thresholds": [
        235,
        238,
        239,
        242,
        243,
        246,
        249,
        250,
        253,
        254
      ],
      "time_sec": 8.962532043457031
    }
  }
}