{
  "image_index": 13,
  "image_path": "dataset/BDS500/images/val\\126007.jpg",
  "k": 10,
  "strategies": {
    "PA1": {
      "fe_best": 0.05206288603822227,
      "thresholds": [
        1,
        3,
        5,
        8,
        10,
        18,
        49,
        213,
        247,
        248
      ],
      "time_sec": 4.363108396530151
    },
    "PA2": {
      "fe_best": 0.052060332212580794,
      "thresholds": [
        1,
        2,
        4,
        5,
        6,
        13,
        56,
        205,
        209,
        243
      ],
      "time_sec": 4.605828285217285
    },
    "PA3": {
      "fe_best": 0.05198963869961964,
      "thresholds": [
        1,
        2,
        4,
        5,
        9,
        10,
        11,
        16,
        51,
        212
      ],
      "time_sec": 4.570657968521118
    },
    "PA4": {
      "fe_best": 0.052019692210237736,
      "thresholds": [
        1,
        2,
        4,
        5,
        7,
        24,
        41,
        220,
        239,
        252
      ],
      "time_sec": 4.481559991836548
    },
    "PA5": {
      "fe_best": 0.05208491677430751,
      "thresholds": [
        1,
        3,
        4,
        6,
        9,
        14,
        55,
        206,
        247,
        250
      ],
      "time_sec": 8.857771396636963
    }
  }
}