{
  "image_index": 16,
  "image_path": "dataset/BDS500/images/val\\14037.jpg",
  "k": 10,
  "strategies": {
    "PA1": {
      "fe_best": 0.05063679195456882,
      "thresholds": [
        52,
        59,
        60,
        63,
        72,
        83,
        152,
        171,
        216,
        254
      ],
      "time_sec": 4.587265491485596
    },
    "PA2": {
      "fe_best": 0.051262009839452144,
      "thresholds": [
        2,
        5,
        58,
        189,
        194,
        205,
        215,
        225,
        229,
        235
      ],
      "time_sec": 4.423108339309692
    },
    "PA3": {
      "fe_best": 0.05116028778436649,
      "thresholds": [
        52,
        59,
        60,
        71,
        72,
        79,
        251,
        252,
        253,
        254
      ],
      "time_sec": 4.377725839614868
    },
    "PA4": {
      "fe_best": 0.050478995989651894,
      "thresholds": [
        49,
        60,
        69,
        82,
        157,
        174,
        221,
        222,
        242,
        248
      ],
      "time_sec": 4.395889759063721
    },
    "PA5": {
      "fe_best": 0.051371218797856,
      "thresholds": [
        1,
        2,
        3,
        4,
        5,
        6,
        49,
        198,
        199,
        252
      ],
      "time_sec": 8.993957757949829
    }
  }
}