{
  "image_index": 25,
  "image_path": "dataset/BDS500/images/val\\160068.jpg",
  "k": 10,
  "strategies": {
    "PA1": {
      "fe_best": 0.048627309089127636,
      "thresholds": [
        1,
        2,
        3,
        5,
        6,
        11,
        21,
        66,
        253,
        254
      ],
      "time_sec": 4.493988990783691
    },
    "PA2": {
      "fe_best": 0.04814827501006351,
      "thresholds": [
        1,
        98,
        199,
        226,
        231,
        250,
        251,
        252,
        253,
        254
      ],
      "time_sec": 4.354084730148315
    },
    "PA3": {
      "fe_best": 0.048621847717531794,
      "thresholds": [
        1,
        2,
        3,
        15,
        19,
        68,
        251,
        252,
        253,
        254
      ],
      "time_sec": 4.342297315597534
    },
    "PA4": {
      "fe_best": 0.04864209038864863,
      "thresholds": [
        2,
        3,
        4,
        5,
        10,
        18,
        19,
        66,
        253,
        254
      ],
      "time_sec": 4.35606575012207
    },
    "PA5": {
      "fe_best": 0.04865438342928714,
      "thresholds": [
        1,
        3,
        4,
        6,
        8,
        9,
        16,
        18,
        69,
        254
      ],
      "time_sec": 8.812864542007446
    }
  }
}