{
  "image_index": 27,
  "image_path": "dataset/BDS500/images/val\\163085.jpg",
  "k": 10,
  "strategies": {
    "PA1": {
      "fe_best": 0.04730823652967761,
      "thresholds": [
        1,
        2,
        3,
        6,
        7,
        86,
        251,
        252,
        253,
        254
      ],
      "time_sec": 4.587039947509766
    },
    "PA2": {
      "fe_best": 0.0473012836026369,
      "thresholds": [
        1,
        2,
        3,
        4,
        87,
        250,
        251,
        252,
        253,
        254
      ],
      "time_sec": 4.515844345092773
    },
    "PA3": {
      "fe_best": 0.04728627574440454,
      "thresholds": [
        1,
        2,
        3,
        6,
        7,
        8,
        83,
        252,
        253,
        254
      ],
      "time_sec": 4.359450817108154
    },
    "PA4": {
      "fe_best": 0.047338528970453576,
      "thresholds": [
        1,
        2,
        9,
        15,
        18,
        19,
        90,
        252,
        253,
        254
      ],
      "time_sec": 4.375011920928955
    },
    "PA5": {
      "fe_best": 0.04734443445682777,
      "thresholds": [
        1,
        2,
        5,
        10,
        17,
        18,
        89,
        252,
        253,
        254
      ],
      "time_sec": 8.759598016738892
    }
  }
}