{
  "image_index": 20,
  "image_path": "dataset/BDS500/images/val\\148026.jpg",
  "k": 10,
  "strategies": {
    "PA1": {
      "fe_best": 0.04953600100358167,
      "thresholds": [
        6,
        7,
        10,
        35,
        44,
        51,
        52,
        55,
        76,
        92
      ],
      "time_sec": 4.338056325912476
    },
    "PA2": {
      "fe_best": 0.050105346688973346,
      "thresholds": [
        1,
        3,
        10,
        11,
        14,
        15,
        18,
        63,
        74,
        94
      ],
      "time_sec": 4.453778266906738
    },
    "PA3": {
      "fe_best": 0.04934174479407426,
      "thresholds": [
        1,
        2,
        3,
        4,
        5,
        6,
        7,
        58,
        59,
        106
      ],
      "time_sec": 4.358292102813721
    },
    "PA4": {
      "fe_best": 0.04974626963820796,
      "thresholds": [
        1,
        2,
        4,
        10,
        41,
        42,
        45,
        46,
        49,
        114
      ],
      "time_sec": 4.4376866817474365
    },
    "PA5": {
      "fe_best": 0.04934174479407426,
      "thresholds": [
        1,
        2,
        3,
        4,
        5,
        6,
        7,
        58,
        59,
        106
      ],
      "time_sec": 8.807702779769897
    }
  }
}