{
  "image_index": 39,
  "image_path": "dataset/BDS500/images/val\\210088.jpg",
  "k": 10,
  "strategies": {
    "PA1": {
      "fe_best": 0.04876130094634358,
      "thresholds": [
        2,
        3,
        4,
        5,
        7,
        12,
        13,
        104,
        253,
        254
      ],
      "time_sec": 4.413488149642944
    },
    "PA2": {
      "fe_best": 0.048839325492591394,
      "thresholds": [
        1,
        2,
        3,
        4,
        5,
        6,
        7,
        110,
        253,
        254
      ],
      "time_sec": 4.3511621952056885
    },
    "PA3": {
      "fe_best": 0.04881801234661826,
      "thresholds": [
        1,
        2,
        3,
        4,
        5,
        6,
        109,
        252,
        253,
        254
      ],
      "time_sec": 4.4338812828063965
    },
    "PA4": {
      "fe_best": 0.04872609083276307,
      "thresholds": [
        1,
        4,
        8,
        9,
        10,
        107,
        251,
        252,
        253,
        254
      ],
      "time_sec": 4.653094530105591
    },
    "PA5": {
      "fe_best": 0.04885436289420031,
      "thresholds": [
        1,
        2,
        3,
        4,
        5,
        6,
        7,
        8,
        109,
        254
      ],
      "time_sec": 8.792231798171997
    }
  }
}