{
  "image_index": 33,
  "image_path": "dataset/BDS500/images/val\\182053.jpg",
  "k": 10,
  "strategies": {
    "PA1": {
      "fe_best": 0.05081092138526171,
      "thresholds": [
        1,
        2,
        3,
        4,
        5,
        7,
        10,
        11,
        90,
        254
      ],
      "time_sec": 4.555683612823486
    },
    "PA2": {
      "fe_best": 0.05082177460395104,
      "thresholds": [
        1,
        2,
        3,
        4,
        5,
        6,
        9,
        10,
        91,
        254
      ],
      "time_sec": 4.484172105789185
    },
    "PA3": {
      "fe_best": 0.05073488965936959,
      "thresholds": [
        1,
        3,
        4,
        5,
        8,
        9,
        12,
        90,
        253,
        254
      ],
      "time_sec": 4.476126194000244
    },
    "PA4": {
      "fe_best": 0.05082958713564481,
      "thresholds": [
        1,
        2,
        3,
        4,
        6,
        7,
        10,
        11,
        90,
        254
      ],
      "time_sec": 4.5523598194122314
    },
    "PA5": {
      "fe_best": 0.050817120784491146,
      "thresholds": [
        1,
        2,
        3,
        4,
        5,
        8,
        9,
        12,
        90,
        254
      ],
      "time_sec": 8.78641152381897
    }
  }
}