{
  "image_index": 34,
  "image_path": "dataset/BDS500/images/val\\189080.jpg",
  "k": 10,
  "strategies": {
    "PA1": {
      "fe_best": 0.05254642613035712,
      "thresholds": [
        3,
        6,
        7,
        10,
        11,
        14,
        15,
        17,
        54,
        254
      ],
      "time_sec": 4.40941858291626
    },
    "PA2": {
      "fe_best": 0.052579345862450076,
      "thresholds": [
        1,
        2,
        5,
        6,
        9,
        10,
        13,
        14,
        57,
        254
      ],
      "time_sec": 4.498165130615234
    },
    "PA3": {
      "fe_best": 0.05255603881792464,
      "thresholds": [
        1,
        3,
        4,
        5,
        8,
        9,
        12,
        13,
        58,
        254
      ],
      "time_sec": 4.383932590484619
    },
    "PA4": {
      "fe_best": 0.05253586049444835,
      "thresholds": [
        1,
        2,
        3,
        4,
        5,
        8,
        9,
        12,
        59,
        254
      ],
      "time_sec": 4.508091688156128
    },
    "PA5": {
      "fe_best": 0.052579345862450076,
      "thresholds": [
        1,
        2,
        5,
        6,
        9,
        10,
        13,
        14,
        57,
        254
      ],
      "time_sec": 8.75041127204895
    }
  }
}