{
  "image_index": 47,
  "image_path": "dataset/BDS500/images/val\\236037.jpg",
  "k": 10,
  "strategies": {
    "PA1": {
      "fe_best": 0.04628532303183075,
      "thresholds": [
        3,
        4,
        5,
        7,
        11,
        12,
        52,
        250,
        251,
        254
      ],
      "time_sec": 4.4348835945129395
    },
    "PA2": {
      "fe_best": 0.04631451099002633,
      "thresholds": [
        1,
        2,
        3,
        4,
        5,
        6,
        57,
        250,
        253,
        254
      ],
      "time_sec": 4.506494522094727
    },
    "PA3": {
      "fe_best": 0.04649053190060502,
      "thresholds": [
        5,
        70,
        91,
        122,
        123,
        126,
        127,
        162,
        171,
        254
      ],
      "time_sec": 4.342126846313477
    },
    "PA4": {
      "fe_best": 0.04630946336596135,
      "thresholds": [
        4,
        5,
        6,
        8,
        9,
        10,
        53,
        250,
        251,
        254
      ],
      "time_sec": 4.335061073303223
    },
    "PA5": {
      "fe_best": 0.04632207701833363,
      "thresholds": [
        1,
        2,
        3,
        4,
        5,
        56,
        249,
        250,
        253,
        254
      ],
      "time_sec": 8.82332992553711
    }
  }
}