{
  "image_index": 49,
  "image_path": "dataset/BDS500/images/val\\241004.jpg",
  "k": 10,
  "strategies": {
    "PA1": {
      "fe_best": 0.04508310297273714,
      "thresholds": [
        1,
        2,
        3,
        4,
        5,
        7,
        8,
        10,
        57,
        246
      ],
      "time_sec": 4.379866600036621
    },
    "PA2": {
      "fe_best": 0.04622690512910354,
      "thresholds": [
        1,
        2,
        3,
        5,
        7,
        8,
        53,
        250,
        251,
        254
      ],
      "time_sec": 4.311439514160156
    },
    "PA3": {
      "fe_best": 0.04555384467789592,
      "thresholds": [
        2,
        3,
        6,
        7,
        8,
        10,
        11,
        54,
        251,
        252
      ],
      "time_sec": 4.551865577697754
    },
    "PA4": {
      "fe_best": 0.0459542488276663,
      "thresholds": [
        1,
        2,
        3,
        4,
        5,
        6,
        7,
        52,
        251,
        252
      ],
      "time_sec": 4.378024578094482
    },
    "PA5": {
      "fe_best": 0.0459542488276663,
      "thresholds": [
        1,
        2,
        3,
        4,
        5,
        6,
        7,
        52,
        251,
        252
      ],
      "time_sec": 8.680037498474121
    }
  }
}