{
  "image_index": 44,
  "image_path": "dataset/BDS500/images/val\\223061.jpg",
  "k": 10,
  "strategies": {
    "PA1": {
      "fe_best": 0.049839743662045626,
      "thresholds": [
        1,
        2,
        5,
        6,
        9,
        10,
        13,
        14,
        17,
        18
      ],
      "time_sec": 4.375425100326538
    },
    "PA2": {
      "fe_best": 0.049839743662045626,
      "thresholds": [
        1,
        2,
        5,
        6,
        9,
        10,
        13,
        14,
        17,
        18
      ],
      "time_sec": 4.320934534072876
    },
    "PA3": {
      "fe_best": 0.04672701730795172,
      "thresholds": [
        23,
        30,
        31,
        54,
        67,
        78,
        89,
        90,
        189,
        254
      ],
      "time_sec": 4.377564430236816
    },
    "PA4": {
      "fe_best": 0.04947113625791773,
      "thresholds": [
        1,
        2,
        3,
        4,
        7,
        8,
        11,
        12,
        15,
        20
      ],
      "time_sec": 4.378356695175171
    },
    "PA5": {
      "fe_best": 0.04988051417297601,
      "thresholds": [
        1,
        4,
        5,
        8,
        9,
        12,
        13,
        16,
        17,
        20
      ],
      "time_sec": 8.753309965133667
    }
  }
}