{
  "image_index": 42,
  "image_path": "dataset/BDS500/images/val\\219090.jpg",
  "k": 10,
  "strategies": {
    "PA1": {
      "fe_best": 0.048357839505552926,
      "thresholds": [
        1,
        5,
        6,
        9,
        14,
        37,
        54,
        233,
        251,
        252
      ],
      "time_sec": 4.5508012771606445
    },
    "PA2": {
      "fe_best": 0.048357329292798706,
      "thresholds": [
        2,
        3,
        5,
        11,
        18,
        41,
        42,
        237,
        252,
        254
      ],
      "time_sec": 4.403855562210083
    },
    "PA3": {
      "fe_best": 0.048786172368984713,
      "thresholds": [
        1,
        4,
        11,
        34,
        35,
        50,
        51,
        54,
        227,
        254
      ],
      "time_sec": 4.48675012588501
    },
    "PA4": {
      "fe_best": 0.048511048806796304,
      "thresholds": [
        1,
        4,
        9,
        12,
        17,
        38,
        45,
        46,
        237,
        254
      ],
      "time_sec": 4.43006443977356
    },
    "PA5": {
      "fe_best": 0.048396681711582644,
      "thresholds": [
        1,
        3,
        6,
        7,
        8,
        11,
        43,
        44,
        235,
        254
      ],
      "time_sec": 8.719487190246582
    }
  }
}