{
  "image_index": 56,
  "image_path": "dataset/BDS500/images/val\\291000.jpg",
  "k": 10,
  "strategies": {
    "PA1": {
      "fe_best": 0.04578210358540309,
      "thresholds": [
        5,
        73,
        90,
        117,
        126,
        129,
        130,
        137,
        150,
        237
      ],
      "time_sec": 4.253147125244141
    },
    "PA2": {
      "fe_best": 0.04614523968434606,
      "thresholds": [
        8,
        86,
        111,
        146,
        147,
        150,
        151,
        154,
        155,
        249
      ],
      "time_sec": 4.279137849807739
    },
    "PA3": {
      "fe_best": 0.0455989057550361,
      "thresholds": [
        3,
        36,
        49,
        63,
        88,
        99,
        100,
        103,
        104,
        227
      ],
      "time_sec": 4.359251976013184
    },
    "PA4": {
      "fe_best": 0.04587931924980787,
      "thresholds": [
        6,
        69,
        86,
        113,
        122,
        125,
        126,
        133,
        146,
        241
      ],
      "time_sec": 4.4536871910095215
    },
    "PA5": {
      "fe_best": 0.045735785141202474,
      "thresholds": [
        1,
        2,
        3,
        4,
        5,
        6,
        7,
        150,
        247,
        248
      ],
      "time_sec": 10.292935371398926
    }
  }
}