{
  "image_index": 50,
  "image_path": "dataset/BDS500/images/val\\241048.jpg",
  "k": 10,
  "strategies": {
    "PA1": {
      "fe_best": 0.04258212004132707,
      "thresholds": [
        1,
        2,
        3,
        6,
        7,
        17,
        67,
        178,
        195,
        246
      ],
      "time_sec": 4.4135167598724365
    },
    "PA2": {
      "fe_best": 0.04256548933436288,
      "thresholds": [
        1,
        2,
        4,
        6,
        9,
        11,
        17,
        22,
        55,
        250
      ],
      "time_sec": 4.494219779968262
    },
    "PA3": {
      "fe_best": 0.04260613783060249,
      "thresholds": [
        1,
        3,
        6,
        10,
        24,
        65,
        179,
        194,
        243,
        246
      ],
      "time_sec": 4.454991579055786
    },
    "PA4": {
      "fe_best": 0.04256717872297324,
      "thresholds": [
        1,
        3,
        4,
        5,
        7,
        17,
        18,
        21,
        59,
        248
      ],
      "time_sec": 4.474451780319214
    },
    "PA5": {
      "fe_best": 0.042618990708274365,
      "thresholds": [
        1,
        2,
        4,
        5,
        7,
        9,
        16,
        58,
        251,
        254
      ],
      "time_sec": 9.060303211212158
    }
  }
}