{
  "image_index": 66,
  "image_path": "dataset/BDS500/images/val\\3096.jpg",
  "k": 10,
  "strategies": {
    "PA1": {
      "fe_best": 0.053467804729642285,
      "thresholds": [
        2,
        3,
        4,
        7,
        8,
        11,
        12,
        60,
        253,
        254
      ],
      "time_sec": 4.701096057891846
    },
    "PA2": {
      "fe_best": 0.05405191426382399,
      "thresholds": [
        1,
        2,
        3,
        4,
        5,
        8,
        183,
        252,
        253,
        254
      ],
      "time_sec": 3.8121886253356934
    },
    "PA3": {
      "fe_best": 0.054032577873534875,
      "thresholds": [
        1,
        2,
        3,
        4,
        5,
        8,
        9,
        10,
        181,
        254
      ],
      "time_sec": 3.818025588989258
    },
    "PA4": {
      "fe_best": 0.05399584570729888,
      "thresholds": [
        1,
        2,
        3,
        4,
        5,
        6,
        7,
        10,
        11,
        180
      ],
      "time_sec": 3.866468906402588
    },
    "PA5": {
      "fe_best": 0.05410144225319753,
      "thresholds": [
        1,
        2,
        3,
        4,
        5,
        6,
        185,
        252,
        253,
        254
      ],
      "time_sec": 7.6320202350616455
    }
  }
}