{
  "image_index": 62,
  "image_path": "dataset/BDS500/images/val\\302008.jpg",
  "k": 10,
  "strategies": {
    "PA1": {
      "fe_best": 0.053894745607797084,
      "thresholds": [
        39,
        44,
        47,
        52,
        55,
        84,
        91,
        108,
        203,
        252
      ],
      "time_sec": 4.240557432174683
    },
    "PA2": {
      "fe_best": 0.053773227149855725,
      "thresholds": [
        39,
        48,
        51,
        78,
        115,
        204,
        251,
        252,
        253,
        254
      ],
      "time_sec": 4.321460247039795
    },
    "PA3": {
      "fe_best": 0.053870281878304484,
      "thresholds": [
        39,
        40,
        47,
        54,
        55,
        82,
        99,
        102,
        207,
        252
      ],
      "time_sec": 4.4091737270355225
    },
    "PA4": {
      "fe_best": 0.05388154423677295,
      "thresholds": [
        39,
        44,
        47,
        48,
        67,
        77,
        114,
        201,
        253,
        254
      ],
      "time_sec": 4.257503509521484
    },
    "PA5": {
      "fe_best": 0.053825079043576834,
      "thresholds": [
        39,
        44,
        47,
        48,
        55,
        65,
        122,
        197,
        252,
        254
      ],
      "time_sec": 8.805427551269531
    }
  }
}