{
  "image_index": 65,
  "image_path": "dataset/BDS500/images/val\\306005.jpg",
  "k": 10,
  "strategies": {
    "PA1": {
      "fe_best": 0.04956060086693895,
      "thresholds": [
        30,
        39,
        42,
        43,
        54,
        71,
        86,
        131,
        186,
        203
      ],
      "time_sec": 3.757791042327881
    },
    "PA2": {
      "fe_best": 0.04935395253935187,
      "thresholds": [
        31,
        32,
        35,
        52,
        71,
        88,
        111,
        147,
        148,
        204
      ],
      "time_sec": 3.6854772567749023
    },
    "PA3": {
      "fe_best": 0.04938319528405754,
      "thresholds": [
        29,
        48,
        51,
        52,
        136,
        202,
        211,
        242,
        251,
        254
      ],
      "time_sec": 3.6614763736724854
    },
    "PA4": {
      "fe_best": 0.04955640748857946,
      "thresholds": [
        31,
        32,
        55,
        56,
        59,
        76,
        91,
        172,
        251,
        252
      ],
      "time_sec": 3.7442498207092285
    },
    "PA5": {
      "fe_best": 0.049653576441354985,
      "thresholds": [
        27,
        28,
        31,
        32,
        51,
        76,
        101,
        112,
        149,
        254
      ],
      "time_sec": 11.115448474884033
    }
  }
}