{
  "image_index": 63,
  "image_path": "dataset/BDS500/images/val\\304034.jpg",
  "k": 10,
  "strategies": {
    "PA1": {
      "fe_best": 0.046925990098527534,
      "thresholds": [
        25,
        28,
        33,
        36,
        37,
        40,
        81,
        252,
        253,
        254
      ],
      "time_sec": 5.308960914611816
    },
    "PA2": {
      "fe_best": 0.046574710406635,
      "thresholds": [
        28,
        29,
        32,
        35,
        36,
        43,
        71,
        234,
        235,
        254
      ],
      "time_sec": 4.513498783111572
    },
    "PA3": {
      "fe_best": 0.046347680041818634,
      "thresholds": [
        25,
        74,
        77,
        78,
        121,
        168,
        169,
        184,
        225,
        253
      ],
      "time_sec": 4.0331385135650635
    },
    "PA4": {
      "fe_best": 0.04676228583835549,
      "thresholds": [
        27,
        49,
        52,
        85,
        88,
        89,
        92,
        129,
        216,
        222
      ],
      "time_sec": 4.426455020904541
    },
    "PA5": {
      "fe_best": 0.04696793233278616,
      "thresholds": [
        27,
        30,
        31,
        50,
        51,
        54,
        55,
        250,
        251,
        254
      ],
      "time_sec": 7.877031326293945
    }
  }
}