{
  "image_index": 77,
  "image_path": "dataset/BDS500/images/val\\42012.jpg",
  "k": 10,
  "strategies": {
    "PA1": {
      "fe_best": 0.048368923987319554,
      "thresholds": [
        1,
        2,
        3,
        4,
        5,
        6,
        7,
        10,
        11,
        50
      ],
      "time_sec": 4.540846586227417
    },
    "PA2": {
      "fe_best": 0.05156468711523399,
      "thresholds": [
        239,
        240,
        243,
        245,
        248,
        249,
        251,
        252,
        253,
        254
      ],
      "time_sec": 4.547072887420654
    },
    "PA3": {
      "fe_best": 0.04725634733927213,
      "thresholds": [
        1,
        2,
        3,
        5,
        7,
        10,
        55,
        225,
        226,
        229
      ],
      "time_sec": 4.432542324066162
    },
    "PA4": {
      "fe_best": 0.046859192011088104,
      "thresholds": [
        73,
        76,
        77,
        128,
        131,
        132,
        155,
        172,
        253,
        254
      ],
      "time_sec": 4.5047502517700195
    },
    "PA5": {
      "fe_best": 0.04727632410434079,
      "thresholds": [
        1,
        2,
        6,
        7,
        8,
        59,
        224,
        225,
        228,
        241
      ],
      "time_sec": 8.795087337493896
    }
  }
}