{
  "image_index": 74,
  "image_path": "dataset/BDS500/images/val\\385039.jpg",
  "k": 10,
  "strategies": {
    "PA1": {
      "fe_best": 0.050091608391482315,
      "thresholds": [
        1,
        2,
        3,
        5,
        6,
        8,
        9,
        13,
        34,
        81
      ],
      "time_sec": 4.518336534500122
    },
    "PA2": {
      "fe_best": 0.0518831712452591,
      "thresholds": [
        241,
        242,
        245,
        246,
        249,
        250,
        251,
        252,
        253,
        254
      ],
      "time_sec": 4.461823463439941
    },
    "PA3": {
      "fe_best": 0.049510905588849234,
      "thresholds": [
        1,
        2,
        119,
        211,
        224,
        235,
        236,
        243,
        247,
        254
      ],
      "time_sec": 4.56488823890686
    },
    "PA4": {
      "fe_best": 0.049607245047310726,
      "thresholds": [
        1,
        124,
        200,
        201,
        204,
        209,
        220,
        225,
        244,
        248
      ],
      "time_sec": 4.456462621688843
    },
    "PA5": {
      "fe_best": 0.05198230571072682,
      "thresholds": [
        239,
        240,
        243,
        244,
        247,
        248,
        249,
        250,
        251,
        254
      ],
      "time_sec": 8.860239744186401
    }
  }
}