{
  "image_index": 84,
  "image_path": "dataset/BDS500/images/val\\62096.jpg",
  "k": 10,
  "strategies": {
    "PA1": {
      "fe_best": 0.05251517414040256,
      "thresholds": [
        1,
        2,
        4,
        6,
        7,
        43,
        196,
        210,
        231,
        234
      ],
      "time_sec": 4.635741233825684
    },
    "PA2": {
      "fe_best": 0.052606045012994575,
      "thresholds": [
        1,
        2,
        4,
        6,
        11,
        37,
        211,
        212,
        219,
        236
      ],
      "time_sec": 4.603017807006836
    },
    "PA3": {
      "fe_best": 0.052481380766979654,
      "thresholds": [
        1,
        8,
        13,
        23,
        28,
        206,
        213,
        218,
        231,
        234
      ],
      "time_sec": 4.8028175830841064
    },
    "PA4": {
      "fe_best": 0.05258590404751563,
      "thresholds": [
        1,
        2,
        3,
        6,
        9,
        10,
        11,
        34,
        231,
        234
      ],
      "time_sec": 4.6810362339019775
    },
    "PA5": {
      "fe_best": 0.05259488419155556,
      "thresholds": [
        1,
        2,
        4,
        6,
        7,
        11,
        36,
        222,
        231,
        234
      ],
      "time_sec": 9.368444442749023
    }
  }
}