{
  "image_index": 85,
  "image_path": "dataset/BDS500/images/val\\65033.jpg",
  "k": 10,
  "strategies": {
    "PA1": {
      "fe_best": 0.047086243633286506,
      "thresholds": [
        1,
        6,
        20,
        171,
        180,
        191,
        204,
        214,
        237,
        246
      ],
      "time_sec": 4.739138841629028
    },
    "PA2": {
      "fe_best": 0.04712278831127499,
      "thresholds": [
        10,
        16,
        177,
        178,
        193,
        198,
        223,
        250,
        251,
        254
      ],
      "time_sec": 4.739663600921631
    },
    "PA3": {
      "fe_best": 0.047445108796080236,
      "thresholds": [
        1,
        2,
        3,
        4,
        6,
        8,
        12,
        250,
        251,
        254
      ],
      "time_sec": 4.9914655685424805
    },
    "PA4": {
      "fe_best": 0.047115361191814455,
      "thresholds": [
        10,
        17,
        174,
        177,
        206,
        214,
        229,
        242,
        251,
        254
      ],
      "time_sec": 5.187631130218506
    },
    "PA5": {
      "fe_best": 0.04743541592705385,
      "thresholds": [
        1,
        2,
        3,
        4,
        5,
        6,
        7,
        14,
        251,
        252
      ],
      "time_sec": 9.767391681671143
    }
  }
}