{
  "image_index": 82,
  "image_path": "dataset/BDS500/images/val\\55073.jpg",
  "k": 10,
  "strategies": {
    "PA1": {
      "fe_best": 0.05045269365992563,
      "thresholds": [
        239,
        242,
        243,
        246,
        247,
        250,
        251,
        252,
        253,
        254
      ],
      "time_sec": 5.1218037605285645
    },
    "PA2": {
      "fe_best": 0.05038602057546586,
      "thresholds": [
        241,
        242,
        245,
        246,
        247,
        250,
        251,
        252,
        253,
        254
      ],
      "time_sec": 4.354370355606079
    },
    "PA3": {
      "fe_best": 0.05045269365992563,
      "thresholds": [
        239,
        242,
        243,
        246,
        247,
        250,
        251,
        252,
        253,
        254
      ],
      "time_sec": 4.381751537322998
    },
    "PA4": {
      "fe_best": 0.05057162212434201,
      "thresholds": [
        239,
        240,
        241,
        244,
        245,
        248,
        249,
        252,
        253,
        254
      ],
      "time_sec": 4.421138048171997
    },
    "PA5": {
      "fe_best": 0.050498569520870236,
      "thresholds": [
        239,
        240,
        243,
        244,
        247,
        248,
        249,
        252,
        253,
        254
      ],
      "time_sec": 9.303200960159302
    }
  }
}