{
  "image_index": 87,
  "image_path": "dataset/BDS500/images/val\\69015.jpg",
  "k": 10,
  "strategies": {
    "PA1": {
      "fe_best": 0.04838384846364765,
      "thresholds": [
        23,
        24,
        27,
        28,
        31,
        32,
        115,
        137,
        158,
        188
      ],
      "time_sec": 4.614612340927124
    },
    "PA2": {
      "fe_best": 0.047977656703820565,
      "thresholds": [
        23,
        24,
        27,
        32,
        35,
        56,
        63,
        136,
        167,
        205
      ],
      "time_sec": 4.747299432754517
    },
    "PA3": {
      "fe_best": 0.04804387804582094,
      "thresholds": [
        1,
        44,
        47,
        48,
        249,
        250,
        251,
        252,
        253,
        254
      ],
      "time_sec": 4.71281623840332
    },
    "PA4": {
      "fe_best": 0.04766739953747247,
      "thresholds": [
        23,
        32,
        107,
        152,
        155,
        204,
        219,
        223,
        229,
        251
      ],
      "time_sec": 4.739868640899658
    },
    "PA5": {
      "fe_best": 0.048112206855082655,
      "thresholds": [
        21,
        23,
        60,
        63,
        64,
        67,
        213,
        228,
        253,
        254
      ],
      "time_sec": 9.716186046600342
    }
  }
}