{
  "image_index": 96,
  "image_path": "dataset/BDS500/images/val\\86068.jpg",
  "k": 10,
  "strategies": {
    "PA1": {
      "fe_best": 0.049538531547591094,
      "thresholds": [
        1,
        2,
        3,
        4,
        5,
        6,
        7,
        71,
        253,
        254
      ],
      "time_sec": 4.697222948074341
    },
    "PA2": {
      "fe_best": 0.04953516884673789,
      "thresholds": [
        1,
        2,
        3,
        4,
        5,
        6,
        7,
        8,
        71,
        254
      ],
      "time_sec": 4.661816596984863
    },
    "PA3": {
      "fe_best": 0.049538531547591094,
      "thresholds": [
        1,
        2,
        3,
        4,
        5,
        6,
        7,
        71,
        253,
        254
      ],
      "time_sec": 4.868778228759766
    },
    "PA4": {
      "fe_best": 0.04954281135894506,
      "thresholds": [
        1,
        2,
        3,
        4,
        5,
        6,
        73,
        252,
        253,
        254
      ],
      "time_sec": 4.7200682163238525
    },
    "PA5": {
      "fe_best": 0.04954683858512629,
      "thresholds": [
        1,
        2,
        3,
        4,
        5,
        73,
        251,
        252,
        253,
        254
      ],
      "time_sec": 9.577660322189331
    }
  }
}