{
  "image_index": 93,
  "image_path": "dataset/BDS500/images/val\\85048.jpg",
  "k": 10,
  "strategies": {
    "PA1": {
      "fe_best": 0.047405048398049654,
      "thresholds": [
        1,
        2,
        3,
        4,
        5,
        22,
        25,
        150,
        239,
        240
      ],
      "time_sec": 4.8511950969696045
    },
    "PA2": {
      "fe_best": 0.04735485660545842,
      "thresholds": [
        1,
        2,
        7,
        10,
        21,
        25,
        150,
        232,
        235,
        236
      ],
      "time_sec": 4.805666446685791
    },
    "PA3": {
      "fe_best": 0.04721023482318276,
      "thresholds": [
        1,
        20,
        26,
        164,
        195,
        196,
        235,
        250,
        251,
        254
      ],
      "time_sec": 4.760194301605225
    },
    "PA4": {
      "fe_best": 0.04770317493105093,
      "thresholds": [
        15,
        29,
        158,
        231,
        238,
        239,
        243,
        250,
        251,
        254
      ],
      "time_sec": 4.655091285705566
    },
    "PA5": {
      "fe_best": 0.047783959480380625,
      "thresholds": [
        1,
        2,
        3,
        4,
        5,
        29,
        244,
        248,
        251,
        252
      ],
      "time_sec": 9.37381887435913
    }
  }
}