{
  "image_index": 99,
  "image_path": "dataset/BDS500/images/val\\97033.jpg",
  "k": 10,
  "strategies": {
    "PA1": {
      "fe_best": 0.04601865462341641,
      "thresholds": [
        1,
        2,
        3,
        4,
        5,
        6,
        7,
        8,
        159,
        244
      ],
      "time_sec": 4.699156999588013
    },
    "PA2": {
      "fe_best": 0.04651798514896503,
      "thresholds": [
        1,
        2,
        3,
        4,
        5,
        6,
        159,
        228,
        247,
        248
      ],
      "time_sec": 4.73897910118103
    },
    "PA3": {
      "fe_best": 0.046587981942139464,
      "thresholds": [
        1,
        3,
        5,
        6,
        7,
        10,
        156,
        240,
        251,
        252
      ],
      "time_sec": 4.71544885635376
    },
    "PA4": {
      "fe_best": 0.04514615391571089,
      "thresholds": [
        1,
        2,
        11,
        33,
        34,
        37,
        62,
        189,
        191,
        240
      ],
      "time_sec": 4.838501691818237
    },
    "PA5": {
      "fe_best": 0.04672026571023359,
      "thresholds": [
        1,
        2,
        3,
        4,
        5,
        6,
        157,
        242,
        251,
        254
      ],
      "time_sec": 9.277891159057617
    }
  }
}