{
  "image_index": 95,
  "image_path": "dataset/BDS500/images/val\\86016.jpg",
  "k": 10,
  "strategies": {
    "PA1": {
      "fe_best": 0.048939253654906076,
      "thresholds": [
        1,
        2,
        3,
        4,
        5,
        6,
        7,
        8,
        9,
        10
      ],
      "time_sec": 4.655510187149048
    },
    "PA2": {
      "fe_best": 0.04657978172256505,
      "thresholds": [
        1,
        2,
        182,
        243,
        245,
        246,
        249,
        250,
        253,
        254
      ],
      "time_sec": 4.7934815883636475
    },
    "PA3": {
      "fe_best": 0.0462727229014232,
      "thresholds": [
        16,
        37,
        47,
        95,
        117,
        170,
        173,
        174,
        177,
        254
      ],
      "time_sec": 4.667853593826294
    },
    "PA4": {
      "fe_best": 0.048939253654906076,
      "thresholds": [
        1,
        2,
        3,
        4,
        5,
        6,
        7,
        8,
        9,
        10
      ],
      "time_sec": 4.832835912704468
    },
    "PA5": {
      "fe_best": 0.048939253654906076,
      "thresholds": [
        1,
        2,
        3,
        4,
        5,
        6,
        7,
        8,
        9,
        10
      ],
      "time_sec": 9.70563292503357
    }
  }
}