{
  "image_index": 91,
  "image_path": "dataset/BDS500/images/val\\78004.jpg",
  "k": 10,
  "strategies": {
    "PA1": {
      "fe_best": 0.04809740440990998,
      "thresholds": [
        1,
        6,
        13,
        18,
        33,
        38,
        41,
        70,
        97,
        174
      ],
      "time_sec": 4.786447286605835
    },
    "PA2": {
      "fe_best": 0.048559790708097676,
      "thresholds": [
        1,
        4,
        6,
        7,
        10,
        11,
        14,
        24,
        215,
        220
      ],
      "time_sec": 4.651724576950073
    },
    "PA3": {
      "fe_best": 0.048425158447883074,
      "thresholds": [
        6,
        60,
        138,
        139,
        142,
        143,
        146,
        147,
        150,
        155
      ],
      "time_sec": 4.637389898300171
    },
    "PA4": {
      "fe_best": 0.048050266274985896,
      "thresholds": [
        4,
        75,
        102,
        103,
        114,
        134,
        139,
        142,
        143,
        160
      ],
      "time_sec": 4.6172685623168945
    },
    "PA5": {
      "fe_best": 0.04896728862974548,
      "thresholds": [
        1,
        3,
        4,
        7,
        8,
        11,
        12,
        15,
        36,
        187
      ],
      "time_sec": 9.355952262878418
    }
  }
}