{
  "image_index": 98,
  "image_path": "dataset/BDS500/images/val\\89072.jpg",
  "k": 10,
  "strategies": {
    "PA1": {
      "fe_best": 0.04999235630017074,
      "thresholds": [
        1,
        2,
        3,
        5,
        6,
        7,
        10,
        12,
        19,
        24
      ],
      "time_sec": 4.707311153411865
    },
    "PA2": {
      "fe_best": 0.049995753394257506,
      "thresholds": [
        1,
        2,
        3,
        4,
        5,
        9,
        10,
        14,
        15,
        28
      ],
      "time_sec": 4.901028394699097
    },
    "PA3": {
      "fe_best": 0.049292086501816726,
      "thresholds": [
        1,
        2,
        12,
        13,
        14,
        20,
        21,
        30,
        221,
        226
      ],
      "time_sec": 4.715240001678467
    },
    "PA4": {
      "fe_best": 0.049995753394257506,
      "thresholds": [
        1,
        2,
        3,
        4,
        5,
        6,
        9,
        10,
        15,
        28
      ],
      "time_sec": 4.80875301361084
    },
    "PA5": {
      "fe_best": 0.049995753394257506,
      "thresholds": [
        1,
        3,
        5,
        7,
        11,
        12,
        13,
        14,
        15,
        28
      ],
      "time_sec": 9.357603788375854
    }
  }
}