{
  "algorithm": "OTSU",
  "thresholds": [
    30,
    39,
    48,
    57,
    67,
    82,
    101,
    123,
    145,
    174
  ],
  "best_f": -32.888055001589514,
  "entropy": 32.888055001589514,
  "time": 0.4277019500732422,
  "metrics": {
    "psnr": 37.52127856079338,
    "ssim": 0.9537370288223536,
    "boundary_dsc": 0.20255098415405387
  }
}