{
  "algorithm": "HYBRID-PA1",
  "thresholds": [
    11,
    32,
    50,
    65,
    77,
    98,
    114,
    133,
    146,
    161
  ],
  "best_f": -0.04484032535804143,
  "entropy": 0.04484032535804143,
  "time": 8.603242635726929,
  "metrics": {
    "psnr": 12.995669598933246,
    "ssim": 0.7648582360800162,
    "dice": 0.14946991601266693
  }
}