{
  "algorithm": "PSO",
  "thresholds": [
    27,
    52,
    74,
    96,
    119,
    142,
    166,
    190,
    215,
    235
  ],
  "best_f": -37.25068654883869,
  "entropy": 37.25068654883869,
  "time": 4.968551158905029,
  "metrics": {
    "psnr": 31.783643058655624,
    "ssim": 0.8540996997910222,
    "dice": 0.156890729531698
  }
}