{
  "algorithm": "WOA",
  "thresholds": [
    65,
    79,
    92,
    107,
    120,
    135,
    152,
    163,
    180,
    195
  ],
  "best_f": -0.04589560512110792,
  "entropy": 0.04589560512110792,
  "time": 9.445923805236816,
  "metrics": {
    "psnr": 17.86020086709581,
    "ssim": 0.6973753936376491,
    "dice": 0.15515093689539106
  }
}