{
  "algorithm": "WOA",
  "thresholds": [
    53,
    74,
    94,
    115,
    136,
    156,
    176,
    196,
    216,
    236
  ],
  "best_f": -36.11674375354735,
  "entropy": 36.11674375354735,
  "time": 8.064634799957275,
  "metrics": {
    "psnr": 32.90433224551391,
    "ssim": 0.8986173266854799,
    "boundary_dsc": 0.17521115221032085
  }
}