{
  "algorithm": "HYBRID-PA6",
  "thresholds": [
    55,
    76,
    94,
    111,
    131,
    152,
    173,
    194,
    215,
    234
  ],
  "best_f": -36.037521236109626,
  "entropy": 36.037521236109626,
  "time": 2.1608386039733887,
  "metrics": {
    "psnr": 32.91253627042738,
    "ssim": 0.8975140002206002,
    "boundary_dsc": 0.176740636514315
  }
}