{
  "image_name": "uploaded",
  "timestamp": "2026-04-18T16:00:43.332674",
  "total_time": 19.581215620040894,
  "best_overall_algo": "WOA",
  "best_overall_f": -37.3811730677496,
  "best_overall_entropy": 37.3811730677496,
  "results": {
    "GWO": {
      "entropy": 36.40790120690116,
      "time": 2.253074884414673,
      "metrics": {
        "psnr": 29.507806652620157,
        "ssim": 0.8481419197722934,
        "dice": 0.1752304353885051
      }
    },
    "WOA": {
      "entropy": 37.3811730677496,
      "time": 2.111149787902832,
      "metrics": {
        "psnr": 31.880204127289538,
        "ssim": 0.8590206322526523,
        "dice": 0.19388249163210744
      }
    },
    "PSO": {
      "entropy": 37.09534576093067,
      "time": 4.0698161125183105,
      "metrics": {
        "psnr": 32.23956423017241,
        "ssim": 0.8691729982893444,
        "dice": 0.18896825069154866
      }
    },
    "OTSU": {
      "entropy": 37.32327731686907,
      "time": 0.005953550338745117,
      "metrics": {
        "psnr": 32.05582175934414,
        "ssim": 0.8618334008086992,
        "dice": 0.18910962429233144
      }
    },
    "HYBRID-PA5": {
      "entropy": 37.33641045352102,
      "time": 4.819855690002441,
      "metrics": {
        "psnr": 32.20728333500905,
        "ssim": 0.8650185280509667,
        "dice": 0.20014469316537578
      }
    },
    "HYBRID-PA6": {
      "entropy": 36.99020463131593,
      "time": 2.4684677124023438,
      "metrics": {
        "psnr": 29.689005351018643,
        "ssim": 0.846577175664925,
        "dice": 0.16676930182433994
      }
    }
  }
}