{
  "algorithm": "HYBRID-PA5",
  "thresholds": [
    43,
    63,
    83,
    104,
    125,
    147,
    169,
    191,
    213,
    234
  ],
  "best_f": -35.87074510766594,
  "entropy": 35.87074510766594,
  "time": 5.026735782623291,
  "metrics": {
    "psnr": 32.52925872147386,
    "ssim": 0.9331638321101637,
    "dice": 0.13698579151585077
  }
}