{
  "algorithm": "HYBRID-PA6",
  "thresholds": [
    13,
    31,
    62,
    94,
    126,
    156,
    186,
    221
  ],
  "best_f": -30.849406481944474,
  "entropy": 30.849406481944474,
  "time": 2.13097882270813,
  "metrics": {
    "psnr": 34.341114430469176,
    "ssim": 0.9379379136002185,
    "dice": 0.26942019798117717
  }
}