{
  "config": {
    "eval_mode": "single_image_multi_seed",
    "image_id": "393035",
    "k": 10,
    "seeds": [
      42,
      43,
      44,
      45,
      46
    ],
    "n_agents": 30,
    "n_iters": 80,
    "use_penalties": true,
    "penalty_mode": "light",
    "n_images": 1,
    "algorithms": [
      "GWO",
      "WOA",
      "PSO",
      "OTSU",
      "PA5",
      "PA6"
    ],
    "image_path": "dataset/BDS500/images\\test\\393035.jpg",
    "gt_path": "dataset/BDS500/ground_truth\\test\\393035.mat"
  },
  "summary_statistics": {
    "GWO": {
      "n_runs": 5,
      "n_images": 1,
      "n_seeds": 5,
      "boundary_dsc_mean": 0.2965403792762717,
      "boundary_dsc_sd": 0.0015644633084653985,
      "fe_mean": 35.185924625677636,
      "fe_sd": 0.11427788148679457,
      "psnr_mean": 32.3581038965213,
      "psnr_sd": 0.3050026979518763,
      "ssim_mean": 0.9259309800228754,
      "ssim_sd": 0.0033577703282589365,
      "time_mean": 15.549563264846801,
      "time_sd": 0.6395925823736526
    },
    "WOA": {
      "n_runs": 5,
      "n_images": 1,
      "n_seeds": 5,
      "boundary_dsc_mean": 0.29876643580037293,
      "boundary_dsc_sd": 0.0016358928077514084,
      "fe_mean": 35.59689856958961,
      "fe_sd": 0.07444602114848117,
      "psnr_mean": 33.15878026002335,
      "psnr_sd": 0.08774794448937884,
      "ssim_mean": 0.9310493888654465,
      "ssim_sd": 0.0017088554675152238,
      "time_mean": 15.260808563232422,
      "time_sd": 0.9451695031114549
    },
    "PSO": {
      "n_runs": 5,
      "n_images": 1,
      "n_seeds": 5,
      "boundary_dsc_mean": 0.2980539087870998,
      "boundary_dsc_sd": 0.0030525203616172726,
      "fe_mean": 35.53397051498756,
      "fe_sd": 0.1597130594068563,
      "psnr_mean": 33.06842385655751,
      "psnr_sd": 0.27854322031109974,
      "ssim_mean": 0.9311018558859983,
      "ssim_sd": 0.00271595503099351,
      "time_mean": 30.111125469207764,
      "time_sd": 0.8657249734104917
    },
    "OTSU": {
      "n_runs": 5,
      "n_images": 1,
      "n_seeds": 5,
      "boundary_dsc_mean": 0.2861209775046228,
      "boundary_dsc_sd": 0.0,
      "fe_mean": 34.690967638203915,
      "fe_sd": 0.0,
      "psnr_mean": 34.477990424880595,
      "psnr_sd": 0.0,
      "ssim_mean": 0.9454831471219244,
      "ssim_sd": 1.2412670766236366e-16,
      "time_mean": 0.4882981777191162,
      "time_sd": 0.012441657706286547
    },
    "PA5": {
      "n_runs": 5,
      "n_images": 1,
      "n_seeds": 5,
      "boundary_dsc_mean": 0.30099600810213484,
      "boundary_dsc_sd": 0.0008693049154923863,
      "fe_mean": 35.75110362475235,
      "fe_sd": 0.03803002172538483,
      "psnr_mean": 32.92508582602279,
      "psnr_sd": 0.19007448782139988,
      "ssim_mean": 0.9274786460971652,
      "ssim_sd": 0.0018694611438859015,
      "time_mean": 31.72593970298767,
      "time_sd": 1.3381838826396546
    },
    "PA6": {
      "n_runs": 5,
      "n_images": 1,
      "n_seeds": 5,
      "boundary_dsc_mean": 0.29919924231612727,
      "boundary_dsc_sd": 0.0034723019493331226,
      "fe_mean": 35.482351584033644,
      "fe_sd": 0.12324531753313878,
      "psnr_mean": 32.89290347415933,
      "psnr_sd": 0.5871344025757759,
      "ssim_mean": 0.9281779440136073,
      "ssim_sd": 0.006293033876837936,
      "time_mean": 16.03248996734619,
      "time_sd": 1.8770262402129843
    }
  },
  "wilcoxon": [
    {
      "base": "PA5",
      "challenger": "GWO",
      "metric": "boundary_dsc",
      "mean_base": 0.30099600810213484,
      "mean_challenger": 0.2965403792762717,
      "delta_mean": 0.004455628825863145,
      "n": 5,
      "statistic": 0.0,
      "pvalue": 0.0625,
      "status": "ok"
    },
    {
      "base": "PA5",
      "challenger": "GWO",
      "metric": "fe",
      "mean_base": 35.75110362475235,
      "mean_challenger": 35.185924625677636,
      "delta_mean": 0.5651789990747176,
      "n": 5,
      "statistic": 0.0,
      "pvalue": 0.0625,
      "status": "ok"
    },
    {
      "base": "PA5",
      "challenger": "GWO",
      "metric": "psnr",
      "mean_base": 32.92508582602279,
      "mean_challenger": 32.3581038965213,
      "delta_mean": 0.5669819295014875,
      "n": 5,
      "statistic": 1.0,
      "pvalue": 0.125,
      "status": "ok"
    },
    {
      "base": "PA5",
      "challenger": "GWO",
      "metric": "ssim",
      "mean_base": 0.9274786460971652,
      "mean_challenger": 0.9259309800228754,
      "delta_mean": 0.0015476660742897996,
      "n": 5,
      "statistic": 5.0,
      "pvalue": 0.625,
      "status": "ok"
    },
    {
      "base": "PA5",
      "challenger": "WOA",
      "metric": "boundary_dsc",
      "mean_base": 0.30099600810213484,
      "mean_challenger": 0.29876643580037293,
      "delta_mean": 0.0022295723017619062,
      "n": 5,
      "statistic": 1.0,
      "pvalue": 0.125,
      "status": "ok"
    },
    {
      "base": "PA5",
      "challenger": "WOA",
      "metric": "fe",
      "mean_base": 35.75110362475235,
      "mean_challenger": 35.59689856958961,
      "delta_mean": 0.1542050551627412,
      "n": 5,
      "statistic": 0.0,
      "pvalue": 0.0625,
      "status": "ok"
    },
    {
      "base": "PA5",
      "challenger": "WOA",
      "metric": "psnr",
      "mean_base": 32.92508582602279,
      "mean_challenger": 33.15878026002335,
      "delta_mean": -0.23369443400056156,
      "n": 5,
      "statistic": 1.0,
      "pvalue": 0.125,
      "status": "ok"
    },
    {
      "base": "PA5",
      "challenger": "WOA",
      "metric": "ssim",
      "mean_base": 0.9274786460971652,
      "mean_challenger": 0.9310493888654465,
      "delta_mean": -0.0035707427682812876,
      "n": 5,
      "statistic": 1.0,
      "pvalue": 0.125,
      "status": "ok"
    },
    {
      "base": "PA5",
      "challenger": "PSO",
      "metric": "boundary_dsc",
      "mean_base": 0.30099600810213484,
      "mean_challenger": 0.2980539087870998,
      "delta_mean": 0.0029420993150350294,
      "n": 5,
      "statistic": 1.0,
      "pvalue": 0.125,
      "status": "ok"
    },
    {
      "base": "PA5",
      "challenger": "PSO",
      "metric": "fe",
      "mean_base": 35.75110362475235,
      "mean_challenger": 35.53397051498756,
      "delta_mean": 0.21713310976479505,
      "n": 5,
      "statistic": 0.0,
      "pvalue": 0.0625,
      "status": "ok"
    },
    {
      "base": "PA5",
      "challenger": "PSO",
      "metric": "psnr",
      "mean_base": 32.92508582602279,
      "mean_challenger": 33.06842385655751,
      "delta_mean": -0.14333803053472138,
      "n": 5,
      "statistic": 5.0,
      "pvalue": 0.625,
      "status": "ok"
    },
    {
      "base": "PA5",
      "challenger": "PSO",
      "metric": "ssim",
      "mean_base": 0.9274786460971652,
      "mean_challenger": 0.9311018558859983,
      "delta_mean": -0.003623209788833015,
      "n": 5,
      "statistic": 1.0,
      "pvalue": 0.125,
      "status": "ok"
    },
    {
      "base": "PA5",
      "challenger": "OTSU",
      "metric": "boundary_dsc",
      "mean_base": 0.30099600810213484,
      "mean_challenger": 0.2861209775046228,
      "delta_mean": 0.014875030597512051,
      "n": 5,
      "statistic": 0.0,
      "pvalue": 0.0625,
      "status": "ok"
    },
    {
      "base": "PA5",
      "challenger": "OTSU",
      "metric": "fe",
      "mean_base": 35.75110362475235,
      "mean_challenger": 34.690967638203915,
      "delta_mean": 1.0601359865484383,
      "n": 5,
      "statistic": 0.0,
      "pvalue": 0.0625,
      "status": "ok"
    },
    {
      "base": "PA5",
      "challenger": "OTSU",
      "metric": "psnr",
      "mean_base": 32.92508582602279,
      "mean_challenger": 34.477990424880595,
      "delta_mean": -1.5529045988578076,
      "n": 5,
      "statistic": 0.0,
      "pvalue": 0.0625,
      "status": "ok"
    },
    {
      "base": "PA5",
      "challenger": "OTSU",
      "metric": "ssim",
      "mean_base": 0.9274786460971652,
      "mean_challenger": 0.9454831471219244,
      "delta_mean": -0.018004501024759145,