{
  "image_name": "uploaded",
  "timestamp": "2026-04-18T09:12:24.186127",
  "total_time": 15.848429441452026,
  "best_overall_algo": "GWO",
  "best_overall_f": -13.022909641171294,
  "best_overall_entropy": 13.022909641171294,
  "results": {
    "GWO": {
      "entropy": 13.022909641171294,
      "time": 1.85093092918396,
      "metrics": {
        "psnr": 13.395283606508597,
        "ssim": 0.5761007483677222,
        "dice": 0.265012046002091
      }
    },
    "WOA": {
      "entropy": 13.022909641171294,
      "time": 1.7050318717956543,
      "metrics": {
        "psnr": 13.395283606508597,
        "ssim": 0.5761007483677222,
        "dice": 0.265012046002091
      }
    },
    "PSO": {
      "entropy": 13.022909641171294,
      "time": 3.2651357650756836,
      "metrics": {
        "psnr": 13.395283606508597,
        "ssim": 0.5761007483677222,
        "dice": 0.265012046002091
      }
    },
    "OTSU": {
      "entropy": 12.91235321502949,
      "time": 0.003995418548583984,
      "metrics": {
        "psnr": 12.812845363220147,
        "ssim": 0.5525035331503155,
        "dice": 0.273093095808654
      }
    },
    "HYBRID-PA5": {
      "entropy": 13.022909641171294,
      "time": 3.3617806434631348,
      "metrics": {
        "psnr": 13.395283606508597,
        "ssim": 0.5761007483677222,
        "dice": 0.265012046002091
      }
    },
    "HYBRID-PA6": {
      "entropy": 13.022909641171294,
      "time": 1.7614059448242188,
      "metrics": {
        "psnr": 13.395283606508597,
        "ssim": 0.5761007483677222,
        "dice": 0.265012046002091
      }
    }
  }
}