{
  "algorithm": "GWO",
  "thresholds": [
    14,
    26,
    39,
    54,
    76,
    103,
    131,
    162,
    194,
    228
  ],
  "best_f": -36.329567550006075,
  "entropy": 36.329567550006075,
  "time": 2.195540428161621,
  "metrics": {
    "psnr": 30.252692026111,
    "ssim": 0.8217899131137553,
    "dice": 0.2123149282898877
  }
}