{
  "algorithm": "GWO",
  "thresholds": [
    85,
    170
  ],
  "best_f": -13.022909641171294,
  "entropy": 13.022909641171294,
  "time": 1.7391550540924072,
  "metrics": {
    "psnr": 23.622828195959897,
    "ssim": 0.6931329742700242,
    "dice": 0.265012046002091
  }
}