{
  "algorithm": "OTSU",
  "thresholds": [
    16,
    35,
    55,
    76,
    97,
    124,
    156,
    184,
    209,
    232
  ],
  "best_f": -37.400968004888576,
  "entropy": 37.400968004888576,
  "time": 0.48488807678222656,
  "metrics": {
    "psnr": 32.42077655582628,
    "ssim": 0.9036980755176794,
    "boundary_dsc": 0.21616827541351938
  }
}