{
  "algorithm": "HYBRID-PA6",
  "thresholds": [
    35,
    60,
    83,
    106,
    129,
    153,
    180,
    207,
    231
  ],
  "best_f": -33.90465969707106,
  "entropy": 33.90465969707106,
  "time": 2.18074369430542,
  "metrics": {
    "psnr": 31.517499684455718,
    "ssim": 0.8542792412511453,
    "dice": 0.25551191818641367
  }
}