{
  "image_name": "uploaded",
  "timestamp": "2026-04-18T16:27:10.731230",
  "total_time": 19.930630922317505,
  "best_overall_algo": "WOA",
  "best_overall_f": -37.164036684928064,
  "best_overall_entropy": 37.164036684928064,
  "results": {
    "GWO": {
      "entropy": 35.59643604163805,
      "time": 2.4419236183166504,
      "metrics": {
        "psnr": 31.72522123404933,
        "ssim": 0.9243801667585756,
        "dice": 0.16046838127669744
      }
    },
    "WOA": {
      "entropy": 37.164036684928064,
      "time": 2.6154725551605225,
      "metrics": {
        "psnr": 31.045730550937986,
        "ssim": 0.8918451924108032,
        "dice": 0.17033143029412318
      }
    },
    "PSO": {
      "entropy": 36.96813132094044,
      "time": 4.489889144897461,
      "metrics": {
        "psnr": 31.128948049381194,
        "ssim": 0.9192624890979595,
        "dice": 0.17325335215243473
      }
    },
    "OTSU": {
      "entropy": 36.94313477064684,
      "time": 0.0019321441650390625,
      "metrics": {
        "psnr": 32.160523420069474,
        "ssim": 0.9123418058885686,
        "dice": 0.1777769476456415
      }
    },
    "HYBRID-PA5": {
      "entropy": 37.094501779922986,
      "time": 4.577110290527344,
      "metrics": {
        "psnr": 30.981452893607727,
        "ssim": 0.8904768238859856,
        "dice": 0.1714058686645099
      }
    },
    "HYBRID-PA6": {
      "entropy": 36.97379787639342,
      "time": 2.238222360610962,
      "metrics": {
        "psnr": 32.799868579732376,
        "ssim": 0.9225418189783048,
        "dice": 0.17608478028237082
      }
    }
  }
}