{
  "image_name": "uploaded",
  "timestamp": "2026-04-18T14:19:58.445896",
  "total_time": 18.36759066581726,
  "best_overall_algo": "HYBRID-PA6",
  "best_overall_f": -36.420131007901624,
  "best_overall_entropy": 36.420131007901624,
  "results": {
    "GWO": {
      "entropy": 33.931364365679215,
      "time": 2.0987112522125244,
      "metrics": {
        "psnr": 29.53246015655564,
        "ssim": 0.8226138240910935,
        "dice": 0.2216099962673966
      }
    },
    "WOA": {
      "entropy": 36.404342038388265,
      "time": 2.2210144996643066,
      "metrics": {
        "psnr": 33.20551033153661,
        "ssim": 0.8775340698764059,
        "dice": 0.23344305237217158
      }
    },
    "PSO": {
      "entropy": 36.28690037972796,
      "time": 4.105833053588867,
      "metrics": {
        "psnr": 32.45318563892704,
        "ssim": 0.8694402277597127,
        "dice": 0.23213328155914276
      }
    },
    "OTSU": {
      "entropy": 35.44330695658944,
      "time": 0.0,
      "metrics": {
        "psnr": 32.48254580585906,
        "ssim": 0.867436236227862,
        "dice": 0.23381281524378852
      }
    },
    "HYBRID-PA5": {
      "entropy": 36.26630975841069,
      "time": 4.016405344009399,
      "metrics": {
        "psnr": 32.37833541546419,
        "ssim": 0.8683669632311585,
        "dice": 0.24468594584638054
      }
    },
    "HYBRID-PA6": {
      "entropy": 36.420131007901624,
      "time": 2.2222354412078857,
      "metrics": {
        "psnr": 33.16686939066338,
        "ssim": 0.8751998998760738,
        "dice": 0.23128746306458423
      }
    }
  }
}