{
  "image_name": "uploaded",
  "timestamp": "2026-04-18T13:27:00.428553",
  "total_time": 18.132126569747925,
  "best_overall_algo": "PSO",
  "best_overall_f": -23.02991018461534,
  "best_overall_entropy": 23.02991018461534,
  "results": {
    "GWO": {
      "entropy": 23.01586706960466,
      "time": 2.071890115737915,
      "metrics": {
        "psnr": 28.216287481234147,
        "ssim": 0.7939697977449661,
        "dice": 0.25423255577835874
      }
    },
    "WOA": {
      "entropy": 23.029874992450672,
      "time": 1.913581371307373,
      "metrics": {
        "psnr": 27.81822412425604,
        "ssim": 0.7819426561852482,
        "dice": 0.2421301222328913
      }
    },
    "PSO": {
      "entropy": 23.02991018461534,
      "time": 3.6945950984954834,
      "metrics": {
        "psnr": 27.758178344928073,
        "ssim": 0.7804164077997164,
        "dice": 0.2430997043664809
      }
    },
    "OTSU": {
      "entropy": 22.923107061256847,
      "time": 0.002758026123046875,
      "metrics": {
        "psnr": 27.615668913094144,
        "ssim": 0.7844282358718514,
        "dice": 0.26531552280055276
      }
    },
    "HYBRID-PA5": {
      "entropy": 23.029874992450672,
      "time": 3.944181442260742,
      "metrics": {
        "psnr": 27.81822412425604,
        "ssim": 0.7819426561852482,
        "dice": 0.2421301222328913
      }
    },
    "HYBRID-PA6": {
      "entropy": 23.02300930104066,
      "time": 2.240910053253174,
      "metrics": {
        "psnr": 27.69131272392711,
        "ssim": 0.7810779229067181,
        "dice": 0.2484069668649108
      }
    }
  }
}