{
  "image_name": "uploaded",
  "timestamp": "2026-04-24T21:17:59.170531",
  "total_time": 121.88854432106018,
  "best_overall_algo": "WOA",
  "best_overall_f": -37.69941513751448,
  "best_overall_entropy": 37.69941513751448,
  "results": {
    "GWO": {
      "entropy": 36.918843639511536,
      "time": 17.19735026359558,
      "metrics": {
        "psnr": 31.6532526366368,
        "ssim": 0.9527353921334151,
        "boundary_dsc": 0.14204365950823336
      }
    },
    "WOA": {
      "entropy": 37.69941513751448,
      "time": 17.577295064926147,
      "metrics": {
        "psnr": 32.19602622921008,
        "ssim": 0.9539725220794562,
        "boundary_dsc": 0.14018860368884317
      }
    },
    "PSO": {
      "entropy": 37.686429625207175,
      "time": 34.37188124656677,
      "metrics": {
        "psnr": 32.11700044398306,
        "ssim": 0.9532430117484962,
        "boundary_dsc": 0.14043583535108958
      }
    },
    "OTSU": {
      "entropy": 36.80184774861152,
      "time": 0.4687662124633789,
      "metrics": {
        "psnr": 33.27236844245001,
        "ssim": 0.9688095040787219,
        "boundary_dsc": 0.13723074182390405
      }
    },
    "HYBRID-PA5": {
      "entropy": 37.69652065428204,
      "time": 32.77013063430786,
      "metrics": {
        "psnr": 31.921634158332775,
        "ssim": 0.9517238743620549,
        "boundary_dsc": 0.14234507802839388
      }
    },
    "HYBRID-PA6": {
      "entropy": 37.5507972718178,
      "time": 15.856283903121948,
      "metrics": {
        "psnr": 32.43374360563871,
        "ssim": 0.9582938214035894,
        "boundary_dsc": 0.14268031784841076
      }
    }
  }
}