{
  "algorithm": "HYBRID-PA6",
  "thresholds": [
    21,
    39,
    57,
    80,
    103,
    128,
    154,
    178,
    202,
    229
  ],
  "best_f": -36.82878122631138,
  "entropy": 36.82878122631138,
  "time": 2.2998359203338623,
  "metrics": {
    "psnr": 31.700283692376612,
    "ssim": 0.8989632060187897,
    "boundary_dsc": 0.07872553221888841
  }
}