{
  "image_name": "uploaded",
  "timestamp": "2026-04-19T19:14:19.683739",
  "total_time": 19.63432812690735,
  "best_overall_algo": "HYBRID-PA5",
  "best_overall_f": -35.93226577825786,
  "best_overall_entropy": 35.93226577825786,
  "results": {
    "GWO": {
      "entropy": 35.496614373496854,
      "time": 2.539785623550415,
      "metrics": {
        "psnr": 31.897773632804828,
        "ssim": 0.9283599651889477,
        "dice": 0.13680837185559117
      }
    },
    "WOA": {
      "entropy": 35.91132043295825,
      "time": 2.0377848148345947,
      "metrics": {
        "psnr": 32.31304791051698,
        "ssim": 0.9274474362052595,
        "dice": 0.13634857678363513
      }
    },
    "PSO": {
      "entropy": 35.68336117132764,
      "time": 4.2409632205963135,
      "metrics": {
        "psnr": 31.432731005735562,
        "ssim": 0.9118861545307281,
        "dice": 0.14012814663466308
      }
    },
    "HYBRID-PA5": {
      "entropy": 35.93226577825786,
      "time": 4.5229480266571045,
      "metrics": {
        "psnr": 32.3984140388286,
        "ssim": 0.9288361200602889,
        "dice": 0.13684952757015936
      }
    },
    "HYBRID-PA6": {
      "entropy": 35.854003932209785,
      "time": 2.3668291568756104,
      "metrics": {
        "psnr": 31.963378247834488,
        "ssim": 0.9205710346169084,
        "dice": 0.1366883054709791
      }
    }
  }
}