{
  "algorithm": "OTSU",
  "thresholds": [
    40,
    59,
    76,
    91,
    107,
    125,
    145,
    169,
    196,
    225
  ],
  "best_f": -36.68490540263631,
  "entropy": 36.68490540263631,
  "time": 0.4696815013885498,
  "metrics": {
    "psnr": 32.938941781262265,
    "ssim": 0.9253682055664021,
    "dice": 0.15478814040667954
  }
}