{
  "algorithm": "HYBRID-PA6",
  "thresholds": [
    43,
    67,
    85,
    106,
    128,
    150,
    172,
    195,
    215,
    234
  ],
  "best_f": -35.81045289237388,
  "entropy": 35.81045289237388,
  "time": 1.9959304332733154,
  "metrics": {
    "psnr": 32.36909429308233,
    "ssim": 0.9293706838061174,
    "dice": 0.13752074219339266
  }
}