{
  "algorithm": "HYBRID-PA5",
  "thresholds": [
    7,
    25,
    45,
    71,
    97,
    123,
    149,
    175,
    201,
    228
  ],
  "best_f": -37.2550671181116,
  "entropy": 37.2550671181116,
  "time": 4.6025941371917725,
  "metrics": {
    "psnr": 31.14652265197913,
    "ssim": 0.9177756938633055,
    "dice": 0.13205435976726207
  }
}