{
  "algorithm": "WOA",
  "thresholds": [
    21,
    52,
    77,
    102,
    127,
    152,
    177,
    202,
    227
  ],
  "best_f": -34.79021952647513,
  "entropy": 34.79021952647513,
  "time": 2.1643283367156982,
  "metrics": {
    "psnr": 30.67862455259212,
    "ssim": 0.8710436154936778,
    "dice": 0.11384503309594685
  }
}