{
  "image_name": "uploaded",
  "timestamp": "2026-04-19T18:33:08.972050",
  "total_time": 20.37643337249756,
  "best_overall_algo": "HYBRID-PA5",
  "best_overall_f": -36.48358371238758,
  "best_overall_entropy": 36.48358371238758,
  "results": {
    "GWO": {
      "entropy": 35.777380175758125,
      "time": 2.261662483215332,
      "metrics": {
        "psnr": 32.78310429282,
        "ssim": 0.9341916530204998,
        "dice": 0.13483314867326435
      }
    },
    "WOA": {
      "entropy": 36.47681919184093,
      "time": 2.1679742336273193,
      "metrics": {
        "psnr": 31.880560277593062,
        "ssim": 0.9033310828570632,
        "dice": 0.13806010282444556
      }
    },
    "PSO": {
      "entropy": 36.4127542403654,
      "time": 4.295750141143799,
      "metrics": {
        "psnr": 32.573951546565276,
        "ssim": 0.9170368244047024,
        "dice": 0.13578847391157817
      }
    },
    "OTSU": {
      "entropy": 36.194571031347515,
      "time": 0.003547191619873047,
      "metrics": {
        "psnr": 31.8648806766298,
        "ssim": 0.9048681025658831,
        "dice": 0.13773301998149665
      }
    },
    "HYBRID-PA5": {
      "entropy": 36.48358371238758,
      "time": 4.903729438781738,
      "metrics": {
        "psnr": 31.82553141215479,
        "ssim": 0.9022361842097527,
        "dice": 0.13646148159422497
      }
    },
    "HYBRID-PA6": {
      "entropy": 36.29241665423227,
      "time": 2.6079630851745605,
      "metrics": {
        "psnr": 32.66480982227879,
        "ssim": 0.9192742085929928,
        "dice": 0.13513978407584665
      }
    }
  }
}