{
  "algorithm": "WOA",
  "thresholds": [
    20,
    39,
    58,
    77,
    96,
    115,
    134,
    153,
    175,
    204
  ],
  "best_f": -35.479650822549075,
  "entropy": 35.479650822549075,
  "time": 7.832005739212036,
  "metrics": {
    "psnr": 33.66249135585526,
    "ssim": 0.8903864510044234,
    "boundary_dsc": 0.11262223519577534
  }
}