{
  "algorithm": "WOA",
  "thresholds": [
    25,
    49,
    72,
    95,
    118,
    141,
    164,
    187,
    210,
    233
  ],
  "best_f": -37.54468641631385,
  "entropy": 37.54468641631385,
  "time": 2.170713186264038,
  "metrics": {
    "psnr": 31.852549127381458,
    "ssim": 0.8794789234329855,
    "boundary_dsc": 0.19541232761047003
  }
}