{
  "algorithm": "OTSU",
  "thresholds": [
    78,
    122,
    162,
    192
  ],
  "best_f": -19.24116869222808,
  "entropy": 19.24116869222808,
  "time": 1.8847434520721436,
  "metrics": {
    "psnr": 28.245156398707955,
    "ssim": 0.7892916043437249,
    "dice": 0.2275830010031072
  }
}