{
  "algorithm": "HYBRID-PA6",
  "thresholds": [
    25,
    49,
    73,
    98,
    123,
    146,
    170,
    189,
    207,
    225
  ],
  "best_f": -36.50099027780826,
  "entropy": 36.50099027780826,
  "time": 2.296947956085205,
  "metrics": {
    "psnr": 31.74349240733676,
    "ssim": 0.8460438591302442,
    "dice": 0.278933085446122
  }
}