{
  "algorithm": "HYBRID-PA4",
  "thresholds": [
    72,
    96,
    115,
    124,
    140,
    149,
    156,
    157,
    168,
    175
  ],
  "best_f": -0.04568087300816504,
  "entropy": 0.04568087300816504,
  "time": 15.41888952255249,
  "metrics": {
    "psnr": 14.689274434816975,
    "ssim": 0.6283690639888028,
    "dice": 0.24020487676749988
  }
}