{
  "algorithm": "OTSU",
  "thresholds": [
    62,
    78,
    91,
    105,
    122,
    141,
    162,
    185,
    211,
    237
  ],
  "best_f": -35.38205237948034,
  "entropy": 35.38205237948034,
  "time": 0.44763708114624023,
  "metrics": {
    "psnr": 33.99682204427967,
    "ssim": 0.9227392288787489,
    "boundary_dsc": 0.17429275533586014
  }
}