{
  "algorithm": "HYBRID-PA5",
  "thresholds": [
    36,
    58,
    77,
    97,
    117,
    140,
    163,
    186,
    208,
    231
  ],
  "best_f": -37.302333076635236,
  "entropy": 37.302333076635236,
  "time": 4.250495910644531,
  "metrics": {
    "psnr": 32.431176927386296,
    "ssim": 0.8989604952382693,
    "dice": 0.20152045784573333
  }
}