{
  "algorithm": "GWO",
  "thresholds": [
    44,
    88,
    133,
    185
  ],
  "best_f": -20.536524733263654,
  "entropy": 20.536524733263654,
  "time": 1.911360502243042,
  "metrics": {
    "psnr": 25.56983278614551,
    "ssim": 0.7690833605912059,
    "dice": 0.1244735775581047
  }
}