{
  "algorithm": "HYBRID-PA5",
  "thresholds": [
    21,
    41,
    61,
    80,
    99,
    118,
    136,
    155,
    174,
    197
  ],
  "best_f": -35.60964543642298,
  "entropy": 35.60964543642298,
  "time": 32.269431591033936,
  "metrics": {
    "psnr": 33.33992376974525,
    "ssim": 0.907908063009124,
    "boundary_dsc": 0.10127509152884737
  }
}