{
  "image_index": 8,
  "image_path": "dataset/BDS500/images/val\\108082.jpg",
  "k": 10,
  "strategies": {
    "PA1": {
      "fe_best": 0.051055876619548454,
      "thresholds": [
        1,
        2,
        3,
        4,
        5,
        6,
        7,
        8,
        243,
        244
      ],
      "time_sec": 2.5929501056671143
    },
    "PA2": {
      "fe_best": 0.052677963564223405,
      "thresholds": [
        194,
        195,
        198,
        199,
        223,
        224,
        239,
        244,
        247,
        248
      ],
      "time_sec": 2.4775795936584473
    },
    "PA3": {
      "fe_best": 0.05062499670509331,
      "thresholds": [
        1,
        24,
        145,
        152,
        173,
        174,
        181,
        219,
        247,
        254
      ],
      "time_sec": 2.4137229919433594
    },
    "PA4": {
      "fe_best": 0.05265347963702014,
      "thresholds": [
        192,
        199,
        204,
        211,
        212,
        219,
        220,
        227,
        238,
        242
      ],
      "time_sec": 2.499943256378174
    },
    "PA5": {
      "fe_best": 0.05126908203430214,
      "thresholds": [
        1,
        2,
        3,
        4,
        5,
        6,
        247,
        248,
        251,
        252
      ],
      "time_sec": 4.958839178085327
    }
  }
}