{
  "image_index": 5,
  "image_path": "dataset/BDS500/images/val\\106024.jpg",
  "k": 10,
  "strategies": {
    "PA1": {
      "fe_best": 0.04764809618010401,
      "thresholds": [
        1,
        4,
        13,
        17,
        18,
        23,
        59,
        62,
        207,
        226
      ],
      "time_sec": 2.558516263961792
    },
    "PA2": {
      "fe_best": 0.04759893384327415,
      "thresholds": [
        1,
        2,
        3,
        7,
        8,
        13,
        19,
        38,
        216,
        226
      ],
      "time_sec": 2.5188801288604736
    },
    "PA3": {
      "fe_best": 0.047622599824541374,
      "thresholds": [
        1,
        2,
        4,
        9,
        12,
        21,
        58,
        65,
        203,
        228
      ],
      "time_sec": 2.602144956588745
    },
    "PA4": {
      "fe_best": 0.047910628215467536,
      "thresholds": [
        1,
        2,
        3,
        4,
        5,
        6,
        11,
        12,
        223,
        224
      ],
      "time_sec": 2.722409725189209
    },
    "PA5": {
      "fe_best": 0.047923560831441184,
      "thresholds": [
        1,
        4,
        5,
        6,
        7,
        8,
        9,
        17,
        223,
        224
      ],
      "time_sec": 5.484547138214111
    }
  }
}