{
  "image_index": 2,
  "image_path": "dataset/BDS500/images/val\\102061.jpg",
  "k": 10,
  "strategies": {
    "PA1": {
      "fe_best": 0.04827447730235242,
      "thresholds": [
        1,
        3,
        4,
        11,
        18,
        55,
        227,
        228,
        235,
        252
      ],
      "time_sec": 2.6489310264587402
    },
    "PA2": {
      "fe_best": 0.04847970864495224,
      "thresholds": [
        1,
        2,
        3,
        72,
        219,
        224,
        241,
        244,
        251,
        252
      ],
      "time_sec": 2.628756523132324
    },
    "PA3": {
      "fe_best": 0.048438116047769056,
      "thresholds": [
        1,
        2,
        3,
        4,
        69,
        217,
        230,
        237,
        238,
        248
      ],
      "time_sec": 2.61122989654541
    },
    "PA4": {
      "fe_best": 0.048501436629723824,
      "thresholds": [
        1,
        73,
        216,
        226,
        234,
        245,
        247,
        250,
        251,
        254
      ],
      "time_sec": 2.7385387420654297
    },
    "PA5": {
      "fe_best": 0.048254248382635825,
      "thresholds": [
        1,
        2,
        4,
        6,
        9,
        15,
        16,
        59,
        224,
        226
      ],
      "time_sec": 5.283401727676392
    }
  }
}