{
  "image_index": 3,
  "image_path": "dataset/BDS500/images/val\\103070.jpg",
  "k": 10,
  "strategies": {
    "PA1": {
      "fe_best": 0.04728031547217484,
      "thresholds": [
        1,
        2,
        5,
        10,
        11,
        46,
        191,
        192,
        239,
        254
      ],
      "time_sec": 2.649618148803711
    },
    "PA2": {
      "fe_best": 0.047275132032239785,
      "thresholds": [
        1,
        3,
        5,
        7,
        9,
        47,
        190,
        192,
        244,
        251
      ],
      "time_sec": 2.6598620414733887
    },
    "PA3": {
      "fe_best": 0.047291337135125344,
      "thresholds": [
        1,
        2,
        3,
        9,
        45,
        192,
        193,
        196,
        237,
        254
      ],
      "time_sec": 2.4206972122192383
    },
    "PA4": {
      "fe_best": 0.04727946754963156,
      "thresholds": [
        1,
        2,
        10,
        46,
        193,
        194,
        241,
        251,
        252,
        254
      ],
      "time_sec": 2.651998281478882
    },
    "PA5": {
      "fe_best": 0.047285500288128925,
      "thresholds": [
        1,
        2,
        3,
        9,
        48,
        189,
        192,
        209,
        221,
        250
      ],
      "time_sec": 5.290536880493164
    }
  }
}