{
  "image_index": 13,
  "image_path": "dataset/BDS500/images/val\\126007.jpg",
  "k": 10,
  "strategies": {
    "PA1": {
      "fe_best": 0.052040544259935734,
      "thresholds": [
        1,
        2,
        6,
        11,
        20,
        45,
        216,
        217,
        227,
        250
      ],
      "time_sec": 2.530195474624634
    },
    "PA2": {
      "fe_best": 0.052074509946161536,
      "thresholds": [
        1,
        2,
        3,
        5,
        8,
        16,
        53,
        208,
        247,
        250
      ],
      "time_sec": 2.4836559295654297
    },
    "PA3": {
      "fe_best": 0.052057398644993806,
      "thresholds": [
        1,
        2,
        3,
        5,
        7,
        9,
        11,
        58,
        203,
        244
      ],
      "time_sec": 2.413483142852783
    },
    "PA4": {
      "fe_best": 0.05206457214532092,
      "thresholds": [
        1,
        2,
        4,
        5,
        6,
        8,
        63,
        196,
        197,
        246
      ],
      "time_sec": 2.410224437713623
    },
    "PA5": {
      "fe_best": 0.05203589373337813,
      "thresholds": [
        2,
        3,
        4,
        5,
        7,
        11,
        17,
        50,
        212,
        242
      ],
      "time_sec": 5.114392518997192
    }
  }
}