{
  "image_index": 16,
  "image_path": "dataset/BDS500/images/val\\14037.jpg",
  "k": 10,
  "strategies": {
    "PA1": {
      "fe_best": 0.051450872483164184,
      "thresholds": [
        49,
        50,
        57,
        58,
        61,
        87,
        251,
        252,
        253,
        254
      ],
      "time_sec": 2.6965320110321045
    },
    "PA2": {
      "fe_best": 0.05120155149997273,
      "thresholds": [
        1,
        2,
        137,
        248,
        249,
        250,
        251,
        252,
        253,
        254
      ],
      "time_sec": 2.4559571743011475
    },
    "PA3": {
      "fe_best": 0.05050938813341276,
      "thresholds": [
        49,
        60,
        93,
        148,
        153,
        224,
        225,
        231,
        252,
        254
      ],
      "time_sec": 2.665895462036133
    },
    "PA4": {
      "fe_best": 0.05046559970866377,
      "thresholds": [
        47,
        56,
        139,
        160,
        175,
        249,
        251,
        252,
        253,
        254
      ],
      "time_sec": 2.581934928894043
    },
    "PA5": {
      "fe_best": 0.05143426518346795,
      "thresholds": [
        1,
        9,
        50,
        195,
        196,
        199,
        226,
        243,
        247,
        250
      ],
      "time_sec": 5.163231611251831
    }
  }
}