{
  "image_index": 17,
  "image_path": "dataset/BDS500/images/val\\143090.jpg",
  "k": 10,
  "strategies": {
    "PA1": {
      "fe_best": 0.04833287267888792,
      "thresholds": [
        2,
        6,
        7,
        10,
        11,
        14,
        15,
        74,
        253,
        254
      ],
      "time_sec": 2.652846336364746
    },
    "PA2": {
      "fe_best": 0.04833177497743055,
      "thresholds": [
        1,
        2,
        3,
        4,
        5,
        8,
        81,
        252,
        253,
        254
      ],
      "time_sec": 2.614685535430908
    },
    "PA3": {
      "fe_best": 0.0482201784629164,
      "thresholds": [
        1,
        3,
        4,
        7,
        8,
        9,
        12,
        13,
        76,
        254
      ],
      "time_sec": 2.4576709270477295
    },
    "PA4": {
      "fe_best": 0.048355966378600616,
      "thresholds": [
        2,
        3,
        4,
        83,
        249,
        250,
        251,
        252,
        253,
        254
      ],
      "time_sec": 2.6510674953460693
    },
    "PA5": {
      "fe_best": 0.048360242569390116,
      "thresholds": [
        1,
        2,
        3,
        85,
        249,
        250,
        251,
        252,
        253,
        254
      ],
      "time_sec": 5.114449501037598
    }
  }
}