{
  "image_index": 15,
  "image_path": "dataset/BDS500/images/val\\134035.jpg",
  "k": 10,
  "strategies": {
    "PA1": {
      "fe_best": 0.048483455537792985,
      "thresholds": [
        2,
        4,
        6,
        7,
        8,
        59,
        251,
        252,
        253,
        254
      ],
      "time_sec": 2.8077950477600098
    },
    "PA2": {
      "fe_best": 0.04851914095074184,
      "thresholds": [
        1,
        2,
        4,
        5,
        6,
        61,
        251,
        252,
        253,
        254
      ],
      "time_sec": 2.6637063026428223
    },
    "PA3": {
      "fe_best": 0.04853920365643736,
      "thresholds": [
        1,
        2,
        3,
        4,
        5,
        6,
        61,
        252,
        253,
        254
      ],
      "time_sec": 2.5931458473205566
    },
    "PA4": {
      "fe_best": 0.0486298236617443,
      "thresholds": [
        1,
        3,
        5,
        68,
        226,
        227,
        230,
        235,
        238,
        252
      ],
      "time_sec": 2.5521724224090576
    },
    "PA5": {
      "fe_best": 0.04932893289641383,
      "thresholds": [
        1,
        2,
        3,
        4,
        5,
        6,
        7,
        8,
        9,
        58
      ],
      "time_sec": 5.41187596321106
    }
  }
}