{
  "image_index": 11,
  "image_path": "dataset/BDS500/images/val\\12084.jpg",
  "k": 10,
  "strategies": {
    "PA1": {
      "fe_best": 0.0487483096599636,
      "thresholds": [
        1,
        2,
        3,
        4,
        5,
        6,
        7,
        112,
        253,
        254
      ],
      "time_sec": 2.7976837158203125
    },
    "PA2": {
      "fe_best": 0.048879529712112346,
      "thresholds": [
        1,
        120,
        247,
        248,
        249,
        250,
        251,
        252,
        253,
        254
      ],
      "time_sec": 2.7213432788848877
    },
    "PA3": {
      "fe_best": 0.0487483096599636,
      "thresholds": [
        1,
        2,
        3,
        4,
        5,
        6,
        7,
        112,
        253,
        254
      ],
      "time_sec": 2.556030035018921
    },
    "PA4": {
      "fe_best": 0.04872599437771431,
      "thresholds": [
        1,
        7,
        114,
        248,
        249,
        250,
        251,
        252,
        253,
        254
      ],
      "time_sec": 2.615198850631714
    },
    "PA5": {
      "fe_best": 0.0487483096599636,
      "thresholds": [
        1,
        2,
        3,
        4,
        5,
        6,
        7,
        112,
        253,
        254
      ],
      "time_sec": 5.280426740646362
    }
  }
}