{
  "image_index": 19,
  "image_path": "dataset/BDS500/images/val\\147091.jpg",
  "k": 10,
  "strategies": {
    "PA1": {
      "fe_best": 0.04965120613816636,
      "thresholds": [
        80,
        91,
        92,
        95,
        100,
        107,
        129,
        252,
        253,
        254
      ],
      "time_sec": 2.833329677581787
    },
    "PA2": {
      "fe_best": 0.049533915102362214,
      "thresholds": [
        84,
        86,
        89,
        94,
        145,
        237,
        242,
        250,
        252,
        253
      ],
      "time_sec": 2.7124855518341064
    },
    "PA3": {
      "fe_best": 0.05013094464489891,
      "thresholds": [
        97,
        104,
        105,
        108,
        109,
        112,
        129,
        248,
        251,
        254
      ],
      "time_sec": 2.6748759746551514
    },
    "PA4": {
      "fe_best": 0.049781627525941154,
      "thresholds": [
        127,
        198,
        226,
        229,
        230,
        233,
        234,
        243,
        250,
        251
      ],
      "time_sec": 2.663456678390503
    },
    "PA5": {
      "fe_best": 0.04977538352743076,
      "thresholds": [
        136,
        187,
        237,
        241,
        244,
        245,
        248,
        249,
        252,
        254
      ],
      "time_sec": 5.047165393829346
    }
  }
}