{
  "image_index": 23,
  "image_path": "dataset/BDS500/images/val\\157055.jpg",
  "k": 10,
  "strategies": {
    "PA1": {
      "fe_best": 0.050551170612706045,
      "thresholds": [
        1,
        2,
        3,
        5,
        6,
        7,
        8,
        10,
        23,
        24
      ],
      "time_sec": 2.6575210094451904
    },
    "PA2": {
      "fe_best": 0.049159677802184915,
      "thresholds": [
        1,
        2,
        3,
        4,
        5,
        6,
        7,
        45,
        239,
        244
      ],
      "time_sec": 2.489959239959717
    },
    "PA3": {
      "fe_best": 0.048876037550635555,
      "thresholds": [
        1,
        3,
        4,
        9,
        16,
        27,
        31,
        244,
        247,
        248
      ],
      "time_sec": 2.576564073562622
    },
    "PA4": {
      "fe_best": 0.04913953270788407,
      "thresholds": [
        1,
        2,
        3,
        4,
        5,
        12,
        39,
        242,
        243,
        250
      ],
      "time_sec": 2.6062021255493164
    },
    "PA5": {
      "fe_best": 0.050551170612706045,
      "thresholds": [
        1,
        2,
        3,
        4,
        5,
        6,
        7,
        15,
        23,
        24
      ],
      "time_sec": 5.277448415756226
    }
  }
}