{
  "image_index": 28,
  "image_path": "dataset/BDS500/images/val\\167062.jpg",
  "k": 10,
  "strategies": {
    "PA1": {
      "fe_best": 0.04409585479824378,
      "thresholds": [
        57,
        65,
        86,
        159,
        166,
        171,
        222,
        242,
        251,
        254
      ],
      "time_sec": 2.416736602783203
    },
    "PA2": {
      "fe_best": 0.04399663938997818,
      "thresholds": [
        55,
        84,
        100,
        102,
        131,
        162,
        180,
        238,
        251,
        254
      ],
      "time_sec": 2.399512529373169
    },
    "PA3": {
      "fe_best": 0.04407113007978182,
      "thresholds": [
        53,
        62,
        96,
        106,
        108,
        133,
        139,
        248,
        251,
        252
      ],
      "time_sec": 2.3654444217681885
    },
    "PA4": {
      "fe_best": 0.04441723980142906,
      "thresholds": [
        51,
        68,
        117,
        125,
        132,
        158,
        219,
        250,
        251,
        254
      ],
      "time_sec": 2.3864572048187256
    },
    "PA5": {
      "fe_best": 0.044595327345789984,
      "thresholds": [
        57,
        84,
        113,
        149,
        174,
        228,
        247,
        250,
        251,
        254
      ],
      "time_sec": 4.75462532043457
    }
  }
}