{
  "image_index": 26,
  "image_path": "dataset/BDS500/images/val\\16077.jpg",
  "k": 10,
  "strategies": {
    "PA1": {
      "fe_best": 0.04855737292196718,
      "thresholds": [
        4,
        5,
        8,
        12,
        18,
        30,
        239,
        244,
        247,
        248
      ],
      "time_sec": 2.7327730655670166
    },
    "PA2": {
      "fe_best": 0.04848043932489843,
      "thresholds": [
        1,
        2,
        3,
        4,
        5,
        6,
        7,
        40,
        235,
        236
      ],
      "time_sec": 2.703749179840088
    },
    "PA3": {
      "fe_best": 0.04855680826799723,
      "thresholds": [
        1,
        2,
        4,
        9,
        18,
        31,
        239,
        248,
        251,
        252
      ],
      "time_sec": 2.4330861568450928
    },
    "PA4": {
      "fe_best": 0.047712759203309654,
      "thresholds": [
        16,
        40,
        187,
        190,
        225,
        238,
        239,
        242,
        243,
        254
      ],
      "time_sec": 2.4292516708374023
    },
    "PA5": {
      "fe_best": 0.048507344908521266,
      "thresholds": [
        1,
        2,
        3,
        4,
        5,
        6,
        7,
        8,
        41,
        228
      ],
      "time_sec": 4.826995611190796
    }
  }
}