{
  "image_index": 24,
  "image_path": "dataset/BDS500/images/val\\159008.jpg",
  "k": 10,
  "strategies": {
    "PA1": {
      "fe_best": 0.04868193041480297,
      "thresholds": [
        73,
        76,
        89,
        92,
        93,
        104,
        120,
        149,
        234,
        253
      ],
      "time_sec": 2.4830567836761475
    },
    "PA2": {
      "fe_best": 0.048502164800216074,
      "thresholds": [
        74,
        95,
        96,
        103,
        104,
        138,
        141,
        146,
        223,
        254
      ],
      "time_sec": 2.4162025451660156
    },
    "PA3": {
      "fe_best": 0.048551216176811685,
      "thresholds": [
        72,
        75,
        100,
        131,
        132,
        135,
        136,
        167,
        190,
        227
      ],
      "time_sec": 2.577657461166382
    },
    "PA4": {
      "fe_best": 0.048634114673941985,
      "thresholds": [
        77,
        86,
        89,
        90,
        105,
        127,
        148,
        235,
        247,
        254
      ],
      "time_sec": 2.428741455078125
    },
    "PA5": {
      "fe_best": 0.04862017034352145,
      "thresholds": [
        87,
        90,
        91,
        98,
        103,
        107,
        120,
        151,
        232,
        254
      ],
      "time_sec": 5.303462266921997
    }
  }
}