{
  "image_index": 21,
  "image_path": "dataset/BDS500/images/val\\148089.jpg",
  "k": 10,
  "strategies": {
    "PA1": {
      "fe_best": 0.04841848758292726,
      "thresholds": [
        213,
        233,
        234,
        237,
        238,
        243,
        247,
        250,
        252,
        254
      ],
      "time_sec": 2.508697986602783
    },
    "PA2": {
      "fe_best": 0.04851141891901865,
      "thresholds": [
        203,
        246,
        247,
        248,
        249,
        250,
        251,
        252,
        253,
        254
      ],
      "time_sec": 2.4740469455718994
    },
    "PA3": {
      "fe_best": 0.0472415371344287,
      "thresholds": [
        49,
        58,
        61,
        62,
        65,
        82,
        101,
        212,
        248,
        253
      ],
      "time_sec": 2.6095521450042725
    },
    "PA4": {
      "fe_best": 0.04851141891901865,
      "thresholds": [
        203,
        246,
        247,
        248,
        249,
        250,
        251,
        252,
        253,
        254
      ],
      "time_sec": 2.584158420562744
    },
    "PA5": {
      "fe_best": 0.04851435937749601,
      "thresholds": [
        199,
        246,
        247,
        248,
        249,
        250,
        251,
        252,
        253,
        254
      ],
      "time_sec": 5.230529308319092
    }
  }
}