{
  "image_index": 22,
  "image_path": "dataset/BDS500/images/val\\156065.jpg",
  "k": 10,
  "strategies": {
    "PA1": {
      "fe_best": 0.04711957423221398,
      "thresholds": [
        87,
        104,
        107,
        112,
        115,
        188,
        211,
        228,
        242,
        254
      ],
      "time_sec": 2.639897108078003
    },
    "PA2": {
      "fe_best": 0.04710009049581801,
      "thresholds": [
        1,
        164,
        245,
        246,
        247,
        248,
        249,
        251,
        253,
        254
      ],
      "time_sec": 2.6312766075134277
    },
    "PA3": {
      "fe_best": 0.047224270885349987,
      "thresholds": [
        131,
        134,
        135,
        138,
        139,
        158,
        210,
        211,
        230,
        254
      ],
      "time_sec": 2.7007856369018555
    },
    "PA4": {
      "fe_best": 0.04710342086018854,
      "thresholds": [
        167,
        240,
        241,
        242,
        246,
        247,
        248,
        249,
        253,
        254
      ],
      "time_sec": 2.5545132160186768
    },
    "PA5": {
      "fe_best": 0.04710559606038424,
      "thresholds": [
        1,
        164,
        245,
        246,
        249,
        250,
        251,
        252,
        253,
        254
      ],
      "time_sec": 5.470061302185059
    }
  }
}