{
  "image_index": 20,
  "image_path": "dataset/BDS500/images/val\\148026.jpg",
  "k": 10,
  "strategies": {
    "PA1": {
      "fe_best": 0.04881250877253442,
      "thresholds": [
        59,
        60,
        81,
        84,
        85,
        92,
        234,
        251,
        253,
        254
      ],
      "time_sec": 2.534435510635376
    },
    "PA2": {
      "fe_best": 0.04963463024410813,
      "thresholds": [
        1,
        2,
        3,
        9,
        57,
        60,
        61,
        68,
        72,
        94
      ],
      "time_sec": 2.4971652030944824
    },
    "PA3": {
      "fe_best": 0.049724679716818584,
      "thresholds": [
        1,
        3,
        9,
        48,
        49,
        52,
        57,
        64,
        73,
        88
      ],
      "time_sec": 2.4399399757385254
    },
    "PA4": {
      "fe_best": 0.04804874789178021,
      "thresholds": [
        93,
        156,
        159,
        160,
        183,
        186,
        203,
        252,
        253,
        254
      ],
      "time_sec": 2.5010292530059814
    },
    "PA5": {
      "fe_best": 0.04889930563953884,
      "thresholds": [
        75,
        76,
        83,
        92,
        233,
        246,
        249,
        250,
        251,
        254
      ],
      "time_sec": 5.5234129428863525
    }
  }
}