{
  "image_index": 31,
  "image_path": "dataset/BDS500/images/val\\175032.jpg",
  "k": 10,
  "strategies": {
    "PA1": {
      "fe_best": 0.04708554155435937,
      "thresholds": [
        1,
        2,
        3,
        4,
        5,
        6,
        7,
        8,
        203,
        254
      ],
      "time_sec": 2.2523703575134277
    },
    "PA2": {
      "fe_best": 0.047134356827673585,
      "thresholds": [
        144,
        175,
        176,
        191,
        198,
        203,
        227,
        237,
        238,
        254
      ],
      "time_sec": 2.179023265838623
    },
    "PA3": {
      "fe_best": 0.0470802542687295,
      "thresholds": [
        1,
        2,
        4,
        5,
        6,
        205,
        251,
        252,
        253,
        254
      ],
      "time_sec": 2.271101236343384
    },
    "PA4": {
      "fe_best": 0.04713091801347577,
      "thresholds": [
        133,
        196,
        197,
        208,
        215,
        240,
        248,
        252,
        253,
        254
      ],
      "time_sec": 2.3307559490203857
    },
    "PA5": {
      "fe_best": 0.04714032384875824,
      "thresholds": [
        141,
        176,
        181,
        233,
        237,
        238,
        249,
        252,
        253,
        254
      ],
      "time_sec": 4.753986597061157
    }
  }
}