{
  "image_index": 30,
  "image_path": "dataset/BDS500/images/val\\170057.jpg",
  "k": 10,
  "strategies": {
    "PA1": {
      "fe_best": 0.04696659982271996,
      "thresholds": [
        1,
        2,
        4,
        7,
        8,
        10,
        95,
        250,
        251,
        254
      ],
      "time_sec": 2.2436625957489014
    },
    "PA2": {
      "fe_best": 0.04697960462853837,
      "thresholds": [
        9,
        104,
        241,
        242,
        245,
        248,
        250,
        251,
        252,
        254
      ],
      "time_sec": 2.2850213050842285
    },
    "PA3": {
      "fe_best": 0.04697718619144227,
      "thresholds": [
        1,
        2,
        3,
        4,
        5,
        7,
        8,
        95,
        252,
        253
      ],
      "time_sec": 2.143882989883423
    },
    "PA4": {
      "fe_best": 0.046915788455571365,
      "thresholds": [
        9,
        12,
        95,
        244,
        245,
        246,
        249,
        250,
        251,
        254
      ],
      "time_sec": 2.212705135345459
    },
    "PA5": {
      "fe_best": 0.046969481418017475,
      "thresholds": [
        1,
        2,
        3,
        4,
        5,
        6,
        9,
        10,
        93,
        254
      ],
      "time_sec": 4.851178884506226
    }
  }
}