{
  "image_index": 34,
  "image_path": "dataset/BDS500/images/val\\189080.jpg",
  "k": 10,
  "strategies": {
    "PA1": {
      "fe_best": 0.05254301495462483,
      "thresholds": [
        1,
        2,
        5,
        8,
        9,
        12,
        13,
        16,
        55,
        254
      ],
      "time_sec": 2.3023078441619873
    },
    "PA2": {
      "fe_best": 0.05256323248707244,
      "thresholds": [
        1,
        2,
        3,
        6,
        7,
        10,
        11,
        14,
        57,
        254
      ],
      "time_sec": 2.2653844356536865
    },
    "PA3": {
      "fe_best": 0.05256323248707244,
      "thresholds": [
        1,
        2,
        3,
        6,
        7,
        10,
        11,
        14,
        57,
        254
      ],
      "time_sec": 2.241915225982666
    },
    "PA4": {
      "fe_best": 0.051076185017703564,
      "thresholds": [
        5,
        68,
        247,
        248,
        249,
        250,
        251,
        252,
        253,
        254
      ],
      "time_sec": 2.3318848609924316
    },
    "PA5": {
      "fe_best": 0.05256323248707244,
      "thresholds": [
        1,
        2,
        3,
        6,
        7,
        10,
        11,
        14,
        57,
        254
      ],
      "time_sec": 4.964565277099609
    }
  }
}