{
  "image_index": 36,
  "image_path": "dataset/BDS500/images/val\\196073.jpg",
  "k": 10,
  "strategies": {
    "PA1": {
      "fe_best": 0.055173127992954984,
      "thresholds": [
        1,
        2,
        3,
        4,
        5,
        6,
        7,
        8,
        70,
        254
      ],
      "time_sec": 2.417126178741455
    },
    "PA2": {
      "fe_best": 0.055250592092959405,
      "thresholds": [
        1,
        2,
        3,
        4,
        5,
        6,
        195,
        252,
        253,
        254
      ],
      "time_sec": 2.2818431854248047
    },
    "PA3": {
      "fe_best": 0.05506723158488634,
      "thresholds": [
        1,
        2,
        3,
        8,
        195,
        250,
        251,
        252,
        253,
        254
      ],
      "time_sec": 2.1600351333618164
    },
    "PA4": {
      "fe_best": 0.05456879855215177,
      "thresholds": [
        1,
        15,
        73,
        248,
        249,
        250,
        251,
        252,
        253,
        254
      ],
      "time_sec": 2.185298442840576
    },
    "PA5": {
      "fe_best": 0.05525824206145712,
      "thresholds": [
        1,
        2,
        3,
        4,
        5,
        6,
        7,
        194,
        253,
        254
      ],
      "time_sec": 4.502833843231201
    }
  }
}