{
  "image_index": 38,
  "image_path": "dataset/BDS500/images/val\\208001.jpg",
  "k": 10,
  "strategies": {
    "PA1": {
      "fe_best": 0.04796974819396484,
      "thresholds": [
        1,
        2,
        6,
        23,
        178,
        189,
        190,
        205,
        210,
        213
      ],
      "time_sec": 2.4320902824401855
    },
    "PA2": {
      "fe_best": 0.047932593169610696,
      "thresholds": [
        1,
        2,
        3,
        5,
        6,
        25,
        178,
        185,
        219,
        220
      ],
      "time_sec": 2.3295114040374756
    },
    "PA3": {
      "fe_best": 0.04793778807141413,
      "thresholds": [
        1,
        2,
        4,
        15,
        16,
        183,
        184,
        207,
        210,
        215
      ],
      "time_sec": 2.0850322246551514
    },
    "PA4": {
      "fe_best": 0.04785884381768518,
      "thresholds": [
        1,
        28,
        177,
        192,
        199,
        200,
        203,
        252,
        253,
        254
      ],
      "time_sec": 2.2786898612976074
    },
    "PA5": {
      "fe_best": 0.04796966478595264,
      "thresholds": [
        1,
        2,
        4,
        25,
        176,
        183,
        184,
        187,
        196,
        254
      ],
      "time_sec": 4.460209131240845
    }
  }
}