{
  "image_index": 39,
  "image_path": "dataset/BDS500/images/val\\210088.jpg",
  "k": 10,
  "strategies": {
    "PA1": {
      "fe_best": 0.04884270974722657,
      "thresholds": [
        1,
        3,
        4,
        5,
        6,
        7,
        8,
        9,
        108,
        254
      ],
      "time_sec": 2.2668871879577637
    },
    "PA2": {
      "fe_best": 0.048784739592036996,
      "thresholds": [
        1,
        3,
        5,
        6,
        8,
        11,
        12,
        13,
        104,
        254
      ],
      "time_sec": 2.299882411956787
    },
    "PA3": {
      "fe_best": 0.04885436289420031,
      "thresholds": [
        1,
        2,
        3,
        4,
        5,
        6,
        7,
        8,
        109,
        254
      ],
      "time_sec": 2.41440486907959
    },
    "PA4": {
      "fe_best": 0.04878335925395817,
      "thresholds": [
        1,
        2,
        7,
        8,
        9,
        10,
        11,
        106,
        253,
        254
      ],
      "time_sec": 2.2147843837738037
    },
    "PA5": {
      "fe_best": 0.048839325492591394,
      "thresholds": [
        1,
        2,
        3,
        4,
        5,
        6,
        7,
        110,
        253,
        254
      ],
      "time_sec": 4.993828773498535
    }
  }
}