{
  "image_index": 35,
  "image_path": "dataset/BDS500/images/val\\19021.jpg",
  "k": 10,
  "strategies": {
    "PA1": {
      "fe_best": 0.04880512754188841,
      "thresholds": [
        1,
        2,
        3,
        4,
        5,
        6,
        9,
        238,
        247,
        250
      ],
      "time_sec": 2.3136048316955566
    },
    "PA2": {
      "fe_best": 0.05049499386249699,
      "thresholds": [
        243,
        244,
        245,
        246,
        247,
        248,
        249,
        250,
        253,
        254
      ],
      "time_sec": 2.268331289291382
    },
    "PA3": {
      "fe_best": 0.04870246517360798,
      "thresholds": [
        1,
        2,
        19,
        22,
        103,
        246,
        247,
        250,
        251,
        254
      ],
      "time_sec": 2.239149808883667
    },
    "PA4": {
      "fe_best": 0.05049499386249699,
      "thresholds": [
        243,
        244,
        245,
        246,
        247,
        248,
        249,
        250,
        253,
        254
      ],
      "time_sec": 2.2991795539855957
    },
    "PA5": {
      "fe_best": 0.04881146004376997,
      "thresholds": [
        1,
        2,
        3,
        4,
        5,
        6,
        7,
        242,
        251,
        254
      ],
      "time_sec": 4.913415908813477
    }
  }
}