{
  "image_index": 43,
  "image_path": "dataset/BDS500/images/val\\220075.jpg",
  "k": 10,
  "strategies": {
    "PA1": {
      "fe_best": 0.04716111397446757,
      "thresholds": [
        1,
        2,
        3,
        4,
        5,
        6,
        7,
        8,
        191,
        224
      ],
      "time_sec": 2.294905424118042
    },
    "PA2": {
      "fe_best": 0.04935351126765568,
      "thresholds": [
        196,
        205,
        233,
        239,
        240,
        243,
        248,
        251,
        252,
        254
      ],
      "time_sec": 2.2213616371154785
    },
    "PA3": {
      "fe_best": 0.047296506563026454,
      "thresholds": [
        1,
        2,
        3,
        5,
        6,
        7,
        194,
        202,
        231,
        234
      ],
      "time_sec": 2.2513091564178467
    },
    "PA4": {
      "fe_best": 0.04934134569151226,
      "thresholds": [
        194,
        218,
        223,
        227,
        228,
        231,
        240,
        250,
        251,
        254
      ],
      "time_sec": 2.2283694744110107
    },
    "PA5": {
      "fe_best": 0.049484605880488766,
      "thresholds": [
        199,
        203,
        204,
        243,
        245,
        246,
        249,
        250,
        253,
        254
      ],
      "time_sec": 4.655825614929199
    }
  }
}