{
  "image_index": 42,
  "image_path": "dataset/BDS500/images/val\\219090.jpg",
  "k": 10,
  "strategies": {
    "PA1": {
      "fe_best": 0.04849130389340717,
      "thresholds": [
        1,
        3,
        7,
        18,
        19,
        22,
        39,
        42,
        235,
        254
      ],
      "time_sec": 2.3620705604553223
    },
    "PA2": {
      "fe_best": 0.04843413467759823,
      "thresholds": [
        1,
        2,
        3,
        7,
        9,
        16,
        17,
        44,
        45,
        236
      ],
      "time_sec": 2.492713212966919
    },
    "PA3": {
      "fe_best": 0.04835552823223639,
      "thresholds": [
        1,
        2,
        11,
        18,
        40,
        43,
        240,
        250,
        253,
        254
      ],
      "time_sec": 2.200718402862549
    },
    "PA4": {
      "fe_best": 0.048654231377947346,
      "thresholds": [
        1,
        3,
        6,
        7,
        9,
        34,
        53,
        54,
        57,
        226
      ],
      "time_sec": 2.240126848220825
    },
    "PA5": {
      "fe_best": 0.04829340568240377,
      "thresholds": [
        1,
        6,
        7,
        14,
        27,
        54,
        235,
        244,
        247,
        248
      ],
      "time_sec": 4.5996129512786865
    }
  }
}