{
  "image_index": 44,
  "image_path": "dataset/BDS500/images/val\\223061.jpg",
  "k": 10,
  "strategies": {
    "PA1": {
      "fe_best": 0.04968496462776669,
      "thresholds": [
        1,
        2,
        3,
        6,
        7,
        10,
        11,
        14,
        15,
        18
      ],
      "time_sec": 2.240825891494751
    },
    "PA2": {
      "fe_best": 0.04722513260466053,
      "thresholds": [
        1,
        2,
        5,
        10,
        25,
        26,
        29,
        210,
        241,
        248
      ],
      "time_sec": 2.281442880630493
    },
    "PA3": {
      "fe_best": 0.049839743662045626,
      "thresholds": [
        1,
        2,
        5,
        6,
        9,
        10,
        13,
        14,
        17,
        18
      ],
      "time_sec": 2.348529100418091
    },
    "PA4": {
      "fe_best": 0.04709923968270921,
      "thresholds": [
        2,
        7,
        14,
        27,
        38,
        39,
        198,
        252,
        253,
        254
      ],
      "time_sec": 2.3760297298431396
    },
    "PA5": {
      "fe_best": 0.047467650324970044,
      "thresholds": [
        1,
        4,
        5,
        8,
        9,
        16,
        33,
        200,
        253,
        254
      ],
      "time_sec": 4.866452217102051
    }
  }
}