{
  "image_index": 55,
  "image_path": "dataset/BDS500/images/val\\285079.jpg",
  "k": 10,
  "strategies": {
    "PA1": {
      "fe_best": 0.05026352684322125,
      "thresholds": [
        1,
        3,
        5,
        8,
        10,
        40,
        249,
        250,
        251,
        254
      ],
      "time_sec": 2.382108449935913
    },
    "PA2": {
      "fe_best": 0.050368935548991585,
      "thresholds": [
        1,
        2,
        3,
        4,
        5,
        6,
        7,
        44,
        251,
        254
      ],
      "time_sec": 2.349740743637085
    },
    "PA3": {
      "fe_best": 0.05039831109846192,
      "thresholds": [
        1,
        2,
        3,
        4,
        5,
        6,
        7,
        42,
        251,
        252
      ],
      "time_sec": 2.3233449459075928
    },
    "PA4": {
      "fe_best": 0.050228055440992084,
      "thresholds": [
        1,
        4,
        5,
        44,
        247,
        248,
        249,
        250,
        251,
        254
      ],
      "time_sec": 2.5000715255737305
    },
    "PA5": {
      "fe_best": 0.05383610889801304,
      "thresholds": [
        243,
        244,
        245,
        246,
        247,
        248,
        249,
        250,
        251,
        254
      ],
      "time_sec": 4.984703779220581
    }
  }
}