{
  "image_index": 53,
  "image_path": "dataset/BDS500/images/val\\260058.jpg",
  "k": 10,
  "strategies": {
    "PA1": {
      "fe_best": 0.04988760176576901,
      "thresholds": [
        1,
        2,
        3,
        4,
        5,
        6,
        7,
        8,
        9,
        10
      ],
      "time_sec": 2.3396952152252197
    },
    "PA2": {
      "fe_best": 0.04988760176576901,
      "thresholds": [
        1,
        2,
        3,
        4,
        5,
        6,
        7,
        8,
        9,
        10
      ],
      "time_sec": 2.4034547805786133
    },
    "PA3": {
      "fe_best": 0.0470577660683614,
      "thresholds": [
        7,
        8,
        12,
        31,
        62,
        69,
        202,
        205,
        206,
        253
      ],
      "time_sec": 2.336888313293457
    },
    "PA4": {
      "fe_best": 0.04766993514126945,
      "thresholds": [
        1,
        2,
        3,
        4,
        5,
        6,
        159,
        252,
        253,
        254
      ],
      "time_sec": 2.275235652923584
    },
    "PA5": {
      "fe_best": 0.04988760176576901,
      "thresholds": [
        1,
        2,
        3,
        4,
        5,
        6,
        7,
        8,
        9,
        10
      ],
      "time_sec": 4.6281797885894775
    }
  }
}