{
  "image_index": 59,
  "image_path": "dataset/BDS500/images/val\\296059.jpg",
  "k": 10,
  "strategies": {
    "PA1": {
      "fe_best": 0.04866808094628176,
      "thresholds": [
        1,
        2,
        3,
        4,
        5,
        6,
        93,
        252,
        253,
        254
      ],
      "time_sec": 2.4511101245880127
    },
    "PA2": {
      "fe_best": 0.04866808094628176,
      "thresholds": [
        1,
        2,
        3,
        4,
        5,
        6,
        93,
        252,
        253,
        254
      ],
      "time_sec": 2.283596992492676
    },
    "PA3": {
      "fe_best": 0.04855989057103556,
      "thresholds": [
        1,
        2,
        3,
        4,
        5,
        6,
        7,
        92,
        253,
        254
      ],
      "time_sec": 2.2474188804626465
    },
    "PA4": {
      "fe_best": 0.04889898928224962,
      "thresholds": [
        1,
        3,
        98,
        248,
        249,
        250,
        251,
        252,
        253,
        254
      ],
      "time_sec": 2.372250556945801
    },
    "PA5": {
      "fe_best": 0.04815724533307131,
      "thresholds": [
        2,
        6,
        13,
        24,
        25,
        88,
        251,
        252,
        253,
        254
      ],
      "time_sec": 4.889410972595215
    }
  }
}