{
  "image_index": 52,
  "image_path": "dataset/BDS500/images/val\\253055.jpg",
  "k": 10,
  "strategies": {
    "PA1": {
      "fe_best": 0.04463734500265413,
      "thresholds": [
        1,
        4,
        6,
        8,
        9,
        16,
        31,
        148,
        247,
        248
      ],
      "time_sec": 2.4105472564697266
    },
    "PA2": {
      "fe_best": 0.04467942209840589,
      "thresholds": [
        1,
        3,
        6,
        7,
        9,
        11,
        14,
        48,
        247,
        248
      ],
      "time_sec": 2.251478910446167
    },
    "PA3": {
      "fe_best": 0.04470481722336328,
      "thresholds": [
        1,
        2,
        3,
        4,
        5,
        8,
        23,
        152,
        247,
        248
      ],
      "time_sec": 2.336125612258911
    },
    "PA4": {
      "fe_best": 0.04494481985284182,
      "thresholds": [
        4,
        9,
        13,
        34,
        49,
        53,
        134,
        244,
        251,
        252
      ],
      "time_sec": 2.335707187652588
    },
    "PA5": {
      "fe_best": 0.0447957278922342,
      "thresholds": [
        1,
        2,
        3,
        4,
        5,
        11,
        12,
        164,
        247,
        248
      ],
      "time_sec": 4.82184910774231
    }
  }
}