{
  "image_index": 57,
  "image_path": "dataset/BDS500/images/val\\295087.jpg",
  "k": 10,
  "strategies": {
    "PA1": {
      "fe_best": 0.04880622678506522,
      "thresholds": [
        1,
        3,
        21,
        248,
        249,
        250,
        251,
        252,
        253,
        254
      ],
      "time_sec": 2.247565746307373
    },
    "PA2": {
      "fe_best": 0.049412425571313735,
      "thresholds": [
        245,
        246,
        247,
        248,
        249,
        250,
        251,
        252,
        253,
        254
      ],
      "time_sec": 2.259598970413208
    },
    "PA3": {
      "fe_best": 0.04877924671915439,
      "thresholds": [
        4,
        22,
        247,
        248,
        249,
        250,
        251,
        252,
        253,
        254
      ],
      "time_sec": 2.2583749294281006
    },
    "PA4": {
      "fe_best": 0.049412425571313735,
      "thresholds": [
        245,
        246,
        247,
        248,
        249,
        250,
        251,
        252,
        253,
        254
      ],
      "time_sec": 2.3413894176483154
    },
    "PA5": {
      "fe_best": 0.04881054576424089,
      "thresholds": [
        1,
        2,
        3,
        4,
        5,
        6,
        18,
        252,
        253,
        254
      ],
      "time_sec": 4.700852155685425
    }
  }
}