{
  "image_index": 51,
  "image_path": "dataset/BDS500/images/val\\253027.jpg",
  "k": 10,
  "strategies": {
    "PA1": {
      "fe_best": 0.04866168763607448,
      "thresholds": [
        2,
        4,
        6,
        8,
        11,
        14,
        57,
        234,
        235,
        242
      ],
      "time_sec": 2.52101993560791
    },
    "PA2": {
      "fe_best": 0.04862664652946951,
      "thresholds": [
        1,
        2,
        3,
        4,
        5,
        7,
        8,
        61,
        228,
        241
      ],
      "time_sec": 2.4654150009155273
    },
    "PA3": {
      "fe_best": 0.04864033256237119,
      "thresholds": [
        1,
        2,
        3,
        4,
        6,
        14,
        58,
        232,
        235,
        244
      ],
      "time_sec": 2.451836109161377
    },
    "PA4": {
      "fe_best": 0.04880993877173982,
      "thresholds": [
        1,
        2,
        3,
        73,
        214,
        230,
        235,
        250,
        251,
        254
      ],
      "time_sec": 2.275087594985962
    },
    "PA5": {
      "fe_best": 0.048631814141989596,
      "thresholds": [
        1,
        2,
        5,
        6,
        7,
        8,
        10,
        58,
        235,
        242
      ],
      "time_sec": 4.650368928909302
    }
  }
}