{
  "image_index": 62,
  "image_path": "dataset/BDS500/images/val\\302008.jpg",
  "k": 10,
  "strategies": {
    "PA1": {
      "fe_best": 0.05371374753444417,
      "thresholds": [
        39,
        44,
        51,
        64,
        67,
        80,
        109,
        136,
        253,
        254
      ],
      "time_sec": 2.277486562728882
    },
    "PA2": {
      "fe_best": 0.05351034340686012,
      "thresholds": [
        1,
        76,
        84,
        105,
        208,
        249,
        251,
        252,
        253,
        254
      ],
      "time_sec": 2.336540460586548
    },
    "PA3": {
      "fe_best": 0.05386518700661374,
      "thresholds": [
        39,
        40,
        51,
        52,
        55,
        56,
        103,
        145,
        247,
        254
      ],
      "time_sec": 2.303609848022461
    },
    "PA4": {
      "fe_best": 0.05378370183788897,
      "thresholds": [
        39,
        51,
        72,
        79,
        92,
        95,
        107,
        206,
        250,
        254
      ],
      "time_sec": 2.310682535171509
    },
    "PA5": {
      "fe_best": 0.05383837076362451,
      "thresholds": [
        39,
        42,
        43,
        66,
        71,
        82,
        112,
        200,
        253,
        254
      ],
      "time_sec": 4.896404266357422
    }
  }
}