{
  "image_index": 67,
  "image_path": "dataset/BDS500/images/val\\33039.jpg",
  "k": 10,
  "strategies": {
    "PA1": {
      "fe_best": 0.04596548175698358,
      "thresholds": [
        1,
        2,
        4,
        11,
        14,
        83,
        186,
        199,
        210,
        227
      ],
      "time_sec": 2.3138887882232666
    },
    "PA2": {
      "fe_best": 0.04831697914894021,
      "thresholds": [
        235,
        236,
        243,
        244,
        245,
        248,
        249,
        252,
        253,
        254
      ],
      "time_sec": 2.1543893814086914
    },
    "PA3": {
      "fe_best": 0.04602054647435112,
      "thresholds": [
        1,
        2,
        3,
        7,
        18,
        19,
        26,
        27,
        218,
        230
      ],
      "time_sec": 2.3978307247161865
    },
    "PA4": {
      "fe_best": 0.04610211674269353,
      "thresholds": [
        1,
        2,
        3,
        4,
        5,
        6,
        9,
        10,
        93,
        230
      ],
      "time_sec": 2.4261393547058105
    },
    "PA5": {
      "fe_best": 0.04615156454808169,
      "thresholds": [
        1,
        2,
        3,
        5,
        6,
        9,
        94,
        230,
        231,
        234
      ],
      "time_sec": 4.852855205535889
    }
  }
}