{
  "image_index": 64,
  "image_path": "dataset/BDS500/images/val\\304074.jpg",
  "k": 10,
  "strategies": {
    "PA1": {
      "fe_best": 0.04763390479100296,
      "thresholds": [
        1,
        2,
        3,
        4,
        5,
        6,
        7,
        8,
        35,
        254
      ],
      "time_sec": 2.331658363342285
    },
    "PA2": {
      "fe_best": 0.04936150988832395,
      "thresholds": [
        203,
        231,
        234,
        236,
        244,
        245,
        248,
        249,
        252,
        254
      ],
      "time_sec": 2.3731393814086914
    },
    "PA3": {
      "fe_best": 0.047549630537656595,
      "thresholds": [
        1,
        3,
        4,
        41,
        248,
        249,
        250,
        251,
        253,
        254
      ],
      "time_sec": 2.2895734310150146
    },
    "PA4": {
      "fe_best": 0.049384598303399,
      "thresholds": [
        201,
        230,
        233,
        237,
        238,
        241,
        246,
        247,
        251,
        254
      ],
      "time_sec": 2.313427209854126
    },
    "PA5": {
      "fe_best": 0.04765564821244017,
      "thresholds": [
        1,
        2,
        3,
        4,
        5,
        6,
        39,
        250,
        251,
        254
      ],
      "time_sec": 4.982985496520996
    }
  }
}