{
  "image_index": 66,
  "image_path": "dataset/BDS500/images/val\\3096.jpg",
  "k": 10,
  "strategies": {
    "PA1": {
      "fe_best": 0.05405617903541526,
      "thresholds": [
        1,
        2,
        3,
        4,
        5,
        6,
        7,
        184,
        253,
        254
      ],
      "time_sec": 2.362797975540161
    },
    "PA2": {
      "fe_best": 0.05402486577699439,
      "thresholds": [
        1,
        2,
        3,
        4,
        5,
        6,
        8,
        9,
        182,
        254
      ],
      "time_sec": 2.3053228855133057
    },
    "PA3": {
      "fe_best": 0.05394091211245785,
      "thresholds": [
        1,
        2,
        6,
        7,
        10,
        183,
        251,
        252,
        253,
        254
      ],
      "time_sec": 2.3438541889190674
    },
    "PA4": {
      "fe_best": 0.0541768107855212,
      "thresholds": [
        1,
        2,
        3,
        4,
        187,
        250,
        251,
        252,
        253,
        254
      ],
      "time_sec": 2.3357410430908203
    },
    "PA5": {
      "fe_best": 0.054242353719135605,
      "thresholds": [
        1,
        190,
        247,
        248,
        249,
        250,
        251,
        252,
        253,
        254
      ],
      "time_sec": 4.706992149353027
    }
  }
}