{
  "image_index": 60,
  "image_path": "dataset/BDS500/images/val\\299086.jpg",
  "k": 10,
  "strategies": {
    "PA1": {
      "fe_best": 0.04894039797673591,
      "thresholds": [
        1,
        2,
        3,
        4,
        5,
        6,
        7,
        8,
        134,
        254
      ],
      "time_sec": 2.184903144836426
    },
    "PA2": {
      "fe_best": 0.04866046366403452,
      "thresholds": [
        1,
        2,
        5,
        6,
        11,
        132,
        251,
        252,
        253,
        254
      ],
      "time_sec": 2.223240375518799
    },
    "PA3": {
      "fe_best": 0.04864710275987631,
      "thresholds": [
        21,
        246,
        247,
        248,
        249,
        250,
        251,
        252,
        253,
        254
      ],
      "time_sec": 2.471712589263916
    },
    "PA4": {
      "fe_best": 0.04839927433968487,
      "thresholds": [
        142,
        246,
        247,
        248,
        249,
        250,
        251,
        252,
        253,
        254
      ],
      "time_sec": 2.4147472381591797
    },
    "PA5": {
      "fe_best": 0.04894039797673591,
      "thresholds": [
        1,
        2,
        3,
        4,
        5,
        6,
        7,
        8,
        134,
        254
      ],
      "time_sec": 4.924220085144043
    }
  }
}