{
  "image_index": 75,
  "image_path": "dataset/BDS500/images/val\\41033.jpg",
  "k": 10,
  "strategies": {
    "PA1": {
      "fe_best": 0.04887195097273088,
      "thresholds": [
        1,
        2,
        3,
        7,
        8,
        9,
        11,
        12,
        15,
        52
      ],
      "time_sec": 2.2944865226745605
    },
    "PA2": {
      "fe_best": 0.04918115268159118,
      "thresholds": [
        1,
        2,
        3,
        5,
        6,
        9,
        12,
        33,
        36,
        37
      ],
      "time_sec": 2.256220817565918
    },
    "PA3": {
      "fe_best": 0.04898373130115563,
      "thresholds": [
        2,
        3,
        6,
        7,
        8,
        9,
        10,
        11,
        34,
        35
      ],
      "time_sec": 2.2821402549743652
    },
    "PA4": {
      "fe_best": 0.04924823899157474,
      "thresholds": [
        1,
        3,
        4,
        5,
        9,
        12,
        19,
        32,
        35,
        36
      ],
      "time_sec": 2.339113712310791
    },
    "PA5": {
      "fe_best": 0.049289920204596396,
      "thresholds": [
        2,
        3,
        4,
        8,
        9,
        12,
        21,
        32,
        33,
        36
      ],
      "time_sec": 5.019768476486206
    }
  }
}