{
  "image_index": 70,
  "image_path": "dataset/BDS500/images/val\\37073.jpg",
  "k": 10,
  "strategies": {
    "PA1": {
      "fe_best": 0.05663283678240807,
      "thresholds": [
        1,
        2,
        3,
        4,
        5,
        6,
        7,
        8,
        11,
        254
      ],
      "time_sec": 2.473442316055298
    },
    "PA2": {
      "fe_best": 0.057088704434024924,
      "thresholds": [
        145,
        246,
        247,
        248,
        249,
        250,
        251,
        252,
        253,
        254
      ],
      "time_sec": 2.25106143951416
    },
    "PA3": {
      "fe_best": 0.05663236947569516,
      "thresholds": [
        1,
        2,
        3,
        4,
        5,
        6,
        14,
        252,
        253,
        254
      ],
      "time_sec": 2.2936432361602783
    },
    "PA4": {
      "fe_best": 0.05536762773171099,
      "thresholds": [
        15,
        36,
        223,
        225,
        233,
        234,
        241,
        247,
        250,
        251
      ],
      "time_sec": 2.2134904861450195
    },
    "PA5": {
      "fe_best": 0.05663236947569516,
      "thresholds": [
        1,
        2,
        3,
        4,
        5,
        6,
        14,
        252,
        253,
        254
      ],
      "time_sec": 4.7308595180511475
    }
  }
}