{
  "image_index": 78,
  "image_path": "dataset/BDS500/images/val\\42049.jpg",
  "k": 10,
  "strategies": {
    "PA1": {
      "fe_best": 0.05783280933829932,
      "thresholds": [
        1,
        2,
        3,
        4,
        5,
        6,
        7,
        8,
        9,
        10
      ],
      "time_sec": 2.3865268230438232
    },
    "PA2": {
      "fe_best": 0.05783280933829932,
      "thresholds": [
        1,
        2,
        3,
        4,
        5,
        6,
        7,
        8,
        9,
        10
      ],
      "time_sec": 2.285336494445801
    },
    "PA3": {
      "fe_best": 0.05783280933829932,
      "thresholds": [
        1,
        2,
        3,
        4,
        5,
        6,
        7,
        8,
        9,
        10
      ],
      "time_sec": 2.440929651260376
    },
    "PA4": {
      "fe_best": 0.05783280933829932,
      "thresholds": [
        1,
        2,
        3,
        4,
        5,
        6,
        7,
        8,
        9,
        10
      ],
      "time_sec": 2.3824474811553955
    },
    "PA5": {
      "fe_best": 0.05783280933829932,
      "thresholds": [
        1,
        2,
        3,
        4,
        5,
        6,
        7,
        8,
        9,
        10
      ],
      "time_sec": 5.006165266036987
    }
  }
}