{
  "image_index": 72,
  "image_path": "dataset/BDS500/images/val\\38082.jpg",
  "k": 10,
  "strategies": {
    "PA1": {
      "fe_best": 0.046391088233624665,
      "thresholds": [
        9,
        15,
        108,
        248,
        249,
        250,
        251,
        252,
        253,
        254
      ],
      "time_sec": 2.2513763904571533
    },
    "PA2": {
      "fe_best": 0.04628946904358187,
      "thresholds": [
        9,
        14,
        109,
        186,
        188,
        197,
        214,
        227,
        236,
        253
      ],
      "time_sec": 2.2292869091033936
    },
    "PA3": {
      "fe_best": 0.0462546512655973,
      "thresholds": [
        7,
        15,
        120,
        163,
        168,
        171,
        180,
        199,
        206,
        235
      ],
      "time_sec": 2.24243426322937
    },
    "PA4": {
      "fe_best": 0.046328398809312284,
      "thresholds": [
        1,
        20,
        109,
        248,
        249,
        250,
        251,
        252,
        253,
        254
      ],
      "time_sec": 2.228586435317993
    },
    "PA5": {
      "fe_best": 0.04647289487515854,
      "thresholds": [
        1,
        2,
        5,
        8,
        11,
        12,
        111,
        252,
        253,
        254
      ],
      "time_sec": 4.600608825683594
    }
  }
}