{
  "image_index": 71,
  "image_path": "dataset/BDS500/images/val\\376043.jpg",
  "k": 10,
  "strategies": {
    "PA1": {
      "fe_best": 0.04675448357071865,
      "thresholds": [
        1,
        2,
        3,
        4,
        5,
        6,
        7,
        52,
        251,
        252
      ],
      "time_sec": 2.194627285003662
    },
    "PA2": {
      "fe_best": 0.046723440789018425,
      "thresholds": [
        1,
        2,
        3,
        4,
        5,
        6,
        7,
        10,
        11,
        174
      ],
      "time_sec": 2.3444905281066895
    },
    "PA3": {
      "fe_best": 0.04670671016017834,
      "thresholds": [
        1,
        2,
        3,
        4,
        5,
        6,
        9,
        10,
        173,
        254
      ],
      "time_sec": 2.3175947666168213
    },
    "PA4": {
      "fe_best": 0.04677553667561438,
      "thresholds": [
        1,
        2,
        3,
        4,
        5,
        54,
        249,
        250,
        251,
        254
      ],
      "time_sec": 2.183504581451416
    },
    "PA5": {
      "fe_best": 0.046723440789018425,
      "thresholds": [
        1,
        2,
        3,
        4,
        5,
        6,
        7,
        10,
        11,
        174
      ],
      "time_sec": 4.698009490966797
    }
  }
}