{
  "image_index": 84,
  "image_path": "dataset/BDS500/images/val\\62096.jpg",
  "k": 10,
  "strategies": {
    "PA1": {
      "fe_best": 0.05213506054466666,
      "thresholds": [
        4,
        5,
        17,
        43,
        167,
        170,
        175,
        198,
        219,
        234
      ],
      "time_sec": 2.38153338432312
    },
    "PA2": {
      "fe_best": 0.05247248608180745,
      "thresholds": [
        1,
        2,
        14,
        20,
        22,
        30,
        207,
        212,
        223,
        236
      ],
      "time_sec": 2.1719419956207275
    },
    "PA3": {
      "fe_best": 0.052586618671650244,
      "thresholds": [
        1,
        2,
        4,
        5,
        6,
        11,
        12,
        32,
        235,
        236
      ],
      "time_sec": 2.29883074760437
    },
    "PA4": {
      "fe_best": 0.052481282470471104,
      "thresholds": [
        2,
        9,
        23,
        24,
        25,
        211,
        212,
        215,
        223,
        236
      ],
      "time_sec": 2.287083148956299
    },
    "PA5": {
      "fe_best": 0.0525223554642629,
      "thresholds": [
        1,
        2,
        8,
        20,
        32,
        204,
        211,
        212,
        235,
        236
      ],
      "time_sec": 4.584592819213867
    }
  }
}