{
  "image_index": 88,
  "image_path": "dataset/BDS500/images/val\\69020.jpg",
  "k": 10,
  "strategies": {
    "PA1": {
      "fe_best": 0.04923401371741624,
      "thresholds": [
        1,
        4,
        5,
        8,
        9,
        12,
        13,
        124,
        253,
        254
      ],
      "time_sec": 2.465528726577759
    },
    "PA2": {
      "fe_best": 0.049004872049809474,
      "thresholds": [
        1,
        4,
        7,
        8,
        11,
        13,
        120,
        252,
        253,
        254
      ],
      "time_sec": 2.4091639518737793
    },
    "PA3": {
      "fe_best": 0.04859133554736522,
      "thresholds": [
        3,
        12,
        22,
        25,
        26,
        117,
        251,
        252,
        253,
        254
      ],
      "time_sec": 2.3084592819213867
    },
    "PA4": {
      "fe_best": 0.04904852007427883,
      "thresholds": [
        1,
        3,
        132,
        248,
        249,
        250,
        251,
        252,
        253,
        254
      ],
      "time_sec": 2.4402458667755127
    },
    "PA5": {
      "fe_best": 0.04904180104655254,
      "thresholds": [
        2,
        7,
        10,
        11,
        14,
        15,
        122,
        252,
        253,
        254
      ],
      "time_sec": 4.794123649597168
    }
  }
}