{
  "image_index": 83,
  "image_path": "dataset/BDS500/images/val\\58060.jpg",
  "k": 10,
  "strategies": {
    "PA1": {
      "fe_best": 0.051104948913686526,
      "thresholds": [
        55,
        72,
        75,
        76,
        103,
        104,
        139,
        165,
        196,
        254
      ],
      "time_sec": 2.4620790481567383
    },
    "PA2": {
      "fe_best": 0.051059825739351465,
      "thresholds": [
        53,
        56,
        57,
        88,
        125,
        140,
        148,
        193,
        222,
        254
      ],
      "time_sec": 2.4773623943328857
    },
    "PA3": {
      "fe_best": 0.051327045957287695,
      "thresholds": [
        57,
        60,
        61,
        64,
        65,
        104,
        145,
        156,
        165,
        211
      ],
      "time_sec": 2.4887752532958984
    },
    "PA4": {
      "fe_best": 0.051174273758632996,
      "thresholds": [
        55,
        56,
        59,
        64,
        91,
        104,
        125,
        144,
        145,
        228
      ],
      "time_sec": 2.3049135208129883
    },
    "PA5": {
      "fe_best": 0.051676092757192656,
      "thresholds": [
        51,
        54,
        55,
        58,
        59,
        62,
        63,
        114,
        119,
        178
      ],
      "time_sec": 4.934524774551392
    }
  }
}