{
  "image_index": 92,
  "image_path": "dataset/BDS500/images/val\\8023.jpg",
  "k": 10,
  "strategies": {
    "PA1": {
      "fe_best": 0.048972614089179786,
      "thresholds": [
        2,
        4,
        6,
        8,
        12,
        15,
        108,
        247,
        248,
        254
      ],
      "time_sec": 2.2609243392944336
    },
    "PA2": {
      "fe_best": 0.04897519917710679,
      "thresholds": [
        1,
        2,
        4,
        7,
        9,
        112,
        249,
        250,
        253,
        254
      ],
      "time_sec": 2.362163543701172
    },
    "PA3": {
      "fe_best": 0.04897238472827662,
      "thresholds": [
        1,
        2,
        3,
        4,
        5,
        13,
        110,
        245,
        246,
        253
      ],
      "time_sec": 2.457298755645752
    },
    "PA4": {
      "fe_best": 0.0489428185143822,
      "thresholds": [
        1,
        17,
        108,
        245,
        247,
        248,
        249,
        250,
        253,
        254
      ],
      "time_sec": 2.305445909500122
    },
    "PA5": {
      "fe_best": 0.04897614771704727,
      "thresholds": [
        1,
        2,
        3,
        5,
        6,
        8,
        111,
        248,
        249,
        252
      ],
      "time_sec": 5.006133556365967
    }
  }
}