{
  "image_index": 94,
  "image_path": "dataset/BDS500/images/val\\86000.jpg",
  "k": 10,
  "strategies": {
    "PA1": {
      "fe_best": 0.049222847262846064,
      "thresholds": [
        1,
        2,
        3,
        4,
        5,
        6,
        91,
        252,
        253,
        254
      ],
      "time_sec": 2.259903907775879
    },
    "PA2": {
      "fe_best": 0.049265158328415236,
      "thresholds": [
        1,
        98,
        247,
        248,
        249,
        250,
        251,
        252,
        253,
        254
      ],
      "time_sec": 2.4893250465393066
    },
    "PA3": {
      "fe_best": 0.048941394447261394,
      "thresholds": [
        1,
        3,
        4,
        5,
        6,
        26,
        27,
        82,
        253,
        254
      ],
      "time_sec": 2.4151177406311035
    },
    "PA4": {
      "fe_best": 0.048853907142231145,
      "thresholds": [
        1,
        2,
        3,
        15,
        20,
        32,
        79,
        252,
        253,
        254
      ],
      "time_sec": 2.255341053009033
    },
    "PA5": {
      "fe_best": 0.04927146318013524,
      "thresholds": [
        1,
        2,
        3,
        96,
        249,
        250,
        251,
        252,
        253,
        254
      ],
      "time_sec": 4.722991704940796
    }
  }
}