{
  "image_index": 93,
  "image_path": "dataset/BDS500/images/val\\85048.jpg",
  "k": 10,
  "strategies": {
    "PA1": {
      "fe_best": 0.0474341633197558,
      "thresholds": [
        1,
        3,
        6,
        10,
        12,
        25,
        26,
        152,
        239,
        240
      ],
      "time_sec": 2.469046115875244
    },
    "PA2": {
      "fe_best": 0.04776989818704087,
      "thresholds": [
        19,
        24,
        29,
        159,
        238,
        242,
        243,
        250,
        251,
        254
      ],
      "time_sec": 2.380727767944336
    },
    "PA3": {
      "fe_best": 0.0474502151955176,
      "thresholds": [
        20,
        22,
        23,
        25,
        154,
        225,
        235,
        236,
        239,
        240
      ],
      "time_sec": 2.4458489418029785
    },
    "PA4": {
      "fe_best": 0.047131533033610964,
      "thresholds": [
        6,
        9,
        22,
        36,
        135,
        215,
        231,
        250,
        251,
        254
      ],
      "time_sec": 2.5138752460479736
    },
    "PA5": {
      "fe_best": 0.04678374794656191,
      "thresholds": [
        1,
        7,
        42,
        142,
        201,
        202,
        213,
        220,
        233,
        240
      ],
      "time_sec": 4.806089162826538
    }
  }
}