{
  "image_index": 90,
  "image_path": "dataset/BDS500/images/val\\76053.jpg",
  "k": 10,
  "strategies": {
    "PA1": {
      "fe_best": 0.047559962910428036,
      "thresholds": [
        1,
        3,
        4,
        5,
        6,
        7,
        8,
        9,
        51,
        254
      ],
      "time_sec": 2.3773415088653564
    },
    "PA2": {
      "fe_best": 0.047545031745278486,
      "thresholds": [
        1,
        2,
        3,
        4,
        5,
        6,
        56,
        252,
        253,
        254
      ],
      "time_sec": 2.4278905391693115
    },
    "PA3": {
      "fe_best": 0.047559962910428036,
      "thresholds": [
        1,
        2,
        4,
        5,
        6,
        7,
        8,
        9,
        51,
        254
      ],
      "time_sec": 2.2507245540618896
    },
    "PA4": {
      "fe_best": 0.04751986796378332,
      "thresholds": [
        1,
        2,
        3,
        4,
        58,
        250,
        251,
        252,
        253,
        254
      ],
      "time_sec": 2.3886823654174805
    },
    "PA5": {
      "fe_best": 0.047559962910428036,
      "thresholds": [
        1,
        2,
        4,
        5,
        6,
        7,
        8,
        9,
        51,
        254
      ],
      "time_sec": 4.7890543937683105
    }
  }
}