{
  "image_index": 98,
  "image_path": "dataset/BDS500/images/val\\89072.jpg",
  "k": 10,
  "strategies": {
    "PA1": {
      "fe_best": 0.04931038526406778,
      "thresholds": [
        1,
        3,
        4,
        7,
        16,
        35,
        220,
        227,
        232,
        250
      ],
      "time_sec": 2.3309779167175293
    },
    "PA2": {
      "fe_best": 0.050163228444200694,
      "thresholds": [
        223,
        224,
        227,
        228,
        231,
        232,
        243,
        252,
        253,
        254
      ],
      "time_sec": 2.3216543197631836
    },
    "PA3": {
      "fe_best": 0.04930952328964519,
      "thresholds": [
        1,
        8,
        16,
        34,
        221,
        226,
        233,
        238,
        253,
        254
      ],
      "time_sec": 2.2864105701446533
    },
    "PA4": {
      "fe_best": 0.05015644728129978,
      "thresholds": [
        227,
        228,
        231,
        238,
        242,
        249,
        250,
        251,
        252,
        254
      ],
      "time_sec": 2.199129581451416
    },
    "PA5": {
      "fe_best": 0.049995753394257506,
      "thresholds": [
        1,
        2,
        3,
        4,
        6,
        7,
        11,
        14,
        15,
        28
      ],
      "time_sec": 4.604158639907837
    }
  }
}