{
  "image_index": 91,
  "image_path": "dataset/BDS500/images/val\\78004.jpg",
  "k": 10,
  "strategies": {
    "PA1": {
      "fe_best": 0.0481090557515433,
      "thresholds": [
        1,
        12,
        13,
        20,
        21,
        36,
        57,
        68,
        95,
        172
      ],
      "time_sec": 2.3663361072540283
    },
    "PA2": {
      "fe_best": 0.0482971549544621,
      "thresholds": [
        1,
        3,
        6,
        9,
        10,
        21,
        28,
        29,
        92,
        254
      ],
      "time_sec": 2.4000744819641113
    },
    "PA3": {
      "fe_best": 0.0483061384614771,
      "thresholds": [
        2,
        4,
        56,
        69,
        84,
        89,
        96,
        97,
        100,
        166
      ],
      "time_sec": 2.3936898708343506
    },
    "PA4": {
      "fe_best": 0.048147782334240385,
      "thresholds": [
        1,
        5,
        11,
        28,
        63,
        80,
        83,
        84,
        99,
        172
      ],
      "time_sec": 2.2982687950134277
    },
    "PA5": {
      "fe_best": 0.048989806311964264,
      "thresholds": [
        1,
        2,
        5,
        6,
        9,
        10,
        13,
        14,
        33,
        186
      ],
      "time_sec": 4.5605340003967285
    }
  }
}