{
  "algorithm": "HYBRID-PA6",
  "thresholds": [
    35,
    56,
    76,
    96,
    117,
    140,
    163,
    186,
    209,
    232
  ],
  "best_f": -36.38691225255666,
  "entropy": 36.38691225255666,
  "time": 4.452340364456177,
  "metrics": {
    "psnr": 27.776808642529602,
    "ssim": 0.84006737269821,
    "dice": 0.2388682162181596
  }
}