{
  "algorithm": "PSO",
  "thresholds": [
    32,
    60,
    83,
    103,
    122,
    141,
    161,
    182,
    205,
    230
  ],
  "best_f": -36.934136954521016,
  "entropy": 36.934136954521016,
  "time": 3.86173415184021,
  "metrics": {
    "psnr": 32.8030388445958,
    "ssim": 0.893260516451546,
    "dice": 0.14440210907131587
  }
}