{
  "algorithm": "HYBRID-PA5",
  "thresholds": [
    18,
    38,
    61,
    86,
    110,
    134,
    157,
    180,
    203,
    226
  ],
  "best_f": -37.3137426883744,
  "entropy": 37.3137426883744,
  "time": 4.347975254058838,
  "metrics": {
    "psnr": 31.205140275565277,
    "ssim": 0.8909018725835796,
    "boundary_dsc": 0.13721933829507788
  }
}