{
  "algorithm": "OTSU",
  "thresholds": [
    26,
    51,
    76,
    102,
    128,
    153,
    178,
    204,
    230
  ],
  "best_f": -33.05131101955287,
  "entropy": 33.05131101955287,
  "time": 0.015795230865478516,
  "metrics": {
    "psnr": 31.027575038249125,
    "ssim": 0.9107923753402405,
    "dice": 0.13772153935906978
  }
}