{
  "config": {
    "eval_mode": "single_image_multi_seed",
    "image_id": "306052",
    "k": 10,
    "seeds": [
      42,
      43,
      44,
      45,
      46
    ],
    "n_agents": 30,
    "n_iters": 80,
    "use_penalties": false,
    "penalty_mode": null,
    "n_images": 1,
    "algorithms": [
      "GWO",
      "WOA",
      "PSO",
      "OTSU",
      "PA5",
      "PA6"
    ],
    "image_path": "dataset/BDS500/images\\test\\306052.jpg",
    "gt_path": "dataset/BDS500/ground_truth\\test\\306052.mat"
  },
  "summary_statistics": {
    "GWO": {
      "n_runs": 5,
      "n_images": 1,
      "n_seeds": 5,
      "boundary_dsc_mean": 0.07771065426509577,
      "boundary_dsc_sd": 0.002227820026591299,
      "fe_mean": 37.09001482068987,
      "fe_sd": 0.5845672203088805,
      "psnr_mean": 31.625204609532865,
      "psnr_sd": 0.34064908466450305,
      "ssim_mean": 0.8939451151028198,
      "ssim_sd": 0.004865335148597683,
      "time_mean": 2.130595588684082,
      "time_sd": 0.17589259039822822
    },
    "WOA": {
      "n_runs": 5,
      "n_images": 1,
      "n_seeds": 5,
      "boundary_dsc_mean": 0.07424027132139777,
      "boundary_dsc_sd": 0.0024677603944390893,
      "fe_mean": 37.89130361484858,
      "fe_sd": 0.05735771027489952,
      "psnr_mean": 31.946444085264808,
      "psnr_sd": 0.08359555752510515,
      "ssim_mean": 0.8912101062650446,
      "ssim_sd": 0.0019018759133665394,
      "time_mean": 2.0310050010681153,
      "time_sd": 0.07564297516664734
    },
    "PSO": {
      "n_runs": 5,
      "n_images": 1,
      "n_seeds": 5,
      "boundary_dsc_mean": 0.07398309677713559,
      "boundary_dsc_sd": 0.002351582039618198,
      "fe_mean": 37.83789454449992,
      "fe_sd": 0.06888069116286549,
      "psnr_mean": 31.942400326741364,
      "psnr_sd": 0.15008157292740537,
      "ssim_mean": 0.8913790464143727,
      "ssim_sd": 0.005021945689625971,
      "time_mean": 4.07506046295166,
      "time_sd": 0.2710950804544031
    },
    "OTSU": {
      "n_runs": 5,
      "n_images": 1,
      "n_seeds": 5,
      "boundary_dsc_mean": 0.0732424422050978,
      "boundary_dsc_sd": 0.0,
      "fe_mean": 37.61487155609491,
      "fe_sd": 0.0,
      "psnr_mean": 32.263867960467174,
      "psnr_sd": 0.0,
      "ssim_mean": 0.9020313719242707,
      "ssim_sd": 1.2412670766236366e-16,
      "time_mean": 0.4624241828918457,
      "time_sd": 0.034227746846996865
    },
    "PA5": {
      "n_runs": 5,
      "n_images": 1,
      "n_seeds": 5,
      "boundary_dsc_mean": 0.07427664983872358,
      "boundary_dsc_sd": 0.001437848989867119,
      "fe_mean": 37.912074443483235,
      "fe_sd": 0.07196223660107755,
      "psnr_mean": 32.03018881876972,
      "psnr_sd": 0.07382242832083534,
      "ssim_mean": 0.8932772753375356,
      "ssim_sd": 0.002801127123751151,
      "time_mean": 4.310885429382324,
      "time_sd": 0.3677378086312292
    },
    "PA6": {
      "n_runs": 5,
      "n_images": 1,
      "n_seeds": 5,
      "boundary_dsc_mean": 0.0760886610201944,
      "boundary_dsc_sd": 0.003275817135286603,
      "fe_mean": 37.72742882561554,
      "fe_sd": 0.16262047880158645,
      "psnr_mean": 31.891837495617608,
      "psnr_sd": 0.1749380707398302,
      "ssim_mean": 0.8916491315550953,
      "ssim_sd": 0.006024235619327887,
      "time_mean": 2.1036734580993652,
      "time_sd": 0.10876934229136127
    }
  },
  "wilcoxon": [
    {
      "base": "PA5",
      "challenger": "GWO",
      "metric": "boundary_dsc",
      "mean_base": 0.07427664983872358,
      "mean_challenger": 0.07771065426509577,
      "delta_mean": -0.003434004426372192,
      "n": 5,
      "statistic": 0.0,
      "pvalue": 0.0625,
      "status": "ok"
    },
    {
      "base": "PA5",
      "challenger": "GWO",
      "metric": "fe",
      "mean_base": 37.912074443483235,
      "mean_challenger": 37.09001482068987,
      "delta_mean": 0.8220596227933612,
      "n": 5,
      "statistic": 0.0,
      "pvalue": 0.0625,
      "status": "ok"
    },
    {
      "base": "PA5",
      "challenger": "GWO",
      "metric": "psnr",
      "mean_base": 32.03018881876972,
      "mean_challenger": 31.625204609532865,
      "delta_mean": 0.40498420923685785,
      "n": 5,
      "statistic": 1.0,
      "pvalue": 0.125,
      "status": "ok"
    },
    {
      "base": "PA5",
      "challenger": "GWO",
      "metric": "ssim",
      "mean_base": 0.8932772753375356,
      "mean_challenger": 0.8939451151028198,
      "delta_mean": -0.0006678397652841728,
      "n": 5,
      "statistic": 5.0,
      "pvalue": 0.625,
      "status": "ok"
    },
    {
      "base": "PA5",
      "challenger": "WOA",
      "metric": "boundary_dsc",
      "mean_base": 0.07427664983872358,
      "mean_challenger": 0.07424027132139777,
      "delta_mean": 3.6378517325810766e-05,
      "n": 5,
      "statistic": 6.0,
      "pvalue": 0.8125,
      "status": "ok"
    },
    {
      "base": "PA5",
      "challenger": "WOA",
      "metric": "fe",
      "mean_base": 37.912074443483235,
      "mean_challenger": 37.89130361484858,
      "delta_mean": 0.02077082863465307,
      "n": 5,
      "statistic": 5.0,
      "pvalue": 0.625,
      "status": "ok"
    },
    {
      "base": "PA5",
      "challenger": "WOA",
      "metric": "psnr",
      "mean_base": 32.03018881876972,
      "mean_challenger": 31.946444085264808,
      "delta_mean": 0.08374473350491485,
      "n": 5,
      "statistic": 0.0,
      "pvalue": 0.0625,
      "status": "ok"
    },
    {
      "base": "PA5",
      "challenger": "WOA",
      "metric": "ssim",
      "mean_base": 0.8932772753375356,
      "mean_challenger": 0.8912101062650446,
      "delta_mean": 0.0020671690724910485,
      "n": 5,
      "statistic": 0.0,
      "pvalue": 0.0625,
      "status": "ok"
    },
    {
      "base": "PA5",
      "challenger": "PSO",
      "metric": "boundary_dsc",
      "mean_base": 0.07427664983872358,
      "mean_challenger": 0.07398309677713559,
      "delta_mean": 0.00029355306158798666,
      "n": 5,
      "statistic": 7.0,
      "pvalue": 1.0,
      "status": "ok"
    },
    {
      "base": "PA5",
      "challenger": "PSO",
      "metric": "fe",
      "mean_base": 37.912074443483235,
      "mean_challenger": 37.83789454449992,
      "delta_mean": 0.07417989898331712,
      "n": 5,
      "statistic": 0.0,
      "pvalue": 0.0625,
      "status": "ok"
    },
    {
      "base": "PA5",
      "challenger": "PSO",
      "metric": "psnr",
      "mean_base": 32.03018881876972,
      "mean_challenger": 31.942400326741364,
      "delta_mean": 0.08778849202835914,
      "n": 5,
      "statistic": 3.0,
      "pvalue": 0.3125,
      "status": "ok"
    },
    {
      "base": "PA5",
      "challenger": "PSO",
      "metric": "ssim",
      "mean_base": 0.8932772753375356,
      "mean_challenger": 0.8913790464143727,
      "delta_mean": 0.0018982289231629368,
      "n": 5,
      "statistic": 4.0,
      "pvalue": 0.4375,
      "status": "ok"
    },
    {
      "base": "PA5",
      "challenger": "OTSU",
      "metric": "boundary_dsc",
      "mean_base": 0.07427664983872358,
      "mean_challenger": 0.0732424422050978,
      "delta_mean": 0.0010342076336257722,
      "n": 5,
      "statistic": 3.0,
      "pvalue": 0.3125,
      "status": "ok"
    },
    {
      "base": "PA5",
      "challenger": "OTSU",
      "metric": "fe",
      "mean_base": 37.912074443483235,
      "mean_challenger": 37.61487155609491,
      "delta_mean": 0.29720288738832323,
      "n": 5,
      "statistic": 0.0,
      "pvalue": 0.0625,
      "status": "ok"
    },
    {
      "base": "PA5",
      "challenger": "OTSU",
      "metric": "psnr",
      "mean_base": 32.03018881876972,
      "mean_challenger": 32.263867960467174,
      "delta_mean": -0.23367914169745063,
      "n": 5,
      "statistic": 0.0,
      "pvalue": 0.0625,
      "status": "ok"
    },
    {
      "base": "PA5",
      "challenger": "OTSU",
      "metric": "ssim",
      "mean_base": 0.8932772753375356,
      "mean_challenger": 0.9020313719242707,