{
  "algorithm": "HYBRID-PA5",
  "thresholds": [
    23,
    46,
    67,
    88,
    109,
    132,
    156,
    181,
    205,
    230
  ],
  "best_f": -38.13935196580219,
  "entropy": 38.13935196580219,
  "time": 4.920151948928833,
  "metrics": {
    "psnr": 31.737960768228696,
    "ssim": 0.9251727932144759,
    "dice": 0.18727280846693162
  }
}