{
  "algorithm": "OTSU",
  "thresholds": [
    54,
    73,
    91,
    108,
    124,
    139,
    153,
    169,
    189,
    221
  ],
  "best_f": -35.74751236830912,
  "entropy": 35.74751236830912,
  "time": 0.46987009048461914,
  "metrics": {
    "psnr": 33.73455492979623,
    "ssim": 0.9038020644432442,
    "boundary_dsc": 0.15113940572433174
  }
}