{
  "algorithm": "PSO",
  "thresholds": [
    16,
    32,
    49,
    67,
    85,
    104,
    124,
    144,
    165,
    191
  ],
  "best_f": -35.53898551272433,
  "entropy": 35.53898551272433,
  "time": 15.289451837539673,
  "metrics": {
    "psnr": 33.80572889950513,
    "ssim": 0.9152995498843892,
    "boundary_dsc": 0.10053051040430222
  }
}