{
  "algorithm": "HYBRID-PA6",
  "thresholds": [
    7,
    28,
    53,
    78,
    105,
    132,
    159,
    185,
    211,
    235
  ],
  "best_f": -37.077133192537126,
  "entropy": 37.077133192537126,
  "time": 13.90525197982788,
  "metrics": {
    "psnr": 31.25855348670228,
    "ssim": 0.880334984341182,
    "boundary_dsc": 0.32433350314145015
  }
}