{
  "image_name": "uploaded",
  "timestamp": "2026-04-24T11:32:45.842477",
  "total_time": 110.29134917259216,
  "best_overall_algo": "HYBRID-PA5",
  "best_overall_f": -36.438039453727704,
  "best_overall_entropy": 36.438039453727704,
  "results": {
    "GWO": {
      "entropy": 35.18290153833736,
      "time": 15.368102073669434,
      "metrics": {
        "psnr": 31.225537626717976,
        "ssim": 0.8893647021742578,
        "boundary_dsc": 0.14713172409173123
      }
    },
    "WOA": {
      "entropy": 36.41164692806784,
      "time": 15.14475679397583,
      "metrics": {
        "psnr": 32.43727157068652,
        "ssim": 0.8949876839663071,
        "boundary_dsc": 0.14847044946195875
      }
    },
    "PSO": {
      "entropy": 36.37592379852961,
      "time": 29.475637674331665,
      "metrics": {
        "psnr": 32.40721406398119,
        "ssim": 0.8947121664109047,
        "boundary_dsc": 0.14687738805887499
      }
    },
    "OTSU": {
      "entropy": 35.93223851137128,
      "time": 0.4209423065185547,
      "metrics": {
        "psnr": 33.63193991974174,
        "ssim": 0.9205308801693213,
        "boundary_dsc": 0.14954418682096324
      }
    },
    "HYBRID-PA5": {
      "entropy": 36.438039453727704,
      "time": 30.787080764770508,
      "metrics": {
        "psnr": 32.495688125533995,
        "ssim": 0.8963033316290796,
        "boundary_dsc": 0.14752800847221448
      }
    },
    "HYBRID-PA6": {
      "entropy": 36.38585318937043,
      "time": 15.366371631622314,
      "metrics": {
        "psnr": 32.804805137422015,
        "ssim": 0.9029971586366691,
        "boundary_dsc": 0.14508865441096486
      }
    }
  }
}