{
  "algorithm": "WOA",
  "thresholds": [
    35,
    58,
    80,
    101,
    122,
    143,
    165,
    187,
    209,
    232
  ],
  "best_f": -36.26640435838852,
  "entropy": 36.26640435838852,
  "time": 15.151838779449463,
  "metrics": {
    "psnr": 33.39247085482138,
    "ssim": 0.8880220833855818,
    "boundary_dsc": 0.22793355080798747
  }
}