{
  "algorithm": "HYBRID-PA5",
  "thresholds": [
    21,
    42,
    63,
    84,
    106,
    128,
    153,
    178,
    203,
    229
  ],
  "best_f": -36.881380400850375,
  "entropy": 36.881380400850375,
  "time": 8.329139471054077,
  "metrics": {
    "psnr": 32.70199318773815,
    "ssim": 0.8595040377699793,
    "boundary_dsc": 0.17556536343397258
  }
}