algo,n_images,mean_fe,std_fe,worst_fe,best_fe,mean_time
HYBRID-PA5,200,36.46597769447817,1.1727710288088156,29.715061970829073,38.03036656894788,5.191756926774978
