{
  "algorithm": "GWO",
  "thresholds": [
    35,
    47,
    60,
    73,
    88,
    106,
    125,
    146,
    168,
    191
  ],
  "best_f": -33.20985277956013,
  "entropy": 33.20985277956013,
  "time": 2.2327322959899902,
  "metrics": {
    "psnr": 33.56057521636296,
    "ssim": 0.870816483935319,
    "boundary_dsc": 0.12769915883226127
  }
}