{
  "algorithm": "GWO",
  "thresholds": [
    18,
    36,
    52,
    68,
    88,
    111,
    137,
    165,
    194,
    223
  ],
  "best_f": -36.69080995415159,
  "entropy": 36.69080995415159,
  "time": 2.2725718021392822,
  "metrics": {
    "psnr": 32.298799198038914,
    "ssim": 0.9573243569784803,
    "boundary_dsc": 0.15383767498254766
  }
}