{
  "algorithm": "HYBRID-PA5",
  "thresholds": [
    32,
    57,
    79,
    101,
    123,
    145,
    167,
    189,
    211,
    233
  ],
  "best_f": -37.138895964558984,
  "entropy": 37.138895964558984,
  "time": 4.3955078125,
  "metrics": {
    "psnr": 32.450494891578174,
    "ssim": 0.9028346128874897,
    "boundary_dsc": 0.26664919969512196
  }
}