{
  "algorithm": "OTSU",
  "thresholds": [
    29,
    45,
    60,
    75,
    91,
    108,
    127,
    150,
    183,
    225
  ],
  "best_f": -35.52514195712335,
  "entropy": 35.52514195712335,
  "time": 0.4471714496612549,
  "metrics": {
    "psnr": 34.029414944032645,
    "ssim": 0.9584377937138949,
    "boundary_dsc": 0.15633022061832658
  }
}