{
  "config": {
    "root": "dataset/BDS500/images/val",
    "n_images": 100,
    "k": 10,
    "n_agents": 30,
    "n_iters": 100,
    "seed": 42,
    "woa_b": 1.0,
    "share_interval": 3,
    "strategies": [
      "PA1",
      "PA2",
      "PA3",
      "PA4",
      "PA5"
    ],
    "jitter_samples": 20,
    "jitter_delta": 2,
    "jitter_seed": 42,
    "conv_last_w": 10
  },
  "by_strategy": {
    "PA1": {
      "n_images": 100,
      "fe_mean": 0.04855263761230268,
      "fe_std": 0.002944170613173954,
      "jitter_std_mean": 0.00014513164878187407,
      "conv_last_std_mean": 6.909685619128683e-06,
      "time_mean_sec": 3.3604574823379516
    },
    "PA2": {
      "n_images": 100,
      "fe_mean": 0.04869394090243058,
      "fe_std": 0.002983758943950597,
      "jitter_std_mean": 0.0001742786691903377,
      "conv_last_std_mean": 6.934389010905672e-06,
      "time_mean_sec": 3.3928631472587587
    },
    "PA3": {
      "n_images": 100,
      "fe_mean": 0.0483972318083559,
      "fe_std": 0.0029300962037676335,
      "jitter_std_mean": 0.0002100672001090375,
      "conv_last_std_mean": 1.3516308407880054e-05,
      "time_mean_sec": 3.574518120288849
    },
    "PA4": {
      "n_images": 100,
      "fe_mean": 0.04849625904773358,
      "fe_std": 0.002938199519583832,
      "jitter_std_mean": 0.00017100850041037,
      "conv_last_std_mean": 1.4934247474406198e-05,
      "time_mean_sec": 3.448623151779175
    },
    "PA5": {
      "n_images": 100,
      "fe_mean": 0.048651102461506286,
      "fe_std": 0.0029254742513923275,
      "jitter_std_mean": 0.00017656366057570595,
      "conv_last_std_mean": 4.295199516899689e-06,
      "time_mean_sec": 7.057022340297699
    }
  }
}