{
  "algorithm": "WOA",
  "thresholds": [
    13,
    38,
    63,
    88,
    116,
    144,
    171,
    192,
    213,
    234
  ],
  "best_f": -36.658992519581375,
  "entropy": 36.658992519581375,
  "time": 8.383427858352661,
  "metrics": {
    "psnr": 32.31267657148403,
    "ssim": 0.8428065795612218,
    "boundary_dsc": 0.1817489851150203
  }
}