{
  "algorithm": "HYBRID-PA6",
  "thresholds": [
    92,
    157,
    214
  ],
  "best_f": -16.473670801007557,
  "entropy": 16.473670801007557,
  "time": 1.7494275569915771,
  "metrics": {
    "psnr": 25.19591736499787,
    "ssim": 0.7381372373478882,
    "dice": 0.2604443805277918
  }
}