{
  "algorithm": "GWO",
  "thresholds": [
    56,
    99,
    137,
    175,
    215
  ],
  "best_f": -23.01586706960466,
  "entropy": 23.01586706960466,
  "time": 1.7253532409667969,
  "metrics": {
    "psnr": 28.216287481234147,
    "ssim": 0.7939697977449661,
    "dice": 0.25423255577835874
  }
}