{
  "algorithm": "OTSU",
  "thresholds": [
    28,
    57,
    85,
    113,
    142,
    170,
    198,
    227
  ],
  "best_f": -30.781452652878247,
  "entropy": 30.781452652878247,
  "time": 0.0,
  "metrics": {
    "psnr": 34.56110056548259,
    "ssim": 0.9420630342319091,
    "dice": 0.2459497139560598
  }
}