{
  "algorithm": "HYBRID-PA6",
  "thresholds": [
    50,
    97,
    135,
    173,
    214
  ],
  "best_f": -23.02111579941849,
  "entropy": 23.02111579941849,
  "time": 1.9210550785064697,
  "metrics": {
    "psnr": 27.707571606066672,
    "ssim": 0.7825327943027054,
    "dice": 0.24730534211009414
  }
}