{
  "algorithm": "WOA",
  "thresholds": [
    13,
    33,
    56,
    79,
    102,
    126,
    150,
    174,
    198,
    223
  ],
  "best_f": -36.29856271718328,
  "entropy": 36.29856271718328,
  "time": 2.244386672973633,
  "metrics": {
    "psnr": 35.464265668616626,
    "ssim": 0.9427498021661836,
    "dice": 0.2662228011772085
  }
}