{
  "algorithm": "WOA",
  "thresholds": [
    32,
    57,
    78,
    99,
    120,
    141,
    163,
    185,
    207,
    231
  ],
  "best_f": -37.623359121098936,
  "entropy": 37.623359121098936,
  "time": 14.500690937042236,
  "metrics": {
    "psnr": 32.45300909549576,
    "ssim": 0.8894545663749076,
    "boundary_dsc": 0.13479113633518341
  }
}