{
  "algorithm": "HYBRID-PA6",
  "thresholds": [
    43,
    63,
    82,
    102,
    122,
    142,
    163,
    184,
    205,
    226
  ],
  "best_f": -36.38585318937043,
  "entropy": 36.38585318937043,
  "time": 15.366371631622314,
  "metrics": {
    "psnr": 32.804805137422015,
    "ssim": 0.9029971586366691,
    "boundary_dsc": 0.14508865441096486
  }
}