{
  "algorithm": "HYBRID-PA6",
  "thresholds": [
    22,
    45,
    69,
    94,
    120,
    146,
    172,
    197,
    220,
    242
  ],
  "best_f": -37.05069430269635,
  "entropy": 37.05069430269635,
  "time": 2.2317774295806885,
  "metrics": {
    "psnr": 32.84379315432244,
    "ssim": 0.9526095029958181,
    "dice": 0.2262942222516761
  }
}