{
  "algorithm": "GWO",
  "thresholds": [
    14,
    29,
    44,
    60,
    83,
    111,
    139,
    170,
    203,
    236
  ],
  "best_f": -35.760897370758855,
  "entropy": 35.760897370758855,
  "time": 14.72218942642212,
  "metrics": {
    "psnr": 32.41692310806141,
    "ssim": 0.9426238866302152,
    "boundary_dsc": 0.1659350995453833
  }
}