{
  "algorithm": "WOA",
  "thresholds": [
    26,
    48,
    70,
    93,
    116,
    138,
    160,
    182,
    204,
    226
  ],
  "best_f": -37.39628397180595,
  "entropy": 37.39628397180595,
  "time": 21.517056703567505,
  "metrics": {
    "psnr": 31.608300669698973,
    "ssim": 0.8991917685437926,
    "boundary_dsc": 0.13400563185556424
  }
}