{
  "algorithm": "HYBRID-PA6",
  "thresholds": [
    25,
    50,
    73,
    95,
    117,
    139,
    161,
    184,
    207,
    230
  ],
  "best_f": -37.31681676925969,
  "entropy": 37.31681676925969,
  "time": 2.2374660968780518,
  "metrics": {
    "psnr": 31.956773417455572,
    "ssim": 0.9353814270645524,
    "dice": 0.25824494389686575
  }
}