{
  "algorithm": "HYBRID-PA6",
  "thresholds": [
    33,
    53,
    70,
    93,
    112,
    137,
    163,
    186,
    207,
    230
  ],
  "best_f": -36.12829881573215,
  "entropy": 36.12829881573215,
  "time": 2.43612003326416,
  "metrics": {
    "psnr": 32.832861645868995,
    "ssim": 0.8995523088561274,
    "dice": 0.09091708432251824
  }
}