{
  "algorithm": "HYBRID-PA5",
  "thresholds": [
    46,
    66,
    86,
    106,
    126,
    149,
    172,
    194,
    215,
    235
  ],
  "best_f": -36.26522087663161,
  "entropy": 36.26522087663161,
  "time": 32.000200033187866,
  "metrics": {
    "psnr": 32.84122869020979,
    "ssim": 0.8448020127812622,
    "boundary_dsc": 0.16540542781912798
  }
}