{
  "image_name": "uploaded",
  "timestamp": "2026-04-19T18:23:14.023225",
  "total_time": 20.257017374038696,
  "best_overall_algo": "HYBRID-PA5",
  "best_overall_f": -36.720114511134696,
  "best_overall_entropy": 36.720114511134696,
  "results": {
    "GWO": {
      "entropy": 35.95868543636809,
      "time": 2.5882668495178223,
      "metrics": {
        "psnr": 31.93393414279865,
        "ssim": 0.9295579093998863,
        "dice": 0.10090067654505458
      }
    },
    "WOA": {
      "entropy": 36.68324847029243,
      "time": 2.183074712753296,
      "metrics": {
        "psnr": 32.677432826248854,
        "ssim": 0.9277681605108942,
        "dice": 0.09432199648910287
      }
    },
    "PSO": {
      "entropy": 36.65415458875977,
      "time": 4.408527851104736,
      "metrics": {
        "psnr": 32.697683234125925,
        "ssim": 0.9300605261134917,
        "dice": 0.09427306469259006
      }
    },
    "OTSU": {
      "entropy": 36.092131748203585,
      "time": 0.0021004676818847656,
      "metrics": {
        "psnr": 31.868709633034204,
        "ssim": 0.9195837623753154,
        "dice": 0.09486309409479907
      }
    },
    "HYBRID-PA5": {
      "entropy": 36.720114511134696,
      "time": 4.745849370956421,
      "metrics": {
        "psnr": 32.32431958921063,
        "ssim": 0.9233710329477264,
        "dice": 0.09059631835521324
      }
    },
    "HYBRID-PA6": {
      "entropy": 36.22838046580296,
      "time": 2.31252384185791,
      "metrics": {
        "psnr": 31.887899203390685,
        "ssim": 0.9189357058604498,
        "dice": 0.09396540787414893
      }
    }
  }
}