{
  "algorithm": "HYBRID-PA6",
  "thresholds": [
    30,
    56,
    76,
    95,
    114,
    136,
    161,
    181,
    207,
    233
  ],
  "best_f": -36.83489623602876,
  "entropy": 36.83489623602876,
  "time": 2.2453649044036865,
  "metrics": {
    "psnr": 32.36507015392413,
    "ssim": 0.8994432833878574,
    "dice": 0.27117099836961733
  }
}