{
  "algorithm": "GWO",
  "thresholds": [
    33,
    53,
    71,
    89,
    108,
    131,
    154,
    178,
    203,
    228
  ],
  "best_f": -36.14441665028581,
  "entropy": 36.14441665028581,
  "time": 2.4161696434020996,
  "metrics": {
    "psnr": 32.450635587689426,
    "ssim": 0.858268244026259,
    "dice": 0.130029959466604
  }
}