{
  "algorithm": "HYBRID-PA6",
  "thresholds": [
    39,
    61,
    84,
    109,
    131,
    153,
    174,
    194,
    214,
    235
  ],
  "best_f": -36.44471625415121,
  "entropy": 36.44471625415121,
  "time": 16.71832847595215,
  "metrics": {
    "psnr": 32.214150300903555,
    "ssim": 0.8861552041450307,
    "boundary_dsc": 0.09235213059147764
  }
}