{
  "algorithm": "OTSU",
  "thresholds": [
    23,
    46,
    70,
    93,
    116,
    139,
    162,
    185,
    209,
    232
  ],
  "best_f": -33.63940650971336,
  "entropy": 33.63940650971336,
  "time": 0.0025446414947509766,
  "metrics": {
    "psnr": 32.07161775786385,
    "ssim": 0.866954091429207,
    "dice": 0.11378615392995262
  }
}