{
  "algorithm": "HYBRID-PA6",
  "thresholds": [
    35,
    59,
    81,
    103,
    126,
    149,
    170,
    191,
    212,
    233
  ],
  "best_f": -36.420131007901624,
  "entropy": 36.420131007901624,
  "time": 2.2222354412078857,
  "metrics": {
    "psnr": 33.16686939066338,
    "ssim": 0.8751998998760738,
    "dice": 0.23128746306458423
  }
}