{
  "algorithm": "HYBRID-PA6",
  "thresholds": [
    32,
    49,
    68,
    87,
    108,
    129,
    153,
    176,
    201,
    228
  ],
  "best_f": -36.36338349264241,
  "entropy": 36.36338349264241,
  "time": 2.1874682903289795,
  "metrics": {
    "psnr": 31.82299004616832,
    "ssim": 0.9089229521327296,
    "dice": 0.15675945436397914
  }
}