{
  "image_name": "uploaded",
  "timestamp": "2026-04-19T18:27:43.495474",
  "total_time": 20.43206238746643,
  "best_overall_algo": "WOA",
  "best_overall_f": -36.0870919534871,
  "best_overall_entropy": 36.0870919534871,
  "results": {
    "GWO": {
      "entropy": 34.29238580602641,
      "time": 2.437032699584961,
      "metrics": {
        "psnr": 33.932637009856094,
        "ssim": 0.9078005264495348,
        "dice": 0.10260446810973492
      }
    },
    "WOA": {
      "entropy": 36.0870919534871,
      "time": 2.3553035259246826,
      "metrics": {
        "psnr": 32.688977313538516,
        "ssim": 0.8808595804461918,
        "dice": 0.10974470734744707
      }
    },
    "PSO": {
      "entropy": 36.05569701319701,
      "time": 4.404956340789795,
      "metrics": {
        "psnr": 32.78603146532194,
        "ssim": 0.8825940445726911,
        "dice": 0.10919066508680644
      }
    },
    "OTSU": {
      "entropy": 33.63940650971336,
      "time": 0.0025446414947509766,
      "metrics": {
        "psnr": 32.07161775786385,
        "ssim": 0.866954091429207,
        "dice": 0.11378615392995262
      }
    },
    "HYBRID-PA5": {
      "entropy": 36.07985722629946,
      "time": 4.655650615692139,
      "metrics": {
        "psnr": 33.22371447787948,
        "ssim": 0.8902548979319671,
        "dice": 0.10680402551666228
      }
    },
    "HYBRID-PA6": {
      "entropy": 35.99235495390099,
      "time": 2.6975278854370117,
      "metrics": {
        "psnr": 33.2439604008633,
        "ssim": 0.89160545678149,
        "dice": 0.10735666157352905
      }
    }
  }
}