{
  "algorithm": "HYBRID-PA5",
  "thresholds": [
    44,
    67,
    88,
    109,
    130,
    151,
    172,
    193,
    214,
    235
  ],
  "best_f": -35.91349227508233,
  "entropy": 35.91349227508233,
  "time": 4.215196371078491,
  "metrics": {
    "psnr": 32.591043027898664,
    "ssim": 0.9321004357396261,
    "dice": 0.13628143701411286
  }
}