{
  "algorithm": "GWO",
  "thresholds": [
    10,
    25,
    41,
    58,
    83,
    108,
    134,
    163,
    193,
    223
  ],
  "best_f": -36.62942425975041,
  "entropy": 36.62942425975041,
  "time": 2.406637191772461,
  "metrics": {
    "psnr": 31.922275199997507,
    "ssim": 0.9061204851450634,
    "boundary_dsc": 0.12110948775844513
  }
}