{
  "image_name": "uploaded",
  "timestamp": "2026-04-19T19:16:15.884012",
  "total_time": 19.94123387336731,
  "best_overall_algo": "HYBRID-PA5",
  "best_overall_f": -36.83924718832583,
  "best_overall_entropy": 36.83924718832583,
  "results": {
    "GWO": {
      "entropy": 36.23730905425007,
      "time": 2.3737213611602783,
      "metrics": {
        "psnr": 31.6047946119801,
        "ssim": 0.9058387080754506,
        "dice": 0.1592677601746627
      }
    },
    "WOA": {
      "entropy": 36.76422487041977,
      "time": 2.5787570476531982,
      "metrics": {
        "psnr": 32.599430280725905,
        "ssim": 0.9180102275987706,
        "dice": 0.15196891099345777
      }
    },
    "PSO": {
      "entropy": 36.74206886131625,
      "time": 4.366841077804565,
      "metrics": {
        "psnr": 32.062277922540105,
        "ssim": 0.9084944575347459,
        "dice": 0.15310399222282345
      }
    },
    "HYBRID-PA5": {
      "entropy": 36.83924718832583,
      "time": 4.529736042022705,
      "metrics": {
        "psnr": 32.50662635085855,
        "ssim": 0.9157797118935275,
        "dice": 0.15208921133951364
      }
    },
    "HYBRID-PA6": {
      "entropy": 36.36338349264241,
      "time": 2.1874682903289795,
      "metrics": {
        "psnr": 31.82299004616832,
        "ssim": 0.9089229521327296,
        "dice": 0.15675945436397914
      }
    }
  }
}