{
  "algorithm": "HYBRID-PA6",
  "thresholds": [
    49,
    94,
    132,
    171,
    213
  ],
  "best_f": -23.38929222982766,
  "entropy": 23.38929222982766,
  "time": 1.8631069660186768,
  "metrics": {
    "psnr": 26.84730410507877,
    "ssim": 0.7631224788255235,
    "dice": 0.1632100662057866
  }
}