{
  "mode": "single_image_multi_seed",
  "image_name": "145059.jpg",
  "timestamp": "2026-04-24T16:39:46.996341",
  "total_time": 531.0319223403931,
  "best_overall_algo": "PA6",
  "best_overall_f": null,
  "best_overall_entropy": 36.7644730533843,
  "n_seeds": 5,
  "total_runs": 30,
  "results": {
    "GWO": {
      "boundary_dsc_mean": 0.19734888015673335,
      "boundary_dsc_sd": 0.0027741241569153546,
      "fe_mean": 36.64699725301668,
      "fe_sd": 0.06497660241588742,
      "psnr_mean": 30.637936565974734,
      "psnr_sd": 0.19486816992695905,
      "ssim_mean": 0.9120780737748939,
      "ssim_sd": 0.002484157055422121,
      "time_mean": 14.808230876922607,
      "time_sd": 0.5859342531361249,
      "n_runs": 5
    },
    "WOA": {
      "boundary_dsc_mean": 0.19603945655752197,
      "boundary_dsc_sd": 0.001424344078187791,
      "fe_mean": 36.99084607482112,
      "fe_sd": 0.05068050121658057,
      "psnr_mean": 31.805732019704028,
      "psnr_sd": 0.3213295763290288,
      "ssim_mean": 0.9175921919170793,
      "ssim_sd": 0.006135679117012701,
      "time_mean": 14.70176010131836,
      "time_sd": 0.44124921547871937,
      "n_runs": 5
    },
    "PSO": {
      "boundary_dsc_mean": 0.19572377093025536,
      "boundary_dsc_sd": 0.0004293214621343773,
      "fe_mean": 36.955944351511114,
      "fe_sd": 0.09857952363162623,
      "psnr_mean": 31.596541463110306,
      "psnr_sd": 0.18084920926434436,
      "ssim_mean": 0.9165392984060453,
      "ssim_sd": 0.0017235580148526497,
      "time_mean": 30.680475282669068,
      "time_sd": 5.531539996462891,
      "n_runs": 5
    },
    "OTSU": {
      "boundary_dsc_mean": 0.19708554167542627,
      "boundary_dsc_sd": 0.0,
      "fe_mean": 36.69969752193073,
      "fe_sd": 0.0,
      "psnr_mean": 32.57444607446795,
      "psnr_sd": 0.0,
      "ssim_mean": 0.9312774574898126,
      "ssim_sd": 0.0,
      "time_mean": 0.4527740955352783,
      "time_sd": 0.009468683424412027,
      "n_runs": 5
    },
    "PA5": {
      "boundary_dsc_mean": 0.19650317860191668,
      "boundary_dsc_sd": 0.0008706267220412559,
      "fe_mean": 37.065135395215336,
      "fe_sd": 0.015620275495826256,
      "psnr_mean": 31.68567156499653,
      "psnr_sd": 0.04904205937769142,
      "ssim_mean": 0.9147322378806638,
      "ssim_sd": 0.0027606246014665633,
      "time_mean": 30.392770195007323,
      "time_sd": 2.2686635599147285,
      "n_runs": 5
    },
    "PA6": {
      "boundary_dsc_mean": 0.19829855931496695,
      "boundary_dsc_sd": 0.00250845132187924,
      "fe_mean": 36.7644730533843,
      "fe_sd": 0.08829560469836056,
      "psnr_mean": 31.272498476474915,
      "psnr_sd": 0.30834927646453714,
      "ssim_mean": 0.9179098914655366,
      "ssim_sd": 0.005335019044878375,
      "time_mean": 15.002028226852417,
      "time_sd": 0.6422217348422442,
      "n_runs": 5
    }
  },
  "summary_statistics": {
    "GWO": {
      "n_runs": 5,
      "n_images": 1,
      "n_seeds": 5,
      "boundary_dsc_mean": 0.19734888015673335,
      "boundary_dsc_sd": 0.0027741241569153546,
      "fe_mean": 36.64699725301668,
      "fe_sd": 0.06497660241588742,
      "psnr_mean": 30.637936565974734,
      "psnr_sd": 0.19486816992695905,
      "ssim_mean": 0.9120780737748939,
      "ssim_sd": 0.002484157055422121,
      "time_mean": 14.808230876922607,
      "time_sd": 0.5859342531361249
    },
    "WOA": {
      "n_runs": 5,
      "n_images": 1,
      "n_seeds": 5,
      "boundary_dsc_mean": 0.19603945655752197,
      "boundary_dsc_sd": 0.001424344078187791,
      "fe_mean": 36.99084607482112,
      "fe_sd": 0.05068050121658057,
      "psnr_mean": 31.805732019704028,
      "psnr_sd": 0.3213295763290288,
      "ssim_mean": 0.9175921919170793,
      "ssim_sd": 0.006135679117012701,
      "time_mean": 14.70176010131836,
      "time_sd": 0.44124921547871937
    },
    "PSO": {
      "n_runs": 5,
      "n_images": 1,
      "n_seeds": 5,
      "boundary_dsc_mean": 0.19572377093025536,
      "boundary_dsc_sd": 0.0004293214621343773,
      "fe_mean": 36.955944351511114,
      "fe_sd": 0.09857952363162623,
      "psnr_mean": 31.596541463110306,
      "psnr_sd": 0.18084920926434436,
      "ssim_mean": 0.9165392984060453,
      "ssim_sd": 0.0017235580148526497,
      "time_mean": 30.680475282669068,
      "time_sd": 5.531539996462891
    },
    "OTSU": {
      "n_runs": 5,
      "n_images": 1,
      "n_seeds": 5,
      "boundary_dsc_mean": 0.19708554167542627,
      "boundary_dsc_sd": 0.0,
      "fe_mean": 36.69969752193073,
      "fe_sd": 0.0,
      "psnr_mean": 32.57444607446795,
      "psnr_sd": 0.0,
      "ssim_mean": 0.9312774574898126,
      "ssim_sd": 0.0,
      "time_mean": 0.4527740955352783,
      "time_sd": 0.009468683424412027
    },
    "PA5": {
      "n_runs": 5,
      "n_images": 1,
      "n_seeds": 5,
      "boundary_dsc_mean": 0.19650317860191668,
      "boundary_dsc_sd": 0.0008706267220412559,
      "fe_mean": 37.065135395215336,
      "fe_sd": 0.015620275495826256,
      "psnr_mean": 31.68567156499653,
      "psnr_sd": 0.04904205937769142,
      "ssim_mean": 0.9147322378806638,
      "ssim_sd": 0.0027606246014665633,
      "time_mean": 30.392770195007323,
      "time_sd": 2.2686635599147285
    },
    "PA6": {
      "n_runs": 5,
      "n_images": 1,
      "n_seeds": 5,
      "boundary_dsc_mean": 0.19829855931496695,
      "boundary_dsc_sd": 0.00250845132187924,
      "fe_mean": 36.7644730533843,
      "fe_sd": 0.08829560469836056,
      "psnr_mean": 31.272498476474915,
      "psnr_sd": 0.30834927646453714,
      "ssim_mean": 0.9179098914655366,
      "ssim_sd": 0.005335019044878375,
      "time_mean": 15.002028226852417,
      "time_sd": 0.6422217348422442
    }
  },
  "wilcoxon": [
    {
      "base": "PA5",
      "challenger": "GWO",
      "metric": "boundary_dsc",
      "mean_base": 0.19650317860191668,
      "mean_challenger": 0.19734888015673335,
      "delta_mean": -0.0008457015548166691,
      "n": 5,
      "statistic": 7.0,
      "pvalue": 1.0,
      "status": "ok"
    },
    {
      "base": "PA5",
      "challenger": "GWO",
      "metric": "fe",
      "mean_base": 37.065135395215336,
      "mean_challenger": 36.64699725301668,
      "delta_mean": 0.4181381421986572,
      "n": 5,
      "statistic": 0.0,
      "pvalue": 0.0625,
      "status": "ok"
    },
    {
      "base": "PA5",
      "challenger": "GWO",
      "metric": "psnr",
      "mean_base": 31.68567156499653,
      "mean_challenger": 30.637936565974734,
      "delta_mean": 1.0477349990217952,
      "n": 5,
      "statistic": 0.0,
      "pvalue": 0.0625,
      "status": "ok"
    },
    {
      "base": "PA5",
      "challenger": "GWO",
      "metric": "ssim",
      "mean_base": 0.9147322378806638,
      "mean_challenger": 0.9120780737748939,
      "delta_mean": 0.0026541641057699072,
      "n": 5,
      "statistic": 2.0,
      "pvalue": 0.1875,
      "status": "ok"
    },
    {
      "base": "PA5",
      "challenger": "WOA",
      "metric": "boundary_dsc",
      "mean_base": 0.19650317860191668,
      "mean_challenger": 0.19603945655752197,
      "delta_mean": 0.0004637220443947099,
      "n": 5,
      "statistic": 6.0,
      "pvalue": 0.8125,
      "status": "ok"
    },
    {
      "base": "PA5",
      "challenger": "WOA",
      "metric": "fe",
      "mean_base": 37.065135395215336,
      "mean_challenger": 36.99084607482112,
      "delta_mean": 0.07428932039421454,
      "n": 5,
      "statistic": 1.0,
      "pvalue": 0.125,
      "status": "ok"
    },
    {
      "base": "PA5",
      "challenger": "WOA",
      "metric": "psnr",
      "mean_base": 31.68567156499653,
      "mean_challenger": 31.805732019704028,
      "delta_mean": -0.12006045470749882,
      "n": 5,
      "statistic": 6.0,
      "pvalue": 0.8125,
      "status": "ok"
    },
    {
      "base": "PA5",
      "challenger": "WOA",
      "metric": "ssim",
      "mean_base": 0.9147322378806638,
      "mean_challenger": 0.9175921919170793,
      "delta_mean": -0.0028599540364154796,
      "n": 5,