{
  "algorithm": "HYBRID-PA5",
  "thresholds": [
    54,
    95,
    135,
    175,
    215
  ],
  "best_f": -23.0276690048259,
  "entropy": 23.0276690048259,
  "time": 3.5031347274780273,
  "metrics": {
    "psnr": 28.070250802194877,
    "ssim": 0.7894948322601694,
    "dice": 0.24812834224598931
  }
}