{
  "image_name": "uploaded",
  "timestamp": "2026-04-18T16:25:22.403946",
  "total_time": 16.36556339263916,
  "best_overall_algo": "WOA",
  "best_overall_f": -23.396828746343857,
  "best_overall_entropy": 23.396828746343857,
  "results": {
    "GWO": {
      "entropy": 23.087416422797627,
      "time": 1.846975326538086,
      "metrics": {
        "psnr": 25.535403240246662,
        "ssim": 0.7372665014626332,
        "dice": 0.21765005951368815
      }
    },
    "WOA": {
      "entropy": 23.396828746343857,
      "time": 1.8181252479553223,
      "metrics": {
        "psnr": 25.9014303397227,
        "ssim": 0.7277856963507726,
        "dice": 0.18785321977234737
      }
    },
    "PSO": {
      "entropy": 23.09021018147533,
      "time": 3.487461805343628,
      "metrics": {
        "psnr": 23.606683608640424,
        "ssim": 0.7002593037221725,
        "dice": 0.21884917897060852
      }
    },
    "OTSU": {
      "entropy": 22.685304329166918,
      "time": 0.0,
      "metrics": {
        "psnr": 28.154123776543635,
        "ssim": 0.7745076979217466,
        "dice": 0.2186158337626653
      }
    },
    "HYBRID-PA5": {
      "entropy": 23.373425248061892,
      "time": 3.620145320892334,
      "metrics": {
        "psnr": 26.525915693365775,
        "ssim": 0.7623410698927345,
        "dice": 0.20633201957642167
      }
    },
    "HYBRID-PA6": {
      "entropy": 23.092251398359373,
      "time": 2.0265426635742188,
      "metrics": {
        "psnr": 25.37461523520483,
        "ssim": 0.7252308840167229,
        "dice": 0.21461377870563675
      }
    }
  }
}