{
  "algorithm": "WOA",
  "thresholds": [
    35,
    70,
    92,
    114,
    136,
    158,
    182,
    207,
    231
  ],
  "best_f": -33.9144800425209,
  "entropy": 33.9144800425209,
  "time": 1.918367624282837,
  "metrics": {
    "psnr": 31.931779365480942,
    "ssim": 0.8604714405569419,
    "dice": 0.24174770316665709
  }
}