{
  "image_name": "uploaded",
  "timestamp": "2026-04-18T09:04:53.759623",
  "total_time": 19.779699563980103,
  "best_overall_algo": "HYBRID-PA5",
  "best_overall_f": -36.40008444929952,
  "best_overall_entropy": 36.40008444929952,
  "results": {
    "GWO": {
      "entropy": 36.140992896997695,
      "time": 2.301015615463257,
      "metrics": {
        "psnr": 24.752358046759376,
        "ssim": 0.8254205240087064,
        "dice": 0.25649295213522794
      }
    },
    "WOA": {
      "entropy": 36.39699199636919,
      "time": 2.2790563106536865,
      "metrics": {
        "psnr": 27.240416458041278,
        "ssim": 0.838888833505195,
        "dice": 0.2425094645754462
      }
    },
    "PSO": {
      "entropy": 36.37661349653854,
      "time": 4.46254563331604,
      "metrics": {
        "psnr": 25.095194124263386,
        "ssim": 0.818248485601068,
        "dice": 0.22718440096488876
      }
    },
    "OTSU": {
      "entropy": 35.44330695658944,
      "time": 0.0020008087158203125,
      "metrics": {
        "psnr": 29.201032293689536,
        "ssim": 0.8440418400058749,
        "dice": 0.23381281524378852
      }
    },
    "HYBRID-PA5": {
      "entropy": 36.40008444929952,
      "time": 4.574750661849976,
      "metrics": {
        "psnr": 25.694845205568114,
        "ssim": 0.816129529768041,
        "dice": 0.22435047720042417
      }
    },
    "HYBRID-PA6": {
      "entropy": 36.20294206514276,
      "time": 2.2493200302124023,
      "metrics": {
        "psnr": 28.47043625555402,
        "ssim": 0.8192039761706691,
        "dice": 0.2229592527413023
      }
    }
  }
}