{
  "image_name": "uploaded",
  "timestamp": "2026-04-19T18:34:11.054686",
  "total_time": 21.49759006500244,
  "best_overall_algo": "WOA",
  "best_overall_f": -37.3811730677496,
  "best_overall_entropy": 37.3811730677496,
  "results": {
    "GWO": {
      "entropy": 36.40790120690116,
      "time": 2.3709323406219482,
      "metrics": {
        "psnr": 29.507806652620157,
        "ssim": 0.8481419197722934,
        "dice": 0.1752304353885051
      }
    },
    "WOA": {
      "entropy": 37.3811730677496,
      "time": 2.4514451026916504,
      "metrics": {
        "psnr": 31.880204127289538,
        "ssim": 0.8590206322526523,
        "dice": 0.19388249163210744
      }
    },
    "PSO": {
      "entropy": 37.2270869463099,
      "time": 4.55375599861145,
      "metrics": {
        "psnr": 31.492211987169426,
        "ssim": 0.8532194218951369,
        "dice": 0.20340881094761362
      }
    },
    "OTSU": {
      "entropy": 37.32327731686907,
      "time": 0.001981019973754883,
      "metrics": {
        "psnr": 32.05582175934414,
        "ssim": 0.8618334008086992,
        "dice": 0.18910962429233144
      }
    },
    "HYBRID-PA5": {
      "entropy": 37.27019780398062,
      "time": 5.260719299316406,
      "metrics": {
        "psnr": 32.392122269245945,
        "ssim": 0.8696916935248978,
        "dice": 0.19426979868520755
      }
    },
    "HYBRID-PA6": {
      "entropy": 36.7677170882412,
      "time": 2.584611415863037,
      "metrics": {
        "psnr": 30.11786344953675,
        "ssim": 0.8485884096979193,
        "dice": 0.16525390776887783
      }
    }
  }
}