{
  "algorithm": "HYBRID-PA5",
  "fe": 36.656653707701956,
  "entropy": 36.656653707701956,
  "boundary_dsc": 0.10391467556455937,
  "psnr": 32.07849395304491,
  "ssim": 0.9372297622670801,
  "time": 31.49388074874878,
  "thresholds": [
    20,
    41,
    64,
    88,
    112,
    135,
    158,
    181,
    204,
    229
  ],
  "best_f": -36.656653707701956,
  "convergence_iterations": 80,
  "objective_name": "FE + light penalties",
  "penalty_mode": "light",
  "history_length": 80,
  "paths": {
    "segmented": "outputs/runs/20260424_220945__single__uploaded__k10/algorithms/HYBRID-PA5/segmented.png",
    "overlay": "outputs/runs/20260424_220945__single__uploaded__k10/algorithms/HYBRID-PA5/overlay.png",
    "histogram": "outputs/runs/20260424_220945__single__uploaded__k10/algorithms/HYBRID-PA5/histogram.png"
  },
  "metrics": {
    "psnr": 32.07849395304491,
    "ssim": 0.9372297622670801,
    "boundary_dsc": 0.10391467556455937
  }
}