{
  "algorithm": "PSO",
  "thresholds": [
    25,
    50,
    75,
    98,
    121,
    142,
    163,
    185,
    207,
    229
  ],
  "best_f": -37.30123413917596,
  "entropy": 37.30123413917596,
  "time": 3.9471821784973145,
  "metrics": {
    "psnr": 31.857319119546105,
    "ssim": 0.9345455468057948,
    "boundary_dsc": 0.2590729521050963
  }
}