{
  "algorithm": "WOA",
  "thresholds": [
    21,
    53,
    86,
    119,
    150,
    177,
    204,
    231
  ],
  "best_f": -31.7019135563146,
  "entropy": 31.7019135563146,
  "time": 1.890354871749878,
  "metrics": {
    "psnr": 30.55318000408188,
    "ssim": 0.935358479462167,
    "dice": 0.23031517448667962
  }
}