{
  "algorithm": "WOA",
  "thresholds": [
    19,
    45,
    72,
    99,
    126,
    153,
    179,
    205,
    231
  ],
  "best_f": -34.45933910202302,
  "entropy": 34.45933910202302,
  "time": 2.024650812149048,
  "metrics": {
    "psnr": 31.576419718377238,
    "ssim": 0.9453438199992615,
    "dice": 0.2240767451977013
  }
}