{
  "algorithm": "HYBRID-PA6",
  "thresholds": [
    35,
    56,
    75,
    93,
    117,
    143,
    168,
    193,
    216,
    236
  ],
  "best_f": -36.20294206514276,
  "entropy": 36.20294206514276,
  "time": 2.3432559967041016,
  "metrics": {
    "psnr": 32.302819705385495,
    "ssim": 0.8609045759552622,
    "dice": 0.2229592527413023
  }
}