{
  "image_name": "uploaded",
  "timestamp": "2026-04-18T21:02:47.109992",
  "total_time": 18.308624744415283,
  "best_overall_algo": "HYBRID-PA5",
  "best_overall_f": -36.33630077815088,
  "best_overall_entropy": 36.33630077815088,
  "results": {
    "GWO": {
      "entropy": 33.931364365679215,
      "time": 2.178889274597168,
      "metrics": {
        "psnr": 29.53246015655564,
        "ssim": 0.8226138240910935,
        "dice": 0.2216099962673966
      }
    },
    "WOA": {
      "entropy": 36.23040393904994,
      "time": 2.23944354057312,
      "metrics": {
        "psnr": 33.41915870257034,
        "ssim": 0.8816892625750329,
        "dice": 0.22853588420220902
      }
    },
    "PSO": {
      "entropy": 36.28690037972796,
      "time": 4.01021409034729,
      "metrics": {
        "psnr": 32.45318563892704,
        "ssim": 0.8694402277597127,
        "dice": 0.23213328155914276
      }
    },
    "OTSU": {
      "entropy": 35.44330695658944,
      "time": 0.0023005008697509766,
      "metrics": {
        "psnr": 32.48254580585906,
        "ssim": 0.867436236227862,
        "dice": 0.23381281524378852
      }
    },
    "HYBRID-PA5": {
      "entropy": 36.33630077815088,
      "time": 4.2384138107299805,
      "metrics": {
        "psnr": 33.05916019950949,
        "ssim": 0.8775853338376934,
        "dice": 0.23559859154929577
      }
    },
    "HYBRID-PA6": {
      "entropy": 36.24666188975063,
      "time": 2.2274281978607178,
      "metrics": {
        "psnr": 32.62549878825197,
        "ssim": 0.8673367543791848,
        "dice": 0.23091642178637325
      }
    }
  }
}