{
  "algorithm": "GWO",
  "thresholds": [
    37,
    67,
    96,
    125,
    154,
    183,
    212
  ],
  "best_f": -28.32824389597809,
  "entropy": 28.32824389597809,
  "time": 1.9186022281646729,
  "metrics": {
    "psnr": 29.246337650753397,
    "ssim": 0.8859610845833438,
    "dice": 0.13626800453147758
  }
}