{
  "algorithm": "OTSU",
  "thresholds": [
    40,
    59,
    80,
    102,
    124,
    147,
    169,
    189,
    208,
    229
  ],
  "best_f": -36.69964574697238,
  "entropy": 36.69964574697238,
  "time": 0.46627140045166016,
  "metrics": {
    "psnr": 32.57444607446795,
    "ssim": 0.9312774574898126,
    "boundary_dsc": 0.19708554167542627
  }
}