image_name,strategy,seed,pa5_share_interval,fe_best,jitter_fe_std,conv_fe_last_std
101085.jpg,PA1,1,,0.12627701576372205,0.00018917021224387184,0.0017980791205340926
101085.jpg,PA2,0,,0.1229711693587964,0.0003389981241049174,0.00022756461590773977
101085.jpg,PA1,0,,0.12248843190959698,9.587495773159631e-05,0.0
101085.jpg,PA2,1,,0.12213581127767438,0.00010924940713655979,0.0
