{
  "algorithm": "OTSU",
  "thresholds": [
    23,
    39,
    60,
    84,
    107,
    129,
    153,
    178,
    205,
    231
  ],
  "best_f": -37.61487155609491,
  "entropy": 37.61487155609491,
  "time": 0.5277533531188965,
  "metrics": {
    "psnr": 32.263867960467174,
    "ssim": 0.9020313719242709,
    "boundary_dsc": 0.0732424422050978
  }
}