{
  "algorithm": "GWO",
  "thresholds": [
    27,
    52,
    57,
    75,
    91,
    121,
    138,
    177,
    193,
    208
  ],
  "best_f": -34.693239274100854,
  "entropy": 34.693239274100854,
  "time": 2.0497398376464844,
  "metrics": {
    "psnr": 30.905218676036483,
    "ssim": 0.8682368268663465,
    "dice": 0.15146914352058588
  }
}