{
  "image_name": "uploaded",
  "timestamp": "2026-04-18T09:05:59.531682",
  "total_time": 18.722163438796997,
  "best_overall_algo": "WOA",
  "best_overall_f": -19.83435766243535,
  "best_overall_entropy": 19.83435766243535,
  "results": {
    "GWO": {
      "entropy": 19.832676221726295,
      "time": 1.8989927768707275,
      "metrics": {
        "psnr": 21.01835574680303,
        "ssim": 0.6898897211170083,
        "dice": 0.2501472731218801
      }
    },
    "WOA": {
      "entropy": 19.83435766243535,
      "time": 1.8899047374725342,
      "metrics": {
        "psnr": 20.53197712823756,
        "ssim": 0.6793506327509644,
        "dice": 0.24172115587428813
      }
    },
    "PSO": {
      "entropy": 19.832328028474002,
      "time": 3.598217010498047,
      "metrics": {
        "psnr": 21.769841162648426,
        "ssim": 0.6968566808489672,
        "dice": 0.2508863003291973
      }
    },
    "OTSU": {
      "entropy": 19.24116869222808,
      "time": 1.851290225982666,
      "metrics": {
        "psnr": 15.785287517730813,
        "ssim": 0.5903227912604175,
        "dice": 0.2275830010031072
      }
    },
    "HYBRID-PA5": {
      "entropy": 19.83435477737993,
      "time": 3.6401727199554443,
      "metrics": {
        "psnr": 21.352557921082,
        "ssim": 0.6938564979346465,
        "dice": 0.2478107762784755
      }
    },
    "HYBRID-PA6": {
      "entropy": 19.833778034549354,
      "time": 1.8938915729522705,
      "metrics": {
        "psnr": 21.26790582464411,
        "ssim": 0.6918694049595655,
        "dice": 0.2464055528011899
      }
    }
  }
}