{
  "algorithm": "WOA",
  "thresholds": [
    8,
    36,
    64,
    90,
    115,
    138,
    161,
    184,
    207,
    231
  ],
  "best_f": -36.87956982400021,
  "entropy": 36.87956982400021,
  "time": 2.112128496170044,
  "metrics": {
    "psnr": 30.53590197282226,
    "ssim": 0.9076706689309151,
    "dice": 0.2143709142017032
  }
}