{
  "algorithm": "HYBRID-PA6",
  "thresholds": [
    41,
    60,
    76,
    90,
    104,
    119,
    137,
    154,
    172,
    191
  ],
  "best_f": -33.47666598710201,
  "entropy": 33.47666598710201,
  "time": 2.185548782348633,
  "metrics": {
    "psnr": 34.84040364506761,
    "ssim": 0.8886815649018702,
    "dice": 0.12432193656683453
  }
}