{
  "algorithm": "HYBRID-PA5",
  "thresholds": [
    11,
    29,
    59,
    84,
    103,
    127,
    152,
    177,
    202,
    228
  ],
  "best_f": -36.724021180883234,
  "entropy": 36.724021180883234,
  "time": 4.657907485961914,
  "metrics": {
    "psnr": 31.686660792594736,
    "ssim": 0.8383356890073028,
    "dice": 0.19000489110107316
  }
}