{
  "algorithm": "PSO",
  "thresholds": [
    44,
    67,
    89,
    109,
    129,
    153,
    177,
    199,
    220,
    238
  ],
  "best_f": -36.43455135345104,
  "entropy": 36.43455135345104,
  "time": 4.6527276039123535,
  "metrics": {
    "psnr": 32.41105061287709,
    "ssim": 0.8882671653664035,
    "dice": 0.09353439264060213
  }
}