algo,n_images,mean_fe,std_fe,worst_fe,best_fe,mean_time
HYBRID-PA5,200,36.40032923935709,1.1598508804096237,29.776307837531476,37.990014144560405,2.8165484428405763
