{
  "algorithm": "WOA",
  "thresholds": [
    37,
    69,
    95,
    121,
    148,
    175,
    203,
    229
  ],
  "best_f": -31.383061801040395,
  "entropy": 31.383061801040395,
  "time": 1.8554456233978271,
  "metrics": {
    "psnr": 30.494392795272827,
    "ssim": 0.8258173849209637,
    "dice": 0.22293204097367553
  }
}