{
  "algorithm": "PSO",
  "thresholds": [
    22,
    44,
    68,
    92,
    116,
    140,
    164,
    187,
    210,
    233
  ],
  "best_f": -37.81602404108863,
  "entropy": 37.81602404108863,
  "time": 16.620485305786133,
  "metrics": {
    "psnr": 31.63615579191134,
    "ssim": 0.9487149531224117,
    "boundary_dsc": 0.15169755727349163
  }
}