{
  "algorithm": "HYBRID-PA6",
  "thresholds": [
    31,
    62,
    87,
    108,
    128,
    149,
    170,
    192,
    213,
    234
  ],
  "best_f": -36.32267093187872,
  "entropy": 36.32267093187872,
  "time": 2.5869832038879395,
  "metrics": {
    "psnr": 32.317247577158106,
    "ssim": 0.8832598219103551,
    "boundary_dsc": 0.25168850466027287
  }
}