{
  "algorithm": "WOA",
  "thresholds": [
    14,
    35,
    56,
    81,
    109,
    142,
    169,
    192,
    213,
    234
  ],
  "best_f": -36.926886880803195,
  "entropy": 36.926886880803195,
  "time": 2.769794225692749,
  "metrics": {
    "psnr": 30.743118030164496,
    "ssim": 0.91289386911526,
    "boundary_dsc": 0.1705878294466676
  }
}