{
  "algorithm": "WOA",
  "thresholds": [
    34,
    59,
    80,
    100,
    121,
    142,
    164,
    187,
    210,
    233
  ],
  "best_f": -36.39699199636919,
  "entropy": 36.39699199636919,
  "time": 2.2101187705993652,
  "metrics": {
    "psnr": 27.240416458041278,
    "ssim": 0.838888833505195,
    "dice": 0.2425094645754462
  }
}