{
  "image_name": "uploaded",
  "timestamp": "2026-04-20T21:53:52.742544",
  "total_time": 20.57860016822815,
  "best_overall_algo": "HYBRID-PA5",
  "best_overall_f": -35.54803291172817,
  "best_overall_entropy": 35.54803291172817,
  "results": {
    "GWO": {
      "entropy": 34.709242795694664,
      "time": 2.532907009124756,
      "metrics": {
        "psnr": 34.30981638935493,
        "ssim": 0.9486876876689919,
        "boundary_dsc": 0.19092043547484833
      }
    },
    "WOA": {
      "entropy": 35.50093091095406,
      "time": 2.3810760974884033,
      "metrics": {
        "psnr": 33.20586235537753,
        "ssim": 0.9233834791598642,
        "boundary_dsc": 0.18522801742415482
      }
    },
    "PSO": {
      "entropy": 35.501615093575275,
      "time": 4.282244443893433,
      "metrics": {
        "psnr": 34.17703018338142,
        "ssim": 0.9406344879647898,
        "boundary_dsc": 0.1855091301325968
      }
    },
    "OTSU": {
      "entropy": 33.10071822601215,
      "time": 0.4947381019592285,
      "metrics": {
        "psnr": 36.378837333840146,
        "ssim": 0.9678470836486568,
        "boundary_dsc": 0.18460929772502474
      }
    },
    "HYBRID-PA5": {
      "entropy": 35.54803291172817,
      "time": 4.602114915847778,
      "metrics": {
        "psnr": 33.744055861641435,
        "ssim": 0.9325433519395944,
        "boundary_dsc": 0.18671527687357006
      }
    },
    "HYBRID-PA6": {
      "entropy": 35.28517121092662,
      "time": 2.2943389415740967,
      "metrics": {
        "psnr": 34.78094931130258,
        "ssim": 0.950767256397898,
        "boundary_dsc": 0.18628676598256763
      }
    }
  }
}