{
  "image_name": "uploaded",
  "timestamp": "2026-04-20T21:44:18.047750",
  "total_time": 21.52449917793274,
  "best_overall_algo": "WOA",
  "best_overall_f": -36.83774071904203,
  "best_overall_entropy": 36.83774071904203,
  "results": {
    "GWO": {
      "entropy": 36.55852322578836,
      "time": 2.9573214054107666,
      "metrics": {
        "psnr": 32.08041618395406,
        "ssim": 0.9421900721602996,
        "boundary_dsc": 0.11570873970267967
      }
    },
    "WOA": {
      "entropy": 36.83774071904203,
      "time": 2.4597418308258057,
      "metrics": {
        "psnr": 32.02602776643255,
        "ssim": 0.9404225656466304,
        "boundary_dsc": 0.11598616137620968
      }
    },
    "PSO": {
      "entropy": 36.76837751906381,
      "time": 4.912929534912109,
      "metrics": {
        "psnr": 32.70138884374993,
        "ssim": 0.95006589843949,
        "boundary_dsc": 0.11316975463194792
      }
    },
    "OTSU": {
      "entropy": 35.06607412913401,
      "time": 0.5011377334594727,
      "metrics": {
        "psnr": 34.756768089260305,
        "ssim": 0.972919713300999,
        "boundary_dsc": 0.10537998468681732
      }
    },
    "HYBRID-PA5": {
      "entropy": 36.83618159990555,
      "time": 4.618180274963379,
      "metrics": {
        "psnr": 32.04789153129929,
        "ssim": 0.9415309473517661,
        "boundary_dsc": 0.11556197566531475
      }
    },
    "HYBRID-PA6": {
      "entropy": 36.76226463369386,
      "time": 2.1796529293060303,
      "metrics": {
        "psnr": 31.82252999406648,
        "ssim": 0.9381035022759842,
        "boundary_dsc": 0.11617737910893233
      }
    }
  }
}