{
  "algorithm": "GWO",
  "thresholds": [
    8,
    22,
    37,
    53,
    76,
    100,
    124,
    152,
    187,
    222
  ],
  "best_f": -36.33101449054009,
  "entropy": 36.33101449054009,
  "time": 14.606019735336304,
  "metrics": {
    "psnr": 32.649786287994814,
    "ssim": 0.9045315488455373,
    "boundary_dsc": 0.21807379953125852
  }
}