{
  "image_name": "uploaded",
  "timestamp": "2026-04-18T22:04:36.307819",
  "total_time": 20.252357959747314,
  "best_overall_algo": "OTSU",
  "best_overall_f": -37.42202483692165,
  "best_overall_entropy": 37.42202483692165,
  "results": {
    "GWO": {
      "entropy": 36.09884382695741,
      "time": 2.324533224105835,
      "metrics": {
        "psnr": 31.15087880764107,
        "ssim": 0.895685718301849,
        "dice": 0.10908259502715062
      }
    },
    "WOA": {
      "entropy": 37.00906259528967,
      "time": 2.278878688812256,
      "metrics": {
        "psnr": 31.337113010303185,
        "ssim": 0.8809154536841035,
        "dice": 0.11438080840042658
      }
    },
    "PSO": {
      "entropy": 37.383605843859534,
      "time": 4.453366041183472,
      "metrics": {
        "psnr": 31.968604420836396,
        "ssim": 0.8918579510540294,
        "dice": 0.1142080683284424
      }
    },
    "OTSU": {
      "entropy": 37.42202483692165,
      "time": 0.0,
      "metrics": {
        "psnr": 31.90135290997769,
        "ssim": 0.8896196094601938,
        "dice": 0.113621239186018
      }
    },
    "HYBRID-PA5": {
      "entropy": 37.33641475022931,
      "time": 5.012591123580933,
      "metrics": {
        "psnr": 32.40440264692175,
        "ssim": 0.9053882223057426,
        "dice": 0.11349222980797864
      }
    },
    "HYBRID-PA6": {
      "entropy": 37.29348179980453,
      "time": 2.427122116088867,
      "metrics": {
        "psnr": 32.137701003888296,
        "ssim": 0.8996003319593721,
        "dice": 0.11432388370618603
      }
    }
  }
}