{
  "algorithm": "HYBRID-PA5",
  "thresholds": [
    38,
    68,
    91,
    114,
    133,
    152,
    171,
    192,
    213,
    234
  ],
  "best_f": -36.37427081860069,
  "entropy": 36.37427081860069,
  "time": 4.306699275970459,
  "metrics": {
    "psnr": 33.07693383464956,
    "ssim": 0.8721388305840966,
    "dice": 0.2214390893598716
  }
}