{
  "algorithm": "HYBRID-PA6",
  "thresholds": [
    35,
    65,
    90,
    113,
    135,
    159,
    183,
    208,
    232
  ],
  "best_f": -33.91540104925448,
  "entropy": 33.91540104925448,
  "time": 2.1937167644500732,
  "metrics": {
    "psnr": 26.630251647158225,
    "ssim": 0.8247847676138826,
    "dice": 0.24493275975661744
  }
}