{
  "algorithm": "HYBRID-PA5",
  "thresholds": [
    35,
    64,
    85,
    106,
    126,
    146,
    167,
    189,
    211,
    233
  ],
  "best_f": -36.48358371238758,
  "entropy": 36.48358371238758,
  "time": 4.903729438781738,
  "metrics": {
    "psnr": 31.82553141215479,
    "ssim": 0.9022361842097527,
    "dice": 0.13646148159422497
  }
}