{
  "algorithm": "GWO",
  "thresholds": [
    39,
    57,
    76,
    95,
    115,
    136,
    158,
    180,
    202,
    224
  ],
  "best_f": -36.00820109120606,
  "entropy": 36.00820109120606,
  "time": 15.783431053161621,
  "metrics": {
    "psnr": 33.709082471803285,
    "ssim": 0.863012318782031,
    "boundary_dsc": 0.16588500608697387
  }
}