{
  "algorithm": "HYBRID-PA5",
  "thresholds": [
    21,
    42,
    64,
    89,
    114,
    138,
    161,
    184,
    207,
    230
  ],
  "best_f": -37.78161767890751,
  "entropy": 37.78161767890751,
  "time": 30.92612648010254,
  "metrics": {
    "psnr": 31.38600110079803,
    "ssim": 0.8691221102554729,
    "boundary_dsc": 0.14454629601982621
  }
}