{
  "algorithm": "PSO",
  "thresholds": [
    28,
    56,
    113,
    170,
    227
  ],
  "best_f": -23.09021018147533,
  "entropy": 23.09021018147533,
  "time": 3.487461805343628,
  "metrics": {
    "psnr": 23.606683608640424,
    "ssim": 0.7002593037221725,
    "dice": 0.21884917897060852
  }
}