{
  "image_name": "uploaded",
  "timestamp": "2026-01-22T18:09:24.902096",
  "total_time": 185.3580527305603,
  "best_overall_algo": "HYBRID-PA5",
  "best_overall_f": -0.046310058850033815,
  "best_overall_entropy": 0.046310058850033815,
  "results": {
    "GWO": {
      "entropy": 0.04329613491062462,
      "time": 16.5581374168396,
      "metrics": {
        "psnr": 4.917640058560352,
        "ssim": 0.36855535010301815,
        "dice": 0.12926606267143215
      }
    },
    "WOA": {
      "entropy": 0.04615930314035577,
      "time": 18.452467679977417,
      "metrics": {
        "psnr": 8.191309235983903,
        "ssim": 0.000984362918571153,
        "dice": 0.004142300194931773
      }
    },
    "HYBRID-PA1": {
      "entropy": 0.04479094526983243,
      "time": 26.519259929656982,
      "metrics": {
        "psnr": 5.166546310289748,
        "ssim": 0.3633182902386931,
        "dice": 0.1257506410880644
      }
    },
    "HYBRID-PA2": {
      "entropy": 0.043920415278082096,
      "time": 14.826447010040283,
      "metrics": {
        "psnr": 24.678053424466956,
        "ssim": 0.8435139596476111,
        "dice": 0.11958327042125924
      }
    },
    "HYBRID-PA3": {
      "entropy": 0.04412424576996414,
      "time": 19.31506371498108,
      "metrics": {
        "psnr": 23.727521575779903,
        "ssim": 0.8206139262325675,
        "dice": 0.11939672713371398
      }
    },
    "HYBRID-PA4": {
      "entropy": 0.04379421590646396,
      "time": 15.302822589874268,
      "metrics": {
        "psnr": 17.622969356186985,
        "ssim": 0.8048498236632579,
        "dice": 0.12244253676068823
      }
    },
    "HYBRID-PA5": {
      "entropy": 0.046310058850033815,
      "time": 30.984989881515503,
      "metrics": {
        "psnr": 11.268079565508316,
        "ssim": 0.5785984058194114,
        "dice": 0.11704292219746149
      }
    }
  }
}