{
  "algorithm": "GWO",
  "thresholds": [
    23,
    40,
    58,
    76,
    96,
    119,
    145,
    171,
    199,
    227
  ],
  "best_f": -35.79659562914529,
  "entropy": 35.79659562914529,
  "time": 16.65560221672058,
  "metrics": {
    "psnr": 33.110531212923384,
    "ssim": 0.9077508557989156,
    "boundary_dsc": 0.09153243903655313
  }
}