{
  "algorithm": "HYBRID-PA6",
  "thresholds": [
    13,
    34,
    56,
    79,
    102,
    128,
    155,
    182,
    207,
    232
  ],
  "best_f": -37.43229655819272,
  "entropy": 37.43229655819272,
  "time": 2.1228737831115723,
  "metrics": {
    "psnr": 31.73050598601893,
    "ssim": 0.8895515899587996,
    "boundary_dsc": 0.07550931406142919
  }
}