{
  "image_name": "uploaded",
  "timestamp": "2026-04-19T18:32:39.107323",
  "total_time": 21.20152235031128,
  "best_overall_algo": "HYBRID-PA5",
  "best_overall_f": -36.84556605027107,
  "best_overall_entropy": 36.84556605027107,
  "results": {
    "GWO": {
      "entropy": 34.54561351783905,
      "time": 2.7086806297302246,
      "metrics": {
        "psnr": 31.603022309138858,
        "ssim": 0.936417593602274,
        "dice": 0.1160469557851669
      }
    },
    "WOA": {
      "entropy": 36.81737048485664,
      "time": 2.825132369995117,
      "metrics": {
        "psnr": 31.50514940804234,
        "ssim": 0.9329708574814485,
        "dice": 0.11759130647928752
      }
    },
    "PSO": {
      "entropy": 36.77515101512124,
      "time": 4.585243225097656,
      "metrics": {
        "psnr": 31.675756380974107,
        "ssim": 0.9364627243562746,
        "dice": 0.11687913011164429
      }
    },
    "OTSU": {
      "entropy": 36.67472707795713,
      "time": 0.0010714530944824219,
      "metrics": {
        "psnr": 31.86493650101985,
        "ssim": 0.9391535083852931,
        "dice": 0.11625620488717298
      }
    },
    "HYBRID-PA5": {
      "entropy": 36.84556605027107,
      "time": 4.74976372718811,
      "metrics": {
        "psnr": 32.12473272232463,
        "ssim": 0.9425863710348901,
        "dice": 0.11467828259271264
      }
    },
    "HYBRID-PA6": {
      "entropy": 36.64495535690355,
      "time": 2.3202013969421387,
      "metrics": {
        "psnr": 32.49490513287919,
        "ssim": 0.9473472132105446,
        "dice": 0.11380814179069731
      }
    }
  }
}