{
  "algorithm": "HYBRID-PA6",
  "thresholds": [
    35,
    60,
    83,
    106,
    129,
    152,
    173,
    194,
    215,
    235
  ],
  "best_f": -36.41455332083562,
  "entropy": 36.41455332083562,
  "time": 2.4226300716400146,
  "metrics": {
    "psnr": 32.94694037207932,
    "ssim": 0.8723921952198394,
    "dice": 0.22069717474264824
  }
}