{
  "algorithm": "WOA",
  "thresholds": [
    44,
    88,
    119,
    148,
    177,
    206,
    231
  ],
  "best_f": -28.635623762182064,
  "entropy": 28.635623762182064,
  "time": 1.9133660793304443,
  "metrics": {
    "psnr": 29.671414341525487,
    "ssim": 0.8183186159269226,
    "dice": 0.23749892786688395
  }
}