{
  "algorithm": "OTSU",
  "mode": "single_image_multi_seed",
  "seed": 42,
  "thresholds": [
    33,
    56,
    73,
    86,
    99,
    113,
    128,
    146,
    171,
    210
  ],
  "best_f": -36.26819913208272,
  "entropy": 36.27217412279007,
  "time": 0.4592623710632324,
  "metrics": {
    "boundary_dsc": 0.14757250862727536,
    "psnr": 34.31789538070628,
    "ssim": 0.9185351867533492,
    "boundary_dsc_mean": 0.14757250862727536,
    "boundary_dsc_sd": 0.0,
    "fe_mean": 36.27217412279007,
    "fe_sd": 0.0,
    "psnr_mean": 34.31789538070628,
    "psnr_sd": 0.0,
    "ssim_mean": 0.9185351867533492,
    "ssim_sd": 0.0,
    "time_mean": 0.46313226222991943,
    "time_sd": 0.005472852572836612,
    "n_runs": 2
  }
}