{
  "algorithm": "OTSU",
  "thresholds": [
    27,
    43,
    62,
    86,
    109,
    130,
    151,
    177,
    205,
    233
  ],
  "best_f": -37.20031502872607,
  "entropy": 37.20031502872607,
  "time": 0.4616563320159912,
  "metrics": {
    "psnr": 32.382815106492295,
    "ssim": 0.9072057189773004,
    "boundary_dsc": 0.30735025797798426
  }
}