{
  "algorithm": "OTSU",
  "thresholds": [
    19,
    30,
    41,
    52,
    63,
    76,
    90,
    106,
    124,
    148
  ],
  "best_f": -33.10071822601215,
  "entropy": 33.10071822601215,
  "time": 0.4947381019592285,
  "metrics": {
    "psnr": 36.378837333840146,
    "ssim": 0.9678470836486568,
    "boundary_dsc": 0.18460929772502474
  }
}