{
  "image_name": "uploaded",
  "timestamp": "2026-04-20T21:45:12.657709",
  "total_time": 20.463314533233643,
  "best_overall_algo": "WOA",
  "best_overall_f": -36.893851159048815,
  "best_overall_entropy": 36.893851159048815,
  "results": {
    "GWO": {
      "entropy": 35.767012895146635,
      "time": 2.348440647125244,
      "metrics": {
        "psnr": 32.483991753668924,
        "ssim": 0.9419190455110459,
        "boundary_dsc": 0.1661802405837113
      }
    },
    "WOA": {
      "entropy": 36.893851159048815,
      "time": 2.3826093673706055,
      "metrics": {
        "psnr": 31.965398452289765,
        "ssim": 0.9261399110537368,
        "boundary_dsc": 0.16646446587063407
      }
    },
    "PSO": {
      "entropy": 36.756129066253564,
      "time": 4.480024099349976,
      "metrics": {
        "psnr": 32.89371489110871,
        "ssim": 0.9393443468162026,
        "boundary_dsc": 0.16581526006138284
      }
    },
    "OTSU": {
      "entropy": 35.52654168942005,
      "time": 0.4709491729736328,
      "metrics": {
        "psnr": 34.029414944032645,
        "ssim": 0.9584377937138949,
        "boundary_dsc": 0.15633022061832658
      }
    },
    "HYBRID-PA5": {
      "entropy": 36.2818262386501,
      "time": 4.492572784423828,
      "metrics": {
        "psnr": 30.969464594268473,
        "ssim": 0.912006637687484,
        "boundary_dsc": 0.16861268753160646
      }
    },
    "HYBRID-PA6": {
      "entropy": 36.71028747390581,
      "time": 2.312415361404419,
      "metrics": {
        "psnr": 32.77547286739263,
        "ssim": 0.9385848481635329,
        "boundary_dsc": 0.16724581987653817
      }
    }
  }
}