{
  "image_name": "uploaded",
  "timestamp": "2026-04-18T17:06:09.469948",
  "total_time": 18.28265881538391,
  "best_overall_algo": "OTSU",
  "best_overall_f": -37.183436764843904,
  "best_overall_entropy": 37.183436764843904,
  "results": {
    "GWO": {
      "entropy": 35.977749167406316,
      "time": 2.356337308883667,
      "metrics": {
        "psnr": 31.914979516515302,
        "ssim": 0.9395084715168739,
        "dice": 0.21805585915824519
      }
    },
    "WOA": {
      "entropy": 36.87956982400021,
      "time": 2.112128496170044,
      "metrics": {
        "psnr": 30.53590197282226,
        "ssim": 0.9076706689309151,
        "dice": 0.2143709142017032
      }
    },
    "PSO": {
      "entropy": 36.92349108119508,
      "time": 3.952113389968872,
      "metrics": {
        "psnr": 33.0185330365626,
        "ssim": 0.9465222934256677,
        "dice": 0.21023130170521695
      }
    },
    "OTSU": {
      "entropy": 37.183436764843904,
      "time": 0.0029993057250976562,
      "metrics": {
        "psnr": 31.970922601632893,
        "ssim": 0.934906448642443,
        "dice": 0.2117154065620542
      }
    },
    "HYBRID-PA5": {
      "entropy": 36.81403220024055,
      "time": 4.205158710479736,
      "metrics": {
        "psnr": 30.59101992606469,
        "ssim": 0.9101950269334778,
        "dice": 0.21530000281560596
      }
    },
    "HYBRID-PA6": {
      "entropy": 36.7164677433249,
      "time": 2.0645828247070312,
      "metrics": {
        "psnr": 30.620002610560814,
        "ssim": 0.9106701332698975,
        "dice": 0.21417789456029518
      }
    }
  }
}