{
  "algorithm": "GWO",
  "thresholds": [
    13,
    44,
    63,
    77,
    98,
    113,
    147,
    185,
    211,
    232
  ],
  "best_f": -36.09884382695741,
  "entropy": 36.09884382695741,
  "time": 2.392834424972534,
  "metrics": {
    "psnr": 31.15087880764107,
    "ssim": 0.895685718301849,
    "dice": 0.10908259502715062
  }
}