{
  "algorithm": "OTSU",
  "mode": "single_image_multi_seed",
  "seed": 42,
  "thresholds": [
    64,
    84,
    102,
    117,
    130,
    142,
    155,
    173,
    196,
    224
  ],
  "best_f": -35.23924260801219,
  "entropy": 35.2411249751929,
  "time": 0.4100005626678467,
  "metrics": {
    "boundary_dsc": 0.22435831090871455,
    "psnr": 34.40166880004281,
    "ssim": 0.916208364848832,
    "boundary_dsc_mean": 0.22435831090871455,
    "boundary_dsc_sd": 0.0,
    "fe_mean": 35.2411249751929,
    "fe_sd": 0.0,
    "psnr_mean": 34.40166880004281,
    "psnr_sd": 0.0,
    "ssim_mean": 0.916208364848832,
    "ssim_sd": 0.0,
    "time_mean": 0.4114985466003418,
    "time_sd": 0.0021184691935515775,
    "n_runs": 2
  }
}