{
  "algorithm": "GWO",
  "thresholds": [
    8,
    20,
    35,
    52,
    74,
    100,
    130,
    160,
    191,
    223
  ],
  "best_f": -37.11125575352195,
  "entropy": 37.11125575352195,
  "time": 2.5091168880462646,
  "metrics": {
    "psnr": 30.373034726361126,
    "ssim": 0.9087820800674484,
    "dice": 0.20236053102625298
  }
}