{
  "algorithm": "OTSU",
  "thresholds": [
    38,
    56,
    71,
    87,
    103,
    118,
    134,
    153,
    176,
    219
  ],
  "best_f": -34.9598286813478,
  "entropy": 34.9598286813478,
  "time": 0.46971821784973145,
  "metrics": {
    "psnr": 33.80408339289613,
    "ssim": 0.9590248205061034,
    "boundary_dsc": 0.0967339726051973
  }
}