{
  "algorithm": "PSO",
  "thresholds": [
    36,
    70,
    97,
    124,
    150,
    177,
    205,
    230
  ],
  "best_f": -31.39166374454586,
  "entropy": 31.39166374454586,
  "time": 3.5658955574035645,
  "metrics": {
    "psnr": 30.641612275993865,
    "ssim": 0.8360790574571192,
    "dice": 0.23828553518257325
  }
}