{
  "image_name": "uploaded",
  "timestamp": "2026-04-18T10:35:17.179176",
  "total_time": 17.576560020446777,
  "best_overall_algo": "PSO",
  "best_overall_f": -28.639955239985,
  "best_overall_entropy": 28.639955239985,
  "results": {
    "GWO": {
      "entropy": 28.567095517614923,
      "time": 1.9375741481781006,
      "metrics": {
        "psnr": 30.3945690717972,
        "ssim": 0.8340549622977899,
        "dice": 0.24567964921330926
      }
    },
    "WOA": {
      "entropy": 28.635623762182064,
      "time": 1.9133660793304443,
      "metrics": {
        "psnr": 29.671414341525487,
        "ssim": 0.8183186159269226,
        "dice": 0.23749892786688395
      }
    },
    "PSO": {
      "entropy": 28.639955239985,
      "time": 3.604461431503296,
      "metrics": {
        "psnr": 29.532848203928694,
        "ssim": 0.8163362614144878,
        "dice": 0.23086259573933787
      }
    },
    "OTSU": {
      "entropy": 28.608239469064465,
      "time": 0.0020835399627685547,
      "metrics": {
        "psnr": 30.16676426868954,
        "ssim": 0.826375186381163,
        "dice": 0.23668043528400395
      }
    },
    "HYBRID-PA5": {
      "entropy": 28.59699672725995,
      "time": 3.8785200119018555,
      "metrics": {
        "psnr": 29.51725071783467,
        "ssim": 0.8129965598497475,
        "dice": 0.23321167113230237
      }
    },
    "HYBRID-PA6": {
      "entropy": 28.611252195300132,
      "time": 2.261143922805786,
      "metrics": {
        "psnr": 29.44766230695607,
        "ssim": 0.817453970322528,
        "dice": 0.24109972244683872
      }
    }
  }
}