{
  "algorithm": "HYBRID-PA6",
  "thresholds": [
    48,
    91,
    132,
    173,
    214
  ],
  "best_f": -23.01126048748307,
  "entropy": 23.01126048748307,
  "time": 2.2399444580078125,
  "metrics": {
    "psnr": 27.72714424358551,
    "ssim": 0.7820710693198859,
    "dice": 0.250728548300054
  }
}