{
  "config": {
    "k": 10,
    "seed": 42,
    "n_agents": 10,
    "n_iters": 30,
    "split": "train",
    "n_images": 10,
    "algorithms": [
      "GWO",
      "WOA",
      "PA1"
    ]
  },
  "dice_statistics": {
    "GWO": {
      "n_images": 10,
      "dice_mean": 0.15769522018946516,
      "dice_std": 0.0575128974297059,
      "dice_min": 0.07953008187967248,
      "dice_max": 0.2749326145552561
    },
    "WOA": {
      "n_images": 10,
      "dice_mean": 0.12849663895683078,
      "dice_std": 0.0717364999558037,
      "dice_min": 0.0,
      "dice_max": 0.21215823398070524
    },
    "PA1": {
      "n_images": 10,
      "dice_mean": 0.1262439999301225,
      "dice_std": 0.06374895358028826,
      "dice_min": 0.0,
      "dice_max": 0.22368243395292317
    }
  },
  "fe_statistics": {
    "GWO": {
      "n_images": 10,
      "fe_mean": 0.04794366804650135,
      "fe_std": 0.0022429531887394162,
      "fe_min": 0.04289632034637019,
      "fe_max": 0.05131332818517807,
      "fe_jitter_std_mean": 0.00012022789467685491,
      "fe_conv_std_mean": 0.00012727999645883325,
      "time_mean": 0.38741254806518555
    },
    "WOA": {
      "n_images": 10,
      "fe_mean": 0.04976786850260187,
      "fe_std": 0.003460874317917198,
      "fe_min": 0.04306080341581381,
      "fe_max": 0.055343451874747804,
      "fe_jitter_std_mean": 0.00015524496265095062,
      "fe_conv_std_mean": 2.4926469389903948e-05,
      "time_mean": 0.3145657777786255
    },
    "PA1": {
      "n_images": 10,
      "fe_mean": 0.049160230351507433,
      "fe_std": 0.003241087221181959,
      "fe_min": 0.04294477250992278,
      "fe_max": 0.05510905200387761,
      "fe_jitter_std_mean": 0.00017090566332821669,
      "fe_conv_std_mean": 0.0002272395455465808,
      "time_mean": 0.36146385669708253
    }
  },
  "total_time": 11.526729106903076,
  "warning": "Chỉ 1 seed - không đủ dữ liệu để kết luận thuật toán nào tốt hơn."
}