{
  "algorithm": "OTSU",
  "thresholds": [
    23,
    46,
    70,
    93,
    116,
    139,
    162,
    185,
    209,
    232
  ],
  "best_f": -37.793721299016575,
  "entropy": 37.793721299016575,
  "time": 0.002007722854614258,
  "metrics": {
    "psnr": 31.826906740018586,
    "ssim": 0.9253388979888691,
    "dice": 0.12675804529201432
  }
}