{
  "algorithm": "HYBRID-PA6",
  "thresholds": [
    26,
    49,
    72,
    94,
    115,
    138,
    162,
    184,
    205,
    227
  ],
  "best_f": -37.33794253621872,
  "entropy": 37.33794253621872,
  "time": 2.4561054706573486,
  "metrics": {
    "psnr": 31.650816408146536,
    "ssim": 0.8985728453710565,
    "boundary_dsc": 0.13436713568146388
  }
}