{
  "algorithm": "HYBRID-PA5",
  "thresholds": [
    47,
    77,
    97,
    116,
    135,
    155,
    175,
    195,
    215,
    235
  ],
  "best_f": -36.07985722629946,
  "entropy": 36.07985722629946,
  "time": 4.655650615692139,
  "metrics": {
    "psnr": 33.22371447787948,
    "ssim": 0.8902548979319671,
    "dice": 0.10680402551666228
  }
}