{
  "algorithm": "HYBRID-PA5",
  "thresholds": [
    33,
    62,
    84,
    105,
    126,
    147,
    168,
    190,
    212,
    234
  ],
  "best_f": -36.828787741656335,
  "entropy": 36.828787741656335,
  "time": 4.339689016342163,
  "metrics": {
    "psnr": 31.860188676896275,
    "ssim": 0.9297396324291627,
    "dice": 0.12581739775900463
  }
}