{
  "algorithm": "PSO",
  "thresholds": [
    23,
    45,
    67,
    87,
    107,
    127,
    148,
    170,
    194,
    224
  ],
  "best_f": -37.34984887083469,
  "entropy": 37.34984887083469,
  "time": 28.848098516464233,
  "metrics": {
    "psnr": 32.177906054428654,
    "ssim": 0.8895513514965738,
    "boundary_dsc": 0.22640586049214675
  }
}