{
  "algorithm": "OTSU",
  "thresholds": [
    39,
    62,
    82,
    101,
    120,
    139,
    160,
    183,
    209,
    236
  ],
  "best_f": -36.74929332356693,
  "entropy": 36.74929332356693,
  "time": 0.47719383239746094,
  "metrics": {
    "psnr": 32.30348280000511,
    "ssim": 0.908857532799242,
    "boundary_dsc": 0.12752598793646405
  }
}