{
  "algorithm": "GWO",
  "thresholds": [
    38,
    56,
    72,
    88,
    106,
    127,
    148,
    174,
    201,
    228
  ],
  "best_f": -35.99914786023993,
  "entropy": 35.99914786023993,
  "time": 2.1432535648345947,
  "metrics": {
    "psnr": 30.600370093771584,
    "ssim": 0.8504799989780465,
    "boundary_dsc": 0.2700894977863074
  }
}