{
  "algorithm": "OTSU",
  "thresholds": [
    23,
    46,
    70,
    93,
    116,
    139,
    162,
    185,
    209,
    232
  ],
  "best_f": -37.387677552748805,
  "entropy": 37.387677552748805,
  "time": 0.002326488494873047,
  "metrics": {
    "psnr": 32.39037129657091,
    "ssim": 0.8953047764083528,
    "dice": 0.20927069163963588
  }
}