{
  "algorithm": "PSO",
  "thresholds": [
    32,
    63,
    93,
    122,
    149,
    176,
    203,
    230
  ],
  "best_f": -31.824907619502063,
  "entropy": 31.824907619502063,
  "time": 3.6262078285217285,
  "metrics": {
    "psnr": 30.755012939705765,
    "ssim": 0.9384670435792491,
    "dice": 0.2286602870813397
  }
}