{
  "image_name": "uploaded",
  "timestamp": "2026-04-20T22:00:06.967882",
  "total_time": 19.982383966445923,
  "best_overall_algo": "WOA",
  "best_overall_f": -37.54468641631385,
  "best_overall_entropy": 37.54468641631385,
  "results": {
    "GWO": {
      "entropy": 36.415276377877404,
      "time": 2.266508102416992,
      "metrics": {
        "psnr": 31.40877665101376,
        "ssim": 0.8949254936452563,
        "boundary_dsc": 0.1983071665064616
      }
    },
    "WOA": {
      "entropy": 37.54468641631385,
      "time": 2.170713186264038,
      "metrics": {
        "psnr": 31.852549127381458,
        "ssim": 0.8794789234329855,
        "boundary_dsc": 0.19541232761047003
      }
    },
    "PSO": {
      "entropy": 37.53615627908314,
      "time": 4.41703462600708,
      "metrics": {
        "psnr": 31.692283907455504,
        "ssim": 0.8767532784264533,
        "boundary_dsc": 0.19752775680286377
      }
    },
    "OTSU": {
      "entropy": 36.86842853435151,
      "time": 0.4775724411010742,
      "metrics": {
        "psnr": 33.12181704672863,
        "ssim": 0.9095101866024341,
        "boundary_dsc": 0.18717319118077377
      }
    },
    "HYBRID-PA5": {
      "entropy": 37.519975608933684,
      "time": 4.481695175170898,
      "metrics": {
        "psnr": 31.475422803793826,
        "ssim": 0.8731045507439431,
        "boundary_dsc": 0.19936056838365898
      }
    },
    "HYBRID-PA6": {
      "entropy": 37.35692523985041,
      "time": 2.3333001136779785,
      "metrics": {
        "psnr": 31.436140557770905,
        "ssim": 0.87111611123942,
        "boundary_dsc": 0.1985949704012916
      }
    }
  }
}