{
  "image_name": "uploaded",
  "timestamp": "2026-04-21T16:57:35.541457",
  "total_time": 53.76420259475708,
  "best_overall_algo": "HYBRID-PA5",
  "best_overall_f": -35.644331750293865,
  "best_overall_entropy": 35.644331750293865,
  "results": {
    "GWO": {
      "entropy": 35.20994921927482,
      "time": 8.545111417770386,
      "metrics": {
        "psnr": 32.913423686574944,
        "ssim": 0.9376558919508116,
        "boundary_dsc": 0.19054887980863203
      }
    },
    "WOA": {
      "entropy": 35.53808614997132,
      "time": 8.364938259124756,
      "metrics": {
        "psnr": 32.112274387598426,
        "ssim": 0.923140932301097,
        "boundary_dsc": 0.19329438908251928
      }
    },
    "PSO": {
      "entropy": 35.41893677178406,
      "time": 16.72785234451294,
      "metrics": {
        "psnr": 33.00333473132224,
        "ssim": 0.936059893655402,
        "boundary_dsc": 0.18775297522122247
      }
    },
    "HYBRID-PA5": {
      "entropy": 35.644331750293865,
      "time": 8.394574642181396,
      "metrics": {
        "psnr": 32.09820694016725,
        "ssim": 0.9228311236955229,
        "boundary_dsc": 0.19196964036415834
      }
    },
    "HYBRID-PA6": {
      "entropy": 35.50463941267304,
      "time": 8.513243913650513,
      "metrics": {
        "psnr": 32.037164733453,
        "ssim": 0.9212920708436688,
        "boundary_dsc": 0.19022899567082607
      }
    }
  }
}