{
  "image_index": 8,
  "image_path": "dataset/BDS500/images/val\\108082.jpg",
  "k": 10,
  "strategies": {
    "PA1": {
      "fe_best": 0.05113005064589706,
      "thresholds": [
        1,
        2,
        4,
        11,
        235,
        238,
        239,
        250,
        251,
        254
      ],
      "time_sec": 2.6964683532714844,
      "stability_jitter": {
        "fe_mean": 0.05091275687181319,
        "fe_std": 0.0001090435594404572,
        "fe_min": 0.0507146053172372,
        "fe_max": 0.05113005064589706,
        "fe_original": 0.05113005064589706
      },
      "stability_convergence": {
        "fe_last_mean": 0.05113005064589706,
        "fe_last_std": 0.0,
        "fe_improvement": 0.0013733433854736174,
        "fe_first": 0.049756707260423444,
        "fe_last": 0.05113005064589706
      }
    },
    "PA2": {
      "fe_best": 0.050888223720076606,
      "thresholds": [
        1,
        2,
        3,
        4,
        5,
        6,
        7,
        8,
        9,
        240
      ],
      "time_sec": 2.746333360671997,
      "stability_jitter": {
        "fe_mean": 0.05068381805336278,
        "fe_std": 0.00011052540764553591,
        "fe_min": 0.05048393627563465,
        "fe_max": 0.050888223720076606,
        "fe_original": 0.050888223720076606
      },
      "stability_convergence": {
        "fe_last_mean": 0.050888223720076606,
        "fe_last_std": 0.0,
        "fe_improvement": 9.446325296843389e-05,
        "fe_first": 0.05079376046710817,
        "fe_last": 0.050888223720076606
      }
    },
    "PA3": {
      "fe_best": 0.05118388359089616,
      "thresholds": [
        1,
        2,
        3,
        4,
        5,
        6,
        7,
        250,
        251,
        254
      ],
      "time_sec": 2.7317447662353516,
      "stability_jitter": {
        "fe_mean": 0.05089960211441661,
        "fe_std": 0.00012127894291487499,
        "fe_min": 0.05070333458421162,
        "fe_max": 0.05118388359089616,
        "fe_original": 0.05118388359089616
      },
      "stability_convergence": {
        "fe_last_mean": 0.051183883590896165,
        "fe_last_std": 6.938893903907228e-18,
        "fe_improvement": 0.001427176330472714,
        "fe_first": 0.049756707260423444,
        "fe_last": 0.05118388359089616
      }
    },
    "PA4": {
      "fe_best": 0.050888223720076606,
      "thresholds": [
        1,
        2,
        3,
        4,
        5,
        6,
        7,
        8,
        9,
        240
      ],
      "time_sec": 2.737086772918701,
      "stability_jitter": {
        "fe_mean": 0.05068381805336278,
        "fe_std": 0.00011052540764553591,
        "fe_min": 0.05048393627563465,
        "fe_max": 0.050888223720076606,
        "fe_original": 0.050888223720076606
      },
      "stability_convergence": {
        "fe_last_mean": 0.050888223720076606,
        "fe_last_std": 0.0,
        "fe_improvement": 9.446325296843389e-05,
        "fe_first": 0.05079376046710817,
        "fe_last": 0.050888223720076606
      }
    },
    "PA5": {
      "fe_best": 0.05125743282270116,
      "thresholds": [
        8,
        237,
        241,
        243,
        244,
        246,
        247,
        250,
        251,
        254
      ],
      "time_sec": 5.572828054428101,
      "stability_jitter": {
        "fe_mean": 0.051052112701126307,
        "fe_std": 9.291017589050778e-05,
        "fe_min": 0.05091159416500222,
        "fe_max": 0.05125743282270116,
        "fe_original": 0.05125743282270116
      },
      "stability_convergence": {
        "fe_last_mean": 0.05124299185151667,
        "fe_last_std": 9.530661927886945e-06,
        "fe_improvement": 0.0015007255622777188,
        "fe_first": 0.049756707260423444,
        "fe_last": 0.05125743282270116
      }
    }
  }
}