{
  "image_index": 24,
  "image_path": "dataset/BDS500/images/val\\159008.jpg",
  "k": 10,
  "strategies": {
    "PA1": {
      "fe_best": 0.04951247049455562,
      "thresholds": [
        65,
        68,
        73,
        76,
        77,
        84,
        85,
        96,
        97,
        100
      ],
      "time_sec": 2.69500732421875,
      "stability_jitter": {
        "fe_mean": 0.04876532005404055,
        "fe_std": 0.00026548331786154753,
        "fe_min": 0.04833374477325256,
        "fe_max": 0.04951247049455562,
        "fe_original": 0.04951247049455562
      },
      "stability_convergence": {
        "fe_last_mean": 0.049466064070511184,
        "fe_last_std": 5.6836029848058096e-05,
        "fe_improvement": 0.001309106339141719,
        "fe_first": 0.0482033641554139,
        "fe_last": 0.04951247049455562
      }
    },
    "PA2": {
      "fe_best": 0.04847671901666399,
      "thresholds": [
        86,
        91,
        107,
        108,
        111,
        116,
        223,
        252,
        253,
        254
      ],
      "time_sec": 2.713615655899048,
      "stability_jitter": {
        "fe_mean": 0.04820131226451106,
        "fe_std": 0.00016999520581018892,
        "fe_min": 0.04781337794453734,
        "fe_max": 0.04847671901666399,
        "fe_original": 0.04847671901666399
      },
      "stability_convergence": {
        "fe_last_mean": 0.04847671901666399,
        "fe_last_std": 0.0,
        "fe_improvement": 0.0002775378769954706,
        "fe_first": 0.04819918113966852,
        "fe_last": 0.04847671901666399
      }
    },
    "PA3": {
      "fe_best": 0.04851722924710645,
      "thresholds": [
        79,
        90,
        115,
        126,
        127,
        238,
        247,
        250,
        253,
        254
      ],
      "time_sec": 2.7685706615448,
      "stability_jitter": {
        "fe_mean": 0.04839111382824536,
        "fe_std": 6.336846716870889e-05,
        "fe_min": 0.048249660879682466,
        "fe_max": 0.04851722924710645,
        "fe_original": 0.04851722924710645
      },
      "stability_convergence": {
        "fe_last_mean": 0.04851722924710645,
        "fe_last_std": 0.0,
        "fe_improvement": 0.0003138650916925459,
        "fe_first": 0.0482033641554139,
        "fe_last": 0.04851722924710645
      }
    },
    "PA4": {
      "fe_best": 0.048651705300235534,
      "thresholds": [
        83,
        86,
        87,
        110,
        120,
        151,
        152,
        159,
        160,
        231
      ],
      "time_sec": 2.7048468589782715,
      "stability_jitter": {
        "fe_mean": 0.04822966830312144,
        "fe_std": 0.00018777534061102972,
        "fe_min": 0.047932781442372,
        "fe_max": 0.048651705300235534,
        "fe_original": 0.048651705300235534
      },
      "stability_convergence": {
        "fe_last_mean": 0.048589136132444075,
        "fe_last_std": 5.69863606644285e-05,
        "fe_improvement": 0.00045252416056701383,
        "fe_first": 0.04819918113966852,
        "fe_last": 0.048651705300235534
      }
    },
    "PA5": {
      "fe_best": 0.04860915125160012,
      "thresholds": [
        79,
        84,
        243,
        246,
        247,
        250,
        251,
        252,
        253,
        254
      ],
      "time_sec": 5.576375484466553,
      "stability_jitter": {
        "fe_mean": 0.04856044629472529,
        "fe_std": 2.096710639351722e-05,
        "fe_min": 0.04851053506797513,
        "fe_max": 0.04860915125160012,
        "fe_original": 0.04860915125160012
      },
      "stability_convergence": {
        "fe_last_mean": 0.04860039901895422,
        "fe_last_std": 4.965037908746642e-06,
        "fe_improvement": 0.00039271983584093784,
        "fe_first": 0.04821643141575918,
        "fe_last": 0.04860915125160012
      }
    }
  }
}