{
  "image_index": 20,
  "image_path": "dataset/BDS500/images/val\\148026.jpg",
  "k": 10,
  "strategies": {
    "PA1": {
      "fe_best": 0.04953600100358167,
      "thresholds": [
        6,
        7,
        10,
        35,
        44,
        51,
        52,
        55,
        76,
        92
      ],
      "time_sec": 2.7068235874176025,
      "stability_jitter": {
        "fe_mean": 0.04854381611499015,
        "fe_std": 0.00047908791590665835,
        "fe_min": 0.04745460206936601,
        "fe_max": 0.04953600100358167,
        "fe_original": 0.04953600100358167
      },
      "stability_convergence": {
        "fe_last_mean": 0.049482276039777714,
        "fe_last_std": 2.7022346652167776e-05,
        "fe_improvement": 0.0027757366363419522,
        "fe_first": 0.04676026436723972,
        "fe_last": 0.04953600100358167
      }
    },
    "PA2": {
      "fe_best": 0.050105346688973346,
      "thresholds": [
        1,
        3,
        10,
        11,
        14,
        15,
        18,
        63,
        74,
        94
      ],
      "time_sec": 2.7180392742156982,
      "stability_jitter": {
        "fe_mean": 0.047637782192406185,
        "fe_std": 0.001580097076669432,
        "fe_min": 0.04479459662909844,
        "fe_max": 0.050105346688973346,
        "fe_original": 0.050105346688973346
      },
      "stability_convergence": {
        "fe_last_mean": 0.05008730217476628,
        "fe_last_std": 1.9965379723133382e-05,
        "fe_improvement": 0.0019765646599451472,
        "fe_first": 0.0481287820290282,
        "fe_last": 0.050105346688973346
      }
    },
    "PA3": {
      "fe_best": 0.04934174479407426,
      "thresholds": [
        1,
        2,
        3,
        4,
        5,
        6,
        7,
        58,
        59,
        106
      ],
      "time_sec": 2.7145161628723145,
      "stability_jitter": {
        "fe_mean": 0.048869209579211995,
        "fe_std": 0.00023479961091267854,
        "fe_min": 0.04832849539278924,
        "fe_max": 0.04934174479407426,
        "fe_original": 0.04934174479407426
      },
      "stability_convergence": {
        "fe_last_mean": 0.04934096517924112,
        "fe_last_std": 1.5592296662730875e-06,
        "fe_improvement": 0.002581480426834537,
        "fe_first": 0.04676026436723972,
        "fe_last": 0.04934174479407426
      }
    },
    "PA4": {
      "fe_best": 0.04974626963820796,
      "thresholds": [
        1,
        2,
        4,
        10,
        41,
        42,
        45,
        46,
        49,
        114
      ],
      "time_sec": 2.6975455284118652,
      "stability_jitter": {
        "fe_mean": 0.0490291460945614,
        "fe_std": 0.0003186563970744528,
        "fe_min": 0.048379450869723235,
        "fe_max": 0.04974626963820796,
        "fe_original": 0.04974626963820796
      },
      "stability_convergence": {
        "fe_last_mean": 0.049746269638207954,
        "fe_last_std": 6.938893903907228e-18,
        "fe_improvement": 0.001617487609179763,
        "fe_first": 0.0481287820290282,
        "fe_last": 0.04974626963820796
      }
    },
    "PA5": {
      "fe_best": 0.04948667405034149,
      "thresholds": [
        1,
        2,
        3,
        4,
        5,
        8,
        45,
        54,
        57,
        110
      ],
      "time_sec": 5.367474794387817,
      "stability_jitter": {
        "fe_mean": 0.04909986588445761,
        "fe_std": 0.00017365661007450844,
        "fe_min": 0.048687888301458954,
        "fe_max": 0.04948667405034149,
        "fe_original": 0.04948667405034149
      },
      "stability_convergence": {
        "fe_last_mean": 0.04948667405034148,
        "fe_last_std": 6.938893903907228e-18,
        "fe_improvement": 0.0012009406689273347,
        "fe_first": 0.048285733381414155,
        "fe_last": 0.04948667405034149
      }
    }
  }
}