{
  "image_index": 26,
  "image_path": "dataset/BDS500/images/val\\16077.jpg",
  "k": 10,
  "strategies": {
    "PA1": {
      "fe_best": 0.04843281306636789,
      "thresholds": [
        1,
        2,
        3,
        5,
        11,
        13,
        37,
        240,
        243,
        244
      ],
      "time_sec": 2.7810916900634766,
      "stability_jitter": {
        "fe_mean": 0.0481964181192071,
        "fe_std": 0.00012779900905671247,
        "fe_min": 0.0478978969833707,
        "fe_max": 0.04843281306636789,
        "fe_original": 0.04843281306636789
      },
      "stability_convergence": {
        "fe_last_mean": 0.04843097651959048,
        "fe_last_std": 9.182733887030947e-07,
        "fe_improvement": 0.0022362184515900274,
        "fe_first": 0.04619659461477786,
        "fe_last": 0.04843281306636789
      }
    },
    "PA2": {
      "fe_best": 0.0483922567998977,
      "thresholds": [
        1,
        3,
        4,
        5,
        6,
        7,
        8,
        40,
        229,
        233
      ],
      "time_sec": 3.1361727714538574,
      "stability_jitter": {
        "fe_mean": 0.04837102662262013,
        "fe_std": 4.111264292225374e-05,
        "fe_min": 0.04828515413666541,
        "fe_max": 0.0484639804570735,
        "fe_original": 0.0483922567998977
      },
      "stability_convergence": {
        "fe_last_mean": 0.04839225679989769,
        "fe_last_std": 6.938893903907228e-18,
        "fe_improvement": 0.0008854190019224606,
        "fe_first": 0.04750683779797524,
        "fe_last": 0.0483922567998977
      }
    },
    "PA3": {
      "fe_best": 0.04848358708202591,
      "thresholds": [
        1,
        2,
        5,
        6,
        7,
        9,
        10,
        11,
        39,
        228
      ],
      "time_sec": 2.711935043334961,
      "stability_jitter": {
        "fe_mean": 0.04845708688475024,
        "fe_std": 1.3668905085731771e-05,
        "fe_min": 0.04842843892952316,
        "fe_max": 0.04848358708202591,
        "fe_original": 0.04848358708202591
      },
      "stability_convergence": {
        "fe_last_mean": 0.048483587082025915,
        "fe_last_std": 6.938893903907228e-18,
        "fe_improvement": 0.0022869924672480474,
        "fe_first": 0.04619659461477786,
        "fe_last": 0.04848358708202591
      }
    },
    "PA4": {
      "fe_best": 0.04848578148859555,
      "thresholds": [
        1,
        2,
        3,
        4,
        6,
        8,
        9,
        10,
        39,
        230
      ],
      "time_sec": 2.678605794906616,
      "stability_jitter": {
        "fe_mean": 0.04845147485272573,
        "fe_std": 2.0172938115988005e-05,
        "fe_min": 0.0484145714178147,
        "fe_max": 0.04848578148859555,
        "fe_original": 0.04848578148859555
      },
      "stability_convergence": {
        "fe_last_mean": 0.04848578148859555,
        "fe_last_std": 0.0,
        "fe_improvement": 0.0009789436906203139,
        "fe_first": 0.04750683779797524,
        "fe_last": 0.04848578148859555
      }
    },
    "PA5": {
      "fe_best": 0.04846332914498152,
      "thresholds": [
        1,
        2,
        6,
        7,
        9,
        10,
        39,
        242,
        243,
        246
      ],
      "time_sec": 5.488313913345337,
      "stability_jitter": {
        "fe_mean": 0.04822956981538879,
        "fe_std": 9.236327083387694e-05,
        "fe_min": 0.048063774159483104,
        "fe_max": 0.04846332914498152,
        "fe_original": 0.04846332914498152
      },
      "stability_convergence": {
        "fe_last_mean": 0.048451729223077965,
        "fe_last_std": 6.684616617874495e-06,
        "fe_improvement": 0.0012793527486874637,
        "fe_first": 0.047183976396294056,
        "fe_last": 0.04846332914498152
      }
    }
  }
}