{
  "image_index": 38,
  "image_path": "dataset/BDS500/images/val\\208001.jpg",
  "k": 10,
  "strategies": {
    "PA1": {
      "fe_best": 0.047947385187279416,
      "thresholds": [
        1,
        2,
        4,
        28,
        173,
        196,
        205,
        208,
        209,
        213
      ],
      "time_sec": 2.674072742462158,
      "stability_jitter": {
        "fe_mean": 0.047850715497364214,
        "fe_std": 4.1015099879434875e-05,
        "fe_min": 0.04777899332171605,
        "fe_max": 0.047947385187279416,
        "fe_original": 0.047947385187279416
      },
      "stability_convergence": {
        "fe_last_mean": 0.04794385515545342,
        "fe_last_std": 2.3109482926021274e-06,
        "fe_improvement": 0.000500375830394563,
        "fe_first": 0.04744700935688485,
        "fe_last": 0.047947385187279416
      }
    },
    "PA2": {
      "fe_best": 0.04793373244425256,
      "thresholds": [
        1,
        2,
        3,
        7,
        24,
        178,
        187,
        194,
        203,
        218
      ],
      "time_sec": 2.7048158645629883,
      "stability_jitter": {
        "fe_mean": 0.047856739874185025,
        "fe_std": 4.0789071941382415e-05,
        "fe_min": 0.04778769040479439,
        "fe_max": 0.04793373244425256,
        "fe_original": 0.04793373244425256
      },
      "stability_convergence": {
        "fe_last_mean": 0.047930827413751195,
        "fe_last_std": 1.5453709569108484e-06,
        "fe_improvement": 0.00048672308736770475,
        "fe_first": 0.04744700935688485,
        "fe_last": 0.04793373244425256
      }
    },
    "PA3": {
      "fe_best": 0.04795387733759278,
      "thresholds": [
        5,
        27,
        172,
        193,
        194,
        197,
        210,
        213,
        218,
        221
      ],
      "time_sec": 2.7374556064605713,
      "stability_jitter": {
        "fe_mean": 0.047827960236721034,
        "fe_std": 5.1787292192190064e-05,
        "fe_min": 0.047698333719645214,
        "fe_max": 0.04795387733759278,
        "fe_original": 0.04795387733759278
      },
      "stability_convergence": {
        "fe_last_mean": 0.04793686951370485,
        "fe_last_std": 9.874204108675503e-06,
        "fe_improvement": 0.0005068679807079257,
        "fe_first": 0.04744700935688485,
        "fe_last": 0.04795387733759278
      }
    },
    "PA4": {
      "fe_best": 0.04795328686396488,
      "thresholds": [
        1,
        28,
        181,
        182,
        189,
        190,
        193,
        194,
        252,
        254
      ],
      "time_sec": 2.7236881256103516,
      "stability_jitter": {
        "fe_mean": 0.047768747034097725,
        "fe_std": 7.562559619198183e-05,
        "fe_min": 0.04763104153691483,
        "fe_max": 0.04795328686396488,
        "fe_original": 0.04795328686396488
      },
      "stability_convergence": {
        "fe_last_mean": 0.047941910216449835,
        "fe_last_std": 7.447764056074412e-06,
        "fe_improvement": 0.0005062775070800232,
        "fe_first": 0.04744700935688485,
        "fe_last": 0.04795328686396488
      }
    },
    "PA5": {
      "fe_best": 0.04801845767148195,
      "thresholds": [
        1,
        5,
        24,
        177,
        178,
        181,
        182,
        189,
        190,
        222
      ],
      "time_sec": 5.4083075523376465,
      "stability_jitter": {
        "fe_mean": 0.047816292997291135,
        "fe_std": 8.731928922981513e-05,
        "fe_min": 0.04761176871177353,
        "fe_max": 0.04801845767148195,
        "fe_original": 0.04801845767148195
      },
      "stability_convergence": {
        "fe_last_mean": 0.04801845767148195,
        "fe_last_std": 0.0,
        "fe_improvement": 0.0005714483145970936,
        "fe_first": 0.04744700935688485,
        "fe_last": 0.04801845767148195
      }
    }
  }
}