{
  "image_index": 36,
  "image_path": "dataset/BDS500/images/val\\196073.jpg",
  "k": 10,
  "strategies": {
    "PA1": {
      "fe_best": 0.05525824206145712,
      "thresholds": [
        1,
        2,
        3,
        4,
        5,
        6,
        7,
        194,
        253,
        254
      ],
      "time_sec": 3.1487154960632324,
      "stability_jitter": {
        "fe_mean": 0.05516454392631818,
        "fe_std": 5.003210544243296e-05,
        "fe_min": 0.05505903067674181,
        "fe_max": 0.05525824206145712,
        "fe_original": 0.05525824206145712
      },
      "stability_convergence": {
        "fe_last_mean": 0.055258242061457116,
        "fe_last_std": 6.938893903907228e-18,
        "fe_improvement": 0.006746066876371866,
        "fe_first": 0.04851217518508526,
        "fe_last": 0.05525824206145712
      }
    },
    "PA2": {
      "fe_best": 0.05518102201144955,
      "thresholds": [
        1,
        2,
        3,
        75,
        249,
        250,
        251,
        252,
        253,
        254
      ],
      "time_sec": 2.6840834617614746,
      "stability_jitter": {
        "fe_mean": 0.05511646505282634,
        "fe_std": 4.806338996290645e-05,
        "fe_min": 0.05497933057142189,
        "fe_max": 0.05518102201144955,
        "fe_original": 0.05518102201144955
      },
      "stability_convergence": {
        "fe_last_mean": 0.05518102201144955,
        "fe_last_std": 0.0,
        "fe_improvement": 0.005675152086399286,
        "fe_first": 0.049505869925050267,
        "fe_last": 0.05518102201144955
      }
    },
    "PA3": {
      "fe_best": 0.055264094158855935,
      "thresholds": [
        1,
        2,
        3,
        4,
        5,
        6,
        7,
        8,
        193,
        254
      ],
      "time_sec": 2.65981388092041,
      "stability_jitter": {
        "fe_mean": 0.055180762691260654,
        "fe_std": 5.386433015002832e-05,
        "fe_min": 0.055088255493945415,
        "fe_max": 0.055264094158855935,
        "fe_original": 0.055264094158855935
      },
      "stability_convergence": {
        "fe_last_mean": 0.055264094158855935,
        "fe_last_std": 0.0,
        "fe_improvement": 0.006751918973770678,
        "fe_first": 0.04851217518508526,
        "fe_last": 0.055264094158855935
      }
    },
    "PA4": {
      "fe_best": 0.055174820053833944,
      "thresholds": [
        1,
        2,
        3,
        4,
        5,
        6,
        7,
        71,
        253,
        254
      ],
      "time_sec": 2.667494535446167,
      "stability_jitter": {
        "fe_mean": 0.055065256272955124,
        "fe_std": 5.95468773086399e-05,
        "fe_min": 0.05493607340012146,
        "fe_max": 0.055174820053833944,
        "fe_original": 0.055174820053833944
      },
      "stability_convergence": {
        "fe_last_mean": 0.05517482005383394,
        "fe_last_std": 6.938893903907228e-18,
        "fe_improvement": 0.005668950128783677,
        "fe_first": 0.049505869925050267,
        "fe_last": 0.055174820053833944
      }
    },
    "PA5": {
      "fe_best": 0.05527074227289497,
      "thresholds": [
        1,
        2,
        3,
        4,
        5,
        6,
        7,
        8,
        9,
        192
      ],
      "time_sec": 5.372453927993774,
      "stability_jitter": {
        "fe_mean": 0.0552061915284068,
        "fe_std": 3.0011218444692352e-05,
        "fe_min": 0.055144333515312144,
        "fe_max": 0.05527074227289497,
        "fe_original": 0.05527074227289497
      },
      "stability_convergence": {
        "fe_last_mean": 0.05527074227289497,
        "fe_last_std": 0.0,
        "fe_improvement": 0.003781204817057335,
        "fe_first": 0.05148953745583763,
        "fe_last": 0.05527074227289497
      }
    }
  }
}