{
  "image_index": 47,
  "image_path": "dataset/BDS500/images/val\\236037.jpg",
  "k": 10,
  "strategies": {
    "PA1": {
      "fe_best": 0.04628532303183075,
      "thresholds": [
        3,
        4,
        5,
        7,
        11,
        12,
        52,
        250,
        251,
        254
      ],
      "time_sec": 2.7176716327667236,
      "stability_jitter": {
        "fe_mean": 0.04624397337433225,
        "fe_std": 1.969937453222943e-05,
        "fe_min": 0.04620255061473399,
        "fe_max": 0.04628532303183075,
        "fe_original": 0.04628532303183075
      },
      "stability_convergence": {
        "fe_last_mean": 0.04628532303183075,
        "fe_last_std": 0.0,
        "fe_improvement": 0.00021584476730092395,
        "fe_first": 0.046069478264529826,
        "fe_last": 0.04628532303183075
      }
    },
    "PA2": {
      "fe_best": 0.04631451099002633,
      "thresholds": [
        1,
        2,
        3,
        4,
        5,
        6,
        57,
        250,
        253,
        254
      ],
      "time_sec": 2.852158308029175,
      "stability_jitter": {
        "fe_mean": 0.04628255327671286,
        "fe_std": 1.5125987642796575e-05,
        "fe_min": 0.04625206970581372,
        "fe_max": 0.04631451099002633,
        "fe_original": 0.04631451099002633
      },
      "stability_convergence": {
        "fe_last_mean": 0.04631451099002633,
        "fe_last_std": 0.0,
        "fe_improvement": 0.00024503272549650235,
        "fe_first": 0.046069478264529826,
        "fe_last": 0.04631451099002633
      }
    },
    "PA3": {
      "fe_best": 0.04649053190060502,
      "thresholds": [
        5,
        70,
        91,
        122,
        123,
        126,
        127,
        162,
        171,
        254
      ],
      "time_sec": 2.6610732078552246,
      "stability_jitter": {
        "fe_mean": 0.045312279477096075,
        "fe_std": 0.0006196079639263144,
        "fe_min": 0.04360697092205548,
        "fe_max": 0.04649053190060502,
        "fe_original": 0.04649053190060502
      },
      "stability_convergence": {
        "fe_last_mean": 0.046409406009002924,
        "fe_last_std": 6.370071876810287e-05,
        "fe_improvement": 0.0004210536360751971,
        "fe_first": 0.046069478264529826,
        "fe_last": 0.04649053190060502
      }
    },
    "PA4": {
      "fe_best": 0.04630946336596135,
      "thresholds": [
        4,
        5,
        6,
        8,
        9,
        10,
        53,
        250,
        251,
        254
      ],
      "time_sec": 2.689565658569336,
      "stability_jitter": {
        "fe_mean": 0.046258662874421826,
        "fe_std": 2.0698253730744468e-05,
        "fe_min": 0.046213467177883584,
        "fe_max": 0.04630946336596135,
        "fe_original": 0.04630946336596135
      },
      "stability_convergence": {
        "fe_last_mean": 0.046309463365961354,
        "fe_last_std": 6.938893903907228e-18,
        "fe_improvement": 0.00023998510143152102,
        "fe_first": 0.046069478264529826,
        "fe_last": 0.04630946336596135
      }
    },
    "PA5": {
      "fe_best": 0.04632207701833363,
      "thresholds": [
        1,
        2,
        3,
        4,
        5,
        56,
        249,
        250,
        253,
        254
      ],
      "time_sec": 5.343569993972778,
      "stability_jitter": {
        "fe_mean": 0.046287697897196806,
        "fe_std": 1.6910224406159852e-05,
        "fe_min": 0.046239176848027225,
        "fe_max": 0.04632207701833363,
        "fe_original": 0.04632207701833363
      },
      "stability_convergence": {
        "fe_last_mean": 0.04632207701833363,
        "fe_last_std": 0.0,
        "fe_improvement": 0.0,
        "fe_first": 0.04632207701833363,
        "fe_last": 0.04632207701833363
      }
    }
  }
}