{
  "image_index": 54,
  "image_path": "dataset/BDS500/images/val\\271035.jpg",
  "k": 10,
  "strategies": {
    "PA1": {
      "fe_best": 0.0485736267329624,
      "thresholds": [
        1,
        2,
        3,
        4,
        5,
        6,
        7,
        8,
        40,
        254
      ],
      "time_sec": 2.637784957885742,
      "stability_jitter": {
        "fe_mean": 0.04854458829750713,
        "fe_std": 2.839945834097938e-05,
        "fe_min": 0.048475761898058356,
        "fe_max": 0.0485736267329624,
        "fe_original": 0.0485736267329624
      },
      "stability_convergence": {
        "fe_last_mean": 0.0485736267329624,
        "fe_last_std": 0.0,
        "fe_improvement": 0.0013798903390229988,
        "fe_first": 0.0471937363939394,
        "fe_last": 0.0485736267329624
      }
    },
    "PA2": {
      "fe_best": 0.04867366969893985,
      "thresholds": [
        2,
        3,
        5,
        6,
        25,
        26,
        46,
        188,
        203,
        232
      ],
      "time_sec": 2.6542696952819824,
      "stability_jitter": {
        "fe_mean": 0.04859272659688717,
        "fe_std": 4.568868050187169e-05,
        "fe_min": 0.04849742966266379,
        "fe_max": 0.04867366969893985,
        "fe_original": 0.04867366969893985
      },
      "stability_convergence": {
        "fe_last_mean": 0.048673669698939846,
        "fe_last_std": 6.938893903907228e-18,
        "fe_improvement": 0.0019651635296027564,
        "fe_first": 0.0467085061693371,
        "fe_last": 0.04867366969893985
      }
    },
    "PA3": {
      "fe_best": 0.048406581683021345,
      "thresholds": [
        2,
        3,
        52,
        53,
        60,
        77,
        87,
        222,
        251,
        254
      ],
      "time_sec": 2.6505720615386963,
      "stability_jitter": {
        "fe_mean": 0.04809846756130991,
        "fe_std": 0.00012432275448743608,
        "fe_min": 0.047806551586074365,
        "fe_max": 0.048406581683021345,
        "fe_original": 0.048406581683021345
      },
      "stability_convergence": {
        "fe_last_mean": 0.04835021302800654,
        "fe_last_std": 4.602481409108814e-05,
        "fe_improvement": 0.001212845289081943,
        "fe_first": 0.0471937363939394,
        "fe_last": 0.048406581683021345
      }
    },
    "PA4": {
      "fe_best": 0.0485736267329624,
      "thresholds": [
        1,
        2,
        3,
        4,
        5,
        6,
        7,
        8,
        40,
        254
      ],
      "time_sec": 2.6302881240844727,
      "stability_jitter": {
        "fe_mean": 0.04854458829750713,
        "fe_std": 2.839945834097938e-05,
        "fe_min": 0.048475761898058356,
        "fe_max": 0.0485736267329624,
        "fe_original": 0.0485736267329624
      },
      "stability_convergence": {
        "fe_last_mean": 0.0485736267329624,
        "fe_last_std": 0.0,
        "fe_improvement": 0.001865120563625304,
        "fe_first": 0.0467085061693371,
        "fe_last": 0.0485736267329624
      }
    },
    "PA5": {
      "fe_best": 0.04860616895209405,
      "thresholds": [
        1,
        2,
        4,
        5,
        6,
        10,
        12,
        60,
        173,
        220
      ],
      "time_sec": 5.312455654144287,
      "stability_jitter": {
        "fe_mean": 0.048562039468900746,
        "fe_std": 3.245604663207805e-05,
        "fe_min": 0.04848981724158548,
        "fe_max": 0.04860616895209405,
        "fe_original": 0.04860616895209405
      },
      "stability_convergence": {
        "fe_last_mean": 0.04860616895209404,
        "fe_last_std": 6.938893903907228e-18,
        "fe_improvement": 0.00041291094975547116,
        "fe_first": 0.048193258002338576,
        "fe_last": 0.04860616895209405
      }
    }
  }
}