{
  "image_index": 57,
  "image_path": "dataset/BDS500/images/val\\295087.jpg",
  "k": 10,
  "strategies": {
    "PA1": {
      "fe_best": 0.04880565989628533,
      "thresholds": [
        1,
        2,
        4,
        20,
        249,
        250,
        251,
        252,
        253,
        254
      ],
      "time_sec": 2.6477367877960205,
      "stability_jitter": {
        "fe_mean": 0.04878690442940031,
        "fe_std": 1.5481363498171294e-05,
        "fe_min": 0.04875180822488082,
        "fe_max": 0.04880565989628533,
        "fe_original": 0.04880565989628533
      },
      "stability_convergence": {
        "fe_last_mean": 0.04880565989628533,
        "fe_last_std": 0.0,
        "fe_improvement": 0.002395134373965796,
        "fe_first": 0.046410525522319536,
        "fe_last": 0.04880565989628533
      }
    },
    "PA2": {
      "fe_best": 0.048805100297393725,
      "thresholds": [
        2,
        22,
        247,
        248,
        249,
        250,
        251,
        252,
        253,
        254
      ],
      "time_sec": 2.692558765411377,
      "stability_jitter": {
        "fe_mean": 0.04877400877228213,
        "fe_std": 2.3764090037935784e-05,
        "fe_min": 0.048745552466791325,
        "fe_max": 0.048812219314922314,
        "fe_original": 0.048805100297393725
      },
      "stability_convergence": {
        "fe_last_mean": 0.048805100297393725,
        "fe_last_std": 0.0,
        "fe_improvement": 0.0010298665564700063,
        "fe_first": 0.04777523374092372,
        "fe_last": 0.048805100297393725
      }
    },
    "PA3": {
      "fe_best": 0.04880622678506522,
      "thresholds": [
        1,
        3,
        21,
        248,
        249,
        250,
        251,
        252,
        253,
        254
      ],
      "time_sec": 2.70983624458313,
      "stability_jitter": {
        "fe_mean": 0.04878025735804993,
        "fe_std": 1.8123454016677785e-05,
        "fe_min": 0.0487399491316661,
        "fe_max": 0.04881255549504868,
        "fe_original": 0.04880622678506522
      },
      "stability_convergence": {
        "fe_last_mean": 0.048805493949854804,
        "fe_last_std": 2.1985056312540108e-06,
        "fe_improvement": 0.0023957012627456864,
        "fe_first": 0.046410525522319536,
        "fe_last": 0.04880622678506522
      }
    },
    "PA4": {
      "fe_best": 0.04875398734734523,
      "thresholds": [
        6,
        7,
        19,
        248,
        249,
        250,
        251,
        252,
        253,
        254
      ],
      "time_sec": 2.735330104827881,
      "stability_jitter": {
        "fe_mean": 0.048720716985768346,
        "fe_std": 2.597904304144784e-05,
        "fe_min": 0.04866407334324902,
        "fe_max": 0.0487710725349434,
        "fe_original": 0.04875398734734523
      },
      "stability_convergence": {
        "fe_last_mean": 0.04875398734734522,
        "fe_last_std": 6.938893903907228e-18,
        "fe_improvement": 0.000978753606421509,
        "fe_first": 0.04777523374092372,
        "fe_last": 0.04875398734734523
      }
    },
    "PA5": {
      "fe_best": 0.048807920747649766,
      "thresholds": [
        1,
        2,
        3,
        4,
        5,
        6,
        7,
        8,
        16,
        254
      ],
      "time_sec": 5.329053640365601,
      "stability_jitter": {
        "fe_mean": 0.04877919863395866,
        "fe_std": 1.9462740927903047e-05,
        "fe_min": 0.048725799588238264,
        "fe_max": 0.048807920747649766,
        "fe_original": 0.048807920747649766
      },
      "stability_convergence": {
        "fe_last_mean": 0.048807920747649766,
        "fe_last_std": 0.0,
        "fe_improvement": 0.0023973952253302303,
        "fe_first": 0.046410525522319536,
        "fe_last": 0.048807920747649766
      }
    }
  }
}