{
  "image_index": 56,
  "image_path": "dataset/BDS500/images/val\\291000.jpg",
  "k": 10,
  "strategies": {
    "PA1": {
      "fe_best": 0.04578210358540309,
      "thresholds": [
        5,
        73,
        90,
        117,
        126,
        129,
        130,
        137,
        150,
        237
      ],
      "time_sec": 2.6753127574920654,
      "stability_jitter": {
        "fe_mean": 0.044900800995401,
        "fe_std": 0.0004032449387890719,
        "fe_min": 0.04418347535138694,
        "fe_max": 0.04578210358540309,
        "fe_original": 0.04578210358540309
      },
      "stability_convergence": {
        "fe_last_mean": 0.04578210358540309,
        "fe_last_std": 0.0,
        "fe_improvement": 0.0002643266705342068,
        "fe_first": 0.045517776914868885,
        "fe_last": 0.04578210358540309
      }
    },
    "PA2": {
      "fe_best": 0.04614523968434606,
      "thresholds": [
        8,
        86,
        111,
        146,
        147,
        150,
        151,
        154,
        155,
        249
      ],
      "time_sec": 2.6369388103485107,
      "stability_jitter": {
        "fe_mean": 0.04472253351855593,
        "fe_std": 0.0006008185286112733,
        "fe_min": 0.04380783218950016,
        "fe_max": 0.04614523968434606,
        "fe_original": 0.04614523968434606
      },
      "stability_convergence": {
        "fe_last_mean": 0.04614523968434605,
        "fe_last_std": 6.938893903907228e-18,
        "fe_improvement": 0.0006274627694771717,
        "fe_first": 0.045517776914868885,
        "fe_last": 0.04614523968434606
      }
    },
    "PA3": {
      "fe_best": 0.0455989057550361,
      "thresholds": [
        3,
        36,
        49,
        63,
        88,
        99,
        100,
        103,
        104,
        227
      ],
      "time_sec": 2.60585355758667,
      "stability_jitter": {
        "fe_mean": 0.04491912427125714,
        "fe_std": 0.0004105590068458255,
        "fe_min": 0.04393943330266813,
        "fe_max": 0.0455989057550361,
        "fe_original": 0.0455989057550361
      },
      "stability_convergence": {
        "fe_last_mean": 0.0455989057550361,
        "fe_last_std": 0.0,
        "fe_improvement": 8.112884016721333e-05,
        "fe_first": 0.045517776914868885,
        "fe_last": 0.0455989057550361
      }
    },
    "PA4": {
      "fe_best": 0.04587931924980787,
      "thresholds": [
        6,
        69,
        86,
        113,
        122,
        125,
        126,
        133,
        146,
        241
      ],
      "time_sec": 2.665923833847046,
      "stability_jitter": {
        "fe_mean": 0.045003965343938204,
        "fe_std": 0.0003900090426221928,
        "fe_min": 0.04432207133687566,
        "fe_max": 0.04587931924980787,
        "fe_original": 0.04587931924980787
      },
      "stability_convergence": {
        "fe_last_mean": 0.04587931924980787,
        "fe_last_std": 0.0,
        "fe_improvement": 0.0003615423349389857,
        "fe_first": 0.045517776914868885,
        "fe_last": 0.04587931924980787
      }
    },
    "PA5": {
      "fe_best": 0.04567743977458826,
      "thresholds": [
        1,
        2,
        3,
        4,
        5,
        6,
        7,
        8,
        147,
        248
      ],
      "time_sec": 5.324519634246826,
      "stability_jitter": {
        "fe_mean": 0.045607205630397676,
        "fe_std": 3.174479495697213e-05,
        "fe_min": 0.045558166252266705,
        "fe_max": 0.04567743977458826,
        "fe_original": 0.04567743977458826
      },
      "stability_convergence": {
        "fe_last_mean": 0.04566729818325854,
        "fe_last_std": 5.070795664860461e-06,
        "fe_improvement": 0.00015966285971937694,
        "fe_first": 0.045517776914868885,
        "fe_last": 0.04567743977458826
      }
    }
  }
}