{
  "image_index": 69,
  "image_path": "dataset/BDS500/images/val\\361010.jpg",
  "k": 10,
  "strategies": {
    "PA1": {
      "fe_best": 0.050342187684919756,
      "thresholds": [
        1,
        2,
        3,
        4,
        5,
        8,
        9,
        12,
        21,
        250
      ],
      "time_sec": 2.6688716411590576,
      "stability_jitter": {
        "fe_mean": 0.04950907220590843,
        "fe_std": 0.0004666153367801613,
        "fe_min": 0.04884019924892206,
        "fe_max": 0.050342187684919756,
        "fe_original": 0.050342187684919756
      },
      "stability_convergence": {
        "fe_last_mean": 0.050342187684919756,
        "fe_last_std": 0.0,
        "fe_improvement": 0.004166463105722537,
        "fe_first": 0.04617572457919722,
        "fe_last": 0.050342187684919756
      }
    },
    "PA2": {
      "fe_best": 0.05038532185507282,
      "thresholds": [
        2,
        4,
        7,
        8,
        11,
        12,
        19,
        252,
        253,
        254
      ],
      "time_sec": 2.612807273864746,
      "stability_jitter": {
        "fe_mean": 0.04959386446571301,
        "fe_std": 0.0004311574940695733,
        "fe_min": 0.04884772486866193,
        "fe_max": 0.05038532185507282,
        "fe_original": 0.05038532185507282
      },
      "stability_convergence": {
        "fe_last_mean": 0.050385321855072815,
        "fe_last_std": 6.938893903907228e-18,
        "fe_improvement": 0.0030550079123511723,
        "fe_first": 0.04733031394272165,
        "fe_last": 0.05038532185507282
      }
    },
    "PA3": {
      "fe_best": 0.05049257477156152,
      "thresholds": [
        1,
        2,
        3,
        4,
        7,
        8,
        11,
        20,
        251,
        252
      ],
      "time_sec": 2.672030210494995,
      "stability_jitter": {
        "fe_mean": 0.04964223445919059,
        "fe_std": 0.00043074918613226923,
        "fe_min": 0.04889128372163791,
        "fe_max": 0.05049257477156152,
        "fe_original": 0.05049257477156152
      },
      "stability_convergence": {
        "fe_last_mean": 0.05048777517015224,
        "fe_last_std": 9.599202818563746e-06,
        "fe_improvement": 0.004316850192364302,
        "fe_first": 0.04617572457919722,
        "fe_last": 0.05049257477156152
      }
    },
    "PA4": {
      "fe_best": 0.050555902191957006,
      "thresholds": [
        1,
        2,
        5,
        8,
        9,
        12,
        13,
        20,
        251,
        252
      ],
      "time_sec": 2.7236931324005127,
      "stability_jitter": {
        "fe_mean": 0.0497476539892396,
        "fe_std": 0.0004494351713487755,
        "fe_min": 0.04903009533080913,
        "fe_max": 0.050555902191957006,
        "fe_original": 0.050555902191957006
      },
      "stability_convergence": {
        "fe_last_mean": 0.05053910358702453,
        "fe_last_std": 1.0997268381822274e-05,
        "fe_improvement": 0.003225588249235356,
        "fe_first": 0.04733031394272165,
        "fe_last": 0.050555902191957006
      }
    },
    "PA5": {
      "fe_best": 0.05069314895026701,
      "thresholds": [
        1,
        4,
        5,
        8,
        9,
        12,
        21,
        250,
        251,
        254
      ],
      "time_sec": 5.381132364273071,
      "stability_jitter": {
        "fe_mean": 0.04971818116100636,
        "fe_std": 0.0003365879782412617,
        "fe_min": 0.04906463642279316,
        "fe_max": 0.05069314895026701,
        "fe_original": 0.05069314895026701
      },
      "stability_convergence": {
        "fe_last_mean": 0.05069314895026701,
        "fe_last_std": 0.0,
        "fe_improvement": 0.004055981118317939,
        "fe_first": 0.04663716783194907,
        "fe_last": 0.05069314895026701
      }
    }
  }
}