{
  "image_index": 75,
  "image_path": "dataset/BDS500/images/val\\41033.jpg",
  "k": 10,
  "strategies": {
    "PA1": {
      "fe_best": 0.04914010079603363,
      "thresholds": [
        2,
        3,
        4,
        5,
        6,
        7,
        9,
        34,
        37,
        38
      ],
      "time_sec": 2.740385055541992,
      "stability_jitter": {
        "fe_mean": 0.048643039403101405,
        "fe_std": 0.00024677830240635296,
        "fe_min": 0.04802471386082302,
        "fe_max": 0.04914010079603363,
        "fe_original": 0.04914010079603363
      },
      "stability_convergence": {
        "fe_last_mean": 0.049140100796033634,
        "fe_last_std": 6.938893903907228e-18,
        "fe_improvement": 0.002809722701434085,
        "fe_first": 0.04633037809459954,
        "fe_last": 0.04914010079603363
      }
    },
    "PA2": {
      "fe_best": 0.049168191113416485,
      "thresholds": [
        1,
        2,
        3,
        4,
        5,
        8,
        23,
        24,
        27,
        40
      ],
      "time_sec": 2.688356399536133,
      "stability_jitter": {
        "fe_mean": 0.048704527606605354,
        "fe_std": 0.00020994739684740418,
        "fe_min": 0.04817199573010026,
        "fe_max": 0.049168191113416485,
        "fe_original": 0.049168191113416485
      },
      "stability_convergence": {
        "fe_last_mean": 0.049168191113416485,
        "fe_last_std": 0.0,
        "fe_improvement": 0.0007768088520306443,
        "fe_first": 0.04839138226138584,
        "fe_last": 0.049168191113416485
      }
    },
    "PA3": {
      "fe_best": 0.049493664903304514,
      "thresholds": [
        1,
        4,
        6,
        9,
        14,
        19,
        30,
        31,
        34,
        35
      ],
      "time_sec": 2.7210421562194824,
      "stability_jitter": {
        "fe_mean": 0.04865953791999373,
        "fe_std": 0.0003883864222887508,
        "fe_min": 0.04759783680527366,
        "fe_max": 0.049493664903304514,
        "fe_original": 0.049493664903304514
      },
      "stability_convergence": {
        "fe_last_mean": 0.04949366490330452,
        "fe_last_std": 6.938893903907228e-18,
        "fe_improvement": 0.0031632868087049723,
        "fe_first": 0.04633037809459954,
        "fe_last": 0.049493664903304514
      }
    },
    "PA4": {
      "fe_best": 0.04920431889276135,
      "thresholds": [
        1,
        2,
        4,
        5,
        6,
        14,
        15,
        34,
        35,
        38
      ],
      "time_sec": 2.7285752296447754,
      "stability_jitter": {
        "fe_mean": 0.04870832334432049,
        "fe_std": 0.00031952755201171434,
        "fe_min": 0.04811099594040548,
        "fe_max": 0.04921569732162939,
        "fe_original": 0.04920431889276135
      },
      "stability_convergence": {
        "fe_last_mean": 0.04920431889276135,
        "fe_last_std": 0.0,
        "fe_improvement": 0.0008129366313755076,
        "fe_first": 0.04839138226138584,
        "fe_last": 0.04920431889276135
      }
    },
    "PA5": {
      "fe_best": 0.049413960122174194,
      "thresholds": [
        1,
        2,
        4,
        16,
        17,
        24,
        25,
        28,
        37,
        40
      ],
      "time_sec": 5.486227989196777,
      "stability_jitter": {
        "fe_mean": 0.048588952277741064,
        "fe_std": 0.0003982783713394907,
        "fe_min": 0.047771499955468276,
        "fe_max": 0.049413960122174194,
        "fe_original": 0.049413960122174194
      },
      "stability_convergence": {
        "fe_last_mean": 0.04939439672480999,
        "fe_last_std": 2.5972109817213972e-05,
        "fe_improvement": 0.00286395981843425,
        "fe_first": 0.046550000303739944,
        "fe_last": 0.049413960122174194
      }
    }
  }
}