{
  "image_index": 84,
  "image_path": "dataset/BDS500/images/val\\62096.jpg",
  "k": 10,
  "strategies": {
    "PA1": {
      "fe_best": 0.05251517414040256,
      "thresholds": [
        1,
        2,
        4,
        6,
        7,
        43,
        196,
        210,
        231,
        234
      ],
      "time_sec": 2.7131741046905518,
      "stability_jitter": {
        "fe_mean": 0.0523269918246265,
        "fe_std": 8.109088296280901e-05,
        "fe_min": 0.05218605120422412,
        "fe_max": 0.05251517414040256,
        "fe_original": 0.05251517414040256
      },
      "stability_convergence": {
        "fe_last_mean": 0.05244116884202312,
        "fe_last_std": 6.447387456615282e-05,
        "fe_improvement": 0.0035816549325789968,
        "fe_first": 0.048933519207823566,
        "fe_last": 0.05251517414040256
      }
    },
    "PA2": {
      "fe_best": 0.052606045012994575,
      "thresholds": [
        1,
        2,
        4,
        6,
        11,
        37,
        211,
        212,
        219,
        236
      ],
      "time_sec": 2.689124584197998,
      "stability_jitter": {
        "fe_mean": 0.052387065636194406,
        "fe_std": 0.0001197342762911067,
        "fe_min": 0.052161356481749334,
        "fe_max": 0.052606045012994575,
        "fe_original": 0.052606045012994575
      },
      "stability_convergence": {
        "fe_last_mean": 0.05254044712609916,
        "fe_last_std": 6.593544947807341e-05,
        "fe_improvement": 0.003650860906657845,
        "fe_first": 0.04895518410633673,
        "fe_last": 0.052606045012994575
      }
    },
    "PA3": {
      "fe_best": 0.052481380766979654,
      "thresholds": [
        1,
        8,
        13,
        23,
        28,
        206,
        213,
        218,
        231,
        234
      ],
      "time_sec": 2.6615092754364014,
      "stability_jitter": {
        "fe_mean": 0.0522688839305385,
        "fe_std": 8.567368509680975e-05,
        "fe_min": 0.05206849403210702,
        "fe_max": 0.052481380766979654,
        "fe_original": 0.052481380766979654
      },
      "stability_convergence": {
        "fe_last_mean": 0.052422188871750076,
        "fe_last_std": 3.2606109023541455e-05,
        "fe_improvement": 0.003547861559156089,
        "fe_first": 0.048933519207823566,
        "fe_last": 0.052481380766979654
      }
    },
    "PA4": {
      "fe_best": 0.05258590404751563,
      "thresholds": [
        1,
        2,
        3,
        6,
        9,
        10,
        11,
        34,
        231,
        234
      ],
      "time_sec": 2.6179897785186768,
      "stability_jitter": {
        "fe_mean": 0.05244960262196335,
        "fe_std": 7.253925687268757e-05,
        "fe_min": 0.05231871710985411,
        "fe_max": 0.05258590404751563,
        "fe_original": 0.05258590404751563
      },
      "stability_convergence": {
        "fe_last_mean": 0.05258590404751563,
        "fe_last_std": 0.0,
        "fe_improvement": 0.003630719941178903,
        "fe_first": 0.04895518410633673,
        "fe_last": 0.05258590404751563
      }
    },
    "PA5": {
      "fe_best": 0.05260698053931522,
      "thresholds": [
        2,
        3,
        4,
        5,
        6,
        9,
        10,
        33,
        235,
        236
      ],
      "time_sec": 5.340835809707642,
      "stability_jitter": {
        "fe_mean": 0.052416437117508485,
        "fe_std": 9.732995133943018e-05,
        "fe_min": 0.05226133666071085,
        "fe_max": 0.05260698053931522,
        "fe_original": 0.05260698053931522
      },
      "stability_convergence": {
        "fe_last_mean": 0.052606980539315215,
        "fe_last_std": 6.938893903907228e-18,
        "fe_improvement": 0.0020918361955882883,
        "fe_first": 0.050515144343726934,
        "fe_last": 0.05260698053931522
      }
    }
  }
}