{
  "image_index": 89,
  "image_path": "dataset/BDS500/images/val\\69040.jpg",
  "k": 10,
  "strategies": {
    "PA1": {
      "fe_best": 0.04750565553549331,
      "thresholds": [
        1,
        4,
        7,
        8,
        11,
        12,
        79,
        252,
        253,
        254
      ],
      "time_sec": 2.7138683795928955,
      "stability_jitter": {
        "fe_mean": 0.04724456024235475,
        "fe_std": 0.00012018138298036505,
        "fe_min": 0.04701745473665378,
        "fe_max": 0.04750565553549331,
        "fe_original": 0.04750565553549331
      },
      "stability_convergence": {
        "fe_last_mean": 0.04750565553549331,
        "fe_last_std": 0.0,
        "fe_improvement": 0.0017643858356813993,
        "fe_first": 0.04574126969981191,
        "fe_last": 0.04750565553549331
      }
    },
    "PA2": {
      "fe_best": 0.04740722562000854,
      "thresholds": [
        1,
        2,
        4,
        5,
        7,
        8,
        11,
        12,
        76,
        254
      ],
      "time_sec": 2.763230323791504,
      "stability_jitter": {
        "fe_mean": 0.04722295109923016,
        "fe_std": 9.169168468635449e-05,
        "fe_min": 0.04705054845753657,
        "fe_max": 0.04740722562000854,
        "fe_original": 0.04740722562000854
      },
      "stability_convergence": {
        "fe_last_mean": 0.04740722562000854,
        "fe_last_std": 0.0,
        "fe_improvement": 0.0016250237476745713,
        "fe_first": 0.04578220187233397,
        "fe_last": 0.04740722562000854
      }
    },
    "PA3": {
      "fe_best": 0.047337710298316835,
      "thresholds": [
        1,
        2,
        3,
        4,
        11,
        12,
        15,
        76,
        253,
        254
      ],
      "time_sec": 2.707948684692383,
      "stability_jitter": {
        "fe_mean": 0.047206899832154536,
        "fe_std": 7.362020654659156e-05,
        "fe_min": 0.047072714289478526,
        "fe_max": 0.04734110541547871,
        "fe_original": 0.047337710298316835
      },
      "stability_convergence": {
        "fe_last_mean": 0.047337710298316835,
        "fe_last_std": 0.0,
        "fe_improvement": 0.0015964405985049238,
        "fe_first": 0.04574126969981191,
        "fe_last": 0.047337710298316835
      }
    },
    "PA4": {
      "fe_best": 0.04743326434896317,
      "thresholds": [
        1,
        2,
        3,
        6,
        7,
        82,
        251,
        252,
        253,
        254
      ],
      "time_sec": 2.686310052871704,
      "stability_jitter": {
        "fe_mean": 0.047313493119316034,
        "fe_std": 6.468394096634163e-05,
        "fe_min": 0.047200765053230016,
        "fe_max": 0.04743326434896317,
        "fe_original": 0.04743326434896317
      },
      "stability_convergence": {
        "fe_last_mean": 0.04743326434896317,
        "fe_last_std": 0.0,
        "fe_improvement": 0.0016510624766291962,
        "fe_first": 0.04578220187233397,
        "fe_last": 0.04743326434896317
      }
    },
    "PA5": {
      "fe_best": 0.04749247149504539,
      "thresholds": [
        1,
        2,
        3,
        4,
        7,
        8,
        11,
        12,
        79,
        254
      ],
      "time_sec": 5.38725471496582,
      "stability_jitter": {
        "fe_mean": 0.047247558349772026,
        "fe_std": 0.00010318664668319653,
        "fe_min": 0.04707665045609036,
        "fe_max": 0.04749247149504539,
        "fe_original": 0.04749247149504539
      },
      "stability_convergence": {
        "fe_last_mean": 0.04749247149504539,
        "fe_last_std": 0.0,
        "fe_improvement": 0.0015211503717293337,
        "fe_first": 0.045971321123316054,
        "fe_last": 0.04749247149504539
      }
    }
  }
}