{
  "image_index": 83,
  "image_path": "dataset/BDS500/images/val\\58060.jpg",
  "k": 10,
  "strategies": {
    "PA1": {
      "fe_best": 0.051263029396008464,
      "thresholds": [
        55,
        64,
        71,
        72,
        75,
        100,
        131,
        144,
        147,
        200
      ],
      "time_sec": 2.769331693649292,
      "stability_jitter": {
        "fe_mean": 0.05061406242678747,
        "fe_std": 0.00029127078693708206,
        "fe_min": 0.04986776120386892,
        "fe_max": 0.051263029396008464,
        "fe_original": 0.051263029396008464
      },
      "stability_convergence": {
        "fe_last_mean": 0.051263029396008464,
        "fe_last_std": 0.0,
        "fe_improvement": 0.0006106424768017732,
        "fe_first": 0.05065238691920669,
        "fe_last": 0.051263029396008464
      }
    },
    "PA2": {
      "fe_best": 0.05132848939534903,
      "thresholds": [
        1,
        100,
        244,
        246,
        247,
        248,
        251,
        252,
        253,
        254
      ],
      "time_sec": 2.7336585521698,
      "stability_jitter": {
        "fe_mean": 0.05115572585160959,
        "fe_std": 0.00011129681891336915,
        "fe_min": 0.05097076322656199,
        "fe_max": 0.05132848939534903,
        "fe_original": 0.05132848939534903
      },
      "stability_convergence": {
        "fe_last_mean": 0.05132848939534903,
        "fe_last_std": 0.0,
        "fe_improvement": 0.0008417582579348659,
        "fe_first": 0.05048673113741416,
        "fe_last": 0.05132848939534903
      }
    },
    "PA3": {
      "fe_best": 0.051180824710365024,
      "thresholds": [
        56,
        59,
        60,
        71,
        80,
        95,
        100,
        155,
        160,
        227
      ],
      "time_sec": 2.820005178451538,
      "stability_jitter": {
        "fe_mean": 0.050579718513171855,
        "fe_std": 0.00018875078089329247,
        "fe_min": 0.05024691495651821,
        "fe_max": 0.051180824710365024,
        "fe_original": 0.051180824710365024
      },
      "stability_convergence": {
        "fe_last_mean": 0.05117635555797001,
        "fe_last_std": 2.2345761975045565e-06,
        "fe_improvement": 0.000528437791158333,
        "fe_first": 0.05065238691920669,
        "fe_last": 0.051180824710365024
      }
    },
    "PA4": {
      "fe_best": 0.05123681841202822,
      "thresholds": [
        51,
        52,
        55,
        56,
        95,
        96,
        103,
        168,
        176,
        235
      ],
      "time_sec": 2.778773069381714,
      "stability_jitter": {
        "fe_mean": 0.05049596122165677,
        "fe_std": 0.0004197454590235369,
        "fe_min": 0.04955478067680019,
        "fe_max": 0.05123681841202822,
        "fe_original": 0.05123681841202822
      },
      "stability_convergence": {
        "fe_last_mean": 0.05121383119871707,
        "fe_last_std": 1.8619892846261808e-05,
        "fe_improvement": 0.0007500872746140572,
        "fe_first": 0.05048673113741416,
        "fe_last": 0.05123681841202822
      }
    },
    "PA5": {
      "fe_best": 0.051116255241968965,
      "thresholds": [
        55,
        56,
        59,
        120,
        127,
        136,
        139,
        148,
        199,
        202
      ],
      "time_sec": 5.592910289764404,
      "stability_jitter": {
        "fe_mean": 0.05065872911525752,
        "fe_std": 0.0001681037080528235,
        "fe_min": 0.050241989451420194,
        "fe_max": 0.051116255241968965,
        "fe_original": 0.051116255241968965
      },
      "stability_convergence": {
        "fe_last_mean": 0.051116255241968965,
        "fe_last_std": 0.0,
        "fe_improvement": 0.00043820107246449885,
        "fe_first": 0.050678054169504466,
        "fe_last": 0.051116255241968965
      }
    }
  }
}