{
  "image_index": 81,
  "image_path": "dataset/BDS500/images/val\\54082.jpg",
  "k": 10,
  "strategies": {
    "PA1": {
      "fe_best": 0.04942980871609315,
      "thresholds": [
        1,
        2,
        3,
        4,
        7,
        8,
        9,
        10,
        11,
        114
      ],
      "time_sec": 2.7660019397735596,
      "stability_jitter": {
        "fe_mean": 0.04939338585999198,
        "fe_std": 2.2174871519733396e-05,
        "fe_min": 0.04935117946176072,
        "fe_max": 0.04942980871609315,
        "fe_original": 0.04942980871609315
      },
      "stability_convergence": {
        "fe_last_mean": 0.04942980871609315,
        "fe_last_std": 0.0,
        "fe_improvement": 0.003127172003906102,
        "fe_first": 0.04630263671218705,
        "fe_last": 0.04942980871609315
      }
    },
    "PA2": {
      "fe_best": 0.04943470609733147,
      "thresholds": [
        1,
        2,
        3,
        4,
        5,
        6,
        7,
        10,
        11,
        114
      ],
      "time_sec": 2.728273391723633,
      "stability_jitter": {
        "fe_mean": 0.049393647506406235,
        "fe_std": 2.497088469778103e-05,
        "fe_min": 0.04934614915527202,
        "fe_max": 0.04943470609733147,
        "fe_original": 0.04943470609733147
      },
      "stability_convergence": {
        "fe_last_mean": 0.04943470609733147,
        "fe_last_std": 0.0,
        "fe_improvement": 0.0012810835290215788,
        "fe_first": 0.04815362256830989,
        "fe_last": 0.04943470609733147
      }
    },
    "PA3": {
      "fe_best": 0.04932154201047425,
      "thresholds": [
        1,
        3,
        8,
        10,
        115,
        250,
        251,
        252,
        253,
        254
      ],
      "time_sec": 2.7000038623809814,
      "stability_jitter": {
        "fe_mean": 0.04928202876799281,
        "fe_std": 3.0986692194488425e-05,
        "fe_min": 0.049223304581365826,
        "fe_max": 0.04933158545700086,
        "fe_original": 0.04932154201047425
      },
      "stability_convergence": {
        "fe_last_mean": 0.04932154201047424,
        "fe_last_std": 6.938893903907228e-18,
        "fe_improvement": 0.0030189052982872028,
        "fe_first": 0.04630263671218705,
        "fe_last": 0.04932154201047425
      }
    },
    "PA4": {
      "fe_best": 0.04942933391158172,
      "thresholds": [
        1,
        3,
        4,
        6,
        7,
        8,
        9,
        10,
        11,
        114
      ],
      "time_sec": 2.7624106407165527,
      "stability_jitter": {
        "fe_mean": 0.04938995266810175,
        "fe_std": 2.224562433682599e-05,
        "fe_min": 0.04935180306280933,
        "fe_max": 0.04942940060098995,
        "fe_original": 0.04942933391158172
      },
      "stability_convergence": {
        "fe_last_mean": 0.04942933391158172,
        "fe_last_std": 0.0,
        "fe_improvement": 0.0012757113432718264,
        "fe_first": 0.04815362256830989,
        "fe_last": 0.04942933391158172
      }
    },
    "PA5": {
      "fe_best": 0.0494196972593588,
      "thresholds": [
        1,
        2,
        3,
        4,
        5,
        6,
        8,
        9,
        116,
        254
      ],
      "time_sec": 6.020946025848389,
      "stability_jitter": {
        "fe_mean": 0.04937786868475964,
        "fe_std": 2.5905600375252883e-05,
        "fe_min": 0.049336393542026576,
        "fe_max": 0.0494196972593588,
        "fe_original": 0.0494196972593588
      },
      "stability_convergence": {
        "fe_last_mean": 0.0494196972593588,
        "fe_last_std": 0.0,
        "fe_improvement": 0.0029423168461878493,
        "fe_first": 0.04647738041317095,
        "fe_last": 0.0494196972593588
      }
    }
  }
}