{
  "image_index": 93,
  "image_path": "dataset/BDS500/images/val\\85048.jpg",
  "k": 10,
  "strategies": {
    "PA1": {
      "fe_best": 0.047405048398049654,
      "thresholds": [
        1,
        2,
        3,
        4,
        5,
        22,
        25,
        150,
        239,
        240
      ],
      "time_sec": 2.6790823936462402,
      "stability_jitter": {
        "fe_mean": 0.04726776455517124,
        "fe_std": 7.29952563830029e-05,
        "fe_min": 0.047129256410507595,
        "fe_max": 0.047423335197150064,
        "fe_original": 0.047405048398049654
      },
      "stability_convergence": {
        "fe_last_mean": 0.047273621863807055,
        "fe_last_std": 0.00014718644683916454,
        "fe_improvement": 0.0012283278988400592,
        "fe_first": 0.046176720499209595,
        "fe_last": 0.047405048398049654
      }
    },
    "PA2": {
      "fe_best": 0.04735485660545842,
      "thresholds": [
        1,
        2,
        7,
        10,
        21,
        25,
        150,
        232,
        235,
        236
      ],
      "time_sec": 2.726778984069824,
      "stability_jitter": {
        "fe_mean": 0.04712749694918596,
        "fe_std": 9.840548492039993e-05,
        "fe_min": 0.04691377539420584,
        "fe_max": 0.04735485660545842,
        "fe_original": 0.04735485660545842
      },
      "stability_convergence": {
        "fe_last_mean": 0.04725310346506622,
        "fe_last_std": 8.122948792235038e-05,
        "fe_improvement": 0.0012946786261727183,
        "fe_first": 0.0460601779792857,
        "fe_last": 0.04735485660545842
      }
    },
    "PA3": {
      "fe_best": 0.04721023482318276,
      "thresholds": [
        1,
        20,
        26,
        164,
        195,
        196,
        235,
        250,
        251,
        254
      ],
      "time_sec": 2.6863369941711426,
      "stability_jitter": {
        "fe_mean": 0.045688479601525764,
        "fe_std": 0.0007093181446322086,
        "fe_min": 0.04421436356252134,
        "fe_max": 0.04721023482318276,
        "fe_original": 0.04721023482318276
      },
      "stability_convergence": {
        "fe_last_mean": 0.04715245833524469,
        "fe_last_std": 4.6589311425156e-05,
        "fe_improvement": 0.001033514323973167,
        "fe_first": 0.046176720499209595,
        "fe_last": 0.04721023482318276
      }
    },
    "PA4": {
      "fe_best": 0.04770317493105093,
      "thresholds": [
        15,
        29,
        158,
        231,
        238,
        239,
        243,
        250,
        251,
        254
      ],
      "time_sec": 2.7030537128448486,
      "stability_jitter": {
        "fe_mean": 0.0460212460596537,
        "fe_std": 0.000760284589121189,
        "fe_min": 0.04466495381408807,
        "fe_max": 0.04770317493105093,
        "fe_original": 0.04770317493105093
      },
      "stability_convergence": {
        "fe_last_mean": 0.047657175836329654,
        "fe_last_std": 3.755810356569134e-05,
        "fe_improvement": 0.0016429969517652299,
        "fe_first": 0.0460601779792857,
        "fe_last": 0.04770317493105093
      }
    },
    "PA5": {
      "fe_best": 0.047196142981441216,
      "thresholds": [
        1,
        3,
        6,
        7,
        9,
        11,
        17,
        34,
        146,
        238
      ],
      "time_sec": 5.383443832397461,
      "stability_jitter": {
        "fe_mean": 0.047181631677477166,
        "fe_std": 3.618748357429246e-05,
        "fe_min": 0.04709260058925041,
        "fe_max": 0.04725347376858815,
        "fe_original": 0.047196142981441216
      },
      "stability_convergence": {
        "fe_last_mean": 0.047196142981441216,
        "fe_last_std": 0.0,
        "fe_improvement": 0.0008484525535070175,
        "fe_first": 0.0463476904279342,
        "fe_last": 0.047196142981441216
      }
    }
  }
}