{
  "algorithm": "HYBRID-PA6",
  "thresholds": [
    6,
    19,
    34,
    50,
    70,
    90,
    111,
    133,
    158,
    190
  ],
  "best_f": -34.814153727012226,
  "entropy": 34.814153727012226,
  "time": 15.800358772277832,
  "metrics": {
    "psnr": 33.17780821253229,
    "ssim": 0.9045525092930236,
    "boundary_dsc": 0.10404725552524216
  }
}