{
  "algorithm": "HYBRID-PA5",
  "thresholds": [
    51,
    75,
    99,
    120,
    141,
    159,
    177,
    196,
    215,
    234
  ],
  "best_f": -36.281004253384836,
  "entropy": 36.281004253384836,
  "time": 4.098300218582153,
  "metrics": {
    "psnr": 31.39988399787965,
    "ssim": 0.8201946257357311,
    "dice": 0.16774254346699335
  }
}