{
  "image_name": "uploaded",
  "timestamp": "2026-04-18T15:00:44.696062",
  "total_time": 18.2007155418396,
  "best_overall_algo": "HYBRID-PA5",
  "best_overall_f": -35.91349227508233,
  "best_overall_entropy": 35.91349227508233,
  "results": {
    "GWO": {
      "entropy": 35.496614373496854,
      "time": 2.0262110233306885,
      "metrics": {
        "psnr": 31.897773632804828,
        "ssim": 0.9283599651889477,
        "dice": 0.13680837185559117
      }
    },
    "WOA": {
      "entropy": 35.91132043295825,
      "time": 2.317911148071289,
      "metrics": {
        "psnr": 32.31304791051698,
        "ssim": 0.9274474362052595,
        "dice": 0.13634857678363513
      }
    },
    "PSO": {
      "entropy": 35.6618961874661,
      "time": 4.074571847915649,
      "metrics": {
        "psnr": 31.20110011055629,
        "ssim": 0.9063999608524512,
        "dice": 0.13758127438231468
      }
    },
    "OTSU": {
      "entropy": 35.381004982080476,
      "time": 0.0,
      "metrics": {
        "psnr": 31.8040661802951,
        "ssim": 0.9216968243615752,
        "dice": 0.13766228755522117
      }
    },
    "HYBRID-PA5": {
      "entropy": 35.91349227508233,
      "time": 3.974813222885132,
      "metrics": {
        "psnr": 32.591043027898664,
        "ssim": 0.9321004357396261,
        "dice": 0.13628143701411286
      }
    },
    "HYBRID-PA6": {
      "entropy": 35.90191260813803,
      "time": 2.2301149368286133,
      "metrics": {
        "psnr": 32.29604899968799,
        "ssim": 0.9267206878703402,
        "dice": 0.13719671183001642
      }
    }
  }
}