{
  "image_name": "uploaded",
  "timestamp": "2026-04-18T14:56:35.334528",
  "total_time": 17.4974422454834,
  "best_overall_algo": "HYBRID-PA5",
  "best_overall_f": -31.36569384875083,
  "best_overall_entropy": 31.36569384875083,
  "results": {
    "GWO": {
      "entropy": 31.29791108839223,
      "time": 1.838900089263916,
      "metrics": {
        "psnr": 30.460702784287776,
        "ssim": 0.8244578338332468,
        "dice": 0.20935037646646823
      }
    },
    "WOA": {
      "entropy": 31.26364867876064,
      "time": 1.8112521171569824,
      "metrics": {
        "psnr": 30.887694657339033,
        "ssim": 0.8406943207866991,
        "dice": 0.23670963313248417
      }
    },
    "PSO": {
      "entropy": 31.345147660115213,
      "time": 3.5411293506622314,
      "metrics": {
        "psnr": 30.985609054818973,
        "ssim": 0.8454430038932861,
        "dice": 0.24848259630868327
      }
    },
    "OTSU": {
      "entropy": 31.054830801789784,
      "time": 0.0,
      "metrics": {
        "psnr": 30.521166882146126,
        "ssim": 0.827552152399721,
        "dice": 0.21240282685512368
      }
    },
    "HYBRID-PA5": {
      "entropy": 31.36569384875083,
      "time": 3.814868927001953,
      "metrics": {
        "psnr": 30.21905809489263,
        "ssim": 0.8286611081836479,
        "dice": 0.2349202635785862
      }
    },
    "HYBRID-PA6": {
      "entropy": 31.359467170067198,
      "time": 2.269038438796997,
      "metrics": {
        "psnr": 30.575773447316386,
        "ssim": 0.8245639071101876,
        "dice": 0.2092175925126487
      }
    }
  }
}