{
  "algorithm": "WOA",
  "thresholds": [
    27,
    49,
    71,
    93,
    115,
    137,
    159,
    182,
    206,
    230
  ],
  "best_f": -37.7897581804226,
  "entropy": 37.7897581804226,
  "time": 2.052450656890869,
  "metrics": {
    "psnr": 32.030274220351224,
    "ssim": 0.9242953602865855,
    "boundary_dsc": 0.21242194858199323
  }
}