{
  "image_name": "uploaded",
  "timestamp": "2026-04-18T11:18:31.142856",
  "total_time": 15.808173656463623,
  "best_overall_algo": "GWO",
  "best_overall_f": -13.022909641171294,
  "best_overall_entropy": 13.022909641171294,
  "results": {
    "GWO": {
      "entropy": 13.022909641171294,
      "time": 1.7391550540924072,
      "metrics": {
        "psnr": 23.622828195959897,
        "ssim": 0.6931329742700242,
        "dice": 0.265012046002091
      }
    },
    "WOA": {
      "entropy": 13.022909641171294,
      "time": 1.6797354221343994,
      "metrics": {
        "psnr": 23.622828195959897,
        "ssim": 0.6931329742700242,
        "dice": 0.265012046002091
      }
    },
    "PSO": {
      "entropy": 13.022909641171294,
      "time": 2.8308088779449463,
      "metrics": {
        "psnr": 23.622828195959897,
        "ssim": 0.6931329742700242,
        "dice": 0.265012046002091
      }
    },
    "OTSU": {
      "entropy": 12.91235321502949,
      "time": 0.004379749298095703,
      "metrics": {
        "psnr": 24.342416084794078,
        "ssim": 0.7033603459745731,
        "dice": 0.273093095808654
      }
    },
    "HYBRID-PA5": {
      "entropy": 13.022909641171294,
      "time": 3.179356575012207,
      "metrics": {
        "psnr": 23.622828195959897,
        "ssim": 0.6931329742700242,
        "dice": 0.265012046002091
      }
    },
    "HYBRID-PA6": {
      "entropy": 13.022909641171294,
      "time": 1.9364442825317383,
      "metrics": {
        "psnr": 23.622828195959897,
        "ssim": 0.6931329742700242,
        "dice": 0.265012046002091
      }
    }
  }
}