{
  "algorithm": "HYBRID-PA5",
  "thresholds": [
    34,
    63,
    86,
    109,
    131,
    152,
    173,
    194,
    215,
    235
  ],
  "best_f": -36.83618159990555,
  "entropy": 36.83618159990555,
  "time": 4.618180274963379,
  "metrics": {
    "psnr": 32.04789153129929,
    "ssim": 0.9415309473517661,
    "boundary_dsc": 0.11556197566531475
  }
}