{
  "algorithm": "HYBRID-PA5",
  "thresholds": [
    19,
    39,
    60,
    82,
    105,
    129,
    153,
    176,
    199,
    222
  ],
  "best_f": -37.25334177553002,
  "entropy": 37.25334177553002,
  "time": 39.344521045684814,
  "metrics": {
    "psnr": 31.883160259152994,
    "ssim": 0.9038217759577033,
    "boundary_dsc": 0.10366429073386206
  }
}