{
  "algorithm": "HYBRID-PA5",
  "thresholds": [
    39,
    76,
    109,
    142,
    173,
    204,
    231
  ],
  "best_f": -28.59699672725995,
  "entropy": 28.59699672725995,
  "time": 4.208549976348877,
  "metrics": {
    "psnr": 24.067707012146112,
    "ssim": 0.7554427538000266,
    "dice": 0.23321167113230237
  }
}