{
  "image_name": "uploaded",
  "timestamp": "2026-04-18T16:21:18.864284",
  "total_time": 19.359527587890625,
  "best_overall_algo": "PSO",
  "best_overall_f": -37.20663871219217,
  "best_overall_entropy": 37.20663871219217,
  "results": {
    "GWO": {
      "entropy": 36.62674312498493,
      "time": 2.268449068069458,
      "metrics": {
        "psnr": 30.719562320585826,
        "ssim": 0.9184613388421601,
        "dice": 0.21812976360892947
      }
    },
    "WOA": {
      "entropy": 36.87471274172454,
      "time": 2.228109359741211,
      "metrics": {
        "psnr": 31.661238487339133,
        "ssim": 0.9245132995880905,
        "dice": 0.21096678580768896
      }
    },
    "PSO": {
      "entropy": 37.20663871219217,
      "time": 4.347254514694214,
      "metrics": {
        "psnr": 31.69115295526849,
        "ssim": 0.9204350819044285,
        "dice": 0.21155584167976924
      }
    },
    "OTSU": {
      "entropy": 37.13047909273903,
      "time": 0.0,
      "metrics": {
        "psnr": 32.29555802363486,
        "ssim": 0.9309283462891349,
        "dice": 0.21660886562834983
      }
    },
    "HYBRID-PA5": {
      "entropy": 37.186729976389714,
      "time": 4.59838342666626,
      "metrics": {
        "psnr": 32.2051115126256,
        "ssim": 0.9242490008416315,
        "dice": 0.21217069188214363
      }
    },
    "HYBRID-PA6": {
      "entropy": 36.709077117597154,
      "time": 2.2576239109039307,
      "metrics": {
        "psnr": 31.00003916668229,
        "ssim": 0.9165721300760377,
        "dice": 0.21390785310806829
      }
    }
  }
}