{
  "algorithm": "HYBRID-PA6",
  "thresholds": [
    22,
    42,
    59,
    75,
    96,
    118,
    139,
    164,
    194,
    225
  ],
  "best_f": -35.86659663523268,
  "entropy": 35.86659663523268,
  "time": 2.23872447013855,
  "metrics": {
    "psnr": 32.137148357490865,
    "ssim": 0.8627785734543186,
    "dice": 0.20515244623020562
  }
}