{
  "algorithm": "WOA",
  "thresholds": [
    40,
    65,
    87,
    108,
    129,
    151,
    173,
    195,
    217,
    239
  ],
  "best_f": -35.576441009697284,
  "entropy": 35.576441009697284,
  "time": 7.976700782775879,
  "metrics": {
    "psnr": 32.49296324421519,
    "ssim": 0.8952748876956419,
    "boundary_dsc": 0.17529512798492636
  }
}