{
  "algorithm": "GWO",
  "thresholds": [
    47,
    88,
    119,
    148,
    178,
    216
  ],
  "best_f": -25.785319647845554,
  "entropy": 25.785319647845554,
  "time": 1.8043856620788574,
  "metrics": {
    "psnr": 29.11984628718626,
    "ssim": 0.808392383837429,
    "dice": 0.25769378726678205
  }
}