{
  "image_name": "uploaded",
  "timestamp": "2026-04-19T23:19:43.509820",
  "total_time": 20.421464681625366,
  "best_overall_algo": "HYBRID-PA5",
  "best_overall_f": -37.225107492238216,
  "best_overall_entropy": 37.225107492238216,
  "results": {
    "GWO": {
      "entropy": 36.979667235680616,
      "time": 2.250094413757324,
      "metrics": {
        "psnr": 32.018017462345206,
        "ssim": 0.9033595321662714,
        "dice": 0.1590339701499626
      }
    },
    "WOA": {
      "entropy": 37.210951989016266,
      "time": 2.299494743347168,
      "metrics": {
        "psnr": 32.15411144119502,
        "ssim": 0.903007730960717,
        "dice": 0.1573318053764981
      }
    },
    "PSO": {
      "entropy": 37.18211828120596,
      "time": 4.4541425704956055,
      "metrics": {
        "psnr": 31.682614231744637,
        "ssim": 0.8952565976500452,
        "dice": 0.15768345816811083
      }
    },
    "OTSU": {
      "entropy": 36.68490540263631,
      "time": 0.4696815013885498,
      "metrics": {
        "psnr": 32.938941781262265,
        "ssim": 0.9253682055664021,
        "dice": 0.15478814040667954
      }
    },
    "HYBRID-PA5": {
      "entropy": 37.225107492238216,
      "time": 4.886917352676392,
      "metrics": {
        "psnr": 32.04897925933804,
        "ssim": 0.9030854980386624,
        "dice": 0.15853585358535854
      }
    },
    "HYBRID-PA6": {
      "entropy": 37.139552469570226,
      "time": 2.3956985473632812,
      "metrics": {
        "psnr": 31.97733484715839,
        "ssim": 0.9014871674674133,
        "dice": 0.158812903851516
      }
    }
  }
}