{
  "algorithm": "HYBRID-PA6",
  "thresholds": [
    46,
    64,
    80,
    96,
    115,
    134,
    154,
    174,
    194,
    213
  ],
  "best_f": -34.95026636773686,
  "entropy": 34.95026636773686,
  "time": 2.1575613021850586,
  "metrics": {
    "psnr": 33.76501901193465,
    "ssim": 0.9088368841997245,
    "boundary_dsc": 0.11938433051730124
  }
}