{
  "image_name": "uploaded",
  "timestamp": "2026-04-18T13:48:40.089806",
  "total_time": 14.982366800308228,
  "best_overall_algo": "GWO",
  "best_overall_f": -13.022909641171294,
  "best_overall_entropy": 13.022909641171294,
  "results": {
    "GWO": {
      "entropy": 13.022909641171294,
      "time": 1.6508510112762451,
      "metrics": {
        "psnr": 23.622828195959897,
        "ssim": 0.6931329742700242,
        "dice": 0.265012046002091
      }
    },
    "WOA": {
      "entropy": 13.022909641171294,
      "time": 1.5982515811920166,
      "metrics": {
        "psnr": 23.622828195959897,
        "ssim": 0.6931329742700242,
        "dice": 0.265012046002091
      }
    },
    "PSO": {
      "entropy": 13.022909641171294,
      "time": 3.0672099590301514,
      "metrics": {
        "psnr": 23.622828195959897,
        "ssim": 0.6931329742700242,
        "dice": 0.265012046002091
      }
    },
    "HYBRID-PA5": {
      "entropy": 13.022909641171294,
      "time": 3.227757692337036,
      "metrics": {
        "psnr": 23.622828195959897,
        "ssim": 0.6931329742700242,
        "dice": 0.265012046002091
      }
    },
    "HYBRID-PA6": {
      "entropy": 13.022909641171294,
      "time": 1.754000186920166,
      "metrics": {
        "psnr": 23.622828195959897,
        "ssim": 0.6931329742700242,
        "dice": 0.265012046002091
      }
    }
  }
}