{
  "algorithm": "PSO",
  "thresholds": [
    34,
    68,
    102,
    137,
    173,
    214
  ],
  "best_f": -25.792718974676525,
  "entropy": 25.792718974676525,
  "time": 3.6714231967926025,
  "metrics": {
    "psnr": 28.54386840372909,
    "ssim": 0.8060666213343921,
    "dice": 0.26825748595578003
  }
}