{
  "algorithm": "OTSU",
  "thresholds": [
    55,
    93,
    139,
    198
  ],
  "best_f": -20.60130953060579,
  "entropy": 20.60130953060579,
  "time": 2.84897518157959,
  "metrics": {
    "psnr": 25.672074244214755,
    "ssim": 0.8291648685265416,
    "dice": 0.14533604696304836
  }
}