{
  "algorithm": "PSO",
  "mode": "single_image_multi_seed",
  "seed": 44,
  "fe": 36.79163908748695,
  "boundary_dsc": 0.12660022148394243,
  "psnr": 31.81621660772243,
  "ssim": 0.929598124223287,
  "time": 30.68329906463623,
  "thresholds": [
    33,
    61,
    83,
    105,
    127,
    150,
    173,
    195,
    216,
    236
  ],
  "best_f": -36.784026954546874,
  "objective_name": "FE + light penalties",
  "penalty_mode": "light",
  "summary_stat": {
    "n_runs": 5,
    "n_images": 1,
    "n_seeds": 5,
    "boundary_dsc_mean": 0.126241533813709,
    "boundary_dsc_sd": 0.0009475335673783349,
    "fe_mean": 36.737768218320724,
    "fe_sd": 0.057595657975618594,
    "psnr_mean": 31.703272175590588,
    "psnr_sd": 0.680456317416324,
    "ssim_mean": 0.9278432615275962,
    "ssim_sd": 0.010728693475896715,
    "time_mean": 31.307216930389405,
    "time_sd": 1.3731827332256765
  }
}