{
  "algorithm": "PSO",
  "thresholds": [
    37,
    64,
    85,
    106,
    127,
    149,
    171,
    193,
    215,
    237
  ],
  "best_f": -35.57678776877116,
  "entropy": 35.57678776877116,
  "time": 16.370518922805786,
  "metrics": {
    "psnr": 32.391723099385466,
    "ssim": 0.8934595125165034,
    "boundary_dsc": 0.17538914867721478
  }
}