{
  "image_name": "uploaded",
  "timestamp": "2026-04-24T14:29:27.422902",
  "total_time": 104.03588008880615,
  "best_overall_algo": "HYBRID-PA5",
  "best_overall_f": -37.77911260428963,
  "best_overall_entropy": 37.77911260428963,
  "results": {
    "GWO": {
      "entropy": 36.64223604307523,
      "time": 14.268381595611572,
      "metrics": {
        "psnr": 30.87999458891423,
        "ssim": 0.8946345513860956,
        "boundary_dsc": 0.3082180675255996
      }
    },
    "WOA": {
      "entropy": 37.631014543566494,
      "time": 14.503063678741455,
      "metrics": {
        "psnr": 31.677625456611608,
        "ssim": 0.8862025343969488,
        "boundary_dsc": 0.3145304711569772
      }
    },
    "PSO": {
      "entropy": 37.695873401328825,
      "time": 28.425110578536987,
      "metrics": {
        "psnr": 31.778578635064182,
        "ssim": 0.8897116912002582,
        "boundary_dsc": 0.3148215884868131
      }
    },
    "OTSU": {
      "entropy": 37.20031502872607,
      "time": 0.4616563320159912,
      "metrics": {
        "psnr": 32.382815106492295,
        "ssim": 0.9072057189773004,
        "boundary_dsc": 0.30735025797798426
      }
    },
    "HYBRID-PA5": {
      "entropy": 37.77911260428963,
      "time": 28.5854012966156,
      "metrics": {
        "psnr": 31.900605057504734,
        "ssim": 0.890336387144643,
        "boundary_dsc": 0.312717078495584
      }
    },
    "HYBRID-PA6": {
      "entropy": 37.077133192537126,
      "time": 13.90525197982788,
      "metrics": {
        "psnr": 31.25855348670228,
        "ssim": 0.880334984341182,
        "boundary_dsc": 0.32433350314145015
      }
    }
  }
}