{
  "algorithm": "HYBRID-PA6",
  "thresholds": [
    43,
    67,
    88,
    108,
    129,
    152,
    175,
    198,
    220,
    239
  ],
  "best_f": -35.49789048571766,
  "entropy": 35.49789048571766,
  "time": 8.80893874168396,
  "metrics": {
    "psnr": 32.5705070633638,
    "ssim": 0.8963358139455174,
    "boundary_dsc": 0.17595923645162528
  }
}