{
  "algorithm": "HYBRID-PA6",
  "thresholds": [
    45,
    70,
    92,
    110,
    127,
    149,
    171,
    193,
    215,
    238
  ],
  "best_f": -36.52634595904538,
  "entropy": 36.52634595904538,
  "time": 14.995191097259521,
  "metrics": {
    "psnr": 31.457063239282235,
    "ssim": 0.9189108939687538,
    "boundary_dsc": 0.16536405647720254
  }
}