{
  "algorithm": "HYBRID-PA5",
  "thresholds": [
    39,
    59,
    75,
    91,
    107,
    123,
    139,
    154,
    169,
    189
  ],
  "best_f": -33.58984588713725,
  "entropy": 33.58984588713725,
  "time": 4.286303997039795,
  "metrics": {
    "psnr": 35.21501690512795,
    "ssim": 0.894976381179487,
    "dice": 0.12436622381107884
  }
}