{
  "config": {
    "eval_mode": "single_image_multi_seed",
    "image_id": "188025",
    "k": 10,
    "seeds": [
      42,
      43,
      44,
      45,
      46
    ],
    "n_agents": 30,
    "n_iters": 80,
    "use_penalties": true,
    "penalty_mode": "light",
    "n_images": 1,
    "algorithms": [
      "GWO",
      "WOA",
      "PSO",
      "OTSU",
      "PA5",
      "PA6"
    ],
    "image_path": "dataset/BDS500/images\\test\\188025.jpg",
    "gt_path": "dataset/BDS500/ground_truth\\test\\188025.mat"
  },
  "summary_statistics": {
    "GWO": {
      "n_runs": 5,
      "n_images": 1,
      "n_seeds": 5,
      "boundary_dsc_mean": 0.27632711195230747,
      "boundary_dsc_sd": 0.01392024089844033,
      "fe_mean": 36.29257494558016,
      "fe_sd": 0.3563979353580993,
      "psnr_mean": 31.479235434179486,
      "psnr_sd": 0.22306130592782297,
      "ssim_mean": 0.8880208803556793,
      "ssim_sd": 0.0024169311922173095,
      "time_mean": 14.40913438796997,
      "time_sd": 0.3981887177017226
    },
    "WOA": {
      "n_runs": 5,
      "n_images": 1,
      "n_seeds": 5,
      "boundary_dsc_mean": 0.2672365285635221,
      "boundary_dsc_sd": 0.001992665960525244,
      "fe_mean": 37.09214375325659,
      "fe_sd": 0.035559086927963016,
      "psnr_mean": 32.39292874052349,
      "psnr_sd": 0.13575557442007158,
      "ssim_mean": 0.9010808821064991,
      "ssim_sd": 0.0027289664449137827,
      "time_mean": 14.713063144683838,
      "time_sd": 0.6953611529004653
    },
    "PSO": {
      "n_runs": 5,
      "n_images": 1,
      "n_seeds": 5,
      "boundary_dsc_mean": 0.26879569919234003,
      "boundary_dsc_sd": 0.008040309804730408,
      "fe_mean": 36.98972058211252,
      "fe_sd": 0.1042504780381922,
      "psnr_mean": 31.9670744476619,
      "psnr_sd": 0.8573779292295046,
      "ssim_mean": 0.8951075846367242,
      "ssim_sd": 0.0069682063255620715,
      "time_mean": 29.16592893600464,
      "time_sd": 0.3734792920367756
    },
    "OTSU": {
      "n_runs": 5,
      "n_images": 1,
      "n_seeds": 5,
      "boundary_dsc_mean": 0.2548026358153212,
      "boundary_dsc_sd": 0.0,
      "fe_mean": 35.483290402776724,
      "fe_sd": 0.0,
      "psnr_mean": 33.90986649060059,
      "psnr_sd": 0.0,
      "ssim_mean": 0.9261201458051964,
      "ssim_sd": 0.0,
      "time_mean": 0.44886298179626466,
      "time_sd": 0.009092206260589335
    },
    "PA5": {
      "n_runs": 5,
      "n_images": 1,
      "n_seeds": 5,
      "boundary_dsc_mean": 0.26844136919686756,
      "boundary_dsc_sd": 0.002463092888625595,
      "fe_mean": 37.099984541207036,
      "fe_sd": 0.03706516049313865,
      "psnr_mean": 32.38832668055196,
      "psnr_sd": 0.015039999020027332,
      "ssim_mean": 0.9009062074487082,
      "ssim_sd": 0.0010657771699640374,
      "time_mean": 30.016196727752686,
      "time_sd": 0.6486583832674688
    },
    "PA6": {
      "n_runs": 5,
      "n_images": 1,
      "n_seeds": 5,
      "boundary_dsc_mean": 0.2736987822521577,
      "boundary_dsc_sd": 0.004402554479529798,
      "fe_mean": 36.97249271578984,
      "fe_sd": 0.08075609498939985,
      "psnr_mean": 32.13127229544227,
      "psnr_sd": 0.15131254666843763,
      "ssim_mean": 0.8953613774430913,
      "ssim_sd": 0.0028169567238441736,
      "time_mean": 14.89066972732544,
      "time_sd": 0.3353141974410782
    }
  },
  "wilcoxon": [
    {
      "base": "PA5",
      "challenger": "GWO",
      "metric": "boundary_dsc",
      "mean_base": 0.26844136919686756,
      "mean_challenger": 0.27632711195230747,
      "delta_mean": -0.007885742755439906,
      "n": 5,
      "statistic": 4.0,
      "pvalue": 0.4375,
      "status": "ok"
    },
    {
      "base": "PA5",
      "challenger": "GWO",
      "metric": "fe",
      "mean_base": 37.099984541207036,
      "mean_challenger": 36.29257494558016,
      "delta_mean": 0.8074095956268792,
      "n": 5,
      "statistic": 0.0,
      "pvalue": 0.0625,
      "status": "ok"
    },
    {
      "base": "PA5",
      "challenger": "GWO",
      "metric": "psnr",
      "mean_base": 32.38832668055196,
      "mean_challenger": 31.479235434179486,
      "delta_mean": 0.9090912463724763,
      "n": 5,
      "statistic": 0.0,
      "pvalue": 0.0625,
      "status": "ok"
    },
    {
      "base": "PA5",
      "challenger": "GWO",
      "metric": "ssim",
      "mean_base": 0.9009062074487082,
      "mean_challenger": 0.8880208803556793,
      "delta_mean": 0.01288532709302892,
      "n": 5,
      "statistic": 0.0,
      "pvalue": 0.0625,
      "status": "ok"
    },
    {
      "base": "PA5",
      "challenger": "WOA",
      "metric": "boundary_dsc",
      "mean_base": 0.26844136919686756,
      "mean_challenger": 0.2672365285635221,
      "delta_mean": 0.001204840633345472,
      "n": 5,
      "statistic": 7.0,
      "pvalue": 1.0,
      "status": "ok"
    },
    {
      "base": "PA5",
      "challenger": "WOA",
      "metric": "fe",
      "mean_base": 37.099984541207036,
      "mean_challenger": 37.09214375325659,
      "delta_mean": 0.007840787950442518,
      "n": 5,
      "statistic": 7.0,
      "pvalue": 1.0,
      "status": "ok"
    },
    {
      "base": "PA5",
      "challenger": "WOA",
      "metric": "psnr",
      "mean_base": 32.38832668055196,
      "mean_challenger": 32.39292874052349,
      "delta_mean": -0.004602059971524852,
      "n": 5,
      "statistic": 6.0,
      "pvalue": 0.8125,
      "status": "ok"
    },
    {
      "base": "PA5",
      "challenger": "WOA",
      "metric": "ssim",
      "mean_base": 0.9009062074487082,
      "mean_challenger": 0.9010808821064991,
      "delta_mean": -0.0001746746577908631,
      "n": 5,
      "statistic": 5.0,
      "pvalue": 0.625,
      "status": "ok"
    },
    {
      "base": "PA5",
      "challenger": "PSO",
      "metric": "boundary_dsc",
      "mean_base": 0.26844136919686756,
      "mean_challenger": 0.26879569919234003,
      "delta_mean": -0.0003543299954724688,
      "n": 5,
      "statistic": 6.0,
      "pvalue": 0.8125,
      "status": "ok"
    },
    {
      "base": "PA5",
      "challenger": "PSO",
      "metric": "fe",
      "mean_base": 37.099984541207036,
      "mean_challenger": 36.98972058211252,
      "delta_mean": 0.11026395909451736,
      "n": 5,
      "statistic": 1.0,
      "pvalue": 0.125,
      "status": "ok"
    },
    {
      "base": "PA5",
      "challenger": "PSO",
      "metric": "psnr",
      "mean_base": 32.38832668055196,
      "mean_challenger": 31.9670744476619,
      "delta_mean": 0.42125223289006186,
      "n": 5,
      "statistic": 3.0,
      "pvalue": 0.3125,
      "status": "ok"
    },
    {
      "base": "PA5",
      "challenger": "PSO",
      "metric": "ssim",
      "mean_base": 0.9009062074487082,
      "mean_challenger": 0.8951075846367242,
      "delta_mean": 0.005798622811983956,
      "n": 5,
      "statistic": 0.0,
      "pvalue": 0.0625,
      "status": "ok"
    },
    {
      "base": "PA5",
      "challenger": "PA6",
      "metric": "boundary_dsc",
      "mean_base": 0.26844136919686756,
      "mean_challenger": 0.2736987822521577,
      "delta_mean": -0.00525741305529015,
      "n": 5,
      "statistic": 1.0,
      "pvalue": 0.125,
      "status": "ok"
    },
    {
      "base": "PA5",
      "challenger": "PA6",
      "metric": "fe",
      "mean_base": 37.099984541207036,
      "mean_challenger": 36.97249271578984,
      "delta_mean": 0.12749182541719506,
      "n": 5,
      "statistic": 0.0,
      "pvalue": 0.0625,
      "status": "ok"
    },
    {
      "base": "PA5",
      "challenger": "PA6",
      "metric": "psnr",
      "mean_base": 32.38832668055196,
      "mean_challenger": 32.13127229544227,
      "delta_mean": 0.25705438510969003,
      "n": 5,
      "statistic": 0.0,
      "pvalue": 0.0625,
      "status": "ok"
    },
    {
      "base": "PA5",
      "challenger": "PA6",
      "metric": "ssim",
      "mean_base": 0.9009062074487082,
      "mean_challenger": 0.8953613774430913,
      "delta_mean": 0.005544830005616896,
      "n": 5,