{
  "algorithm": "OTSU",
  "thresholds": [
    20,
    36,
    55,
    79,
    100,
    119,
    140,
    163,
    188,
    217
  ],
  "best_f": -37.265378861232485,
  "entropy": 37.265378861232485,
  "time": 0.4473075866699219,
  "metrics": {
    "psnr": 32.4730736220303,
    "ssim": 0.908105833235734,
    "boundary_dsc": 0.2017934499035323
  }
}