{
  "image_name": "uploaded",
  "timestamp": "2026-04-18T15:50:16.335407",
  "total_time": 17.831705570220947,
  "best_overall_algo": "WOA",
  "best_overall_f": -32.314012509683465,
  "best_overall_entropy": 32.314012509683465,
  "results": {
    "GWO": {
      "entropy": 32.151360574633586,
      "time": 1.9850304126739502,
      "metrics": {
        "psnr": 30.443563372819117,
        "ssim": 0.8772034005298923,
        "dice": 0.1171998577612105
      }
    },
    "WOA": {
      "entropy": 32.314012509683465,
      "time": 2.086700439453125,
      "metrics": {
        "psnr": 29.456966420920182,
        "ssim": 0.8425185759976382,
        "dice": 0.10850877644515365
      }
    },
    "PSO": {
      "entropy": 32.25362333746947,
      "time": 3.9393067359924316,
      "metrics": {
        "psnr": 29.781916347554272,
        "ssim": 0.85064934467432,
        "dice": 0.11012151956963416
      }
    },
    "OTSU": {
      "entropy": 32.24521687437078,
      "time": 0.004005908966064453,
      "metrics": {
        "psnr": 30.1092750532601,
        "ssim": 0.8587774750914934,
        "dice": 0.11295630213514961
      }
    },
    "HYBRID-PA5": {
      "entropy": 32.20338214470039,
      "time": 4.256001710891724,
      "metrics": {
        "psnr": 30.629378451265943,
        "ssim": 0.8768254465829908,
        "dice": 0.11727894887744798
      }
    },
    "HYBRID-PA6": {
      "entropy": 32.07332064187534,
      "time": 1.9329066276550293,
      "metrics": {
        "psnr": 30.37757540127315,
        "ssim": 0.8758514815016685,
        "dice": 0.11709417040358744
      }
    }
  }
}