{
  "image_name": "uploaded",
  "timestamp": "2026-04-18T22:02:01.092081",
  "total_time": 22.433565855026245,
  "best_overall_algo": "WOA",
  "best_overall_f": -35.91132043295825,
  "best_overall_entropy": 35.91132043295825,
  "results": {
    "GWO": {
      "entropy": 35.496614373496854,
      "time": 2.486931324005127,
      "metrics": {
        "psnr": 31.897773632804828,
        "ssim": 0.9283599651889477,
        "dice": 0.13680837185559117
      }
    },
    "WOA": {
      "entropy": 35.91132043295825,
      "time": 3.0778369903564453,
      "metrics": {
        "psnr": 32.31304791051698,
        "ssim": 0.9274474362052595,
        "dice": 0.13634857678363513
      }
    },
    "PSO": {
      "entropy": 35.68336117132764,
      "time": 5.5922441482543945,
      "metrics": {
        "psnr": 31.432731005735562,
        "ssim": 0.9118861545307281,
        "dice": 0.14012814663466308
      }
    },
    "OTSU": {
      "entropy": 35.381004982080476,
      "time": 0.005854368209838867,
      "metrics": {
        "psnr": 31.8040661802951,
        "ssim": 0.9216968243615752,
        "dice": 0.13766228755522117
      }
    },
    "HYBRID-PA5": {
      "entropy": 35.87074510766594,
      "time": 5.026735782623291,
      "metrics": {
        "psnr": 32.52925872147386,
        "ssim": 0.9331638321101637,
        "dice": 0.13698579151585077
      }
    },
    "HYBRID-PA6": {
      "entropy": 35.81045289237388,
      "time": 2.3682029247283936,
      "metrics": {
        "psnr": 32.36909429308233,
        "ssim": 0.9293706838061174,
        "dice": 0.13752074219339266
      }
    }
  }
}