{
  "algorithm": "PSO",
  "thresholds": [
    35,
    60,
    85,
    107,
    129,
    151,
    173,
    195,
    216,
    236
  ],
  "best_f": -36.36326176015647,
  "entropy": 36.36326176015647,
  "time": 4.278354644775391,
  "metrics": {
    "psnr": 32.81320753935247,
    "ssim": 0.8929502006508228,
    "boundary_dsc": 0.2476982284071903
  }
}