{
  "image_name": "uploaded",
  "timestamp": "2026-04-18T08:49:24.517894",
  "total_time": 18.38453722000122,
  "best_overall_algo": "PSO",
  "best_overall_f": -23.02830621900817,
  "best_overall_entropy": 23.02830621900817,
  "results": {
    "GWO": {
      "entropy": 23.01866843982506,
      "time": 2.1007235050201416,
      "metrics": {
        "psnr": 22.16629618020445,
        "ssim": 0.7099996414382137,
        "dice": 0.2510464496816256
      }
    },
    "WOA": {
      "entropy": 23.026587733561946,
      "time": 1.9122698307037354,
      "metrics": {
        "psnr": 22.36639881164303,
        "ssim": 0.7112990303498885,
        "dice": 0.24725888324873097
      }
    },
    "PSO": {
      "entropy": 23.02830621900817,
      "time": 3.5580897331237793,
      "metrics": {
        "psnr": 22.936078052777642,
        "ssim": 0.7159802905556854,
        "dice": 0.2412829798241076
      }
    },
    "OTSU": {
      "entropy": 22.923107061256847,
      "time": 0.0,
      "metrics": {
        "psnr": 23.76666883081521,
        "ssim": 0.7473724829458084,
        "dice": 0.26531552280055276
      }
    },
    "HYBRID-PA5": {
      "entropy": 23.0276690048259,
      "time": 3.7001311779022217,
      "metrics": {
        "psnr": 22.51696239081015,
        "ssim": 0.7121415062610362,
        "dice": 0.24812834224598931
      }
    },
    "HYBRID-PA6": {
      "entropy": 23.02830621900817,
      "time": 3.16522479057312,
      "metrics": {
        "psnr": 22.936078052777642,
        "ssim": 0.7159802905556854,
        "dice": 0.2412829798241076
      }
    }
  }
}