{
  "image_name": "uploaded",
  "timestamp": "2026-04-18T16:25:48.535571",
  "total_time": 19.71749711036682,
  "best_overall_algo": "PSO",
  "best_overall_f": -37.14460706044694,
  "best_overall_entropy": 37.14460706044694,
  "results": {
    "GWO": {
      "entropy": 36.329567550006075,
      "time": 2.195540428161621,
      "metrics": {
        "psnr": 30.252692026111,
        "ssim": 0.8217899131137553,
        "dice": 0.2123149282898877
      }
    },
    "WOA": {
      "entropy": 36.88079951075652,
      "time": 2.56745982170105,
      "metrics": {
        "psnr": 32.76849549652024,
        "ssim": 0.8620688021539331,
        "dice": 0.1752808988764045
      }
    },
    "PSO": {
      "entropy": 37.14460706044694,
      "time": 4.467160940170288,
      "metrics": {
        "psnr": 31.98612796252086,
        "ssim": 0.8482049418587315,
        "dice": 0.19253792061370373
      }
    },
    "OTSU": {
      "entropy": 36.690887553146815,
      "time": 0.016013622283935547,
      "metrics": {
        "psnr": 32.3249586377699,
        "ssim": 0.8491825936587359,
        "dice": 0.1861618210502592
      }
    },
    "HYBRID-PA5": {
      "entropy": 36.724021180883234,
      "time": 4.657907485961914,
      "metrics": {
        "psnr": 31.686660792594736,
        "ssim": 0.8383356890073028,
        "dice": 0.19000489110107316
      }
    },
    "HYBRID-PA6": {
      "entropy": 36.90385647499321,
      "time": 2.3737239837646484,
      "metrics": {
        "psnr": 31.52191840871422,
        "ssim": 0.8320251122315312,
        "dice": 0.1874034566174113
      }
    }
  }
}