{
  "algorithm": "HYBRID-PA5",
  "thresholds": [
    9,
    36,
    62,
    87,
    111,
    135,
    159,
    185,
    211,
    237
  ],
  "best_f": -36.27787319436874,
  "entropy": 36.27787319436874,
  "time": 29.87194585800171,
  "metrics": {
    "psnr": 31.627476493885297,
    "ssim": 0.9220252500175411,
    "boundary_dsc": 0.16598501808162563
  }
}