{
  "image_name": "uploaded",
  "timestamp": "2026-04-24T11:21:33.899469",
  "total_time": 114.92941379547119,
  "best_overall_algo": "PSO",
  "best_overall_f": -35.76139096919635,
  "best_overall_entropy": 35.76139096919635,
  "results": {
    "GWO": {
      "entropy": 34.74181383941855,
      "time": 15.560161828994751,
      "metrics": {
        "psnr": 30.454176506525915,
        "ssim": 0.8564543492687938,
        "boundary_dsc": 0.1732882928304931
      }
    },
    "WOA": {
      "entropy": 35.7312525525447,
      "time": 16.289143800735474,
      "metrics": {
        "psnr": 33.024798280496874,
        "ssim": 0.9087639995365061,
        "boundary_dsc": 0.14681143249506481
      }
    },
    "PSO": {
      "entropy": 35.76139096919635,
      "time": 30.22086453437805,
      "metrics": {
        "psnr": 32.90816443911231,
        "ssim": 0.9065748465731202,
        "boundary_dsc": 0.1484966920675124
      }
    },
    "OTSU": {
      "entropy": 34.479355147576456,
      "time": 0.4698660373687744,
      "metrics": {
        "psnr": 34.28389873710818,
        "ssim": 0.9319199524458792,
        "boundary_dsc": 0.1374408502055698
      }
    },
    "HYBRID-PA5": {
      "entropy": 35.722012692614406,
      "time": 31.567286729812622,
      "metrics": {
        "psnr": 32.91494769062486,
        "ssim": 0.9077985427366259,
        "boundary_dsc": 0.14256597296717444
      }
    },
    "HYBRID-PA6": {
      "entropy": 35.64219762820034,
      "time": 17.025985956192017,
      "metrics": {
        "psnr": 32.78621057639564,
        "ssim": 0.9063837121771707,
        "boundary_dsc": 0.14951018332190796
      }
    }
  }
}