{
  "algorithm": "HYBRID-PA5",
  "thresholds": [
    55,
    73,
    88,
    101,
    116,
    131,
    144,
    163,
    179,
    196
  ],
  "best_f": -0.04575248044928265,
  "entropy": 0.04575248044928265,
  "time": 16.943317890167236,
  "metrics": {
    "psnr": 18.754232168448233,
    "ssim": 0.7435580112481234,
    "dice": 0.15268978001652828
  }
}