{
  "algorithm": "GWO",
  "thresholds": [
    59,
    96,
    133,
    184
  ],
  "best_f": -18.683384459310194,
  "entropy": 18.683384459310194,
  "time": 1.9605426788330078,
  "metrics": {
    "psnr": 28.18644463988292,
    "ssim": 0.7628837042383048,
    "dice": 0.13341678745552774
  }
}