{
  "image_name": "uploaded",
  "timestamp": "2026-04-24T11:29:32.329196",
  "total_time": 107.42969870567322,
  "best_overall_algo": "WOA",
  "best_overall_f": -36.88687421087747,
  "best_overall_entropy": 36.88687421087747,
  "results": {
    "GWO": {
      "entropy": 35.760897370758855,
      "time": 14.72218942642212,
      "metrics": {
        "psnr": 32.41692310806141,
        "ssim": 0.9426238866302152,
        "boundary_dsc": 0.1659350995453833
      }
    },
    "WOA": {
      "entropy": 36.88687421087747,
      "time": 14.961488485336304,
      "metrics": {
        "psnr": 31.889679395981155,
        "ssim": 0.9243719222753888,
        "boundary_dsc": 0.167446842697231
      }
    },
    "PSO": {
      "entropy": 36.7871532963119,
      "time": 28.63652777671814,
      "metrics": {
        "psnr": 32.807332490412826,
        "ssim": 0.9382205776182704,
        "boundary_dsc": 0.16488527714868367
      }
    },
    "OTSU": {
      "entropy": 35.52514195712335,
      "time": 0.4471714496612549,
      "metrics": {
        "psnr": 34.029414944032645,
        "ssim": 0.9584377937138949,
        "boundary_dsc": 0.15633022061832658
      }
    },
    "HYBRID-PA5": {
      "entropy": 36.27787319436874,
      "time": 29.87194585800171,
      "metrics": {
        "psnr": 31.627476493885297,
        "ssim": 0.9220252500175411,
        "boundary_dsc": 0.16598501808162563
      }
    },
    "HYBRID-PA6": {
      "entropy": 36.52634595904538,
      "time": 14.995191097259521,
      "metrics": {
        "psnr": 31.457063239282235,
        "ssim": 0.9189108939687538,
        "boundary_dsc": 0.16536405647720254
      }
    }
  }
}