{
  "algorithm": "WOA",
  "thresholds": [
    27,
    47,
    67,
    90,
    113,
    136,
    159,
    183,
    207,
    231
  ],
  "best_f": -37.87235108737979,
  "entropy": 37.87235108737979,
  "time": 2.1356992721557617,
  "metrics": {
    "psnr": 32.036261773804085,
    "ssim": 0.8930654969767281,
    "boundary_dsc": 0.20833070607967513
  }
}