{
  "algorithm": "GWO",
  "thresholds": [
    55,
    98,
    136,
    175,
    215
  ],
  "best_f": -23.01866843982506,
  "entropy": 23.01866843982506,
  "time": 1.7661962509155273,
  "metrics": {
    "psnr": 22.16629618020445,
    "ssim": 0.7099996414382137,
    "dice": 0.2510464496816256
  }
}