{
  "algorithm": "PSO",
  "thresholds": [
    42,
    62,
    82,
    102,
    123,
    145,
    168,
    191,
    213,
    235
  ],
  "best_f": -36.71312408291721,
  "entropy": 36.71312408291721,
  "time": 4.91031551361084,
  "metrics": {
    "psnr": 32.87160740477232,
    "ssim": 0.8591502816812275,
    "dice": 0.15445353875782378
  }
}