{
  "algorithm": "OTSU",
  "thresholds": [
    23,
    46,
    70,
    93,
    116,
    139,
    162,
    185,
    209,
    232
  ],
  "best_f": -36.092131748203585,
  "entropy": 36.092131748203585,
  "time": 0.0020008087158203125,
  "metrics": {
    "psnr": 31.868709633034204,
    "ssim": 0.9195837623753154,
    "dice": 0.09486309409479907
  }
}