{
  "algorithm": "OTSU",
  "thresholds": [
    34,
    49,
    64,
    82,
    103,
    125,
    147,
    169,
    190,
    218
  ],
  "best_f": -36.86842853435151,
  "entropy": 36.86842853435151,
  "time": 0.4775724411010742,
  "metrics": {
    "psnr": 33.12181704672863,
    "ssim": 0.9095101866024341,
    "boundary_dsc": 0.18717319118077377
  }
}