{
  "algorithm": "GWO",
  "thresholds": [
    9,
    21,
    39,
    59,
    85,
    113,
    139,
    165,
    192,
    222
  ],
  "best_f": -35.54105691510479,
  "entropy": 35.54105691510479,
  "time": 15.97687816619873,
  "metrics": {
    "psnr": 30.86322191367314,
    "ssim": 0.8711188784303787,
    "boundary_dsc": 0.21830065359477124
  }
}