{
  "image_name": "uploaded",
  "timestamp": "2026-04-20T22:30:16.156457",
  "total_time": 18.759059190750122,
  "best_overall_algo": "PSO",
  "best_overall_f": -37.90591792869755,
  "best_overall_entropy": 37.90591792869755,
  "results": {
    "GWO": {
      "entropy": 35.854433342825494,
      "time": 2.086989641189575,
      "metrics": {
        "psnr": 30.151307858886497,
        "ssim": 0.8648689008375675,
        "boundary_dsc": 0.1907779319735016
      }
    },
    "WOA": {
      "entropy": 37.87235108737979,
      "time": 2.1356992721557617,
      "metrics": {
        "psnr": 32.036261773804085,
        "ssim": 0.8930654969767281,
        "boundary_dsc": 0.20833070607967513
      }
    },
    "PSO": {
      "entropy": 37.90591792869755,
      "time": 3.9699440002441406,
      "metrics": {
        "psnr": 32.007764494182084,
        "ssim": 0.8965726375139906,
        "boundary_dsc": 0.20285619901913451
      }
    },
    "OTSU": {
      "entropy": 37.265378861232485,
      "time": 0.4473075866699219,
      "metrics": {
        "psnr": 32.4730736220303,
        "ssim": 0.908105833235734,
        "boundary_dsc": 0.2017934499035323
      }
    },
    "HYBRID-PA5": {
      "entropy": 37.80623395706796,
      "time": 4.251305341720581,
      "metrics": {
        "psnr": 31.835113743125596,
        "ssim": 0.8943041446624145,
        "boundary_dsc": 0.20008845643520567
      }
    },
    "HYBRID-PA6": {
      "entropy": 37.71885397238078,
      "time": 2.103240966796875,
      "metrics": {
        "psnr": 32.0287073654668,
        "ssim": 0.8927826859971445,
        "boundary_dsc": 0.2104029931595722
      }
    }
  }
}