{
  "algorithm": "HYBRID-PA6",
  "thresholds": [
    16,
    38,
    62,
    86,
    110,
    134,
    158,
    181,
    204,
    229
  ],
  "best_f": -36.773738802797354,
  "entropy": 36.773738802797354,
  "time": 2.41841459274292,
  "metrics": {
    "psnr": 32.30232869833978,
    "ssim": 0.8455368308516524,
    "boundary_dsc": 0.17984483327830966
  }
}