{
  "algorithm": "HYBRID-PA6",
  "thresholds": [
    36,
    69,
    95,
    121,
    148,
    175,
    203,
    229
  ],
  "best_f": -31.384706097860743,
  "entropy": 31.384706097860743,
  "time": 2.0365638732910156,
  "metrics": {
    "psnr": 30.486029696295418,
    "ssim": 0.825756029738081,
    "dice": 0.22301392000587653
  }
}