{
  "image_name": "uploaded",
  "timestamp": "2026-04-18T16:24:49.585125",
  "total_time": 16.477059841156006,
  "best_overall_algo": "WOA",
  "best_overall_f": -23.915497403948716,
  "best_overall_entropy": 23.915497403948716,
  "results": {
    "GWO": {
      "entropy": 23.90007067037245,
      "time": 1.867729663848877,
      "metrics": {
        "psnr": 26.89576331227393,
        "ssim": 0.8202324610828288,
        "dice": 0.10857320436623548
      }
    },
    "WOA": {
      "entropy": 23.915497403948716,
      "time": 1.8819770812988281,
      "metrics": {
        "psnr": 26.756607160835976,
        "ssim": 0.8203387627490061,
        "dice": 0.11279319331595891
      }
    },
    "PSO": {
      "entropy": 23.90828218287014,
      "time": 3.612029790878296,
      "metrics": {
        "psnr": 26.818103040981516,
        "ssim": 0.8221525137047958,
        "dice": 0.1110789367000637
      }
    },
    "OTSU": {
      "entropy": 23.905712282898477,
      "time": 0.0020592212677001953,
      "metrics": {
        "psnr": 26.67061393990711,
        "ssim": 0.8140347449789596,
        "dice": 0.11824806826088549
      }
    },
    "HYBRID-PA5": {
      "entropy": 23.915497403948716,
      "time": 3.6744186878204346,
      "metrics": {
        "psnr": 26.756607160835976,
        "ssim": 0.8203387627490061,
        "dice": 0.11279319331595891
      }
    },
    "HYBRID-PA6": {
      "entropy": 23.889728180745234,
      "time": 1.8698277473449707,
      "metrics": {
        "psnr": 26.621617747218384,
        "ssim": 0.815511628873582,
        "dice": 0.11585892558490012
      }
    }
  }
}