{
  "algorithm": "HYBRID-PA4",
  "thresholds": [
    65,
    82,
    95,
    110,
    131,
    154,
    182,
    211,
    238,
    252
  ],
  "best_f": -0.037428191745130804,
  "entropy": 0.037428191745130804,
  "time": 22.15136480331421,
  "metrics": {
    "psnr": 19.071106022750225,
    "ssim": 0.8039235775852758,
    "dice": 0.2269854176830921
  }
}