{
  "image_index": 7,
  "image_path": "dataset/BDS500/images/train\\106020.jpg",
  "k": 10,
  "results": {
    "HYBRID-PA5": {
      "fe_best": 36.634326079392906,
      "best_f": -36.634326079392906,
      "thresholds": [
        37,
        61,
        85,
        107,
        129,
        151,
        172,
        193,
        213,
        234
      ],
      "time_sec": 2.6746935844421387,
      "n_history": 80
    }
  }
}