{
  "image_index": 8,
  "image_path": "dataset/BDS500/images/train\\106025.jpg",
  "k": 10,
  "results": {
    "HYBRID-PA5": {
      "fe_best": 35.422679807697875,
      "best_f": -35.422679807697875,
      "thresholds": [
        51,
        67,
        84,
        102,
        124,
        144,
        163,
        185,
        207,
        230
      ],
      "time_sec": 2.8886091709136963,
      "n_history": 80
    }
  }
}