{
  "image_index": 19,
  "image_path": "dataset/BDS500/images/train\\12003.jpg",
  "k": 10,
  "results": {
    "HYBRID-PA5": {
      "fe_best": 37.313548594044924,
      "best_f": -37.313548594044924,
      "thresholds": [
        32,
        63,
        84,
        105,
        125,
        145,
        167,
        189,
        211,
        233
      ],
      "time_sec": 2.7868661880493164,
      "n_history": 80
    }
  }
}