{
  "image_index": 12,
  "image_path": "dataset/BDS500/images/train\\112082.jpg",
  "k": 10,
  "results": {
    "HYBRID-PA5": {
      "fe_best": 36.044308732720594,
      "best_f": -36.044308732720594,
      "thresholds": [
        45,
        71,
        91,
        111,
        132,
        152,
        172,
        194,
        216,
        238
      ],
      "time_sec": 2.800302743911743,
      "n_history": 80
    }
  }
}