{
  "image_index": 26,
  "image_path": "dataset/BDS500/images/train\\134052.jpg",
  "k": 10,
  "results": {
    "HYBRID-PA5": {
      "fe_best": 36.61574693817505,
      "best_f": -36.61574693817505,
      "thresholds": [
        30,
        59,
        82,
        104,
        125,
        146,
        167,
        189,
        211,
        233
      ],
      "time_sec": 2.8330233097076416,
      "n_history": 80
    }
  }
}