{
  "image_index": 45,
  "image_path": "dataset/BDS500/images/train\\157036.jpg",
  "k": 10,
  "results": {
    "HYBRID-PA5": {
      "fe_best": 36.054442423645696,
      "best_f": -36.054442423645696,
      "thresholds": [
        49,
        74,
        94,
        114,
        134,
        154,
        174,
        194,
        214,
        234
      ],
      "time_sec": 2.670302629470825,
      "n_history": 80
    }
  }
}