{
  "image_index": 48,
  "image_path": "dataset/BDS500/images/train\\159091.jpg",
  "k": 10,
  "results": {
    "HYBRID-PA5": {
      "fe_best": 37.8000363911349,
      "best_f": -37.8000363911349,
      "thresholds": [
        30,
        49,
        68,
        92,
        116,
        140,
        163,
        186,
        209,
        232
      ],
      "time_sec": 2.692136526107788,
      "n_history": 80
    }
  }
}