{
  "image_index": 60,
  "image_path": "dataset/BDS500/images/train\\176035.jpg",
  "k": 10,
  "results": {
    "HYBRID-PA5": {
      "fe_best": 36.96311385516147,
      "best_f": -36.96311385516147,
      "thresholds": [
        33,
        59,
        82,
        102,
        122,
        144,
        166,
        188,
        210,
        232
      ],
      "time_sec": 2.7513415813446045,
      "n_history": 80
    }
  }
}