{
  "image_index": 86,
  "image_path": "dataset/BDS500/images/train\\2092.jpg",
  "k": 10,
  "results": {
    "HYBRID-PA5": {
      "fe_best": 35.68520927180199,
      "best_f": -35.68520927180199,
      "thresholds": [
        15,
        29,
        44,
        63,
        83,
        105,
        127,
        150,
        172,
        195
      ],
      "time_sec": 2.743705987930298,
      "n_history": 80
    }
  }
}