{
  "image_index": 81,
  "image_path": "dataset/BDS500/images/train\\198054.jpg",
  "k": 10,
  "results": {
    "HYBRID-PA5": {
      "fe_best": 36.93195536738352,
      "best_f": -36.93195536738352,
      "thresholds": [
        14,
        37,
        60,
        83,
        110,
        139,
        166,
        191,
        215,
        239
      ],
      "time_sec": 2.7970809936523438,
      "n_history": 80
    }
  }
}