{
  "image_index": 87,
  "image_path": "dataset/BDS500/images/train\\216041.jpg",
  "k": 10,
  "results": {
    "HYBRID-PA5": {
      "fe_best": 37.73766056046158,
      "best_f": -37.73766056046158,
      "thresholds": [
        21,
        44,
        66,
        88,
        112,
        135,
        159,
        183,
        207,
        231
      ],
      "time_sec": 2.8393354415893555,
      "n_history": 80
    }
  }
}