{
  "image_index": 92,
  "image_path": "dataset/BDS500/images/train\\22093.jpg",
  "k": 10,
  "results": {
    "HYBRID-PA5": {
      "fe_best": 36.68895735228972,
      "best_f": -36.68895735228972,
      "thresholds": [
        25,
        50,
        74,
        96,
        118,
        140,
        163,
        186,
        209,
        232
      ],
      "time_sec": 2.682011127471924,
      "n_history": 80
    }
  }
}