{
  "image_index": 95,
  "image_path": "dataset/BDS500/images/train\\227046.jpg",
  "k": 10,
  "results": {
    "HYBRID-PA5": {
      "fe_best": 36.164199715391845,
      "best_f": -36.164199715391845,
      "thresholds": [
        49,
        72,
        94,
        116,
        146,
        165,
        183,
        202,
        220,
        238
      ],
      "time_sec": 2.732076406478882,
      "n_history": 80
    }
  }
}