{
  "image_index": 104,
  "image_path": "dataset/BDS500/images/train\\239096.jpg",
  "k": 10,
  "results": {
    "HYBRID-PA5": {
      "fe_best": 37.30960958415868,
      "best_f": -37.30960958415868,
      "thresholds": [
        24,
        48,
        72,
        94,
        116,
        138,
        160,
        182,
        204,
        228
      ],
      "time_sec": 2.8393869400024414,
      "n_history": 80
    }
  }
}