{
  "image_index": 107,
  "image_path": "dataset/BDS500/images/train\\242078.jpg",
  "k": 10,
  "results": {
    "HYBRID-PA5": {
      "fe_best": 37.1277886009414,
      "best_f": -37.1277886009414,
      "thresholds": [
        28,
        52,
        75,
        98,
        119,
        138,
        161,
        186,
        210,
        234
      ],
      "time_sec": 2.9719839096069336,
      "n_history": 80
    }
  }
}