{
  "image_index": 100,
  "image_path": "dataset/BDS500/images/train\\232038.jpg",
  "k": 10,
  "results": {
    "HYBRID-PA5": {
      "fe_best": 35.972893331758115,
      "best_f": -35.972893331758115,
      "thresholds": [
        35,
        56,
        73,
        92,
        113,
        135,
        158,
        180,
        202,
        225
      ],
      "time_sec": 2.767104387283325,
      "n_history": 80
    }
  }
}