{
  "image_index": 102,
  "image_path": "dataset/BDS500/images/train\\238011.jpg",
  "k": 10,
  "results": {
    "HYBRID-PA5": {
      "fe_best": 29.776307837531476,
      "best_f": -29.776307837531476,
      "thresholds": [
        34,
        52,
        68,
        88,
        100,
        115,
        141,
        184,
        217,
        248
      ],
      "time_sec": 3.042391061782837,
      "n_history": 80
    }
  }
}