{
  "image_index": 115,
  "image_path": "dataset/BDS500/images/train\\253036.jpg",
  "k": 10,
  "results": {
    "HYBRID-PA5": {
      "fe_best": 35.38842813940578,
      "best_f": -35.38842813940578,
      "thresholds": [
        60,
        85,
        102,
        120,
        138,
        156,
        174,
        192,
        213,
        234
      ],
      "time_sec": 3.01697039604187,
      "n_history": 80
    }
  }
}