{
  "image_index": 125,
  "image_path": "dataset/BDS500/images/train\\277095.jpg",
  "k": 10,
  "results": {
    "HYBRID-PA5": {
      "fe_best": 36.77639754869458,
      "best_f": -36.77639754869458,
      "thresholds": [
        17,
        42,
        64,
        87,
        110,
        133,
        156,
        179,
        201,
        223
      ],
      "time_sec": 2.6869044303894043,
      "n_history": 80
    }
  }
}