{
  "image_index": 138,
  "image_path": "dataset/BDS500/images/train\\311081.jpg",
  "k": 10,
  "results": {
    "HYBRID-PA5": {
      "fe_best": 36.55372072908368,
      "best_f": -36.55372072908368,
      "thresholds": [
        45,
        68,
        91,
        110,
        129,
        147,
        166,
        187,
        209,
        232
      ],
      "time_sec": 2.8357248306274414,
      "n_history": 80
    }
  }
}