{
  "image_index": 150,
  "image_path": "dataset/BDS500/images/train\\361084.jpg",
  "k": 10,
  "results": {
    "HYBRID-PA5": {
      "fe_best": 37.18992151763522,
      "best_f": -37.18992151763522,
      "thresholds": [
        15,
        38,
        61,
        85,
        113,
        141,
        164,
        187,
        210,
        232
      ],
      "time_sec": 2.780426502227783,
      "n_history": 80
    }
  }
}