{
  "image_index": 156,
  "image_path": "dataset/BDS500/images/train\\372047.jpg",
  "k": 10,
  "results": {
    "HYBRID-PA5": {
      "fe_best": 37.09467373240382,
      "best_f": -37.09467373240382,
      "thresholds": [
        32,
        59,
        83,
        107,
        130,
        152,
        174,
        195,
        215,
        235
      ],
      "time_sec": 2.741842746734619,
      "n_history": 80
    }
  }
}