{
  "image_index": 178,
  "image_path": "dataset/BDS500/images/train\\61060.jpg",
  "k": 10,
  "results": {
    "HYBRID-PA5": {
      "fe_best": 36.67454745711336,
      "best_f": -36.67454745711336,
      "thresholds": [
        28,
        46,
        66,
        86,
        109,
        133,
        156,
        180,
        204,
        228
      ],
      "time_sec": 2.7704877853393555,
      "n_history": 80
    }
  }
}