{
  "image_index": 179,
  "image_path": "dataset/BDS500/images/train\\61086.jpg",
  "k": 10,
  "results": {
    "HYBRID-PA5": {
      "fe_best": 37.66763515112526,
      "best_f": -37.66763515112526,
      "thresholds": [
        27,
        50,
        70,
        91,
        115,
        140,
        165,
        188,
        211,
        233
      ],
      "time_sec": 2.750440835952759,
      "n_history": 80
    }
  }
}