{
  "image_index": 186,
  "image_path": "dataset/BDS500/images/train\\67079.jpg",
  "k": 10,
  "results": {
    "HYBRID-PA5": {
      "fe_best": 35.535668361535244,
      "best_f": -35.535668361535244,
      "thresholds": [
        28,
        48,
        66,
        85,
        104,
        122,
        141,
        162,
        183,
        211
      ],
      "time_sec": 2.7326483726501465,
      "n_history": 80
    }
  }
}