{
  "image_index": 181,
  "image_path": "dataset/BDS500/images/train\\65019.jpg",
  "k": 10,
  "results": {
    "HYBRID-PA5": {
      "fe_best": 36.48028445817121,
      "best_f": -36.48028445817121,
      "thresholds": [
        12,
        39,
        61,
        83,
        105,
        128,
        151,
        175,
        202,
        228
      ],
      "time_sec": 3.15049409866333,
      "n_history": 80
    }
  }
}