{
  "image_index": 198,
  "image_path": "dataset/BDS500/images/train\\95006.jpg",
  "k": 10,
  "results": {
    "HYBRID-PA5": {
      "fe_best": 36.19316433588601,
      "best_f": -36.19316433588601,
      "thresholds": [
        49,
        77,
        96,
        116,
        138,
        159,
        178,
        197,
        217,
        236
      ],
      "time_sec": 2.7491567134857178,
      "n_history": 80
    }
  }
}