{
  "image_index": 194,
  "image_path": "dataset/BDS500/images/train\\87065.jpg",
  "k": 10,
  "results": {
    "HYBRID-PA5": {
      "fe_best": 36.75139439266198,
      "best_f": -36.75139439266198,
      "thresholds": [
        40,
        63,
        83,
        103,
        124,
        145,
        166,
        187,
        210,
        234
      ],
      "time_sec": 3.0253102779388428,
      "n_history": 80
    }
  }
}