{
  "image_index": 199,
  "image_path": "dataset/BDS500/images/train\\97017.jpg",
  "k": 10,
  "results": {
    "HYBRID-PA5": {
      "fe_best": 37.721946618353876,
      "best_f": -37.721946618353876,
      "thresholds": [
        27,
        53,
        79,
        102,
        123,
        145,
        167,
        189,
        211,
        233
      ],
      "time_sec": 2.76450514793396,
      "n_history": 80
    }
  }
}