{
  "algorithm": "OTSU",
  "thresholds": [
    26,
    51,
    76,
    102,
    128,
    153,
    178,
    204,
    230
  ],
  "best_f": -34.915529133203734,
  "entropy": 34.915529133203734,
  "time": 0.006432771682739258,
  "metrics": {
    "psnr": 31.13094953201495,
    "ssim": 0.8767050443840183,
    "dice": 0.11442472739846132
  }
}