{
  "algorithm": "OTSU",
  "thresholds": [
    53,
    68,
    86,
    106,
    127,
    148,
    170,
    191,
    212,
    233
  ],
  "best_f": -36.486227764621006,
  "entropy": 36.486227764621006,
  "time": 0.4661874771118164,
  "metrics": {
    "psnr": 33.03647592073955,
    "ssim": 0.9371141331953319,
    "boundary_dsc": 0.0978346767820452
  }
}