{
  "image_name": "uploaded",
  "timestamp": "2026-04-18T15:46:33.414731",
  "total_time": 16.813718557357788,
  "best_overall_algo": "HYBRID-PA5",
  "best_overall_f": -31.36569384875083,
  "best_overall_entropy": 31.36569384875083,
  "results": {
    "GWO": {
      "entropy": 31.29791108839223,
      "time": 1.9565951824188232,
      "metrics": {
        "psnr": 30.460702784287776,
        "ssim": 0.8244578338332468,
        "dice": 0.20935037646646823
      }
    },
    "WOA": {
      "entropy": 31.26364867876064,
      "time": 1.9395277500152588,
      "metrics": {
        "psnr": 30.887694657339033,
        "ssim": 0.8406943207866991,
        "dice": 0.23670963313248417
      }
    },
    "PSO": {
      "entropy": 31.345147660115213,
      "time": 3.69694185256958,
      "metrics": {
        "psnr": 30.985609054818973,
        "ssim": 0.8454430038932861,
        "dice": 0.24848259630868327
      }
    },
    "OTSU": {
      "entropy": 31.054830801789784,
      "time": 0.0,
      "metrics": {
        "psnr": 30.521166882146126,
        "ssim": 0.827552152399721,
        "dice": 0.21240282685512368
      }
    },
    "HYBRID-PA5": {
      "entropy": 31.36569384875083,
      "time": 3.885735034942627,
      "metrics": {
        "psnr": 30.21905809489263,
        "ssim": 0.8286611081836479,
        "dice": 0.2349202635785862
      }
    },
    "HYBRID-PA6": {
      "entropy": 31.302742017836078,
      "time": 1.9222548007965088,
      "metrics": {
        "psnr": 30.456557300552785,
        "ssim": 0.8384280969983663,
        "dice": 0.2526649380581965
      }
    }
  }
}