{
  "algorithm": "OTSU",
  "thresholds": [
    23,
    46,
    70,
    93,
    116,
    139,
    162,
    185,
    209,
    232
  ],
  "best_f": -37.573886082526954,
  "entropy": 37.573886082526954,
  "time": 0.0019981861114501953,
  "metrics": {
    "psnr": 32.31249680764392,
    "ssim": 0.9039792498465026,
    "dice": 0.14956512387584187
  }
}