{
  "algorithm": "HYBRID-PA5",
  "thresholds": [
    27,
    50,
    71,
    92,
    113,
    135,
    157,
    181,
    205,
    229
  ],
  "best_f": -37.76176305046284,
  "entropy": 37.76176305046284,
  "time": 8.642009496688843,
  "metrics": {
    "psnr": 32.071543879411536,
    "ssim": 0.9248686600539922,
    "boundary_dsc": 0.21131360864504248
  }
}