{
  "algorithm": "HYBRID-PA6",
  "thresholds": [
    31,
    62,
    85,
    108,
    129,
    149,
    168,
    187,
    208,
    230
  ],
  "best_f": -37.0214349763326,
  "entropy": 37.0214349763326,
  "time": 2.1614866256713867,
  "metrics": {
    "psnr": 32.54389444321076,
    "ssim": 0.8893406353010098,
    "dice": 0.14527577614654186
  }
}