{
  "algorithm": "HYBRID-PA6",
  "thresholds": [
    49,
    72,
    94,
    113,
    132,
    153,
    176,
    199,
    218,
    236
  ],
  "best_f": -36.19746845991249,
  "entropy": 36.19746845991249,
  "time": 15.461584329605103,
  "metrics": {
    "psnr": 31.93808266829042,
    "ssim": 0.827476484814955,
    "boundary_dsc": 0.16885871871022487
  }
}