{
  "image_name": "uploaded",
  "timestamp": "2026-04-20T22:37:51.625913",
  "total_time": 18.802412271499634,
  "best_overall_algo": "HYBRID-PA5",
  "best_overall_f": -37.32065361628219,
  "best_overall_entropy": 37.32065361628219,
  "results": {
    "GWO": {
      "entropy": 36.6389458516425,
      "time": 2.1843628883361816,
      "metrics": {
        "psnr": 31.612196407206884,
        "ssim": 0.9083459260316564,
        "boundary_dsc": 0.1626458545587359
      }
    },
    "WOA": {
      "entropy": 37.30792175869545,
      "time": 2.1803743839263916,
      "metrics": {
        "psnr": 31.92813717224672,
        "ssim": 0.9105639639320887,
        "boundary_dsc": 0.15807706039581987
      }
    },
    "PSO": {
      "entropy": 37.21706653628714,
      "time": 4.221374988555908,
      "metrics": {
        "psnr": 31.585393783424138,
        "ssim": 0.9056418455504405,
        "boundary_dsc": 0.1582557714894835
      }
    },
    "OTSU": {
      "entropy": 36.346192168346555,
      "time": 0.4453465938568115,
      "metrics": {
        "psnr": 33.67264485243186,
        "ssim": 0.9428691660833548,
        "boundary_dsc": 0.151973818776846
      }
    },
    "HYBRID-PA5": {
      "entropy": 37.32065361628219,
      "time": 4.024880647659302,
      "metrics": {
        "psnr": 32.0680959903982,
        "ssim": 0.9130592832185778,
        "boundary_dsc": 0.15728207386418028
      }
    },
    "HYBRID-PA6": {
      "entropy": 37.23860917877309,
      "time": 2.02073335647583,
      "metrics": {
        "psnr": 32.21456301008346,
        "ssim": 0.9160915976781658,
        "boundary_dsc": 0.15762298337525768
      }
    }
  }
}