{
  "algorithm": "HYBRID-PA5",
  "thresholds": [
    27,
    54,
    77,
    100,
    123,
    145,
    167,
    189,
    211,
    233
  ],
  "best_f": -37.431140101387854,
  "entropy": 37.431140101387854,
  "time": 4.615641117095947,
  "metrics": {
    "psnr": 31.428772904479793,
    "ssim": 0.8792818052726192,
    "dice": 0.11055924351688237
  }
}