{
  "algorithm": "PSO",
  "thresholds": [
    40,
    62,
    84,
    106,
    129,
    153,
    177,
    197,
    217,
    237
  ],
  "best_f": -36.74206886131625,
  "entropy": 36.74206886131625,
  "time": 4.366841077804565,
  "metrics": {
    "psnr": 32.062277922540105,
    "ssim": 0.9084944575347459,
    "dice": 0.15310399222282345
  }
}