{
  "image_name": "uploaded",
  "timestamp": "2026-04-19T18:24:46.309116",
  "total_time": 18.620396375656128,
  "best_overall_algo": "WOA",
  "best_overall_f": -35.59344868311578,
  "best_overall_entropy": 35.59344868311578,
  "results": {
    "GWO": {
      "entropy": 33.84545649064319,
      "time": 2.2984743118286133,
      "metrics": {
        "psnr": 29.679455554893444,
        "ssim": 0.8484798252252291,
        "dice": 0.18761487141637362
      }
    },
    "WOA": {
      "entropy": 35.59344868311578,
      "time": 2.0364272594451904,
      "metrics": {
        "psnr": 32.434766458377446,
        "ssim": 0.8939039545358788,
        "dice": 0.1762181332236842
      }
    },
    "PSO": {
      "entropy": 35.46465953017358,
      "time": 4.03948187828064,
      "metrics": {
        "psnr": 31.099126786901454,
        "ssim": 0.8668320547403988,
        "dice": 0.1875769101689227
      }
    },
    "OTSU": {
      "entropy": 35.20224703374521,
      "time": 0.0024518966674804688,
      "metrics": {
        "psnr": 31.965777302754592,
        "ssim": 0.8874092492891338,
        "dice": 0.17918982471141515
      }
    },
    "HYBRID-PA5": {
      "entropy": 35.579146356668204,
      "time": 4.217263221740723,
      "metrics": {
        "psnr": 32.278659464138826,
        "ssim": 0.8909064398945077,
        "dice": 0.1751323915942667
      }
    },
    "HYBRID-PA6": {
      "entropy": 35.47935277913467,
      "time": 2.180821657180786,
      "metrics": {
        "psnr": 32.31818212586489,
        "ssim": 0.8921619325025184,
        "dice": 0.17734722382398543
      }
    }
  }
}