{
  "image_name": "100099.jpg",
  "image_path": "dataset/BDS500/images/test\\100099.jpg",
  "results": {
    "PA5": {
      "image_name": "100099.jpg",
      "strategy": "PA5",
      "seed": 42,
      "thresholds": "42,58,73,88,106,124,139,154,171,189",
      "best_f": -33.446849753906825,
      "fe": 33.446849753906825,
      "dsc": 0.124123043712898,
      "iou": 0.0661680092059839,
      "psnr": 35.002818869633444,
      "ssim": 0.8898403200854795,
      "time_sec": 1.3453905582427979,
      "convergence_iters": 39
    },
    "PA6": {
      "image_name": "100099.jpg",
      "strategy": "PA6",
      "seed": 42,
      "thresholds": "34,55,66,80,99,117,132,161,176,193",
      "best_f": -32.849118273743954,
      "fe": 32.849118273743954,
      "dsc": 0.13213528520949017,
      "iou": 0.0707413573173632,
      "psnr": 31.957990646574107,
      "ssim": 0.8539504739370566,
      "time_sec": 0.6601097583770752,
      "convergence_iters": 25
    }
  }
}