{
  "image_name": "10081.jpg",
  "image_path": "dataset/BDS500/images/test\\10081.jpg",
  "results": {
    "PA5": {
      "image_name": "10081.jpg",
      "strategy": "PA5",
      "seed": 42,
      "thresholds": "42,64,82,103,122,142,165,187,208,228",
      "best_f": -37.01161030500383,
      "fe": 37.01161030500383,
      "dsc": 0.1939539425502482,
      "iou": 0.10739147085989773,
      "psnr": 32.54673623041649,
      "ssim": 0.8701997131508439,
      "time_sec": 1.4685027599334717,
      "convergence_iters": 40
    },
    "PA6": {
      "image_name": "10081.jpg",
      "strategy": "PA6",
      "seed": 42,
      "thresholds": "24,47,68,90,116,143,164,185,205,225",
      "best_f": -37.19450124646768,
      "fe": 37.19450124646768,
      "dsc": 0.1926283016972984,
      "iou": 0.10657923983107358,
      "psnr": 32.0855355751684,
      "ssim": 0.86160285188709,
      "time_sec": 0.6837072372436523,
      "convergence_iters": 25
    }
  }
}