{
  "image_name": "100039.jpg",
  "image_path": "dataset/BDS500/images/test\\100039.jpg",
  "results": {
    "PA5": {
      "image_name": "100039.jpg",
      "strategy": "PA5",
      "seed": 42,
      "thresholds": "39,66,88,110,132,153,174,195,215,235",
      "best_f": -35.924480343605325,
      "fe": 35.924480343605325,
      "dsc": 0.13622390891840608,
      "iou": 0.07309027601022185,
      "psnr": 32.24602971306207,
      "ssim": 0.9262363590820694,
      "time_sec": 1.4509515762329102,
      "convergence_iters": 36
    },
    "PA6": {
      "image_name": "100039.jpg",
      "strategy": "PA6",
      "seed": 42,
      "thresholds": "31,57,81,104,129,153,171,191,209,232",
      "best_f": -35.60675925176231,
      "fe": 35.60675925176231,
      "dsc": 0.1360965107934599,
      "iou": 0.07301693010478559,
      "psnr": 31.747842580608534,
      "ssim": 0.9176961146000422,
      "time_sec": 0.6704268455505371,
      "convergence_iters": 40
    }
  }
}