{
  "algorithm": "GWO",
  "thresholds": [
    6,
    15,
    32,
    53,
    77,
    102,
    129,
    159,
    190,
    221
  ],
  "best_f": -35.18096540682387,
  "entropy": 35.18096540682387,
  "time": 2.162609338760376,
  "metrics": {
    "psnr": 35.37412796141774,
    "ssim": 0.9440515838171234,
    "dice": 0.2667905084146045
  }
}