{
  "algorithm": "HYBRID-PA6",
  "thresholds": [
    20,
    40,
    59,
    79,
    99,
    120,
    143,
    166,
    191,
    221
  ],
  "best_f": -37.23784842089384,
  "entropy": 37.23784842089384,
  "time": 17.507728815078735,
  "metrics": {
    "psnr": 31.27964464820703,
    "ssim": 0.9002127958198732,
    "boundary_dsc": 0.12651448550439062
  }
}