{
  "algorithm": "HYBRID-PA6",
  "thresholds": [
    38,
    61,
    80,
    101,
    124,
    147,
    169,
    190,
    211,
    232
  ],
  "best_f": -37.23860917877309,
  "entropy": 37.23860917877309,
  "time": 2.02073335647583,
  "metrics": {
    "psnr": 32.21456301008346,
    "ssim": 0.9160915976781658,
    "boundary_dsc": 0.15762298337525768
  }
}