{
  "image_name": "uploaded",
  "timestamp": "2026-04-18T16:46:49.127003",
  "total_time": 18.445874214172363,
  "best_overall_algo": "HYBRID-PA5",
  "best_overall_f": -35.84607174781367,
  "best_overall_entropy": 35.84607174781367,
  "results": {
    "GWO": {
      "entropy": 35.656802465140665,
      "time": 2.1446454524993896,
      "metrics": {
        "psnr": 33.135373764983555,
        "ssim": 0.9218360109526793,
        "dice": 0.14895876797026136
      }
    },
    "WOA": {
      "entropy": 35.823614527065516,
      "time": 2.255422830581665,
      "metrics": {
        "psnr": 32.1997688960315,
        "ssim": 0.9081693877564522,
        "dice": 0.15479260525089328
      }
    },
    "PSO": {
      "entropy": 35.48150408800645,
      "time": 4.169081687927246,
      "metrics": {
        "psnr": 31.665362918521755,
        "ssim": 0.8972393485900233,
        "dice": 0.1568151060814339
      }
    },
    "HYBRID-PA5": {
      "entropy": 35.84607174781367,
      "time": 3.9583842754364014,
      "metrics": {
        "psnr": 33.460840537597335,
        "ssim": 0.9291992354803537,
        "dice": 0.15147305666493024
      }
    },
    "HYBRID-PA6": {
      "entropy": 35.64308485170403,
      "time": 2.068138360977173,
      "metrics": {
        "psnr": 32.9041026071266,
        "ssim": 0.92172475924941,
        "dice": 0.15141205160478288
      }
    }
  }
}