{
  "algorithm": "WOA",
  "thresholds": [
    26,
    47,
    67,
    86,
    103,
    120,
    137,
    154,
    171,
    192
  ],
  "best_f": -35.50093091095406,
  "entropy": 35.50093091095406,
  "time": 2.3810760974884033,
  "metrics": {
    "psnr": 33.20586235537753,
    "ssim": 0.9233834791598642,
    "boundary_dsc": 0.18522801742415482
  }
}