{
  "image_name": "uploaded",
  "timestamp": "2026-04-19T19:30:39.156560",
  "total_time": 17.79059648513794,
  "best_overall_algo": "HYBRID-PA5",
  "best_overall_f": -20.539844078100245,
  "best_overall_entropy": 20.539844078100245,
  "results": {
    "GWO": {
      "entropy": 20.536524733263654,
      "time": 1.573254108428955,
      "metrics": {
        "psnr": 25.56983278614551,
        "ssim": 0.7690833605912059,
        "dice": 0.1244735775581047
      }
    },
    "WOA": {
      "entropy": 20.539786783218993,
      "time": 1.5756680965423584,
      "metrics": {
        "psnr": 25.57343543856796,
        "ssim": 0.7668651014276289,
        "dice": 0.12418300653594772
      }
    },
    "PSO": {
      "entropy": 20.537034839903264,
      "time": 2.975583076477051,
      "metrics": {
        "psnr": 25.576557271883082,
        "ssim": 0.767136940942044,
        "dice": 0.12459713122011688
      }
    },
    "OTSU": {
      "entropy": 20.34507515127946,
      "time": 3.0298523902893066,
      "metrics": {
        "psnr": 25.848169251801707,
        "ssim": 0.7780080868303763,
        "dice": 0.12373921551187406
      }
    },
    "HYBRID-PA5": {
      "entropy": 20.539844078100245,
      "time": 3.2994346618652344,
      "metrics": {
        "psnr": 25.576419184204255,
        "ssim": 0.763835633711506,
        "dice": 0.12435364769490356
      }
    },
    "HYBRID-PA6": {
      "entropy": 20.539844078100245,
      "time": 1.722266435623169,
      "metrics": {
        "psnr": 25.576419184204255,
        "ssim": 0.763835633711506,
        "dice": 0.12435364769490356
      }
    }
  }
}