{
  "image_name": "uploaded",
  "timestamp": "2026-04-24T16:47:57.959859",
  "total_time": 107.4152729511261,
  "best_overall_algo": "HYBRID-PA5",
  "best_overall_f": -37.78161767890751,
  "best_overall_entropy": 37.78161767890751,
  "results": {
    "GWO": {
      "entropy": 36.99685944486859,
      "time": 15.107147216796875,
      "metrics": {
        "psnr": 31.55881687395145,
        "ssim": 0.8820634317280246,
        "boundary_dsc": 0.1316679677335415
      }
    },
    "WOA": {
      "entropy": 37.623359121098936,
      "time": 14.500690937042236,
      "metrics": {
        "psnr": 32.45300909549576,
        "ssim": 0.8894545663749076,
        "boundary_dsc": 0.13479113633518341
      }
    },
    "PSO": {
      "entropy": 37.71919195943346,
      "time": 27.985881090164185,
      "metrics": {
        "psnr": 32.012897922937775,
        "ssim": 0.8842535883067433,
        "boundary_dsc": 0.14272913836459808
      }
    },
    "OTSU": {
      "entropy": 36.26819913208272,
      "time": 0.451000452041626,
      "metrics": {
        "psnr": 34.31789538070628,
        "ssim": 0.9185351867533492,
        "boundary_dsc": 0.14757250862727536
      }
    },
    "HYBRID-PA5": {
      "entropy": 37.78161767890751,
      "time": 30.92612648010254,
      "metrics": {
        "psnr": 31.38600110079803,
        "ssim": 0.8691221102554729,
        "boundary_dsc": 0.14454629601982621
      }
    },
    "HYBRID-PA6": {
      "entropy": 37.65827766113982,
      "time": 14.519870519638062,
      "metrics": {
        "psnr": 31.144727924836722,
        "ssim": 0.8646874806807863,
        "boundary_dsc": 0.13982581629904528
      }
    }
  }
}