{
  "algorithm": "HYBRID-PA6",
  "thresholds": [
    16,
    33,
    50,
    68,
    88,
    110,
    134,
    162,
    193,
    224
  ],
  "best_f": -37.17216631225462,
  "entropy": 37.17216631225462,
  "time": 2.3314945697784424,
  "metrics": {
    "psnr": 32.06104571534715,
    "ssim": 0.9383763051713685,
    "boundary_dsc": 0.2649854195917486
  }
}