{
  "algorithm": "HYBRID-PA5",
  "thresholds": [
    31,
    56,
    79,
    101,
    123,
    146,
    168,
    189,
    210,
    231
  ],
  "best_f": -36.06165839118236,
  "entropy": 36.06165839118236,
  "time": 4.4511613845825195,
  "metrics": {
    "psnr": 35.41539794937534,
    "ssim": 0.9426582340310995,
    "dice": 0.24262855746915843
  }
}