{
  "algorithm": "HYBRID-PA3",
  "thresholds": [
    64,
    81,
    97,
    112,
    129,
    153,
    179,
    208,
    235,
    248
  ],
  "best_f": -0.03737122003501439,
  "entropy": 0.03737122003501439,
  "time": 21.619404554367065,
  "metrics": {
    "psnr": 19.174953057868066,
    "ssim": 0.8192805803677544,
    "dice": 0.23078566529106836
  }
}