{
  "algorithm": "GWO",
  "thresholds": [
    36,
    61,
    86,
    112,
    139,
    165,
    191,
    217
  ],
  "best_f": -30.86123567749608,
  "entropy": 30.86123567749608,
  "time": 1.8901000022888184,
  "metrics": {
    "psnr": 30.2913749711902,
    "ssim": 0.9042032567921874,
    "dice": 0.13619699376756692
  }
}