{
  "algorithm": "PSO",
  "thresholds": [
    23,
    45,
    67,
    88,
    108,
    128,
    148,
    168,
    188,
    208
  ],
  "best_f": -35.488159481843745,
  "entropy": 35.488159481843745,
  "time": 4.2764892578125,
  "metrics": {
    "psnr": 32.770908464246986,
    "ssim": 0.8700101378965989,
    "dice": 0.11939789832433968
  }
}