{
  "image_name": "100039.jpg",
  "image_path": "dataset/BDS500/images/test\\100039.jpg",
  "results": {
    "PA5": {
      "image_name": "100039.jpg",
      "strategy": "PA5",
      "seed": 42,
      "thresholds": "32,58,79,99,121,147,170,193,213,232",
      "best_f": -35.678847740632456,
      "fe": 35.678847740632456,
      "dsc": 0.13789159429280398,
      "iou": 0.07405132476185519,
      "psnr": 31.737599341826964,
      "ssim": 0.9186200969207771,
      "time_sec": 0.5066392421722412,
      "convergence_iters": 20
    },
    "PA6": {
      "image_name": "100039.jpg",
      "strategy": "PA6",
      "seed": 42,
      "thresholds": "32,52,74,96,118,147,173,189,204,222",
      "best_f": -35.30980181546702,
      "fe": 35.30980181546702,
      "dsc": 0.13775771671857137,
      "iou": 0.07397411064892727,
      "psnr": 31.065580741122993,
      "ssim": 0.9129967156000003,
      "time_sec": 0.22192978858947754,
      "convergence_iters": 19
    }
  }
}