{
  "image_name": "100099.jpg",
  "image_path": "dataset/BDS500/images/test\\100099.jpg",
  "results": {
    "PA5": {
      "image_name": "100099.jpg",
      "strategy": "PA5",
      "seed": 42,
      "thresholds": "26,48,65,80,97,113,129,145,169,188",
      "best_f": -33.14151417608065,
      "fe": 33.14151417608065,
      "dsc": 0.13151859232244237,
      "iou": 0.07038795878943979,
      "psnr": 34.361793234851824,
      "ssim": 0.8868613555489883,
      "time_sec": 0.43121886253356934,
      "convergence_iters": 20
    },
    "PA6": {
      "image_name": "100099.jpg",
      "strategy": "PA6",
      "seed": 42,
      "thresholds": "22,42,66,81,101,125,145,166,180,194",
      "best_f": -32.35917529321587,
      "fe": 32.35917529321587,
      "dsc": 0.12488609063043658,
      "iou": 0.06660186882855818,
      "psnr": 32.698882922406895,
      "ssim": 0.8527515382233665,
      "time_sec": 0.20604968070983887,
      "convergence_iters": 19
    }
  }
}