{
  "algorithm": "GWO",
  "thresholds": [
    34,
    52,
    75,
    91,
    112,
    129,
    141,
    159,
    179,
    218
  ],
  "best_f": -34.29238580602641,
  "entropy": 34.29238580602641,
  "time": 2.437032699584961,
  "metrics": {
    "psnr": 33.932637009856094,
    "ssim": 0.9078005264495348,
    "dice": 0.10260446810973492
  }
}