{
  "algorithm": "HYBRID-PA6",
  "thresholds": [
    13,
    32,
    57,
    83,
    105,
    126,
    147,
    168,
    193,
    222
  ],
  "best_f": -36.167182414488884,
  "entropy": 36.167182414488884,
  "time": 2.1608049869537354,
  "metrics": {
    "psnr": 35.42446267413121,
    "ssim": 0.943382334701881,
    "dice": 0.26512788521522146
  }
}