{
  "image_name": "uploaded",
  "timestamp": "2026-04-20T20:17:13.292531",
  "total_time": 19.272862672805786,
  "best_overall_algo": "HYBRID-PA5",
  "best_overall_f": -37.081112871761036,
  "best_overall_entropy": 37.081112871761036,
  "results": {
    "GWO": {
      "entropy": 36.152436001012305,
      "time": 2.2850680351257324,
      "metrics": {
        "psnr": 31.5788176681814,
        "ssim": 0.9072670294948423,
        "boundary_dsc": 0.08011362860381585
      }
    },
    "WOA": {
      "entropy": 37.073948262941016,
      "time": 2.243995189666748,
      "metrics": {
        "psnr": 31.52501646671617,
        "ssim": 0.8876283711068002,
        "boundary_dsc": 0.08145038054685994
      }
    },
    "PSO": {
      "entropy": 36.65912408407118,
      "time": 4.099886178970337,
      "metrics": {
        "psnr": 33.18688387078467,
        "ssim": 0.9134603557143971,
        "boundary_dsc": 0.07767043508050703
      }
    },
    "OTSU": {
      "entropy": 35.452679761568476,
      "time": 0.45774126052856445,
      "metrics": {
        "psnr": 34.14065854289822,
        "ssim": 0.9250121266460315,
        "boundary_dsc": 0.07765874052782859
      }
    },
    "HYBRID-PA5": {
      "entropy": 37.081112871761036,
      "time": 4.2182276248931885,
      "metrics": {
        "psnr": 32.28848942699135,
        "ssim": 0.9011613097968375,
        "boundary_dsc": 0.07978473497629522
      }
    },
    "HYBRID-PA6": {
      "entropy": 36.82878122631138,
      "time": 2.2998359203338623,
      "metrics": {
        "psnr": 31.700283692376612,
        "ssim": 0.8989632060187897,
        "boundary_dsc": 0.07872553221888841
      }
    }
  }
}