{
  "algorithm": "HYBRID-PA6",
  "thresholds": [
    40,
    71,
    93,
    112,
    131,
    151,
    171,
    192,
    213,
    234
  ],
  "best_f": -35.99235495390099,
  "entropy": 35.99235495390099,
  "time": 2.6975278854370117,
  "metrics": {
    "psnr": 33.2439604008633,
    "ssim": 0.89160545678149,
    "dice": 0.10735666157352905
  }
}