{
  "image_name": "uploaded",
  "timestamp": "2026-04-20T22:22:45.983869",
  "total_time": 18.02314829826355,
  "best_overall_algo": "PSO",
  "best_overall_f": -37.07302314691595,
  "best_overall_entropy": 37.07302314691595,
  "results": {
    "GWO": {
      "entropy": 36.741654533761924,
      "time": 2.0361645221710205,
      "metrics": {
        "psnr": 32.30693370226396,
        "ssim": 0.8755209923064968,
        "boundary_dsc": 0.13874753954946417
      }
    },
    "WOA": {
      "entropy": 37.063718129291544,
      "time": 1.957127332687378,
      "metrics": {
        "psnr": 32.318401962116354,
        "ssim": 0.8744077560938766,
        "boundary_dsc": 0.1366969351326529
      }
    },
    "PSO": {
      "entropy": 37.07302314691595,
      "time": 3.872236728668213,
      "metrics": {
        "psnr": 32.35269287653274,
        "ssim": 0.8749382662488562,
        "boundary_dsc": 0.1363837116862468
      }
    },
    "OTSU": {
      "entropy": 36.09545048582408,
      "time": 0.4062786102294922,
      "metrics": {
        "psnr": 33.695499385465595,
        "ssim": 0.9074952921667885,
        "boundary_dsc": 0.13646882566181093
      }
    },
    "HYBRID-PA5": {
      "entropy": 37.06464770656376,
      "time": 4.085798740386963,
      "metrics": {
        "psnr": 32.40493618696328,
        "ssim": 0.8758376872026754,
        "boundary_dsc": 0.1367349948385194
      }
    },
    "HYBRID-PA6": {
      "entropy": 36.895494376104295,
      "time": 2.033538579940796,
      "metrics": {
        "psnr": 32.2924732635195,
        "ssim": 0.8748156981274698,
        "boundary_dsc": 0.1403571588416954
      }
    }
  }
}