{
  "algorithm": "OTSU",
  "thresholds": [
    23,
    46,
    70,
    93,
    116,
    139,
    162,
    185,
    209,
    232
  ],
  "best_f": -36.17893788945765,
  "entropy": 36.17893788945765,
  "time": 0.0020058155059814453,
  "metrics": {
    "psnr": 31.92840084029205,
    "ssim": 0.8787239238212072,
    "dice": 0.09414661867777989
  }
}