{
  "algorithm": "HYBRID-PA5",
  "thresholds": [
    18,
    39,
    61,
    88,
    116,
    141,
    163,
    185,
    207,
    229
  ],
  "best_f": -37.26468795058631,
  "entropy": 37.26468795058631,
  "time": 4.627211809158325,
  "metrics": {
    "psnr": 31.785270090097768,
    "ssim": 0.8572461425218539,
    "dice": 0.19311852799207888
  }
}