{
  "algorithm": "HYBRID-PA5",
  "thresholds": [
    48,
    74,
    94,
    114,
    134,
    154,
    174,
    194,
    214,
    234
  ],
  "best_f": -36.73113308226139,
  "entropy": 36.73113308226139,
  "time": 31.11358070373535,
  "metrics": {
    "psnr": 32.51818385390198,
    "ssim": 0.9259550177866932,
    "boundary_dsc": 0.09242292930543519
  }
}