{
  "algorithm": "PSO",
  "mode": "single_image_multi_seed",
  "seed": 43,
  "thresholds": [
    24,
    48,
    71,
    94,
    115,
    136,
    156,
    180,
    204,
    229
  ],
  "best_f": -37.63949731431594,
  "entropy": 37.649294366190176,
  "time": 30.333820104599,
  "metrics": {
    "boundary_dsc": 0.1453016157470301,
    "psnr": 32.3428910240707,
    "ssim": 0.8865068263486602,
    "boundary_dsc_mean": 0.14401537705581408,
    "boundary_dsc_sd": 0.0018190162015667012,
    "fe_mean": 37.68960440321251,
    "fe_sd": 0.05700700105675062,
    "psnr_mean": 32.17789447350424,
    "psnr_sd": 0.23334035955587143,
    "ssim_mean": 0.8853802073277017,
    "ssim_sd": 0.0015932798990669417,
    "time_mean": 30.691590189933777,
    "time_sd": 0.5059633068918223,
    "n_runs": 2
  }
}