{
  "algorithm": "GWO",
  "thresholds": [
    30,
    60,
    109,
    158,
    207
  ],
  "best_f": -23.087416422797627,
  "entropy": 23.087416422797627,
  "time": 1.846975326538086,
  "metrics": {
    "psnr": 25.535403240246662,
    "ssim": 0.7372665014626332,
    "dice": 0.21765005951368815
  }
}