{
  "algorithm": "GWO",
  "thresholds": [
    5,
    19,
    33,
    48,
    66,
    87,
    109,
    132,
    159,
    188
  ],
  "best_f": -34.69366588467693,
  "entropy": 34.69366588467693,
  "time": 7.6602396965026855,
  "metrics": {
    "psnr": 33.05827136864447,
    "ssim": 0.9032886236330412,
    "boundary_dsc": 0.10354640157450702
  }
}