{
  "image_name": "uploaded",
  "timestamp": "2026-04-24T11:00:51.775854",
  "total_time": 110.27125954627991,
  "best_overall_algo": "HYBRID-PA5",
  "best_overall_f": -36.64112748768231,
  "best_overall_entropy": 36.64112748768231,
  "results": {
    "GWO": {
      "entropy": 36.048340713985475,
      "time": 15.480906963348389,
      "metrics": {
        "psnr": 33.571568858021685,
        "ssim": 0.889234367559954,
        "boundary_dsc": 0.15304057472427401
      }
    },
    "WOA": {
      "entropy": 36.61242539038882,
      "time": 15.432861089706421,
      "metrics": {
        "psnr": 33.46045667244047,
        "ssim": 0.8869299243021013,
        "boundary_dsc": 0.15903348291335864
      }
    },
    "PSO": {
      "entropy": 36.5748901316253,
      "time": 30.23536729812622,
      "metrics": {
        "psnr": 33.57115243927402,
        "ssim": 0.8913060938057781,
        "boundary_dsc": 0.1631352556953959
      }
    },
    "OTSU": {
      "entropy": 33.19431082340171,
      "time": 0.4629099369049072,
      "metrics": {
        "psnr": 36.63067237334056,
        "ssim": 0.955618242096674,
        "boundary_dsc": 0.1367249290142561
      }
    },
    "HYBRID-PA5": {
      "entropy": 36.64112748768231,
      "time": 30.172703504562378,
      "metrics": {
        "psnr": 33.24961710720979,
        "ssim": 0.8827606763578382,
        "boundary_dsc": 0.1521556035163447
      }
    },
    "HYBRID-PA6": {
      "entropy": 36.598021620864145,
      "time": 14.834551095962524,
      "metrics": {
        "psnr": 33.572960163363945,
        "ssim": 0.8900867636488639,
        "boundary_dsc": 0.15176504253271247
      }
    }
  }
}