{
  "algorithm": "WOA",
  "thresholds": [
    31,
    56,
    78,
    100,
    122,
    143,
    164,
    186,
    209,
    232
  ],
  "best_f": -37.210951989016266,
  "entropy": 37.210951989016266,
  "time": 2.299494743347168,
  "metrics": {
    "psnr": 32.15411144119502,
    "ssim": 0.903007730960717,
    "dice": 0.1573318053764981
  }
}