{
  "algorithm": "HYBRID-PA5",
  "thresholds": [
    21,
    43,
    66,
    90,
    115,
    139,
    163,
    187,
    210,
    233
  ],
  "best_f": -38.04228810523313,
  "entropy": 38.04228810523313,
  "time": 32.808441400527954,
  "metrics": {
    "psnr": 31.595775412788235,
    "ssim": 0.9359136301382879,
    "boundary_dsc": 0.13983494834558666
  }
}