{
  "algorithm": "WOA",
  "thresholds": [
    35,
    57,
    79,
    101,
    123,
    145,
    167,
    189,
    211,
    233
  ],
  "best_f": -37.22228178991521,
  "entropy": 37.22228178991521,
  "time": 16.491743326187134,
  "metrics": {
    "psnr": 32.184059307558115,
    "ssim": 0.9288352740007992,
    "boundary_dsc": 0.10239122847341046
  }
}