{
  "algorithm": "OTSU",
  "thresholds": [
    55,
    70,
    84,
    96,
    107,
    117,
    127,
    137,
    149,
    165
  ],
  "best_f": -32.037528707843165,
  "entropy": 32.037528707843165,
  "time": 0.42435145378112793,
  "metrics": {
    "psnr": 36.67674601853059,
    "ssim": 0.9552120941155848,
    "boundary_dsc": 0.10447549219762467
  }
}