{
  "image_name": "uploaded",
  "timestamp": "2026-04-18T22:02:35.297289",
  "total_time": 19.444761753082275,
  "best_overall_algo": "WOA",
  "best_overall_f": -33.56643882091314,
  "best_overall_entropy": 33.56643882091314,
  "results": {
    "GWO": {
      "entropy": 33.3454834845874,
      "time": 2.4402682781219482,
      "metrics": {
        "psnr": 33.831285037195286,
        "ssim": 0.8767309846713991,
        "dice": 0.1282109916914399
      }
    },
    "WOA": {
      "entropy": 33.56643882091314,
      "time": 2.2070436477661133,
      "metrics": {
        "psnr": 35.3699761258835,
        "ssim": 0.8973036754186918,
        "dice": 0.12687636462882096
      }
    },
    "PSO": {
      "entropy": 33.527888898781065,
      "time": 4.305317640304565,
      "metrics": {
        "psnr": 35.001109591643676,
        "ssim": 0.8898205289280181,
        "dice": 0.1220019600089404
      }
    },
    "OTSU": {
      "entropy": 29.881370419770086,
      "time": 0.002457141876220703,
      "metrics": {
        "psnr": 31.977705873528286,
        "ssim": 0.8384691972700039,
        "dice": 0.12670189896094589
      }
    },
    "HYBRID-PA5": {
      "entropy": 33.47223582123318,
      "time": 4.514686584472656,
      "metrics": {
        "psnr": 34.76712758245065,
        "ssim": 0.8868558854555912,
        "dice": 0.12640919339588333
      }
    },
    "HYBRID-PA6": {
      "entropy": 33.47666598710201,
      "time": 2.272397041320801,
      "metrics": {
        "psnr": 34.84040364506761,
        "ssim": 0.8886815649018702,
        "dice": 0.12432193656683453
      }
    }
  }
}