{
  "algorithm": "OTSU",
  "mode": "single_image_multi_seed",
  "seed": 46,
  "thresholds": [
    20,
    37,
    50,
    62,
    73,
    84,
    96,
    110,
    127,
    150
  ],
  "best_f": -33.659538028762,
  "entropy": 33.660562563485115,
  "time": 0.48647499084472656,
  "metrics": {
    "boundary_dsc": 0.09623405670071934,
    "psnr": 35.717502852122394,
    "ssim": 0.9501808435507043,
    "boundary_dsc_mean": 0.09623405670071934,
    "boundary_dsc_sd": 0.0,
    "fe_mean": 33.660562563485115,
    "fe_sd": 0.0,
    "psnr_mean": 35.717502852122394,
    "psnr_sd": 0.0,
    "ssim_mean": 0.9501808435507042,
    "ssim_sd": 1.2412670766236366e-16,
    "time_mean": 0.4947770118713379,
    "time_sd": 0.006808366647147665,
    "n_runs": 5
  }
}