{
  "config": {
    "eval_mode": "single_image_multi_seed",
    "image_id": "100007",
    "k": 10,
    "seeds": [
      42,
      43,
      44,
      45,
      46
    ],
    "n_agents": 30,
    "n_iters": 80,
    "use_penalties": false,
    "penalty_mode": null,
    "n_images": 1,
    "algorithms": [
      "GWO",
      "WOA",
      "PSO",
      "OTSU",
      "PA5",
      "PA6"
    ],
    "image_path": "dataset/BDS500/images\\test\\100007.jpg",
    "gt_path": "dataset/BDS500/ground_truth\\test\\100007.mat"
  },
  "summary_statistics": {
    "GWO": {
      "n_runs": 5,
      "n_images": 1,
      "n_seeds": 5,
      "dice_mean": 0.23372519542866907,
      "dice_std": 0.0162232233998477,
      "dice_min": 0.20967137323503687,
      "dice_max": 0.2513636703280281,
      "iou_mean": 0.13242194060161588,
      "iou_std": 0.010376794982564953,
      "fe_mean": 35.16307823504821,
      "fe_std": 1.0450809410634276,
      "psnr_mean": 31.12625070741121,
      "psnr_std": 0.9480275162344153,
      "ssim_mean": 0.8489538026151597,
      "ssim_std": 0.015739308233377495,
      "time_mean": 2.085091543197632,
      "time_std": 0.04539936326113099,
      "conv_mean": 57.8,
      "conv_std": 30.400000000000002
    },
    "WOA": {
      "n_runs": 5,
      "n_images": 1,
      "n_seeds": 5,
      "dice_mean": 0.22244636814564123,
      "dice_std": 0.005137679532387888,
      "dice_min": 0.2151348402932636,
      "dice_max": 0.22853588420220902,
      "iou_mean": 0.1251512575907184,
      "iou_std": 0.003251341378596597,
      "fe_mean": 36.298876384823615,
      "fe_std": 0.08465033110068439,
      "psnr_mean": 33.26229473976663,
      "psnr_std": 0.1581268491567038,
      "ssim_mean": 0.8770805579168724,
      "ssim_std": 0.0037071248154469764,
      "time_mean": 2.089706373214722,
      "time_std": 0.14780130103960923,
      "conv_mean": 77.2,
      "conv_std": 4.621688003316537
    },
    "PSO": {
      "n_runs": 5,
      "n_images": 1,
      "n_seeds": 5,
      "dice_mean": 0.22352828418145337,
      "dice_std": 0.015746424026222425,
      "dice_min": 0.20015995232793363,
      "dice_max": 0.24497955141489539,
      "iou_mean": 0.12591541760142494,
      "iou_std": 0.009964047292274526,
      "fe_mean": 36.3206748516901,
      "fe_std": 0.026486205785100504,
      "psnr_mean": 32.716175061553244,
      "psnr_std": 0.22681733794011544,
      "ssim_mean": 0.8696709132614984,
      "ssim_std": 0.0037808837401966523,
      "time_mean": 4.020108938217163,
      "time_std": 0.10877283192952027,
      "conv_mean": 40.4,
      "conv_std": 4.409081537009721
    },
    "OTSU": {
      "n_runs": 5,
      "n_images": 1,
      "n_seeds": 5,
      "dice_mean": 0.23381281524378852,
      "dice_std": 0.0,
      "dice_min": 0.23381281524378852,
      "dice_max": 0.23381281524378852,
      "iou_mean": 0.1323828058893214,
      "iou_std": 0.0,
      "fe_mean": 35.44330695658944,
      "fe_std": 0.0,
      "psnr_mean": 32.48254580585906,
      "psnr_std": 0.0,
      "ssim_mean": 0.867436236227862,
      "ssim_std": 0.0,
      "time_mean": 0.0009320735931396485,
      "time_std": 0.0001800827532314941,
      "conv_mean": 1.0,
      "conv_std": 0.0
    },
    "PA5": {
      "n_runs": 5,
      "n_images": 1,
      "n_seeds": 5,
      "dice_mean": 0.2313078528576166,
      "dice_std": 0.004480416523726989,
      "dice_min": 0.22319649262654445,
      "dice_max": 0.23612164678298048,
      "iou_mean": 0.13078627528684597,
      "iou_std": 0.0028580429207205574,
      "fe_mean": 36.40948090268235,
      "fe_std": 0.017359683226017726,
      "psnr_mean": 33.12219160752534,
      "psnr_std": 0.07040344017850704,
      "ssim_mean": 0.8750893999609314,
      "ssim_std": 0.002446464342632793,
      "time_mean": 4.200653314590454,
      "time_std": 0.05440754551954948,
      "conv_mean": 78.8,
      "conv_std": 2.4000000000000004
    },
    "PA6": {
      "n_runs": 5,
      "n_images": 1,
      "n_seeds": 5,
      "dice_mean": 0.22857887297915291,
      "dice_std": 0.012827157288447733,
      "dice_min": 0.2129211865220313,
      "dice_max": 0.24815241207709735,
      "iou_mean": 0.12909633999490266,
      "iou_std": 0.008194542002158843,
      "fe_mean": 36.24416384227266,
      "fe_std": 0.036199463951041955,
      "psnr_mean": 32.68897345509551,
      "psnr_std": 0.47754154234886786,
      "ssim_mean": 0.8706098749207383,
      "ssim_std": 0.007440360318840329,
      "time_mean": 2.070498895645142,
      "time_std": 0.037819647809254564,
      "conv_mean": 60.0,
      "conv_std": 15.962455951387932
    }
  },
  "wilcoxon": [
    {
      "base": "PA5",
      "challenger": "GWO",
      "metric": "dice",
      "mean_base": 0.2313078528576166,
      "mean_challenger": 0.23372519542866907,
      "delta_mean": -0.002417342571052472,
      "n": 5,
      "statistic": 6.0,
      "pvalue": 0.8125,
      "status": "ok"
    },
    {
      "base": "PA5",
      "challenger": "GWO",
      "metric": "iou",
      "mean_base": 0.13078627528684597,
      "mean_challenger": 0.13242194060161588,
      "delta_mean": -0.001635665314769913,
      "n": 5,
      "statistic": 6.0,
      "pvalue": 0.8125,
      "status": "ok"
    },
    {
      "base": "PA5",
      "challenger": "GWO",
      "metric": "fe",
      "mean_base": 36.40948090268235,
      "mean_challenger": 35.16307823504821,
      "delta_mean": 1.2464026676341362,
      "n": 5,
      "statistic": 0.0,
      "pvalue": 0.0625,
      "status": "ok"
    },
    {
      "base": "PA5",
      "challenger": "GWO",
      "metric": "psnr",
      "mean_base": 33.12219160752534,
      "mean_challenger": 31.12625070741121,
      "delta_mean": 1.9959409001141282,
      "n": 5,
      "statistic": 0.0,
      "pvalue": 0.0625,
      "status": "ok"
    },
    {
      "base": "PA5",
      "challenger": "GWO",
      "metric": "ssim",
      "mean_base": 0.8750893999609314,
      "mean_challenger": 0.8489538026151597,
      "delta_mean": 0.026135597345771644,
      "n": 5,
      "statistic": 0.0,
      "pvalue": 0.0625,
      "status": "ok"
    },
    {
      "base": "PA5",
      "challenger": "WOA",
      "metric": "dice",
      "mean_base": 0.2313078528576166,
      "mean_challenger": 0.22244636814564123,
      "delta_mean": 0.00886148471197537,
      "n": 5,
      "statistic": 2.0,
      "pvalue": 0.1875,
      "status": "ok"
    },
    {
      "base": "PA5",
      "challenger": "WOA",
      "metric": "iou",
      "mean_base": 0.13078627528684597,
      "mean_challenger": 0.1251512575907184,
      "delta_mean": 0.005635017696127564,
      "n": 5,
      "statistic": 2.0,
      "pvalue": 0.1875,
      "status": "ok"
    },
    {
      "base": "PA5",
      "challenger": "WOA",
      "metric": "fe",
      "mean_base": 36.40948090268235,
      "mean_challenger": 36.298876384823615,
      "delta_mean": 0.11060451785873227,
      "n": 5,
      "statistic": 0.0,
      "pvalue": 0.0625,
      "status": "ok"
    },
    {
      "base": "PA5",
      "challenger": "WOA",
      "metric": "psnr",
      "mean_base": 33.12219160752534,
      "mean_challenger": 33.26229473976663,
      "delta_mean": -0.14010313224129334,
      "n": 5,
      "statistic": 2.0,
      "pvalue": 0.1875,
      "status": "ok"
    },
    {
      "base": "PA5",
      "challenger": "WOA",
      "metric": "ssim",
      "mean_base": 0.8750893999609314,
      "mean_challenger": 0.8770805579168724,
      "delta_mean": -0.0019911579559410697,
      "n": 5,
      "statistic": 4.0,
      "pvalue": 0.4375,
      "status": "ok"
    },
    {
      "base": "PA5",
      "challenger": "PSO",
      "metric": "dice",
      "mean_base": 0.2313078528576166,
      "mean_challenger": 0.22352828418145337,
      "delta_mean": 0.007779568676163223,
      "n": 5,
      "statistic": 5.0,
      "pvalue": 0.625,
      "status": "ok"
    },
    {
      "base": "PA5",
      "challenger": "PSO",
      "metric": "iou",
      "mean_base": 0.13078627528684597,
      "mean_challenger": 0.12591541760142494,
      "delta_mean": 0.004870857685421032,