{
  "algorithm": "HYBRID-PA5",
  "thresholds": [
    13,
    32,
    60,
    92,
    124,
    156,
    188,
    220
  ],
  "best_f": -30.908407972117338,
  "entropy": 30.908407972117338,
  "time": 4.292322158813477,
  "metrics": {
    "psnr": 34.46554734555642,
    "ssim": 0.9392931179894676,
    "dice": 0.2696568094154881
  }
}