{
  "image_name": "uploaded",
  "timestamp": "2026-04-20T21:58:07.084133",
  "total_time": 20.179232358932495,
  "best_overall_algo": "PSO",
  "best_overall_f": -37.16181430321878,
  "best_overall_entropy": 37.16181430321878,
  "results": {
    "GWO": {
      "entropy": 36.217214060594216,
      "time": 2.250383138656616,
      "metrics": {
        "psnr": 31.616880178014522,
        "ssim": 0.8932453013895071,
        "boundary_dsc": 0.2378007714443152
      }
    },
    "WOA": {
      "entropy": 37.14034120521384,
      "time": 2.1312360763549805,
      "metrics": {
        "psnr": 32.02592155481364,
        "ssim": 0.8927922821406512,
        "boundary_dsc": 0.2267403477027655
      }
    },
    "PSO": {
      "entropy": 37.16181430321878,
      "time": 4.214022159576416,
      "metrics": {
        "psnr": 32.224118859000505,
        "ssim": 0.8958825768104753,
        "boundary_dsc": 0.2277575742833165
      }
    },
    "OTSU": {
      "entropy": 36.62913724759925,
      "time": 0.4780411720275879,
      "metrics": {
        "psnr": 32.9369797351196,
        "ssim": 0.9120762179261694,
        "boundary_dsc": 0.225430521707996
      }
    },
    "HYBRID-PA5": {
      "entropy": 36.84561692601513,
      "time": 4.821574449539185,
      "metrics": {
        "psnr": 31.34321618447249,
        "ssim": 0.8796413835841612,
        "boundary_dsc": 0.2349977849503196
      }
    },
    "HYBRID-PA6": {
      "entropy": 37.08016281031678,
      "time": 2.3050262928009033,
      "metrics": {
        "psnr": 31.777634068695995,
        "ssim": 0.8879352129097793,
        "boundary_dsc": 0.22464026784505362
      }
    }
  }
}