{
  "algorithm": "OTSU",
  "thresholds": [
    23,
    46,
    70,
    93,
    116,
    139,
    162,
    185,
    209,
    232
  ],
  "best_f": -37.06573379841167,
  "entropy": 37.06573379841167,
  "time": 0.0,
  "metrics": {
    "psnr": 32.47806696035305,
    "ssim": 0.9524761014319812,
    "dice": 0.22337615828819554
  }
}