{
  "algorithm": "HYBRID-PA5",
  "thresholds": [
    53,
    75,
    95,
    115,
    135,
    154,
    173,
    194,
    215,
    235
  ],
  "best_f": -36.673155642461005,
  "entropy": 36.673155642461005,
  "time": 4.103318214416504,
  "metrics": {
    "psnr": 32.7969823126547,
    "ssim": 0.9288556310452845,
    "dice": 0.09343245590998162
  }
}