{
  "image_name": "uploaded",
  "timestamp": "2026-04-18T16:28:21.120533",
  "total_time": 18.926470041275024,
  "best_overall_algo": "PSO",
  "best_overall_f": -35.488159481843745,
  "best_overall_entropy": 35.488159481843745,
  "results": {
    "GWO": {
      "entropy": 34.878374914299215,
      "time": 2.292283535003662,
      "metrics": {
        "psnr": 33.23615343103129,
        "ssim": 0.8837033469768626,
        "dice": 0.1121649046943188
      }
    },
    "WOA": {
      "entropy": 35.46430850258407,
      "time": 2.247650146484375,
      "metrics": {
        "psnr": 33.399760724217835,
        "ssim": 0.883487993824755,
        "dice": 0.1156241610738255
      }
    },
    "PSO": {
      "entropy": 35.488159481843745,
      "time": 4.2764892578125,
      "metrics": {
        "psnr": 32.770908464246986,
        "ssim": 0.8700101378965989,
        "dice": 0.11939789832433968
      }
    },
    "OTSU": {
      "entropy": 33.00324143613914,
      "time": 0.002262115478515625,
      "metrics": {
        "psnr": 32.023631050600216,
        "ssim": 0.854306764536968,
        "dice": 0.11921289310074244
      }
    },
    "HYBRID-PA5": {
      "entropy": 35.483373579650554,
      "time": 4.377551555633545,
      "metrics": {
        "psnr": 33.09894880092184,
        "ssim": 0.8778949338466447,
        "dice": 0.11896239583189375
      }
    },
    "HYBRID-PA6": {
      "entropy": 35.22197334665063,
      "time": 2.2220258712768555,
      "metrics": {
        "psnr": 34.37068073837522,
        "ssim": 0.9023967020211925,
        "dice": 0.11409788712227797
      }
    }
  }
}