{
  "algorithm": "HYBRID-PA6",
  "thresholds": [
    13,
    30,
    50,
    73,
    98,
    122,
    146,
    173,
    199,
    231
  ],
  "best_f": -36.56521474050774,
  "entropy": 36.56521474050774,
  "time": 2.236856460571289,
  "metrics": {
    "psnr": 31.515385517011758,
    "ssim": 0.9081171858954357,
    "dice": 0.17529757304065544
  }
}