{
  "algorithm": "OTSU",
  "thresholds": [
    62,
    84,
    107,
    129,
    150,
    168,
    183,
    195,
    206,
    221
  ],
  "best_f": -35.101803095457484,
  "entropy": 35.101803095457484,
  "time": 0.458176851272583,
  "metrics": {
    "psnr": 34.92346065767605,
    "ssim": 0.9107141663254847,
    "dice": 0.19461342771817278
  }
}