{
  "algorithm": "WOA",
  "thresholds": [
    47,
    72,
    97,
    119,
    140,
    159,
    178,
    197,
    216,
    235
  ],
  "best_f": -36.298984280627785,
  "entropy": 36.298984280627785,
  "time": 2.0331573486328125,
  "metrics": {
    "psnr": 31.500230724594722,
    "ssim": 0.814693569629611,
    "dice": 0.16909210402779082
  }
}