{
  "algorithm": "WOA",
  "thresholds": [
    51,
    102,
    153,
    204
  ],
  "best_f": -20.82741569106052,
  "entropy": 20.82741569106052,
  "time": 1.7835438251495361,
  "metrics": {
    "psnr": 25.292443906400138,
    "ssim": 0.8121104597439264,
    "dice": 0.15192648389604763
  }
}