{
  "algorithm": "PSO",
  "thresholds": [
    40,
    68,
    87,
    106,
    124,
    142,
    162,
    183,
    204,
    227
  ],
  "best_f": -36.37592379852961,
  "entropy": 36.37592379852961,
  "time": 29.475637674331665,
  "metrics": {
    "psnr": 32.40721406398119,
    "ssim": 0.8947121664109047,
    "boundary_dsc": 0.14687738805887499
  }
}