{
  "algorithm": "WOA",
  "thresholds": [
    75,
    96,
    105,
    116,
    130,
    139,
    154,
    159,
    162,
    179
  ],
  "best_f": -0.045221403024028016,
  "entropy": 0.045221403024028016,
  "time": 16.404499053955078,
  "metrics": {
    "psnr": 15.355677577713605,
    "ssim": 0.6390584539576074,
    "dice": 0.22912393788455904
  }
}