{
  "algorithm": "OTSU",
  "thresholds": [
    40,
    59,
    76,
    92,
    107,
    122,
    137,
    155,
    178,
    210
  ],
  "best_f": -36.346192168346555,
  "entropy": 36.346192168346555,
  "time": 0.4453465938568115,
  "metrics": {
    "psnr": 33.67264485243186,
    "ssim": 0.9428691660833548,
    "boundary_dsc": 0.151973818776846
  }
}