{
  "algorithm": "WOA",
  "thresholds": [
    33,
    62,
    86,
    109,
    129,
    149,
    169,
    190,
    211,
    233
  ],
  "best_f": -36.404342038388265,
  "entropy": 36.404342038388265,
  "time": 2.0067079067230225,
  "metrics": {
    "psnr": 33.20551033153661,
    "ssim": 0.8775340698764059,
    "dice": 0.23344305237217158
  }
}