{
  "image_name": "uploaded",
  "timestamp": "2026-04-18T14:34:15.858404",
  "total_time": 16.65528702735901,
  "best_overall_algo": "PSO",
  "best_overall_f": -31.39166374454586,
  "best_overall_entropy": 31.39166374454586,
  "results": {
    "GWO": {
      "entropy": 31.29791108839223,
      "time": 1.8724372386932373,
      "metrics": {
        "psnr": 30.460702784287776,
        "ssim": 0.8244578338332468,
        "dice": 0.20935037646646823
      }
    },
    "WOA": {
      "entropy": 31.383061801040395,
      "time": 1.8554456233978271,
      "metrics": {
        "psnr": 30.494392795272827,
        "ssim": 0.8258173849209637,
        "dice": 0.22293204097367553
      }
    },
    "PSO": {
      "entropy": 31.39166374454586,
      "time": 3.5658955574035645,
      "metrics": {
        "psnr": 30.641612275993865,
        "ssim": 0.8360790574571192,
        "dice": 0.23828553518257325
      }
    },
    "OTSU": {
      "entropy": 31.054830801789784,
      "time": 0.0,
      "metrics": {
        "psnr": 30.521166882146126,
        "ssim": 0.827552152399721,
        "dice": 0.21240282685512368
      }
    },
    "HYBRID-PA5": {
      "entropy": 31.384248078828875,
      "time": 3.706207513809204,
      "metrics": {
        "psnr": 30.51629095756352,
        "ssim": 0.8293763207189592,
        "dice": 0.23207890452934982
      }
    },
    "HYBRID-PA6": {
      "entropy": 31.384706097860743,
      "time": 2.0365638732910156,
      "metrics": {
        "psnr": 30.486029696295418,
        "ssim": 0.825756029738081,
        "dice": 0.22301392000587653
      }
    }
  }
}