{
  "algorithm": "WOA",
  "thresholds": [
    35,
    56,
    77,
    98,
    119,
    140,
    161,
    182,
    204,
    229
  ],
  "best_f": -37.142003735011386,
  "entropy": 37.142003735011386,
  "time": 2.1110193729400635,
  "metrics": {
    "psnr": 31.621001002433818,
    "ssim": 0.8425551632914619,
    "boundary_dsc": 0.16085451435190798
  }
}