{
  "algorithm": "HYBRID-PA6",
  "thresholds": [
    18,
    37,
    56,
    75,
    94,
    117,
    141,
    169,
    197,
    226
  ],
  "best_f": -37.43378179317393,
  "entropy": 37.43378179317393,
  "time": 8.93588376045227,
  "metrics": {
    "psnr": 31.642192391676886,
    "ssim": 0.9169296607312324,
    "boundary_dsc": 0.1313577734677223
  }
}