{
  "algorithm": "GWO",
  "thresholds": [
    54,
    101,
    140,
    177,
    216
  ],
  "best_f": -22.994315541752012,
  "entropy": 22.994315541752012,
  "time": 0.8857901096343994,
  "metrics": {
    "psnr": 28.167540308144705,
    "ssim": 0.7909992476940568,
    "dice": 0.24340637046053967
  }
}