{
  "algorithm": "PSO",
  "thresholds": [
    50,
    97,
    136,
    175,
    215
  ],
  "best_f": -23.02830621900817,
  "entropy": 23.02830621900817,
  "time": 3.411907434463501,
  "metrics": {
    "psnr": 27.78513418136239,
    "ssim": 0.7812308633599838,
    "dice": 0.2412829798241076
  }
}