{
  "algorithm": "GWO",
  "thresholds": [
    42,
    54,
    65,
    79,
    99,
    121,
    143,
    164,
    187,
    210
  ],
  "best_f": -34.377978483542776,
  "entropy": 34.377978483542776,
  "time": 2.2882587909698486,
  "metrics": {
    "psnr": 32.91706830825409,
    "ssim": 0.8940533854659192,
    "boundary_dsc": 0.12032947646335973
  }
}