{
  "algorithm": "HYBRID-PA5",
  "thresholds": [
    35,
    60,
    84,
    105,
    126,
    147,
    168,
    189,
    211,
    233
  ],
  "best_f": -37.02687701320752,
  "entropy": 37.02687701320752,
  "time": 4.001317977905273,
  "metrics": {
    "psnr": 32.69317890803839,
    "ssim": 0.8933836219872721,
    "dice": 0.14166857697649646
  }
}