{
  "algorithm": "OTSU",
  "thresholds": [
    33,
    43,
    54,
    73,
    98,
    124,
    153,
    186,
    217,
    241
  ],
  "best_f": -35.2037894426933,
  "entropy": 35.2037894426933,
  "time": 0.4578845500946045,
  "metrics": {
    "psnr": 34.408441388643205,
    "ssim": 0.9085420764487853,
    "boundary_dsc": 0.13626615497488573
  }
}