{
  "image_name": "uploaded",
  "timestamp": "2026-04-18T16:08:19.239166",
  "total_time": 19.099979162216187,
  "best_overall_algo": "WOA",
  "best_overall_f": -36.29856271718328,
  "best_overall_entropy": 36.29856271718328,
  "results": {
    "GWO": {
      "entropy": 35.18096540682387,
      "time": 2.3283166885375977,
      "metrics": {
        "psnr": 35.37412796141774,
        "ssim": 0.9440515838171234,
        "dice": 0.2667905084146045
      }
    },
    "WOA": {
      "entropy": 36.29856271718328,
      "time": 2.244386672973633,
      "metrics": {
        "psnr": 35.464265668616626,
        "ssim": 0.9427498021661836,
        "dice": 0.2662228011772085
      }
    },
    "PSO": {
      "entropy": 35.937419545921145,
      "time": 4.592506408691406,
      "metrics": {
        "psnr": 34.53243760791212,
        "ssim": 0.9354092014995641,
        "dice": 0.2700580938922908
      }
    },
    "OTSU": {
      "entropy": 35.312511417046494,
      "time": 0.0,
      "metrics": {
        "psnr": 36.24482517052481,
        "ssim": 0.9549129771210466,
        "dice": 0.23632527187144944
      }
    },
    "HYBRID-PA5": {
      "entropy": 36.01311295189829,
      "time": 4.318448066711426,
      "metrics": {
        "psnr": 35.71387369998393,
        "ssim": 0.9458261787966612,
        "dice": 0.2405089551206694
      }
    },
    "HYBRID-PA6": {
      "entropy": 36.167182414488884,
      "time": 2.1608049869537354,
      "metrics": {
        "psnr": 35.42446267413121,
        "ssim": 0.943382334701881,
        "dice": 0.26512788521522146
      }
    }
  }
}