{
  "algorithm": "WOA",
  "thresholds": [
    26,
    51,
    74,
    97,
    120,
    143,
    166,
    189,
    212,
    234
  ],
  "best_f": -37.2794735973489,
  "entropy": 37.2794735973489,
  "time": 15.963070392608643,
  "metrics": {
    "psnr": 31.9636800968258,
    "ssim": 0.9177791509745007,
    "boundary_dsc": 0.163049395710086
  }
}