{
  "image_index": 16,
  "image_path": "dataset/BDS500/images/train\\117054.jpg",
  "k": 10,
  "results": {
    "HYBRID-PA5": {
      "fe_best": 37.75849107946659,
      "best_f": -37.75849107946659,
      "thresholds": [
        26,
        48,
        70,
        93,
        116,
        139,
        162,
        185,
        207,
        231
      ],
      "time_sec": 5.711764812469482,
      "n_history": 100
    }
  }
}