{
  "image_index": 38,
  "image_path": "dataset/BDS500/images/train\\15004.jpg",
  "k": 10,
  "results": {
    "HYBRID-PA5": {
      "fe_best": 37.150362773249256,
      "best_f": -37.150362773249256,
      "thresholds": [
        37,
        60,
        83,
        104,
        125,
        146,
        168,
        190,
        211,
        232
      ],
      "time_sec": 5.234632253646851,
      "n_history": 100
    }
  }
}