{
  "image_index": 44,
  "image_path": "dataset/BDS500/images/train\\156079.jpg",
  "k": 10,
  "results": {
    "HYBRID-PA5": {
      "fe_best": 37.411424459071384,
      "best_f": -37.411424459071384,
      "thresholds": [
        26,
        48,
        70,
        92,
        114,
        137,
        161,
        185,
        209,
        233
      ],
      "time_sec": 5.429794788360596,
      "n_history": 100
    }
  }
}