{
  "image_index": 40,
  "image_path": "dataset/BDS500/images/train\\151087.jpg",
  "k": 10,
  "results": {
    "HYBRID-PA5": {
      "fe_best": 37.67524112941274,
      "best_f": -37.67524112941274,
      "thresholds": [
        25,
        50,
        72,
        94,
        116,
        139,
        162,
        185,
        208,
        231
      ],
      "time_sec": 5.443402528762817,
      "n_history": 100
    }
  }
}