{
  "image_index": 64,
  "image_path": "dataset/BDS500/images/train\\181079.jpg",
  "k": 10,
  "results": {
    "HYBRID-PA5": {
      "fe_best": 36.01092547794244,
      "best_f": -36.01092547794244,
      "thresholds": [
        40,
        65,
        89,
        109,
        129,
        149,
        169,
        189,
        209,
        229
      ],
      "time_sec": 4.915661334991455,
      "n_history": 100
    }
  }
}