{
  "image_index": 60,
  "image_path": "dataset/BDS500/images/train\\176035.jpg",
  "k": 10,
  "results": {
    "HYBRID-PA5": {
      "fe_best": 36.92433469264377,
      "best_f": -36.92433469264377,
      "thresholds": [
        39,
        62,
        83,
        104,
        124,
        144,
        165,
        188,
        211,
        233
      ],
      "time_sec": 4.9997878074646,
      "n_history": 100
    }
  }
}