{
  "image_index": 87,
  "image_path": "dataset/BDS500/images/train\\216041.jpg",
  "k": 10,
  "results": {
    "HYBRID-PA5": {
      "fe_best": 37.7745900835537,
      "best_f": -37.7745900835537,
      "thresholds": [
        27,
        49,
        71,
        94,
        117,
        140,
        163,
        186,
        209,
        232
      ],
      "time_sec": 5.015153408050537,
      "n_history": 100
    }
  }
}