{
  "image_index": 101,
  "image_path": "dataset/BDS500/images/train\\236017.jpg",
  "k": 10,
  "results": {
    "HYBRID-PA5": {
      "fe_best": 36.34917164756493,
      "best_f": -36.34917164756493,
      "thresholds": [
        52,
        71,
        90,
        112,
        134,
        155,
        175,
        195,
        215,
        235
      ],
      "time_sec": 4.857487201690674,
      "n_history": 100
    }
  }
}