{
  "image_index": 109,
  "image_path": "dataset/BDS500/images/train\\246016.jpg",
  "k": 10,
  "results": {
    "HYBRID-PA5": {
      "fe_best": 35.615670210267105,
      "best_f": -35.615670210267105,
      "thresholds": [
        54,
        82,
        104,
        126,
        148,
        168,
        188,
        206,
        223,
        239
      ],
      "time_sec": 4.916254043579102,
      "n_history": 100
    }
  }
}