{
  "image_index": 113,
  "image_path": "dataset/BDS500/images/train\\249087.jpg",
  "k": 10,
  "results": {
    "HYBRID-PA5": {
      "fe_best": 36.80891207070868,
      "best_f": -36.80891207070868,
      "thresholds": [
        33,
        59,
        80,
        101,
        122,
        143,
        164,
        185,
        207,
        229
      ],
      "time_sec": 4.891637802124023,
      "n_history": 100
    }
  }
}