{
  "image_index": 121,
  "image_path": "dataset/BDS500/images/train\\27059.jpg",
  "k": 10,
  "results": {
    "HYBRID-PA5": {
      "fe_best": 37.01655144344777,
      "best_f": -37.01655144344777,
      "thresholds": [
        28,
        51,
        74,
        97,
        120,
        143,
        166,
        189,
        212,
        235
      ],
      "time_sec": 4.937337636947632,
      "n_history": 100
    }
  }
}