{
  "image_index": 137,
  "image_path": "dataset/BDS500/images/train\\311068.jpg",
  "k": 10,
  "results": {
    "HYBRID-PA5": {
      "fe_best": 34.540923257845606,
      "best_f": -34.540923257845606,
      "thresholds": [
        32,
        60,
        80,
        100,
        121,
        143,
        165,
        189,
        217,
        245
      ],
      "time_sec": 4.997069358825684,
      "n_history": 100
    }
  }
}