{
  "image_index": 139,
  "image_path": "dataset/BDS500/images/train\\314016.jpg",
  "k": 10,
  "results": {
    "HYBRID-PA5": {
      "fe_best": 37.84459571838204,
      "best_f": -37.84459571838204,
      "thresholds": [
        27,
        50,
        72,
        94,
        116,
        138,
        160,
        183,
        207,
        231
      ],
      "time_sec": 4.876324653625488,
      "n_history": 100
    }
  }
}