{
  "image_index": 161,
  "image_path": "dataset/BDS500/images/train\\385028.jpg",
  "k": 10,
  "results": {
    "HYBRID-PA5": {
      "fe_best": 36.58337614336871,
      "best_f": -36.58337614336871,
      "thresholds": [
        32,
        57,
        79,
        101,
        123,
        145,
        167,
        189,
        211,
        233
      ],
      "time_sec": 5.380466461181641,
      "n_history": 100
    }
  }
}