{
  "image_index": 168,
  "image_path": "dataset/BDS500/images/train\\43083.jpg",
  "k": 10,
  "results": {
    "HYBRID-PA5": {
      "fe_best": 36.905544543914374,
      "best_f": -36.905544543914374,
      "thresholds": [
        30,
        52,
        74,
        95,
        116,
        137,
        160,
        183,
        206,
        229
      ],
      "time_sec": 4.907006740570068,
      "n_history": 100
    }
  }
}