{
  "image_index": 165,
  "image_path": "dataset/BDS500/images/train\\42044.jpg",
  "k": 10,
  "results": {
    "HYBRID-PA5": {
      "fe_best": 36.64724934116344,
      "best_f": -36.64724934116344,
      "thresholds": [
        27,
        49,
        70,
        91,
        113,
        135,
        159,
        183,
        207,
        231
      ],
      "time_sec": 6.728419542312622,
      "n_history": 100
    }
  }
}