{
  "image_index": 164,
  "image_path": "dataset/BDS500/images/train\\41025.jpg",
  "k": 10,
  "results": {
    "HYBRID-PA5": {
      "fe_best": 37.212341350879335,
      "best_f": -37.212341350879335,
      "thresholds": [
        25,
        51,
        75,
        98,
        120,
        142,
        165,
        188,
        211,
        233
      ],
      "time_sec": 6.00662899017334,
      "n_history": 100
    }
  }
}