{
  "image_index": 189,
  "image_path": "dataset/BDS500/images/train\\76002.jpg",
  "k": 10,
  "results": {
    "HYBRID-PA5": {
      "fe_best": 37.12125561043108,
      "best_f": -37.12125561043108,
      "thresholds": [
        27,
        52,
        74,
        96,
        118,
        139,
        160,
        181,
        203,
        227
      ],
      "time_sec": 5.171407461166382,
      "n_history": 100
    }
  }
}