{
  "algorithm": "PSO",
  "thresholds": [
    24,
    48,
    72,
    96,
    118,
    140,
    162,
    184,
    207,
    230
  ],
  "best_f": -37.71919195943346,
  "entropy": 37.71919195943346,
  "time": 27.985881090164185,
  "metrics": {
    "psnr": 32.012897922937775,
    "ssim": 0.8842535883067433,
    "boundary_dsc": 0.14272913836459808
  }
}