{
  "algorithm": "PSO",
  "thresholds": [
    49,
    95,
    135,
    175,
    215
  ],
  "best_f": -23.02991018461534,
  "entropy": 23.02991018461534,
  "time": 3.1976711750030518,
  "metrics": {
    "psnr": 27.758178344928073,
    "ssim": 0.7804164077997164,
    "dice": 0.2430997043664809
  }
}