{
  "algorithm": "OTSU",
  "thresholds": [
    42,
    85,
    128,
    170,
    212
  ],
  "best_f": -22.69621299043824,
  "entropy": 22.69621299043824,
  "time": 0.0023310184478759766,
  "metrics": {
    "psnr": 26.716673174994764,
    "ssim": 0.8260263954748502,
    "dice": 0.13594947194036033
  }
}