{
  "image_name": "uploaded",
  "timestamp": "2026-04-20T21:44:45.600598",
  "total_time": 20.15488338470459,
  "best_overall_algo": "HYBRID-PA5",
  "best_overall_f": -35.076186746172205,
  "best_overall_entropy": 35.076186746172205,
  "results": {
    "GWO": {
      "entropy": 34.377978483542776,
      "time": 2.2882587909698486,
      "metrics": {
        "psnr": 32.91706830825409,
        "ssim": 0.8940533854659192,
        "boundary_dsc": 0.12032947646335973
      }
    },
    "WOA": {
      "entropy": 35.05873372804384,
      "time": 2.3681647777557373,
      "metrics": {
        "psnr": 33.85465274524397,
        "ssim": 0.9099724028434351,
        "boundary_dsc": 0.11491550330639236
      }
    },
    "PSO": {
      "entropy": 35.02689632762936,
      "time": 4.4018213748931885,
      "metrics": {
        "psnr": 33.889715061288854,
        "ssim": 0.9122863179997106,
        "boundary_dsc": 0.11270069064490089
      }
    },
    "OTSU": {
      "entropy": 32.037528707843165,
      "time": 0.42435145378112793,
      "metrics": {
        "psnr": 36.67674601853059,
        "ssim": 0.9552120941155848,
        "boundary_dsc": 0.10447549219762467
      }
    },
    "HYBRID-PA5": {
      "entropy": 35.076186746172205,
      "time": 4.4065656661987305,
      "metrics": {
        "psnr": 33.50341763439594,
        "ssim": 0.9042949716107962,
        "boundary_dsc": 0.11505744715560838
      }
    },
    "HYBRID-PA6": {
      "entropy": 34.95026636773686,
      "time": 2.1575613021850586,
      "metrics": {
        "psnr": 33.76501901193465,
        "ssim": 0.9088368841997245,
        "boundary_dsc": 0.11938433051730124
      }
    }
  }
}