{
  "algorithm": "OTSU",
  "thresholds": [
    23,
    46,
    70,
    93,
    116,
    139,
    162,
    185,
    209,
    232
  ],
  "best_f": -37.32327731686907,
  "entropy": 37.32327731686907,
  "time": 0.005953550338745117,
  "metrics": {
    "psnr": 32.05582175934414,
    "ssim": 0.8618334008086992,
    "dice": 0.18910962429233144
  }
}