{
  "image_name": "uploaded",
  "timestamp": "2026-04-20T22:29:05.606342",
  "total_time": 18.83405590057373,
  "best_overall_algo": "WOA",
  "best_overall_f": -37.142003735011386,
  "best_overall_entropy": 37.142003735011386,
  "results": {
    "GWO": {
      "entropy": 35.92413413823752,
      "time": 2.0554769039154053,
      "metrics": {
        "psnr": 32.14756989619127,
        "ssim": 0.8693960681777699,
        "boundary_dsc": 0.16826440244681823
      }
    },
    "WOA": {
      "entropy": 37.142003735011386,
      "time": 2.1110193729400635,
      "metrics": {
        "psnr": 31.621001002433818,
        "ssim": 0.8425551632914619,
        "boundary_dsc": 0.16085451435190798
      }
    },
    "PSO": {
      "entropy": 37.122757769001105,
      "time": 4.188830852508545,
      "metrics": {
        "psnr": 31.467525506380927,
        "ssim": 0.8396854625656652,
        "boundary_dsc": 0.15474533815752853
      }
    },
    "OTSU": {
      "entropy": 34.80199183407544,
      "time": 0.4360525608062744,
      "metrics": {
        "psnr": 34.548943863988995,
        "ssim": 0.9139991245859996,
        "boundary_dsc": 0.15854948265899105
      }
    },
    "HYBRID-PA5": {
      "entropy": 37.134571715167056,
      "time": 4.194040060043335,
      "metrics": {
        "psnr": 31.4343797752201,
        "ssim": 0.838523060830283,
        "boundary_dsc": 0.15536851077431213
      }
    },
    "HYBRID-PA6": {
      "entropy": 36.76442424104368,
      "time": 2.118281841278076,
      "metrics": {
        "psnr": 33.151490715073,
        "ssim": 0.8841772480812254,
        "boundary_dsc": 0.15814292602043817
      }
    }
  }
}