{
  "algorithm": "HYBRID-PA6",
  "thresholds": [
    26,
    52,
    80,
    109,
    138,
    168,
    197,
    226
  ],
  "best_f": -32.70513920601016,
  "entropy": 32.70513920601016,
  "time": 2.074191093444824,
  "metrics": {
    "psnr": 30.456816787971484,
    "ssim": 0.8687734961985114,
    "dice": 0.20932975261804282
  }
}