{
  "algorithm": "GWO",
  "thresholds": [
    17,
    35,
    53,
    71,
    96,
    121,
    147,
    175,
    203,
    230
  ],
  "best_f": -36.07106524835565,
  "entropy": 36.07106524835565,
  "time": 14.535290718078613,
  "metrics": {
    "psnr": 32.97221764694751,
    "ssim": 0.8865679602857879,
    "boundary_dsc": 0.2356159143075746
  }
}