{
  "image_name": "uploaded",
  "timestamp": "2026-04-24T20:28:54.667609",
  "total_time": 115.8396327495575,
  "best_overall_algo": "HYBRID-PA5",
  "best_overall_f": -35.60964543642298,
  "best_overall_entropy": 35.60964543642298,
  "results": {
    "GWO": {
      "entropy": 34.68969863787771,
      "time": 15.94930124282837,
      "metrics": {
        "psnr": 33.12535927611845,
        "ssim": 0.9040292000341462,
        "boundary_dsc": 0.10420277026268873
      }
    },
    "WOA": {
      "entropy": 35.60219845855418,
      "time": 15.305518865585327,
      "metrics": {
        "psnr": 33.09299103778221,
        "ssim": 0.9024647347341539,
        "boundary_dsc": 0.10019188419981713
      }
    },
    "PSO": {
      "entropy": 35.53310889888175,
      "time": 31.73899793624878,
      "metrics": {
        "psnr": 33.80572889950513,
        "ssim": 0.9152995498843892,
        "boundary_dsc": 0.10053051040430222
      }
    },
    "OTSU": {
      "entropy": 33.659538028762,
      "time": 0.5036828517913818,
      "metrics": {
        "psnr": 35.717502852122394,
        "ssim": 0.9501808435507043,
        "boundary_dsc": 0.09623405670071934
      }
    },
    "HYBRID-PA5": {
      "entropy": 35.60964543642298,
      "time": 32.269431591033936,
      "metrics": {
        "psnr": 33.33992376974525,
        "ssim": 0.907908063009124,
        "boundary_dsc": 0.10127509152884737
      }
    },
    "HYBRID-PA6": {
      "entropy": 34.814153727012226,
      "time": 15.800358772277832,
      "metrics": {
        "psnr": 33.17780821253229,
        "ssim": 0.9045525092930236,
        "boundary_dsc": 0.10404725552524216
      }
    }
  }
}