{
  "algorithm": "HYBRID-PA5",
  "thresholds": [
    23,
    46,
    69,
    92,
    115,
    138,
    161,
    184,
    207,
    230
  ],
  "best_f": -37.079886575952536,
  "entropy": 37.079886575952536,
  "time": 37.0290789604187,
  "metrics": {
    "psnr": 31.652093833910758,
    "ssim": 0.9123555925207144,
    "boundary_dsc": 0.19671911317718577
  }
}