{
  "algorithm": "PSO",
  "thresholds": [
    50,
    97,
    136,
    175,
    215
  ],
  "best_f": -23.02830621900817,
  "entropy": 23.02830621900817,
  "time": 3.5927672386169434,
  "metrics": {
    "psnr": 22.936078052777642,
    "ssim": 0.7159802905556854,
    "dice": 0.2412829798241076
  }
}