{
  "image_name": "uploaded",
  "timestamp": "2026-04-18T13:44:09.876374",
  "total_time": 16.41842818260193,
  "best_overall_algo": "PSO",
  "best_overall_f": -23.02991018461534,
  "best_overall_entropy": 23.02991018461534,
  "results": {
    "GWO": {
      "entropy": 23.01586706960466,
      "time": 1.822638988494873,
      "metrics": {
        "psnr": 28.216287481234147,
        "ssim": 0.7939697977449661,
        "dice": 0.25423255577835874
      }
    },
    "WOA": {
      "entropy": 23.029874992450672,
      "time": 1.8564937114715576,
      "metrics": {
        "psnr": 27.81822412425604,
        "ssim": 0.7819426561852482,
        "dice": 0.2421301222328913
      }
    },
    "PSO": {
      "entropy": 23.02991018461534,
      "time": 3.455516815185547,
      "metrics": {
        "psnr": 27.758178344928073,
        "ssim": 0.7804164077997164,
        "dice": 0.2430997043664809
      }
    },
    "OTSU": {
      "entropy": 22.923107061256847,
      "time": 0.0,
      "metrics": {
        "psnr": 27.615668913094144,
        "ssim": 0.7844282358718514,
        "dice": 0.26531552280055276
      }
    },
    "HYBRID-PA5": {
      "entropy": 23.029874992450672,
      "time": 3.587374687194824,
      "metrics": {
        "psnr": 27.81822412425604,
        "ssim": 0.7819426561852482,
        "dice": 0.2421301222328913
      }
    },
    "HYBRID-PA6": {
      "entropy": 23.02991018461534,
      "time": 1.9437789916992188,
      "metrics": {
        "psnr": 27.758178344928073,
        "ssim": 0.7804164077997164,
        "dice": 0.2430997043664809
      }
    }
  }
}