{
  "algorithm": "HYBRID-PA5",
  "thresholds": [
    42,
    77,
    104,
    131,
    158,
    185,
    212
  ],
  "best_f": -28.341682409976357,
  "entropy": 28.341682409976357,
  "time": 3.6430838108062744,
  "metrics": {
    "psnr": 29.45996284962746,
    "ssim": 0.8918677679795255,
    "dice": 0.13511667129224397
  }
}