{
  "image_name": "uploaded",
  "timestamp": "2026-04-18T16:20:09.792713",
  "total_time": 19.277175664901733,
  "best_overall_algo": "HYBRID-PA5",
  "best_overall_f": -37.21008952116202,
  "best_overall_entropy": 37.21008952116202,
  "results": {
    "GWO": {
      "entropy": 35.89247246350704,
      "time": 2.4734792709350586,
      "metrics": {
        "psnr": 32.23116797148051,
        "ssim": 0.9135168924050484,
        "dice": 0.2522851271876993
      }
    },
    "WOA": {
      "entropy": 37.19282021755596,
      "time": 2.2619035243988037,
      "metrics": {
        "psnr": 31.977521720448898,
        "ssim": 0.8954677102520997,
        "dice": 0.2680928622714804
      }
    },
    "PSO": {
      "entropy": 36.86919042459866,
      "time": 4.365721225738525,
      "metrics": {
        "psnr": 31.774865393160354,
        "ssim": 0.8955776888129142,
        "dice": 0.2733359889223999
      }
    },
    "OTSU": {
      "entropy": 37.17527979926356,
      "time": 0.013821840286254883,
      "metrics": {
        "psnr": 32.53386047237789,
        "ssim": 0.8987203373992007,
        "dice": 0.2671604046242775
      }
    },
    "HYBRID-PA5": {
      "entropy": 37.21008952116202,
      "time": 4.4886627197265625,
      "metrics": {
        "psnr": 32.11851493976657,
        "ssim": 0.8922842197291931,
        "dice": 0.26253628082729413
      }
    },
    "HYBRID-PA6": {
      "entropy": 36.644430257197925,
      "time": 2.2449758052825928,
      "metrics": {
        "psnr": 32.038669622385676,
        "ssim": 0.8976778573070815,
        "dice": 0.2755431754874652
      }
    }
  }
}