{
  "algorithm": "WOA",
  "thresholds": [
    23,
    45,
    65,
    85,
    105,
    126,
    147,
    169,
    191,
    217
  ],
  "best_f": -36.61242539038882,
  "entropy": 36.61242539038882,
  "time": 15.432861089706421,
  "metrics": {
    "psnr": 33.46045667244047,
    "ssim": 0.8869299243021013,
    "boundary_dsc": 0.15903348291335864
  }
}