{
  "algorithm": "OTSU",
  "thresholds": [
    33,
    56,
    73,
    86,
    99,
    113,
    128,
    146,
    171,
    210
  ],
  "best_f": -36.26819913208272,
  "entropy": 36.26819913208272,
  "time": 0.451000452041626,
  "metrics": {
    "psnr": 34.31789538070628,
    "ssim": 0.9185351867533492,
    "boundary_dsc": 0.14757250862727536
  }
}