{
  "algorithm": "HYBRID-PA6",
  "thresholds": [
    22,
    42,
    63,
    85,
    108,
    133,
    162,
    190,
    216,
    238
  ],
  "best_f": -37.72209617933955,
  "entropy": 37.72209617933955,
  "time": 14.358665466308594,
  "metrics": {
    "psnr": 32.04782775965227,
    "ssim": 0.890154937970866,
    "boundary_dsc": 0.21929627465959645
  }
}