{
  "image_name": "uploaded",
  "timestamp": "2026-04-22T20:32:46.416555",
  "total_time": 111.4295482635498,
  "best_overall_algo": "HYBRID-PA5",
  "best_overall_f": -36.365815150618914,
  "best_overall_entropy": 36.365815150618914,
  "results": {
    "GWO": {
      "entropy": 36.07106524835565,
      "time": 14.535290718078613,
      "metrics": {
        "psnr": 32.97221764694751,
        "ssim": 0.8865679602857879,
        "boundary_dsc": 0.2356159143075746
      }
    },
    "WOA": {
      "entropy": 36.26640435838852,
      "time": 15.151838779449463,
      "metrics": {
        "psnr": 33.39247085482138,
        "ssim": 0.8880220833855818,
        "boundary_dsc": 0.22793355080798747
      }
    },
    "PSO": {
      "entropy": 36.15714974652967,
      "time": 30.569024562835693,
      "metrics": {
        "psnr": 33.42078442765181,
        "ssim": 0.8915164948577546,
        "boundary_dsc": 0.2184839660960365
      }
    },
    "OTSU": {
      "entropy": 35.4410267493874,
      "time": 0.48513174057006836,
      "metrics": {
        "psnr": 34.484191954558774,
        "ssim": 0.9104632779194282,
        "boundary_dsc": 0.22303616756673877
      }
    },
    "HYBRID-PA5": {
      "entropy": 36.365815150618914,
      "time": 31.568538665771484,
      "metrics": {
        "psnr": 31.127500957869792,
        "ssim": 0.8573954500566575,
        "boundary_dsc": 0.21170747659731023
      }
    },
    "HYBRID-PA6": {
      "entropy": 36.196218725076726,
      "time": 15.175831317901611,
      "metrics": {
        "psnr": 31.946140406581634,
        "ssim": 0.8715211087154778,
        "boundary_dsc": 0.2069485528681631
      }
    }
  }
}