{
  "algorithm": "GWO",
  "thresholds": [
    1,
    6,
    16,
    34,
    48,
    63,
    76,
    87,
    100,
    115
  ],
  "best_f": -0.04414824754606614,
  "entropy": 0.04414824754606614,
  "time": 9.06927227973938,
  "metrics": {
    "psnr": 8.143620021973767,
    "ssim": 0.638065192371612,
    "dice": 0.1396767307105825
  }
}