{
  "algorithm": "HYBRID-PA6",
  "fe": 36.82868507254331,
  "entropy": 36.82868507254331,
  "boundary_dsc": 0.19034494278793954,
  "psnr": 31.88921489850269,
  "ssim": 0.8669334616896127,
  "time": 12.938937187194824,
  "thresholds": [
    22,
    41,
    58,
    75,
    93,
    114,
    138,
    162,
    189,
    216
  ],
  "best_f": -36.82868507254331,
  "convergence_iterations": 80,
  "objective_name": "FE + light penalties",
  "penalty_mode": "light",
  "history_length": 80,
  "paths": {
    "segmented": "outputs/runs/20260424_223646__single__uploaded__k10/algorithms/HYBRID-PA6/segmented.png",
    "overlay": "outputs/runs/20260424_223646__single__uploaded__k10/algorithms/HYBRID-PA6/overlay.png",
    "histogram": "outputs/runs/20260424_223646__single__uploaded__k10/algorithms/HYBRID-PA6/histogram.png"
  },
  "metrics": {
    "psnr": 31.88921489850269,
    "ssim": 0.8669334616896127,
    "boundary_dsc": 0.19034494278793954
  }
}