{
  "config": {
    "eval_mode": "single_image_multi_seed",
    "image_id": "317043",
    "k": 10,
    "seeds": [
      42,
      43,
      44,
      45,
      46
    ],
    "n_agents": 30,
    "n_iters": 80,
    "use_penalties": true,
    "penalty_mode": "light",
    "n_images": 1,
    "algorithms": [
      "GWO",
      "WOA",
      "PSO",
      "OTSU",
      "PA5",
      "PA6"
    ],
    "image_path": "dataset/BDS500/images\\test\\317043.jpg",
    "gt_path": "dataset/BDS500/ground_truth\\test\\317043.mat"
  },
  "summary_statistics": {
    "GWO": {
      "n_runs": 5,
      "n_images": 1,
      "n_seeds": 5,
      "boundary_dsc_mean": 0.1041827894517962,
      "boundary_dsc_sd": 0.0011558491317243023,
      "fe_mean": 36.51264849742906,
      "fe_sd": 0.36117978658744804,
      "psnr_mean": 31.282237086018018,
      "psnr_sd": 0.2861366899350135,
      "ssim_mean": 0.8923358172941264,
      "ssim_sd": 0.005868039225549528,
      "time_mean": 17.447902297973634,
      "time_sd": 0.5075003825618433
    },
    "WOA": {
      "n_runs": 5,
      "n_images": 1,
      "n_seeds": 5,
      "boundary_dsc_mean": 0.10255900794984733,
      "boundary_dsc_sd": 0.0008165686158394777,
      "fe_mean": 37.25201514535648,
      "fe_sd": 0.048951670299718544,
      "psnr_mean": 32.04957970984499,
      "psnr_sd": 0.1644351306116349,
      "ssim_mean": 0.9079854720766489,
      "ssim_sd": 0.003880203171956484,
      "time_mean": 17.71152205467224,
      "time_sd": 0.2508768673231316
    },
    "PSO": {
      "n_runs": 5,
      "n_images": 1,
      "n_seeds": 5,
      "boundary_dsc_mean": 0.10184587694903549,
      "boundary_dsc_sd": 0.0013009260969600036,
      "fe_mean": 37.18074588324445,
      "fe_sd": 0.05455722770920845,
      "psnr_mean": 32.21933561611199,
      "psnr_sd": 0.4189314509071531,
      "ssim_mean": 0.9115962790700747,
      "ssim_sd": 0.007808936475308368,
      "time_mean": 35.16736807823181,
      "time_sd": 1.0607698816952333
    },
    "OTSU": {
      "n_runs": 5,
      "n_images": 1,
      "n_seeds": 5,
      "boundary_dsc_mean": 0.09241196357224891,
      "boundary_dsc_sd": 0.0,
      "fe_mean": 35.723134710154206,
      "fe_sd": 0.0,
      "psnr_mean": 34.63192551531642,
      "psnr_sd": 0.0,
      "ssim_mean": 0.9578940800243381,
      "ssim_sd": 0.0,
      "time_mean": 0.5291783809661865,
      "time_sd": 0.046417007085354414
    },
    "PA5": {
      "n_runs": 5,
      "n_images": 1,
      "n_seeds": 5,
      "boundary_dsc_mean": 0.10269295698880114,
      "boundary_dsc_sd": 0.0009379051329066597,
      "fe_mean": 37.27858247849865,
      "fe_sd": 0.017271681448536857,
      "psnr_mean": 31.988206744184385,
      "psnr_sd": 0.08444337271314574,
      "ssim_mean": 0.9065250302040283,
      "ssim_sd": 0.0026233037400715618,
      "time_mean": 36.68862433433533,
      "time_sd": 0.5920221737213754
    },
    "PA6": {
      "n_runs": 5,
      "n_images": 1,
      "n_seeds": 5,
      "boundary_dsc_mean": 0.10436630044068826,
      "boundary_dsc_sd": 0.001629515894094172,
      "fe_mean": 36.69011350836281,
      "fe_sd": 0.48244030109584474,
      "psnr_mean": 31.326304217114917,
      "psnr_sd": 0.7046738070897434,
      "ssim_mean": 0.893840399393417,
      "ssim_sd": 0.013496404506472591,
      "time_mean": 17.67089948654175,
      "time_sd": 0.255952224250743
    }
  },
  "wilcoxon": [
    {
      "base": "PA5",
      "challenger": "GWO",
      "metric": "boundary_dsc",
      "mean_base": 0.10269295698880114,
      "mean_challenger": 0.1041827894517962,
      "delta_mean": -0.0014898324629950555,
      "n": 5,
      "statistic": 1.0,
      "pvalue": 0.125,
      "status": "ok"
    },
    {
      "base": "PA5",
      "challenger": "GWO",
      "metric": "fe",
      "mean_base": 37.27858247849865,
      "mean_challenger": 36.51264849742906,
      "delta_mean": 0.7659339810695869,
      "n": 5,
      "statistic": 0.0,
      "pvalue": 0.0625,
      "status": "ok"
    },
    {
      "base": "PA5",
      "challenger": "GWO",
      "metric": "psnr",
      "mean_base": 31.988206744184385,
      "mean_challenger": 31.282237086018018,
      "delta_mean": 0.7059696581663673,
      "n": 5,
      "statistic": 0.0,
      "pvalue": 0.0625,
      "status": "ok"
    },
    {
      "base": "PA5",
      "challenger": "GWO",
      "metric": "ssim",
      "mean_base": 0.9065250302040283,
      "mean_challenger": 0.8923358172941264,
      "delta_mean": 0.014189212909901938,
      "n": 5,
      "statistic": 0.0,
      "pvalue": 0.0625,
      "status": "ok"
    },
    {
      "base": "PA5",
      "challenger": "WOA",
      "metric": "boundary_dsc",
      "mean_base": 0.10269295698880114,
      "mean_challenger": 0.10255900794984733,
      "delta_mean": 0.00013394903895380672,
      "n": 5,
      "statistic": 7.0,
      "pvalue": 1.0,
      "status": "ok"
    },
    {
      "base": "PA5",
      "challenger": "WOA",
      "metric": "fe",
      "mean_base": 37.27858247849865,
      "mean_challenger": 37.25201514535648,
      "delta_mean": 0.02656733314216808,
      "n": 5,
      "statistic": 3.0,
      "pvalue": 0.3125,
      "status": "ok"
    },
    {
      "base": "PA5",
      "challenger": "WOA",
      "metric": "psnr",
      "mean_base": 31.988206744184385,
      "mean_challenger": 32.04957970984499,
      "delta_mean": -0.06137296566060613,
      "n": 5,
      "statistic": 4.0,
      "pvalue": 0.4375,
      "status": "ok"
    },
    {
      "base": "PA5",
      "challenger": "WOA",
      "metric": "ssim",
      "mean_base": 0.9065250302040283,
      "mean_challenger": 0.9079854720766489,
      "delta_mean": -0.0014604418726206214,
      "n": 5,
      "statistic": 3.0,
      "pvalue": 0.3125,
      "status": "ok"
    },
    {
      "base": "PA5",
      "challenger": "PSO",
      "metric": "boundary_dsc",
      "mean_base": 0.10269295698880114,
      "mean_challenger": 0.10184587694903549,
      "delta_mean": 0.0008470800397656492,
      "n": 5,
      "statistic": 4.0,
      "pvalue": 0.4375,
      "status": "ok"
    },
    {
      "base": "PA5",
      "challenger": "PSO",
      "metric": "fe",
      "mean_base": 37.27858247849865,
      "mean_challenger": 37.18074588324445,
      "delta_mean": 0.09783659525420063,
      "n": 5,
      "statistic": 0.0,
      "pvalue": 0.0625,
      "status": "ok"
    },
    {
      "base": "PA5",
      "challenger": "PSO",
      "metric": "psnr",
      "mean_base": 31.988206744184385,
      "mean_challenger": 32.21933561611199,
      "delta_mean": -0.23112887192760567,
      "n": 5,
      "statistic": 4.0,
      "pvalue": 0.4375,
      "status": "ok"
    },
    {
      "base": "PA5",
      "challenger": "PSO",
      "metric": "ssim",
      "mean_base": 0.9065250302040283,
      "mean_challenger": 0.9115962790700747,
      "delta_mean": -0.005071248866046374,
      "n": 5,
      "statistic": 3.0,
      "pvalue": 0.3125,
      "status": "ok"
    },
    {
      "base": "PA5",
      "challenger": "OTSU",
      "metric": "boundary_dsc",
      "mean_base": 0.10269295698880114,
      "mean_challenger": 0.09241196357224891,
      "delta_mean": 0.010280993416552225,
      "n": 5,
      "statistic": 0.0,
      "pvalue": 0.0625,
      "status": "ok"
    },
    {
      "base": "PA5",
      "challenger": "OTSU",
      "metric": "fe",
      "mean_base": 37.27858247849865,
      "mean_challenger": 35.723134710154206,
      "delta_mean": 1.5554477683444432,
      "n": 5,
      "statistic": 0.0,
      "pvalue": 0.0625,
      "status": "ok"
    },
    {
      "base": "PA5",
      "challenger": "OTSU",
      "metric": "psnr",
      "mean_base": 31.988206744184385,
      "mean_challenger": 34.63192551531642,
      "delta_mean": -2.6437187711320327,
      "n": 5,
      "statistic": 0.0,
      "pvalue": 0.0625,
      "status": "ok"
    },
    {
      "base": "PA5",
      "challenger": "OTSU",
      "metric": "ssim",
      "mean_base": 0.9065250302040283,
      "mean_challenger": 0.9578940800243381,
      "delta_mean": -0.051369049820309765,