{
  "image_name": "uploaded",
  "timestamp": "2026-04-18T14:32:20.109022",
  "total_time": 15.5452299118042,
  "best_overall_algo": "PSO",
  "best_overall_f": -23.02991018461534,
  "best_overall_entropy": 23.02991018461534,
  "results": {
    "GWO": {
      "entropy": 23.01586706960466,
      "time": 1.7253532409667969,
      "metrics": {
        "psnr": 28.216287481234147,
        "ssim": 0.7939697977449661,
        "dice": 0.25423255577835874
      }
    },
    "WOA": {
      "entropy": 23.029874992450672,
      "time": 1.6890640258789062,
      "metrics": {
        "psnr": 27.81822412425604,
        "ssim": 0.7819426561852482,
        "dice": 0.2421301222328913
      }
    },
    "PSO": {
      "entropy": 23.02991018461534,
      "time": 3.1976711750030518,
      "metrics": {
        "psnr": 27.758178344928073,
        "ssim": 0.7804164077997164,
        "dice": 0.2430997043664809
      }
    },
    "OTSU": {
      "entropy": 22.923107061256847,
      "time": 0.0004982948303222656,
      "metrics": {
        "psnr": 27.615668913094144,
        "ssim": 0.7844282358718514,
        "dice": 0.26531552280055276
      }
    },
    "HYBRID-PA5": {
      "entropy": 23.029874992450672,
      "time": 3.3270323276519775,
      "metrics": {
        "psnr": 27.81822412425604,
        "ssim": 0.7819426561852482,
        "dice": 0.2421301222328913
      }
    },
    "HYBRID-PA6": {
      "entropy": 23.02830621900817,
      "time": 1.8130106925964355,
      "metrics": {
        "psnr": 27.78513418136239,
        "ssim": 0.7812308633599838,
        "dice": 0.2412829798241076
      }
    }
  }
}