{
  "algorithm": "OTSU",
  "thresholds": [
    46,
    60,
    74,
    88,
    104,
    122,
    143,
    168,
    198,
    232
  ],
  "best_f": -35.548976271726225,
  "entropy": 35.548976271726225,
  "time": 0.5936684608459473,
  "metrics": {
    "psnr": 34.029538561533805,
    "ssim": 0.949902602654874,
    "boundary_dsc": 0.04916713109170846
  }
}