{
  "algorithm": "HYBRID-PA3",
  "thresholds": [
    39,
    54,
    79,
    100,
    115,
    136,
    161,
    184,
    209,
    231
  ],
  "best_f": -0.04412424576996414,
  "entropy": 0.04412424576996414,
  "time": 19.31506371498108,
  "metrics": {
    "psnr": 23.727521575779903,
    "ssim": 0.8206139262325675,
    "dice": 0.11939672713371398
  }
}