{
  "algorithm": "HYBRID-PA2",
  "thresholds": [
    24,
    33,
    45,
    60,
    69,
    84,
    95,
    108,
    119,
    130
  ],
  "best_f": -0.045586339039743386,
  "entropy": 0.045586339039743386,
  "time": 8.434622049331665,
  "metrics": {
    "psnr": 12.297047158520737,
    "ssim": 0.6603562876870663,
    "dice": 0.12625876920344553
  }
}