{
  "algorithm": "HYBRID-PA5",
  "thresholds": [
    26,
    51,
    75,
    98,
    121,
    144,
    167,
    190,
    212,
    234
  ],
  "best_f": -38.04654282869058,
  "entropy": 38.04654282869058,
  "time": 4.4112701416015625,
  "metrics": {
    "psnr": 31.62649691114712,
    "ssim": 0.9366893410790371,
    "dice": 0.14042135025170677
  }
}