{
  "algorithm": "HYBRID-PA5",
  "thresholds": [
    49,
    78,
    100,
    122,
    144,
    165,
    183,
    201,
    219,
    237
  ],
  "best_f": -36.212099717166254,
  "entropy": 36.212099717166254,
  "time": 33.019564390182495,
  "metrics": {
    "psnr": 32.09826935210446,
    "ssim": 0.8810796524762208,
    "boundary_dsc": 0.2316462130564229
  }
}