{
  "image_name": "uploaded",
  "timestamp": "2026-04-19T18:31:06.082850",
  "total_time": 20.703758716583252,
  "best_overall_algo": "HYBRID-PA5",
  "best_overall_f": -35.89463943189065,
  "best_overall_entropy": 35.89463943189065,
  "results": {
    "GWO": {
      "entropy": 35.656802465140665,
      "time": 2.2886898517608643,
      "metrics": {
        "psnr": 33.135373764983555,
        "ssim": 0.9218360109526793,
        "dice": 0.14895876797026136
      }
    },
    "WOA": {
      "entropy": 35.823614527065516,
      "time": 2.253549575805664,
      "metrics": {
        "psnr": 32.1997688960315,
        "ssim": 0.9081693877564522,
        "dice": 0.15479260525089328
      }
    },
    "PSO": {
      "entropy": 35.48150408800645,
      "time": 4.714100360870361,
      "metrics": {
        "psnr": 31.665362918521755,
        "ssim": 0.8972393485900233,
        "dice": 0.1568151060814339
      }
    },
    "OTSU": {
      "entropy": 33.44258891162531,
      "time": 0.0023658275604248047,
      "metrics": {
        "psnr": 31.747081891170165,
        "ssim": 0.8964988977059044,
        "dice": 0.15397100972848587
      }
    },
    "HYBRID-PA5": {
      "entropy": 35.89463943189065,
      "time": 5.043273210525513,
      "metrics": {
        "psnr": 33.270801919576016,
        "ssim": 0.9250549358864587,
        "dice": 0.15173541174066615
      }
    },
    "HYBRID-PA6": {
      "entropy": 35.67215311227069,
      "time": 2.260256767272949,
      "metrics": {
        "psnr": 33.19299358752781,
        "ssim": 0.9252212114410937,
        "dice": 0.15667043637639902
      }
    }
  }
}