{
  "algorithm": "PSO",
  "thresholds": [
    41,
    67,
    88,
    109,
    130,
    151,
    172,
    193,
    214,
    235
  ],
  "best_f": -37.07302314691595,
  "entropy": 37.07302314691595,
  "time": 3.872236728668213,
  "metrics": {
    "psnr": 32.35269287653274,
    "ssim": 0.8749382662488562,
    "boundary_dsc": 0.1363837116862468
  }
}