{
  "algorithm": "HYBRID-PA5",
  "thresholds": [
    39,
    65,
    86,
    107,
    128,
    149,
    170,
    191,
    212,
    233
  ],
  "best_f": -36.28038361592885,
  "entropy": 36.28038361592885,
  "time": 4.450466632843018,
  "metrics": {
    "psnr": 32.41807485819769,
    "ssim": 0.8613459771344288,
    "dice": 0.09844022153942501
  }
}