{
  "algorithm": "HYBRID-PA6",
  "thresholds": [
    35,
    60,
    81,
    102,
    123,
    145,
    167,
    190,
    210,
    232
  ],
  "best_f": -37.06165065628142,
  "entropy": 37.06165065628142,
  "time": 15.023798942565918,
  "metrics": {
    "psnr": 32.42806547306786,
    "ssim": 0.9255433990465495,
    "boundary_dsc": 0.16365357898183297
  }
}