{
  "algorithm": "HYBRID-PA6",
  "thresholds": [
    53,
    97,
    131,
    165,
    200
  ],
  "best_f": -22.81583739573552,
  "entropy": 22.81583739573552,
  "time": 1.8223402500152588,
  "metrics": {
    "psnr": 26.966478654323225,
    "ssim": 0.847491810314422,
    "dice": 0.13207614051256603
  }
}