{
  "image_name": "uploaded",
  "timestamp": "2026-04-18T10:33:41.930101",
  "total_time": 15.715802431106567,
  "best_overall_algo": "WOA",
  "best_overall_f": -16.47833620269426,
  "best_overall_entropy": 16.47833620269426,
  "results": {
    "GWO": {
      "entropy": 16.47827111168982,
      "time": 1.8406813144683838,
      "metrics": {
        "psnr": 25.27587385983722,
        "ssim": 0.7390534073247383,
        "dice": 0.2604225751559841
      }
    },
    "WOA": {
      "entropy": 16.47833620269426,
      "time": 1.6252038478851318,
      "metrics": {
        "psnr": 25.284813683123947,
        "ssim": 0.7394145177894993,
        "dice": 0.26102954183619315
      }
    },
    "PSO": {
      "entropy": 16.47833620269426,
      "time": 3.13594651222229,
      "metrics": {
        "psnr": 25.284813683123947,
        "ssim": 0.7394145177894993,
        "dice": 0.26102954183619315
      }
    },
    "OTSU": {
      "entropy": 16.2390827053058,
      "time": 0.037363529205322266,
      "metrics": {
        "psnr": 26.519957260826132,
        "ssim": 0.7541363145054909,
        "dice": 0.2474368592148037
      }
    },
    "HYBRID-PA5": {
      "entropy": 16.47833620269426,
      "time": 3.274994373321533,
      "metrics": {
        "psnr": 25.284813683123947,
        "ssim": 0.7394145177894993,
        "dice": 0.26102954183619315
      }
    },
    "HYBRID-PA6": {
      "entropy": 16.473670801007557,
      "time": 1.7494275569915771,
      "metrics": {
        "psnr": 25.19591736499787,
        "ssim": 0.7381372373478882,
        "dice": 0.2604443805277918
      }
    }
  }
}