{
  "algorithm": "WOA",
  "thresholds": [
    32,
    55,
    77,
    99,
    119,
    139,
    158,
    177,
    197,
    228
  ],
  "best_f": -36.500344647046205,
  "entropy": 36.500344647046205,
  "time": 2.7524006366729736,
  "metrics": {
    "psnr": 32.75619287337084,
    "ssim": 0.8670733594938648,
    "dice": 0.27648878576952823
  }
}