{
  "algorithm": "HYBRID-PA5",
  "thresholds": [
    27,
    48,
    70,
    94,
    114,
    137,
    163,
    187,
    210,
    233
  ],
  "best_f": -37.53927276899128,
  "entropy": 37.53927276899128,
  "time": 4.375328779220581,
  "metrics": {
    "psnr": 32.22450147288661,
    "ssim": 0.9016979087589462,
    "dice": 0.1465000265350528
  }
}