{
  "algorithm": "WOA",
  "thresholds": [
    34,
    60,
    87,
    113,
    138,
    162,
    186,
    210,
    233
  ],
  "best_f": -33.913384372648736,
  "entropy": 33.913384372648736,
  "time": 2.2850160598754883,
  "metrics": {
    "psnr": 27.01402187302014,
    "ssim": 0.8272294700352141,
    "dice": 0.24013327971505716
  }
}