{
  "algorithm": "HYBRID-PA5",
  "thresholds": [
    25,
    49,
    73,
    96,
    119,
    142,
    165,
    187,
    209,
    231
  ],
  "best_f": -37.33641045352102,
  "entropy": 37.33641045352102,
  "time": 4.819855690002441,
  "metrics": {
    "psnr": 32.20728333500905,
    "ssim": 0.8650185280509667,
    "dice": 0.20014469316537578
  }
}