{
  "algorithm": "OTSU",
  "thresholds": [
    23,
    46,
    70,
    93,
    116,
    139,
    162,
    185,
    209,
    232
  ],
  "best_f": -35.85756192565206,
  "entropy": 35.85756192565206,
  "time": 0.0035109519958496094,
  "metrics": {
    "psnr": 31.822156854551366,
    "ssim": 0.8500901508345261,
    "dice": 0.1013412204489905
  }
}