{
  "algorithm": "HYBRID-PA5",
  "thresholds": [
    31,
    56,
    79,
    102,
    123,
    144,
    166,
    188,
    210,
    233
  ],
  "best_f": -37.165956921472386,
  "entropy": 37.165956921472386,
  "time": 4.481736421585083,
  "metrics": {
    "psnr": 31.867270469649142,
    "ssim": 0.9140023103401848,
    "dice": 0.17110339258936466
  }
}