{
  "algorithm": "WOA",
  "thresholds": [
    27,
    54,
    80,
    106,
    127,
    148,
    169,
    190,
    211,
    232
  ],
  "best_f": -37.09088140617705,
  "entropy": 37.09088140617705,
  "time": 2.107915163040161,
  "metrics": {
    "psnr": 32.28822347936901,
    "ssim": 0.8841964071710781,
    "dice": 0.13923807432617885
  }
}