{
  "image_name": "uploaded",
  "timestamp": "2026-04-19T23:15:34.098847",
  "total_time": 19.398192882537842,
  "best_overall_algo": "PSO",
  "best_overall_f": -37.70036109769432,
  "best_overall_entropy": 37.70036109769432,
  "results": {
    "GWO": {
      "entropy": 37.029359056791854,
      "time": 2.419022560119629,
      "metrics": {
        "psnr": 31.54905205335202,
        "ssim": 0.9164764660832413,
        "dice": 0.24356868001210602
      }
    },
    "WOA": {
      "entropy": 37.66902295623957,
      "time": 2.222799777984619,
      "metrics": {
        "psnr": 31.454579792074547,
        "ssim": 0.9076445564656361,
        "dice": 0.24861461500312654
      }
    },
    "PSO": {
      "entropy": 37.70036109769432,
      "time": 4.165971755981445,
      "metrics": {
        "psnr": 31.803103606297153,
        "ssim": 0.9125555684569923,
        "dice": 0.24966084541010788
      }
    },
    "OTSU": {
      "entropy": 37.43524639982865,
      "time": 0.47922587394714355,
      "metrics": {
        "psnr": 32.15516642109997,
        "ssim": 0.9213310592149894,
        "dice": 0.24808932154903718
      }
    },
    "HYBRID-PA5": {
      "entropy": 37.68130137574971,
      "time": 4.279242515563965,
      "metrics": {
        "psnr": 31.48961022503576,
        "ssim": 0.9078636984921648,
        "dice": 0.2487732438016529
      }
    },
    "HYBRID-PA6": {
      "entropy": 37.31384955641623,
      "time": 2.0802018642425537,
      "metrics": {
        "psnr": 31.631977108223026,
        "ssim": 0.9165080700333236,
        "dice": 0.2452228259094324
      }
    }
  }
}