{
  "algorithm": "WOA",
  "thresholds": [
    41,
    64,
    87,
    111,
    132,
    151,
    170,
    190,
    211,
    232
  ],
  "best_f": -36.76422487041977,
  "entropy": 36.76422487041977,
  "time": 2.2480409145355225,
  "metrics": {
    "psnr": 32.599430280725905,
    "ssim": 0.9180102275987706,
    "dice": 0.15196891099345777
  }
}