{
  "image_name": "uploaded",
  "timestamp": "2026-04-18T16:33:22.181450",
  "total_time": 16.653406381607056,
  "best_overall_algo": "HYBRID-PA5",
  "best_overall_f": -23.400614189955604,
  "best_overall_entropy": 23.400614189955604,
  "results": {
    "GWO": {
      "entropy": 23.399254732239754,
      "time": 1.8935363292694092,
      "metrics": {
        "psnr": 27.189474008610194,
        "ssim": 0.77418336495541,
        "dice": 0.17118921872154436
      }
    },
    "WOA": {
      "entropy": 23.391719147821725,
      "time": 1.830824613571167,
      "metrics": {
        "psnr": 27.351721162932595,
        "ssim": 0.7784148021677908,
        "dice": 0.17625476436433585
      }
    },
    "PSO": {
      "entropy": 23.400295163598667,
      "time": 3.651858329772949,
      "metrics": {
        "psnr": 27.093489584812843,
        "ssim": 0.770314587921038,
        "dice": 0.16784020692628251
      }
    },
    "OTSU": {
      "entropy": 23.275496854314117,
      "time": 0.0020008087158203125,
      "metrics": {
        "psnr": 26.575518781731628,
        "ssim": 0.7574594577005956,
        "dice": 0.1650640401759645
      }
    },
    "HYBRID-PA5": {
      "entropy": 23.400614189955604,
      "time": 3.9852778911590576,
      "metrics": {
        "psnr": 27.079069013976536,
        "ssim": 0.7699116335951903,
        "dice": 0.16757952773042184
      }
    },
    "HYBRID-PA6": {
      "entropy": 23.38929222982766,
      "time": 1.8631069660186768,
      "metrics": {
        "psnr": 26.84730410507877,
        "ssim": 0.7631224788255235,
        "dice": 0.1632100662057866
      }
    }
  }
}