{
  "algorithm": "OTSU",
  "thresholds": [
    16,
    30,
    43,
    58,
    74,
    92,
    115,
    139,
    162,
    185
  ],
  "best_f": -35.74314418793801,
  "entropy": 35.74314418793801,
  "time": 0.554384708404541,
  "metrics": {
    "psnr": 34.10244244906601,
    "ssim": 0.9180644190043494,
    "boundary_dsc": 0.22519944979367262
  }
}