{
  "algorithm": "GWO",
  "thresholds": [
    48,
    96,
    145,
    200
  ],
  "best_f": -20.541493121523192,
  "entropy": 20.541493121523192,
  "time": 1.9990293979644775,
  "metrics": {
    "psnr": 25.798723410570695,
    "ssim": 0.7908835565349779,
    "dice": 0.20686842795141416
  }
}