{
  "image_name": "uploaded",
  "timestamp": "2026-04-19T18:20:20.782100",
  "total_time": 18.58748507499695,
  "best_overall_algo": "HYBRID-PA5",
  "best_overall_f": -35.9467196037384,
  "best_overall_entropy": 35.9467196037384,
  "results": {
    "GWO": {
      "entropy": 35.496614373496854,
      "time": 2.3570289611816406,
      "metrics": {
        "psnr": 31.897773632804828,
        "ssim": 0.9283599651889477,
        "dice": 0.13680837185559117
      }
    },
    "WOA": {
      "entropy": 35.91132043295825,
      "time": 2.063452959060669,
      "metrics": {
        "psnr": 32.31304791051698,
        "ssim": 0.9274474362052595,
        "dice": 0.13634857678363513
      }
    },
    "PSO": {
      "entropy": 35.68336117132764,
      "time": 4.018085241317749,
      "metrics": {
        "psnr": 31.432731005735562,
        "ssim": 0.9118861545307281,
        "dice": 0.14012814663466308
      }
    },
    "OTSU": {
      "entropy": 35.381004982080476,
      "time": 0.002003908157348633,
      "metrics": {
        "psnr": 31.8040661802951,
        "ssim": 0.9216968243615752,
        "dice": 0.13766228755522117
      }
    },
    "HYBRID-PA5": {
      "entropy": 35.9467196037384,
      "time": 4.231281757354736,
      "metrics": {
        "psnr": 32.359283693835444,
        "ssim": 0.9279742317751142,
        "dice": 0.1366375286429602
      }
    },
    "HYBRID-PA6": {
      "entropy": 35.854003932209785,
      "time": 2.155357837677002,
      "metrics": {
        "psnr": 31.963378247834488,
        "ssim": 0.9205710346169084,
        "dice": 0.1366883054709791
      }
    }
  }
}