{
  "algorithm": "HYBRID-PA6",
  "thresholds": [
    35,
    59,
    81,
    103,
    127,
    151,
    178,
    206,
    231
  ],
  "best_f": -33.873814876011494,
  "entropy": 33.873814876011494,
  "time": 2.0930724143981934,
  "metrics": {
    "psnr": 31.181591954377716,
    "ssim": 0.8488059633920566,
    "dice": 0.2532265843542008
  }
}