{
  "algorithm": "HYBRID-PA5",
  "thresholds": [
    25,
    51,
    77,
    102,
    127,
    151,
    174,
    197,
    221,
    245
  ],
  "best_f": -36.848591198814674,
  "entropy": 36.848591198814674,
  "time": 31.071118354797363,
  "metrics": {
    "psnr": 31.80063622398253,
    "ssim": 0.9275010847292589,
    "boundary_dsc": 0.12419700214132762
  }
}