{
  "config": {
    "root": "dataset/BDS500/images/val",
    "n_images": 100,
    "k": 10,
    "n_agents": 30,
    "n_iters": 100,
    "seed": 42,
    "woa_b": 1.0,
    "share_interval": 4,
    "strategies": [
      "PA1",
      "PA2",
      "PA3",
      "PA4",
      "PA5"
    ],
    "jitter_samples": 20,
    "jitter_delta": 2,
    "jitter_seed": 42,
    "conv_last_w": 10
  },
  "by_strategy": {
    "PA1": {
      "n_images": 100,
      "fe_mean": 0.04855263761230268,
      "fe_std": 0.002944170613173954,
      "time_mean_sec": 4.384080522060394
    },
    "PA2": {
      "n_images": 100,
      "fe_mean": 0.04869394090243058,
      "fe_std": 0.002983758943950597,
      "time_mean_sec": 4.418477056026458
    },
    "PA3": {
      "n_images": 100,
      "fe_mean": 0.0483972318083559,
      "fe_std": 0.0029300962037676335,
      "time_mean_sec": 4.467701318264008
    },
    "PA4": {
      "n_images": 100,
      "fe_mean": 0.04849625904773358,
      "fe_std": 0.002938199519583832,
      "time_mean_sec": 4.414619438648224
    },
    "PA5": {
      "n_images": 100,
      "fe_mean": 0.04867715905056498,
      "fe_std": 0.002901623418000175,
      "time_mean_sec": 8.870644116401673
    }
  }
}