{
  "algorithm": "HYBRID-PA6",
  "thresholds": [
    42,
    85,
    129,
    169,
    210
  ],
  "best_f": -23.889728180745234,
  "entropy": 23.889728180745234,
  "time": 1.8698277473449707,
  "metrics": {
    "psnr": 26.621617747218384,
    "ssim": 0.815511628873582,
    "dice": 0.11585892558490012
  }
}