{
  "algorithm": "OTSU",
  "thresholds": [
    20,
    37,
    50,
    62,
    73,
    84,
    96,
    110,
    127,
    150
  ],
  "best_f": -33.659538028762,
  "entropy": 33.659538028762,
  "time": 0.5036828517913818,
  "metrics": {
    "psnr": 35.717502852122394,
    "ssim": 0.9501808435507043,
    "boundary_dsc": 0.09623405670071934
  }
}