{
  "image_name": "uploaded",
  "timestamp": "2026-04-18T15:48:00.602361",
  "total_time": 18.74282193183899,
  "best_overall_algo": "HYBRID-PA5",
  "best_overall_f": -35.91349227508233,
  "best_overall_entropy": 35.91349227508233,
  "results": {
    "GWO": {
      "entropy": 35.496614373496854,
      "time": 2.1170384883880615,
      "metrics": {
        "psnr": 31.897773632804828,
        "ssim": 0.9283599651889477,
        "dice": 0.13680837185559117
      }
    },
    "WOA": {
      "entropy": 35.91132043295825,
      "time": 2.4094150066375732,
      "metrics": {
        "psnr": 32.31304791051698,
        "ssim": 0.9274474362052595,
        "dice": 0.13634857678363513
      }
    },
    "PSO": {
      "entropy": 35.6618961874661,
      "time": 4.259007215499878,
      "metrics": {
        "psnr": 31.20110011055629,
        "ssim": 0.9063999608524512,
        "dice": 0.13758127438231468
      }
    },
    "OTSU": {
      "entropy": 35.381004982080476,
      "time": 0.0,
      "metrics": {
        "psnr": 31.8040661802951,
        "ssim": 0.9216968243615752,
        "dice": 0.13766228755522117
      }
    },
    "HYBRID-PA5": {
      "entropy": 35.91349227508233,
      "time": 4.215196371078491,
      "metrics": {
        "psnr": 32.591043027898664,
        "ssim": 0.9321004357396261,
        "dice": 0.13628143701411286
      }
    },
    "HYBRID-PA6": {
      "entropy": 35.81045289237388,
      "time": 2.1865055561065674,
      "metrics": {
        "psnr": 32.36909429308233,
        "ssim": 0.9293706838061174,
        "dice": 0.13752074219339266
      }
    }
  }
}