{
  "image_name": "uploaded",
  "timestamp": "2026-04-19T18:22:47.438881",
  "total_time": 18.96236801147461,
  "best_overall_algo": "WOA",
  "best_overall_f": -36.82930554785081,
  "best_overall_entropy": 36.82930554785081,
  "results": {
    "GWO": {
      "entropy": 36.27492870989638,
      "time": 2.4435722827911377,
      "metrics": {
        "psnr": 32.459397381050074,
        "ssim": 0.9474798658221486,
        "dice": 0.12976797110770297
      }
    },
    "WOA": {
      "entropy": 36.82930554785081,
      "time": 2.0970780849456787,
      "metrics": {
        "psnr": 31.80474253415714,
        "ssim": 0.9284645092978491,
        "dice": 0.12692725879186495
      }
    },
    "PSO": {
      "entropy": 36.7612275342023,
      "time": 4.1174962520599365,
      "metrics": {
        "psnr": 31.78451521262509,
        "ssim": 0.9293586198664129,
        "dice": 0.1265970935335999
      }
    },
    "OTSU": {
      "entropy": 36.51698916724663,
      "time": 0.005110263824462891,
      "metrics": {
        "psnr": 31.85167844333955,
        "ssim": 0.9329844662088208,
        "dice": 0.1308083683199317
      }
    },
    "HYBRID-PA5": {
      "entropy": 36.828787741656335,
      "time": 4.339689016342163,
      "metrics": {
        "psnr": 31.860188676896275,
        "ssim": 0.9297396324291627,
        "dice": 0.12581739775900463
      }
    },
    "HYBRID-PA6": {
      "entropy": 36.668458312322464,
      "time": 2.0780210494995117,
      "metrics": {
        "psnr": 32.145486564348154,
        "ssim": 0.9375606029887211,
        "dice": 0.1295363565490842
      }
    }
  }
}