{
  "algorithm": "PSO",
  "thresholds": [
    24,
    48,
    73,
    98,
    123,
    149,
    173,
    196,
    219,
    240
  ],
  "best_f": -37.695873401328825,
  "entropy": 37.695873401328825,
  "time": 28.425110578536987,
  "metrics": {
    "psnr": 31.778578635064182,
    "ssim": 0.8897116912002582,
    "boundary_dsc": 0.3148215884868131
  }
}