{
  "algorithm": "OTSU",
  "thresholds": [
    23,
    46,
    70,
    93,
    116,
    139,
    162,
    185,
    209,
    232
  ],
  "best_f": -37.23528309393314,
  "entropy": 37.23528309393314,
  "time": 0.008046865463256836,
  "metrics": {
    "psnr": 31.79586067821989,
    "ssim": 0.935838551945811,
    "dice": 0.2560811844498462
  }
}