{
  "algorithm": "HYBRID-PA6",
  "thresholds": [
    31,
    55,
    75,
    95,
    119,
    142,
    165,
    189,
    210,
    233
  ],
  "best_f": -36.668458312322464,
  "entropy": 36.668458312322464,
  "time": 2.0780210494995117,
  "metrics": {
    "psnr": 32.145486564348154,
    "ssim": 0.9375606029887211,
    "dice": 0.1295363565490842
  }
}