{
  "algorithm": "HYBRID-PA5",
  "thresholds": [
    26,
    52,
    74,
    95,
    117,
    142,
    166,
    190,
    214,
    238
  ],
  "best_f": -37.04509662138922,
  "entropy": 37.04509662138922,
  "time": 4.834084510803223,
  "metrics": {
    "psnr": 31.771088984798123,
    "ssim": 0.9108935445565814,
    "dice": 0.15531574925317834
  }
}