{
  "algorithm": "HYBRID-PA6",
  "thresholds": [
    22,
    43,
    61,
    84,
    108,
    133,
    156,
    179,
    202,
    227
  ],
  "best_f": -37.29348179980453,
  "entropy": 37.29348179980453,
  "time": 2.427122116088867,
  "metrics": {
    "psnr": 32.137701003888296,
    "ssim": 0.8996003319593721,
    "dice": 0.11432388370618603
  }
}