{
  "algorithm": "OTSU",
  "thresholds": [
    59,
    85,
    103,
    119,
    135,
    150,
    165,
    182,
    201,
    225
  ],
  "best_f": -36.343502094254845,
  "entropy": 36.343502094254845,
  "time": 0.4616429805755615,
  "metrics": {
    "psnr": 33.58675749698372,
    "ssim": 0.9505908947199303,
    "boundary_dsc": 0.09626394197020513
  }
}