{
  "algorithm": "OTSU",
  "thresholds": [
    108,
    170
  ],
  "best_f": -12.91235321502949,
  "entropy": 12.91235321502949,
  "time": 0.0038270950317382812,
  "metrics": {
    "psnr": 24.342416084794078,
    "ssim": 0.7033603459745731,
    "dice": 0.273093095808654
  }
}