{
  "image_name": "uploaded",
  "timestamp": "2026-04-24T21:20:22.243662",
  "total_time": 108.66779160499573,
  "best_overall_algo": "HYBRID-PA5",
  "best_overall_f": -36.848591198814674,
  "best_overall_entropy": 36.848591198814674,
  "results": {
    "GWO": {
      "entropy": 35.572508015646164,
      "time": 14.824922323226929,
      "metrics": {
        "psnr": 31.474559533024653,
        "ssim": 0.9403206780239591,
        "boundary_dsc": 0.1223838681020566
      }
    },
    "WOA": {
      "entropy": 36.75625508537589,
      "time": 14.663896799087524,
      "metrics": {
        "psnr": 31.886042272640488,
        "ssim": 0.9307720847374388,
        "boundary_dsc": 0.12181406262642609
      }
    },
    "PSO": {
      "entropy": 36.40916979749659,
      "time": 28.961446046829224,
      "metrics": {
        "psnr": 32.371549849498635,
        "ssim": 0.9444988106156685,
        "boundary_dsc": 0.11963533820064125
      }
    },
    "OTSU": {
      "entropy": 35.86754645660593,
      "time": 0.44325780868530273,
      "metrics": {
        "psnr": 33.05486295432314,
        "ssim": 0.9522491712333804,
        "boundary_dsc": 0.11428038081015494
      }
    },
    "HYBRID-PA5": {
      "entropy": 36.848591198814674,
      "time": 31.071118354797363,
      "metrics": {
        "psnr": 31.80063622398253,
        "ssim": 0.9275010847292589,
        "boundary_dsc": 0.12419700214132762
      }
    },
    "HYBRID-PA6": {
      "entropy": 36.462829149457875,
      "time": 14.974170446395874,
      "metrics": {
        "psnr": 31.152418877508904,
        "ssim": 0.9147500043938525,
        "boundary_dsc": 0.12249208025343189
      }
    }
  }
}