{
  "image_name": "uploaded",
  "timestamp": "2026-04-18T22:27:13.509956",
  "total_time": 18.30409836769104,
  "best_overall_algo": "WOA",
  "best_overall_f": -37.3811730677496,
  "best_overall_entropy": 37.3811730677496,
  "results": {
    "GWO": {
      "entropy": 36.40790120690116,
      "time": 2.2516934871673584,
      "metrics": {
        "psnr": 29.507806652620157,
        "ssim": 0.8481419197722934,
        "dice": 0.1752304353885051
      }
    },
    "WOA": {
      "entropy": 37.3811730677496,
      "time": 2.08790922164917,
      "metrics": {
        "psnr": 31.880204127289538,
        "ssim": 0.8590206322526523,
        "dice": 0.19388249163210744
      }
    },
    "PSO": {
      "entropy": 37.2270869463099,
      "time": 3.9703359603881836,
      "metrics": {
        "psnr": 31.492211987169426,
        "ssim": 0.8532194218951369,
        "dice": 0.20340881094761362
      }
    },
    "OTSU": {
      "entropy": 37.32327731686907,
      "time": 0.0020165443420410156,
      "metrics": {
        "psnr": 32.05582175934414,
        "ssim": 0.8618334008086992,
        "dice": 0.18910962429233144
      }
    },
    "HYBRID-PA5": {
      "entropy": 37.34398826739855,
      "time": 4.048782110214233,
      "metrics": {
        "psnr": 31.698381177568052,
        "ssim": 0.8575883425259546,
        "dice": 0.19902975142746748
      }
    },
    "HYBRID-PA6": {
      "entropy": 36.99020463131593,
      "time": 2.010828733444214,
      "metrics": {
        "psnr": 29.689005351018643,
        "ssim": 0.846577175664925,
        "dice": 0.16676930182433994
      }
    }
  }
}