{
  "algorithm": "HYBRID-PA6",
  "thresholds": [
    37,
    61,
    83,
    106,
    128,
    149,
    170,
    191,
    211,
    232
  ],
  "best_f": -35.50463941267304,
  "entropy": 35.50463941267304,
  "time": 8.389544486999512,
  "metrics": {
    "psnr": 32.037164733453,
    "ssim": 0.9212920708436688,
    "boundary_dsc": 0.19022899567082607
  }
}