{
  "algorithm": "HYBRID-PA5",
  "thresholds": [
    23,
    47,
    72,
    99,
    120,
    144,
    172,
    200,
    226,
    245
  ],
  "best_f": -35.734393645802456,
  "entropy": 35.734393645802456,
  "time": 8.034354209899902,
  "metrics": {
    "psnr": 31.29326049562942,
    "ssim": 0.8608986972533651,
    "boundary_dsc": 0.19063894139886578
  }
}