{
  "algorithm": "HYBRID-PA5",
  "thresholds": [
    50,
    101,
    152,
    203
  ],
  "best_f": -20.822681638375794,
  "entropy": 20.822681638375794,
  "time": 3.3026227951049805,
  "metrics": {
    "psnr": 25.293736966142855,
    "ssim": 0.8121532096599322,
    "dice": 0.1514140127388535
  }
}