{
  "algorithm": "HYBRID-PA6",
  "thresholds": [
    48,
    75,
    101,
    119,
    135,
    150,
    167,
    186,
    207,
    229
  ],
  "best_f": -35.67215311227069,
  "entropy": 35.67215311227069,
  "time": 2.260256767272949,
  "metrics": {
    "psnr": 33.19299358752781,
    "ssim": 0.9252212114410937,
    "dice": 0.15667043637639902
  }
}