{
  "image_name": "uploaded",
  "timestamp": "2026-01-22T18:29:46.655671",
  "total_time": 183.26155710220337,
  "best_overall_algo": "HYBRID-PA5",
  "best_overall_f": -0.04470190908570375,
  "best_overall_entropy": 0.04470190908570375,
  "results": {
    "GWO": {
      "entropy": 0.04440647348860644,
      "time": 15.314491987228394,
      "metrics": {
        "psnr": 26.947892495277202,
        "ssim": 0.8758400952267774,
        "dice": 0.31764691043477167
      }
    },
    "WOA": {
      "entropy": 0.04438768205282676,
      "time": 18.46274757385254,
      "metrics": {
        "psnr": 23.97465007746488,
        "ssim": 0.7861091887636813,
        "dice": 0.30420214490734626
      }
    },
    "HYBRID-PA1": {
      "entropy": 0.04424475607577441,
      "time": 18.67995524406433,
      "metrics": {
        "psnr": 26.3985394154974,
        "ssim": 0.8686836621114904,
        "dice": 0.31429507205482216
      }
    },
    "HYBRID-PA2": {
      "entropy": 0.044522414672861055,
      "time": 18.467477798461914,
      "metrics": {
        "psnr": 26.208913664631723,
        "ssim": 0.8657426132185462,
        "dice": 0.3115473782863908
      }
    },
    "HYBRID-PA3": {
      "entropy": 0.04416182903415797,
      "time": 19.147730588912964,
      "metrics": {
        "psnr": 24.798586690511062,
        "ssim": 0.7966714026192773,
        "dice": 0.29723554134848756
      }
    },
    "HYBRID-PA4": {
      "entropy": 0.044526347765634425,
      "time": 18.51552700996399,
      "metrics": {
        "psnr": 26.31305635729189,
        "ssim": 0.8274070746660396,
        "dice": 0.30653468239763304
      }
    },
    "HYBRID-PA5": {
      "entropy": 0.04470190908570375,
      "time": 41.7282989025116,
      "metrics": {
        "psnr": 26.809585230853244,
        "ssim": 0.86444063739057,
        "dice": 0.3145950240850176
      }
    }
  }
}