{
  "algorithm": "GWO",
  "thresholds": [
    33,
    47,
    61,
    77,
    94,
    115,
    137,
    162,
    192,
    224
  ],
  "best_f": -35.50342006127972,
  "entropy": 35.50342006127972,
  "time": 15.162316799163818,
  "metrics": {
    "psnr": 32.14182224085663,
    "ssim": 0.9029682174103616,
    "boundary_dsc": 0.17804607921131857
  }
}