{
  "algorithm": "HYBRID-PA6",
  "thresholds": [
    36,
    64,
    84,
    101,
    118,
    135,
    158,
    181,
    203,
    227
  ],
  "best_f": -36.30413993534694,
  "entropy": 36.30413993534694,
  "time": 2.0922441482543945,
  "metrics": {
    "psnr": 32.155681571744594,
    "ssim": 0.8637396022259328,
    "dice": 0.1557427573453873
  }
}