{
  "algorithm": "HYBRID-PA5",
  "thresholds": [
    45,
    67,
    87,
    107,
    127,
    147,
    167,
    188,
    209,
    230
  ],
  "best_f": -35.90851508883018,
  "entropy": 35.90851508883018,
  "time": 36.26181769371033,
  "metrics": {
    "psnr": 33.117316395526714,
    "ssim": 0.9223291488825458,
    "boundary_dsc": 0.15278638837225322
  }
}