{
  "algorithm": "WOA",
  "thresholds": [
    9,
    32,
    55,
    79,
    103,
    128,
    153,
    178,
    203,
    229
  ],
  "best_f": -37.43993730934572,
  "entropy": 37.43993730934572,
  "time": 2.321944236755371,
  "metrics": {
    "psnr": 31.31135856149228,
    "ssim": 0.9177955069555181,
    "dice": 0.13063831910964716
  }
}