{
  "image_name": "uploaded",
  "timestamp": "2026-01-25T18:56:00.704021",
  "total_time": 94.4734160900116,
  "best_overall_algo": "GWO",
  "best_overall_f": -0.0446532829623693,
  "best_overall_entropy": 0.0446532829623693,
  "results": {
    "GWO": {
      "entropy": 0.0446532829623693,
      "time": 22.156923055648804,
      "metrics": {
        "psnr": 15.49732079553052,
        "ssim": 0.7059900851136456,
        "dice": 0.23291513667890656
      }
    },
    "WOA": {
      "entropy": 0.043275209096836645,
      "time": 22.008545398712158,
      "metrics": {
        "psnr": 17.005471017423012,
        "ssim": 0.7366519379729034,
        "dice": 0.22996319708511131
      }
    },
    "PSO": {
      "entropy": 0.04277859794963752,
      "time": 42.3881893157959,
      "metrics": {
        "psnr": 12.8571842935189,
        "ssim": 0.7028155291878591,
        "dice": 0.21178701791304574
      }
    }
  }
}