{
  "algorithm": "GWO",
  "thresholds": [
    29,
    45,
    60,
    76,
    95,
    119,
    144,
    172,
    201,
    228
  ],
  "best_f": -36.34556959716465,
  "entropy": 36.34556959716465,
  "time": 2.1886773109436035,
  "metrics": {
    "psnr": 31.931350157851433,
    "ssim": 0.8926241947590253,
    "boundary_dsc": 0.2838331410995771
  }
}