{
  "algorithm": "HYBRID-PA6",
  "thresholds": [
    35,
    56,
    75,
    94,
    114,
    134,
    155,
    180,
    205,
    230
  ],
  "best_f": -36.30561498609313,
  "entropy": 36.30561498609313,
  "time": 3.5846645832061768,
  "metrics": {
    "psnr": 32.01296805995827,
    "ssim": 0.8601049023331812,
    "dice": 0.2374448487405298
  }
}