{
  "algorithm": "PSO",
  "thresholds": [
    34,
    63,
    92,
    115,
    137,
    159,
    181,
    203,
    221,
    238
  ],
  "best_f": -36.33616043009422,
  "entropy": 36.33616043009422,
  "time": 15.271522045135498,
  "metrics": {
    "psnr": 32.41712762329806,
    "ssim": 0.8618309564296291,
    "dice": 0.20993135536296467
  }
}