{
  "algorithm": "HYBRID-PA5",
  "thresholds": [
    22,
    47,
    73,
    99,
    122,
    145,
    168,
    190,
    212,
    234
  ],
  "best_f": -37.10519230472545,
  "entropy": 37.10519230472545,
  "time": 4.468096733093262,
  "metrics": {
    "psnr": 31.981682073720215,
    "ssim": 0.911023246414663,
    "boundary_dsc": 0.18227399532534116
  }
}