{
  "algorithm": "PSO",
  "thresholds": [
    49,
    81,
    105,
    129,
    152,
    174,
    192,
    209,
    225,
    241
  ],
  "best_f": -35.48150408800645,
  "entropy": 35.48150408800645,
  "time": 4.370590448379517,
  "metrics": {
    "psnr": 31.665362918521755,
    "ssim": 0.8972393485900233,
    "dice": 0.1568151060814339
  }
}