{
  "algorithm": "HYBRID-PA6",
  "thresholds": [
    31,
    61,
    87,
    111,
    136,
    158,
    184,
    208,
    232
  ],
  "best_f": -33.84312732809394,
  "entropy": 33.84312732809394,
  "time": 2.1359660625457764,
  "metrics": {
    "psnr": 32.10349339404391,
    "ssim": 0.8643066040756604,
    "dice": 0.24611814753939862
  }
}