{
  "image_name": "uploaded",
  "timestamp": "2026-04-21T15:25:23.542366",
  "total_time": 19.198938608169556,
  "best_overall_algo": "HYBRID-PA5",
  "best_overall_f": -36.1254385131972,
  "best_overall_entropy": 36.1254385131972,
  "results": {
    "GWO": {
      "entropy": 35.786511228974476,
      "time": 2.199479341506958,
      "metrics": {
        "psnr": 32.595403289956,
        "ssim": 0.8942666395351799,
        "boundary_dsc": 0.1773800622301551
      }
    },
    "WOA": {
      "entropy": 36.09348341204505,
      "time": 2.2458064556121826,
      "metrics": {
        "psnr": 33.048283663279136,
        "ssim": 0.9003697843324633,
        "boundary_dsc": 0.1760883998861804
      }
    },
    "PSO": {
      "entropy": 35.820023839753084,
      "time": 4.206770658493042,
      "metrics": {
        "psnr": 32.612874825781816,
        "ssim": 0.8953861180234957,
        "boundary_dsc": 0.17722956483920072
      }
    },
    "OTSU": {
      "entropy": 35.74856300532739,
      "time": 0.4004671573638916,
      "metrics": {
        "psnr": 33.6261936901557,
        "ssim": 0.9133133226875015,
        "boundary_dsc": 0.16852274561342834
      }
    },
    "HYBRID-PA5": {
      "entropy": 36.1254385131972,
      "time": 4.273355960845947,
      "metrics": {
        "psnr": 32.724529076716244,
        "ssim": 0.8976081258764568,
        "boundary_dsc": 0.16951038127138832
      }
    },
    "HYBRID-PA6": {
      "entropy": 36.037521236109626,
      "time": 2.1608386039733887,
      "metrics": {
        "psnr": 32.91253627042738,
        "ssim": 0.8975140002206002,
        "boundary_dsc": 0.176740636514315
      }
    }
  }
}