{
  "algorithm": "GWO",
  "thresholds": [
    19,
    36,
    53,
    70,
    89,
    114,
    139,
    166,
    194,
    224
  ],
  "best_f": -37.16632002463975,
  "entropy": 37.16632002463975,
  "time": 14.805204629898071,
  "metrics": {
    "psnr": 31.286517331265035,
    "ssim": 0.8849548718074303,
    "boundary_dsc": 0.16177920291189565
  }
}