{
  "algorithm": "WOA",
  "thresholds": [
    33,
    54,
    76,
    98,
    120,
    142,
    165,
    188,
    211,
    233
  ],
  "best_f": -37.72850479871189,
  "entropy": 37.72850479871189,
  "time": 8.037567615509033,
  "metrics": {
    "psnr": 32.05181459456534,
    "ssim": 0.9527976881494289,
    "boundary_dsc": 0.15056264121227286
  }
}