{
  "algorithm": "WOA",
  "thresholds": [
    19,
    39,
    60,
    86,
    112,
    135,
    158,
    181,
    204,
    229
  ],
  "best_f": -36.58869803035659,
  "entropy": 36.58869803035659,
  "time": 2.043919086456299,
  "metrics": {
    "psnr": 31.816486711606547,
    "ssim": 0.9342284314522488,
    "boundary_dsc": 0.10379245509461135
  }
}