{
  "algorithm": "WOA",
  "thresholds": [
    35,
    61,
    82,
    111,
    133,
    152,
    171,
    190,
    209,
    232
  ],
  "best_f": -36.23040393904994,
  "entropy": 36.23040393904994,
  "time": 2.0364091396331787,
  "metrics": {
    "psnr": 33.41915870257034,
    "ssim": 0.8816892625750329,
    "dice": 0.22853588420220902
  }
}