{
  "algorithm": "HYBRID-PA5",
  "thresholds": [
    37,
    59,
    81,
    103,
    126,
    149,
    171,
    192,
    213,
    234
  ],
  "best_f": -37.32065361628219,
  "entropy": 37.32065361628219,
  "time": 4.024880647659302,
  "metrics": {
    "psnr": 32.0680959903982,
    "ssim": 0.9130592832185778,
    "boundary_dsc": 0.15728207386418028
  }
}