{
  "algorithm": "PSO",
  "thresholds": [
    43,
    64,
    85,
    104,
    123,
    141,
    160,
    179,
    199,
    219
  ],
  "best_f": -36.150229656506745,
  "entropy": 36.150229656506745,
  "time": 30.81137442588806,
  "metrics": {
    "psnr": 32.91885788218697,
    "ssim": 0.8496776747726098,
    "boundary_dsc": 0.16269395565539332
  }
}