{
  "algorithm": "HYBRID-PA6",
  "thresholds": [
    12,
    33,
    53,
    78,
    104,
    124,
    145,
    171,
    199,
    228
  ],
  "best_f": -36.90385647499321,
  "entropy": 36.90385647499321,
  "time": 2.3737239837646484,
  "metrics": {
    "psnr": 31.52191840871422,
    "ssim": 0.8320251122315312,
    "dice": 0.1874034566174113
  }
}