{
  "algorithm": "HYBRID-PA5",
  "thresholds": [
    25,
    49,
    71,
    93,
    115,
    137,
    160,
    184,
    208,
    232
  ],
  "best_f": -37.92798861918269,
  "entropy": 37.92798861918269,
  "time": 4.976865768432617,
  "metrics": {
    "psnr": 32.06775754953987,
    "ssim": 0.8944907699563148,
    "boundary_dsc": 0.07451701931922723
  }
}