{
  "algorithm": "HYBRID-PA6",
  "thresholds": [
    36,
    60,
    81,
    102,
    127,
    149,
    170,
    191,
    212,
    232
  ],
  "best_f": -36.895494376104295,
  "entropy": 36.895494376104295,
  "time": 2.033538579940796,
  "metrics": {
    "psnr": 32.2924732635195,
    "ssim": 0.8748156981274698,
    "boundary_dsc": 0.1403571588416954
  }
}