{
  "algorithm": "HYBRID-PA5",
  "thresholds": [
    25,
    46,
    67,
    87,
    107,
    127,
    147,
    167,
    187,
    207
  ],
  "best_f": -35.483373579650554,
  "entropy": 35.483373579650554,
  "time": 4.377551555633545,
  "metrics": {
    "psnr": 33.09894880092184,
    "ssim": 0.8778949338466447,
    "dice": 0.11896239583189375
  }
}