{
  "algorithm": "HYBRID-PA5",
  "thresholds": [
    23,
    45,
    66,
    88,
    112,
    136,
    161,
    186,
    212,
    239
  ],
  "best_f": -37.52991736494847,
  "entropy": 37.52991736494847,
  "time": 8.695454359054565,
  "metrics": {
    "psnr": 31.429999878830447,
    "ssim": 0.8873912960582784,
    "boundary_dsc": 0.34222726535905335
  }
}