{
  "algorithm": "PSO",
  "thresholds": [
    49,
    69,
    85,
    101,
    117,
    137,
    157,
    180,
    203,
    229
  ],
  "best_f": -35.820023839753084,
  "entropy": 35.820023839753084,
  "time": 4.206770658493042,
  "metrics": {
    "psnr": 32.612874825781816,
    "ssim": 0.8953861180234957,
    "boundary_dsc": 0.17722956483920072
  }
}