{
  "algorithm": "WOA",
  "thresholds": [
    39,
    67,
    90,
    110,
    130,
    150,
    171,
    192,
    213,
    234
  ],
  "best_f": -36.546407135249204,
  "entropy": 36.546407135249204,
  "time": 16.427730560302734,
  "metrics": {
    "psnr": 31.587030486031647,
    "ssim": 0.8735696318886901,
    "boundary_dsc": 0.09171533636166991
  }
}