{
  "algorithm": "OTSU",
  "thresholds": [
    30,
    55,
    74,
    89,
    102,
    114,
    126,
    140,
    162,
    205
  ],
  "best_f": -35.71985417249408,
  "entropy": 35.71985417249408,
  "time": 0.5344831943511963,
  "metrics": {
    "psnr": 34.63192551531642,
    "ssim": 0.9578940800243381,
    "boundary_dsc": 0.09241196357224891
  }
}