{
  "algorithm": "OTSU",
  "thresholds": [
    42,
    85,
    128,
    170,
    212
  ],
  "best_f": -23.275496854314117,
  "entropy": 23.275496854314117,
  "time": 0.0020008087158203125,
  "metrics": {
    "psnr": 26.575518781731628,
    "ssim": 0.7574594577005956,
    "dice": 0.1650640401759645
  }
}