{
  "algorithm": "HYBRID-PA6",
  "thresholds": [
    28,
    57,
    88,
    119,
    148,
    176,
    204,
    232
  ],
  "best_f": -31.817639879870075,
  "entropy": 31.817639879870075,
  "time": 2.1407930850982666,
  "metrics": {
    "psnr": 30.88572791461319,
    "ssim": 0.9376682664807804,
    "dice": 0.22988121131002176
  }
}