{
  "algorithm": "HYBRID-PA6",
  "thresholds": [
    34,
    51,
    64,
    77,
    91,
    108,
    126,
    147,
    168,
    190
  ],
  "best_f": -33.329399284296215,
  "entropy": 33.329399284296215,
  "time": 2.031071424484253,
  "metrics": {
    "psnr": 33.834002255169075,
    "ssim": 0.8746502815035401,
    "dice": 0.1265891896107948
  }
}