{
  "image_name": "uploaded",
  "timestamp": "2026-04-21T15:21:29.910863",
  "total_time": 20.49140238761902,
  "best_overall_algo": "PSO",
  "best_overall_f": -36.84727619560624,
  "best_overall_entropy": 36.84727619560624,
  "results": {
    "GWO": {
      "entropy": 36.35990377576113,
      "time": 2.1678080558776855,
      "metrics": {
        "psnr": 32.13571010828932,
        "ssim": 0.863881296396734,
        "boundary_dsc": 0.16540413326469075
      }
    },
    "WOA": {
      "entropy": 36.76730337008237,
      "time": 2.1753530502319336,
      "metrics": {
        "psnr": 32.30294981685566,
        "ssim": 0.8435595615878616,
        "boundary_dsc": 0.1825518589352893
      }
    },
    "PSO": {
      "entropy": 36.84727619560624,
      "time": 4.202854156494141,
      "metrics": {
        "psnr": 32.47960329110767,
        "ssim": 0.8544212927590482,
        "boundary_dsc": 0.17772769348412285
      }
    },
    "OTSU": {
      "entropy": 35.20386365536554,
      "time": 0.4537675380706787,
      "metrics": {
        "psnr": 34.408441388643205,
        "ssim": 0.9085420764487853,
        "boundary_dsc": 0.13626615497488573
      }
    },
    "HYBRID-PA5": {
      "entropy": 36.82298442549046,
      "time": 4.805217742919922,
      "metrics": {
        "psnr": 32.4567210618687,
        "ssim": 0.8478259875803824,
        "boundary_dsc": 0.17737089964274114
      }
    },
    "HYBRID-PA6": {
      "entropy": 36.773738802797354,
      "time": 2.41841459274292,
      "metrics": {
        "psnr": 32.30232869833978,
        "ssim": 0.8455368308516524,
        "boundary_dsc": 0.17984483327830966
      }
    }
  }
}