{
  "algorithm": "OTSU",
  "thresholds": [
    42,
    85,
    128,
    170,
    212
  ],
  "best_f": -22.923107061256847,
  "entropy": 22.923107061256847,
  "time": 0.006360769271850586,
  "metrics": {
    "psnr": 23.76666883081521,
    "ssim": 0.7473724829458084,
    "dice": 0.26531552280055276
  }
}