{
  "image_index": 1,
  "image_path": "dataset/BDS500/images/val\\101087.jpg",
  "k": 10,
  "strategies": {
    "PA1": {
      "fe_best": 0.0352166184380259,
      "thresholds": [
        1,
        2,
        4,
        9,
        14,
        19,
        30,
        71,
        234,
        246
      ],
      "time_sec": 3.866971731185913,
      "stability_jitter": {
        "fe_mean": 0.03513979252658408,
        "fe_std": 3.942398016147483e-05,
        "fe_min": 0.03508071715519408,
        "fe_max": 0.0352166184380259,
        "fe_original": 0.0352166184380259
      },
      "stability_convergence": {
        "fe_last_mean": 0.035216618438025905,
        "fe_last_std": 6.938893903907228e-18,
        "fe_improvement": 0.0005438077569130673,
        "fe_first": 0.03467281068111283,
        "fe_last": 0.0352166184380259
      }
    },
    "PA2": {
      "fe_best": 0.03538572313469361,
      "thresholds": [
        1,
        11,
        100,
        187,
        200,
        235,
        243,
        250,
        251,
        254
      ],
      "time_sec": 3.879607915878296,
      "stability_jitter": {
        "fe_mean": 0.03457545181389567,
        "fe_std": 0.0004348071193187773,
        "fe_min": 0.033729925806674735,
        "fe_max": 0.03538572313469361,
        "fe_original": 0.03538572313469361
      },
      "stability_convergence": {
        "fe_last_mean": 0.03538572313469361,
        "fe_last_std": 0.0,
        "fe_improvement": 0.0006457759860298007,
        "fe_first": 0.03473994714866381,
        "fe_last": 0.03538572313469361
      }
    },
    "PA3": {
      "fe_best": 0.035235430040572044,
      "thresholds": [
        7,
        20,
        112,
        155,
        160,
        188,
        209,
        240,
        251,
        252
      ],
      "time_sec": 3.938647508621216,
      "stability_jitter": {
        "fe_mean": 0.034355063789069065,
        "fe_std": 0.0005322597469504219,
        "fe_min": 0.03340608863617295,
        "fe_max": 0.035235430040572044,
        "fe_original": 0.035235430040572044
      },
      "stability_convergence": {
        "fe_last_mean": 0.035203458877022586,
        "fe_last_std": 1.662107216039408e-05,
        "fe_improvement": 0.0005626193594592127,
        "fe_first": 0.03467281068111283,
        "fe_last": 0.035235430040572044
      }
    },
    "PA4": {
      "fe_best": 0.03544258021827819,
      "thresholds": [
        17,
        25,
        175,
        231,
        234,
        237,
        239,
        250,
        251,
        254
      ],
      "time_sec": 3.8777663707733154,
      "stability_jitter": {
        "fe_mean": 0.03467685914863855,
        "fe_std": 0.00043823781481494,
        "fe_min": 0.03378215073926111,
        "fe_max": 0.03544258021827819,
        "fe_original": 0.03544258021827819
      },
      "stability_convergence": {
        "fe_last_mean": 0.03538566448661671,
        "fe_last_std": 5.692202848707415e-05,
        "fe_improvement": 0.0007026330696143779,
        "fe_first": 0.03473994714866381,
        "fe_last": 0.03544258021827819
      }
    },
    "PA5": {
      "fe_best": 0.03529630853356676,
      "thresholds": [
        1,
        2,
        3,
        5,
        6,
        9,
        10,
        80,
        231,
        248
      ],
      "time_sec": 7.907523155212402,
      "stability_jitter": {
        "fe_mean": 0.0351718893192359,
        "fe_std": 7.774389736761464e-05,
        "fe_min": 0.03503663513891474,
        "fe_max": 0.03529630853356676,
        "fe_original": 0.03529630853356676
      },
      "stability_convergence": {
        "fe_last_mean": 0.03528592878007876,
        "fe_last_std": 1.2053850902671018e-05,
        "fe_improvement": 0.0006234978524539275,
        "fe_first": 0.03467281068111283,
        "fe_last": 0.03529630853356676
      }
    }
  }
}