{
  "image_index": 19,
  "image_path": "dataset/BDS500/images/val\\147091.jpg",
  "k": 10,
  "strategies": {
    "PA1": {
      "fe_best": 0.05025587063030383,
      "thresholds": [
        103,
        106,
        107,
        110,
        115,
        118,
        119,
        126,
        251,
        254
      ],
      "time_sec": 3.76938796043396,
      "stability_jitter": {
        "fe_mean": 0.04955636837446916,
        "fe_std": 0.00024715583815716454,
        "fe_min": 0.04917100597329192,
        "fe_max": 0.05025587063030383,
        "fe_original": 0.05025587063030383
      },
      "stability_convergence": {
        "fe_last_mean": 0.05025587063030383,
        "fe_last_std": 0.0,
        "fe_improvement": 0.0013602049141585026,
        "fe_first": 0.04889566571614533,
        "fe_last": 0.05025587063030383
      }
    },
    "PA2": {
      "fe_best": 0.04990549517200504,
      "thresholds": [
        99,
        100,
        103,
        112,
        115,
        124,
        249,
        252,
        253,
        254
      ],
      "time_sec": 3.786388874053955,
      "stability_jitter": {
        "fe_mean": 0.04949655263066895,
        "fe_std": 0.0001861633271732547,
        "fe_min": 0.049009584779162015,
        "fe_max": 0.04990549517200504,
        "fe_original": 0.04990549517200504
      },
      "stability_convergence": {
        "fe_last_mean": 0.049738444192732253,
        "fe_last_std": 0.00011644631849297008,
        "fe_improvement": 0.001879605458694679,
        "fe_first": 0.048025889713310364,
        "fe_last": 0.04990549517200504
      }
    },
    "PA3": {
      "fe_best": 0.050195168971804344,
      "thresholds": [
        98,
        101,
        106,
        109,
        110,
        113,
        114,
        129,
        252,
        254
      ],
      "time_sec": 3.7636451721191406,
      "stability_jitter": {
        "fe_mean": 0.04959888906354534,
        "fe_std": 0.0002459947113381058,
        "fe_min": 0.049131052935815704,
        "fe_max": 0.050195168971804344,
        "fe_original": 0.050195168971804344
      },
      "stability_convergence": {
        "fe_last_mean": 0.05018603239959202,
        "fe_last_std": 8.018939470961986e-06,
        "fe_improvement": 0.0012995032556590153,
        "fe_first": 0.04889566571614533,
        "fe_last": 0.050195168971804344
      }
    },
    "PA4": {
      "fe_best": 0.049470916345406415,
      "thresholds": [
        77,
        80,
        81,
        92,
        143,
        239,
        242,
        243,
        249,
        254
      ],
      "time_sec": 3.809035062789917,
      "stability_jitter": {
        "fe_mean": 0.04927123815040215,
        "fe_std": 7.276250686194443e-05,
        "fe_min": 0.04910916656360453,
        "fe_max": 0.049470916345406415,
        "fe_original": 0.049470916345406415
      },
      "stability_convergence": {
        "fe_last_mean": 0.049415153058725,
        "fe_last_std": 7.648972304061712e-05,
        "fe_improvement": 0.0014450266320960511,
        "fe_first": 0.048025889713310364,
        "fe_last": 0.049470916345406415
      }
    },
    "PA5": {
      "fe_best": 0.048971898346407826,
      "thresholds": [
        1,
        2,
        3,
        4,
        144,
        174,
        251,
        252,
        253,
        254
      ],
      "time_sec": 7.762531518936157,
      "stability_jitter": {
        "fe_mean": 0.04891826908068847,
        "fe_std": 4.874635505989557e-05,
        "fe_min": 0.04882908100342097,
        "fe_max": 0.04899453901346769,
        "fe_original": 0.048971898346407826
      },
      "stability_convergence": {
        "fe_last_mean": 0.04897189834640782,
        "fe_last_std": 6.938893903907228e-18,
        "fe_improvement": 0.0004670505582077267,
        "fe_first": 0.0485048477882001,
        "fe_last": 0.048971898346407826
      }
    }
  }
}