{
  "image_index": 14,
  "image_path": "dataset/BDS500/images/val\\130026.jpg",
  "k": 10,
  "strategies": {
    "PA1": {
      "fe_best": 0.04864035240615822,
      "thresholds": [
        2,
        4,
        5,
        6,
        16,
        244,
        247,
        248,
        251,
        252
      ],
      "time_sec": 3.790147542953491,
      "stability_jitter": {
        "fe_mean": 0.048121573501071234,
        "fe_std": 0.0002146957542491528,
        "fe_min": 0.04765900363153929,
        "fe_max": 0.04864035240615822,
        "fe_original": 0.04864035240615822
      },
      "stability_convergence": {
        "fe_last_mean": 0.04864035240615822,
        "fe_last_std": 0.0,
        "fe_improvement": 0.001439448819813123,
        "fe_first": 0.0472009035863451,
        "fe_last": 0.04864035240615822
      }
    },
    "PA2": {
      "fe_best": 0.04848638312968736,
      "thresholds": [
        1,
        2,
        4,
        5,
        10,
        241,
        247,
        250,
        251,
        254
      ],
      "time_sec": 3.8138186931610107,
      "stability_jitter": {
        "fe_mean": 0.0481498929303993,
        "fe_std": 0.00016528592061941231,
        "fe_min": 0.04782169796993876,
        "fe_max": 0.04848638312968736,
        "fe_original": 0.04848638312968736
      },
      "stability_convergence": {
        "fe_last_mean": 0.04848638312968735,
        "fe_last_std": 6.938893903907228e-18,
        "fe_improvement": 0.0012854795433422592,
        "fe_first": 0.0472009035863451,
        "fe_last": 0.04848638312968736
      }
    },
    "PA3": {
      "fe_best": 0.048468215813104225,
      "thresholds": [
        1,
        2,
        3,
        4,
        5,
        6,
        17,
        250,
        251,
        254
      ],
      "time_sec": 3.7715981006622314,
      "stability_jitter": {
        "fe_mean": 0.04815369714306829,
        "fe_std": 0.00016658053320959537,
        "fe_min": 0.047833094487046035,
        "fe_max": 0.04847641038425109,
        "fe_original": 0.048468215813104225
      },
      "stability_convergence": {
        "fe_last_mean": 0.048468215813104225,
        "fe_last_std": 0.0,
        "fe_improvement": 0.001267312226759125,
        "fe_first": 0.0472009035863451,
        "fe_last": 0.048468215813104225
      }
    },
    "PA4": {
      "fe_best": 0.04842597242785104,
      "thresholds": [
        5,
        20,
        229,
        231,
        237,
        246,
        247,
        250,
        251,
        254
      ],
      "time_sec": 3.8209338188171387,
      "stability_jitter": {
        "fe_mean": 0.04803345457551783,
        "fe_std": 0.00019350486819152653,
        "fe_min": 0.04774795216510747,
        "fe_max": 0.04842597242785104,
        "fe_original": 0.04842597242785104
      },
      "stability_convergence": {
        "fe_last_mean": 0.04837914148914386,
        "fe_last_std": 7.154922708358791e-05,
        "fe_improvement": 0.0012250688415059371,
        "fe_first": 0.0472009035863451,
        "fe_last": 0.04842597242785104
      }
    },
    "PA5": {
      "fe_best": 0.050797714601747895,
      "thresholds": [
        231,
        232,
        235,
        236,
        243,
        246,
        247,
        250,
        251,
        254
      ],
      "time_sec": 7.743866443634033,
      "stability_jitter": {
        "fe_mean": 0.050247924127176026,
        "fe_std": 0.00018904550439544158,
        "fe_min": 0.050017843039819744,
        "fe_max": 0.050797714601747895,
        "fe_original": 0.050797714601747895
      },
      "stability_convergence": {
        "fe_last_mean": 0.05077800129204577,
        "fe_last_std": 3.011257796936571e-05,
        "fe_improvement": 0.0035968110154027955,
        "fe_first": 0.0472009035863451,
        "fe_last": 0.050797714601747895
      }
    }
  }
}