{
  "image_index": 21,
  "image_path": "dataset/BDS500/images/val\\148089.jpg",
  "k": 10,
  "strategies": {
    "PA1": {
      "fe_best": 0.04955018258515986,
      "thresholds": [
        1,
        3,
        4,
        6,
        7,
        10,
        11,
        14,
        15,
        18
      ],
      "time_sec": 3.8894360065460205,
      "stability_jitter": {
        "fe_mean": 0.047919519517057384,
        "fe_std": 0.0009644265236855941,
        "fe_min": 0.04607149226301825,
        "fe_max": 0.04955018258515986,
        "fe_original": 0.04955018258515986
      },
      "stability_convergence": {
        "fe_last_mean": 0.04955018258515986,
        "fe_last_std": 0.0,
        "fe_improvement": 0.002893507083321936,
        "fe_first": 0.04665667550183793,
        "fe_last": 0.04955018258515986
      }
    },
    "PA2": {
      "fe_best": 0.04944209390943902,
      "thresholds": [
        1,
        2,
        4,
        5,
        8,
        11,
        12,
        15,
        16,
        19
      ],
      "time_sec": 3.737208843231201,
      "stability_jitter": {
        "fe_mean": 0.04790788850242195,
        "fe_std": 0.0009470279356885098,
        "fe_min": 0.04640713433042707,
        "fe_max": 0.04944209390943902,
        "fe_original": 0.04944209390943902
      },
      "stability_convergence": {
        "fe_last_mean": 0.04943616331411328,
        "fe_last_std": 1.1861190651463182e-05,
        "fe_improvement": 0.0027854184076010896,
        "fe_first": 0.04665667550183793,
        "fe_last": 0.04944209390943902
      }
    },
    "PA3": {
      "fe_best": 0.04685036419639545,
      "thresholds": [
        6,
        67,
        84,
        111,
        120,
        123,
        124,
        131,
        144,
        243
      ],
      "time_sec": 3.761164903640747,
      "stability_jitter": {
        "fe_mean": 0.04638293765649683,
        "fe_std": 0.00020425116660221547,
        "fe_min": 0.04597941997712718,
        "fe_max": 0.04685036419639545,
        "fe_original": 0.04685036419639545
      },
      "stability_convergence": {
        "fe_last_mean": 0.04685036419639545,
        "fe_last_std": 0.0,
        "fe_improvement": 0.00019368869455752002,
        "fe_first": 0.04665667550183793,
        "fe_last": 0.04685036419639545
      }
    },
    "PA4": {
      "fe_best": 0.04680601250284916,
      "thresholds": [
        6,
        69,
        87,
        110,
        119,
        122,
        123,
        130,
        144,
        239
      ],
      "time_sec": 3.721294403076172,
      "stability_jitter": {
        "fe_mean": 0.046392838272684936,
        "fe_std": 0.00020137090195038285,
        "fe_min": 0.045933385170095736,
        "fe_max": 0.04680601250284916,
        "fe_original": 0.04680601250284916
      },
      "stability_convergence": {
        "fe_last_mean": 0.046760957257218703,
        "fe_last_std": 2.771352814187373e-05,
        "fe_improvement": 0.00014933700101123215,
        "fe_first": 0.04665667550183793,
        "fe_last": 0.04680601250284916
      }
    },
    "PA5": {
      "fe_best": 0.04851435937749601,
      "thresholds": [
        199,
        246,
        247,
        248,
        249,
        250,
        251,
        252,
        253,
        254
      ],
      "time_sec": 7.711085557937622,
      "stability_jitter": {
        "fe_mean": 0.04850138701961438,
        "fe_std": 1.3362900770132822e-05,
        "fe_min": 0.04846449925257659,
        "fe_max": 0.04851435937749601,
        "fe_original": 0.04851435937749601
      },
      "stability_convergence": {
        "fe_last_mean": 0.048514359377496,
        "fe_last_std": 6.938893903907228e-18,
        "fe_improvement": 0.0018576838756580796,
        "fe_first": 0.04665667550183793,
        "fe_last": 0.04851435937749601
      }
    }
  }
}