{
  "image_index": 22,
  "image_path": "dataset/BDS500/images/val\\156065.jpg",
  "k": 10,
  "strategies": {
    "PA1": {
      "fe_best": 0.047700819409942176,
      "thresholds": [
        51,
        56,
        59,
        60,
        63,
        64,
        79,
        84,
        119,
        252
      ],
      "time_sec": 3.77402925491333,
      "stability_jitter": {
        "fe_mean": 0.04644552958992526,
        "fe_std": 0.0005556980504886655,
        "fe_min": 0.04525590842057374,
        "fe_max": 0.047700819409942176,
        "fe_original": 0.047700819409942176
      },
      "stability_convergence": {
        "fe_last_mean": 0.04770081940994218,
        "fe_last_std": 6.938893903907228e-18,
        "fe_improvement": 0.0010690156325953368,
        "fe_first": 0.04663180377734684,
        "fe_last": 0.047700819409942176
      }
    },
    "PA2": {
      "fe_best": 0.04711353405374123,
      "thresholds": [
        6,
        102,
        105,
        106,
        113,
        114,
        129,
        138,
        157,
        246
      ],
      "time_sec": 3.7762458324432373,
      "stability_jitter": {
        "fe_mean": 0.04620297318447764,
        "fe_std": 0.00042310773039732215,
        "fe_min": 0.04527994591271042,
        "fe_max": 0.04711353405374123,
        "fe_original": 0.04711353405374123
      },
      "stability_convergence": {
        "fe_last_mean": 0.04711353405374123,
        "fe_last_std": 0.0,
        "fe_improvement": 0.0004291349783681758,
        "fe_first": 0.046684399075373056,
        "fe_last": 0.04711353405374123
      }
    },
    "PA3": {
      "fe_best": 0.046991321018046,
      "thresholds": [
        1,
        2,
        161,
        246,
        247,
        248,
        251,
        252,
        253,
        254
      ],
      "time_sec": 3.810563564300537,
      "stability_jitter": {
        "fe_mean": 0.046884368226772485,
        "fe_std": 9.006550363551988e-05,
        "fe_min": 0.04664794363280838,
        "fe_max": 0.046991321018046,
        "fe_original": 0.046991321018046
      },
      "stability_convergence": {
        "fe_last_mean": 0.04698840536538122,
        "fe_last_std": 1.920221058794785e-06,
        "fe_improvement": 0.0003595172406991587,
        "fe_first": 0.04663180377734684,
        "fe_last": 0.046991321018046
      }
    },
    "PA4": {
      "fe_best": 0.047121337716483705,
      "thresholds": [
        3,
        83,
        96,
        107,
        108,
        115,
        116,
        119,
        152,
        208
      ],
      "time_sec": 3.7499282360076904,
      "stability_jitter": {
        "fe_mean": 0.04623028384060572,
        "fe_std": 0.0004351028158850472,
        "fe_min": 0.04547143152702815,
        "fe_max": 0.047121337716483705,
        "fe_original": 0.047121337716483705
      },
      "stability_convergence": {
        "fe_last_mean": 0.047121337716483705,
        "fe_last_std": 0.0,
        "fe_improvement": 0.0004369386411106485,
        "fe_first": 0.046684399075373056,
        "fe_last": 0.047121337716483705
      }
    },
    "PA5": {
      "fe_best": 0.04710801268653968,
      "thresholds": [
        167,
        244,
        245,
        248,
        249,
        250,
        251,
        252,
        253,
        254
      ],
      "time_sec": 7.609476566314697,
      "stability_jitter": {
        "fe_mean": 0.04709588653678103,
        "fe_std": 5.925783897661306e-06,
        "fe_min": 0.04708348201701668,
        "fe_max": 0.04710817967091314,
        "fe_original": 0.04710801268653968
      },
      "stability_convergence": {
        "fe_last_mean": 0.04710682321638924,
        "fe_last_std": 6.748403812000463e-07,
        "fe_improvement": 0.00027036359049990855,
        "fe_first": 0.04683764909603977,
        "fe_last": 0.04710801268653968
      }
    }
  }
}