{
  "image_index": 23,
  "image_path": "dataset/BDS500/images/val\\157055.jpg",
  "k": 10,
  "strategies": {
    "PA1": {
      "fe_best": 0.050551170612706045,
      "thresholds": [
        1,
        2,
        4,
        5,
        6,
        7,
        9,
        21,
        23,
        24
      ],
      "time_sec": 3.710947275161743,
      "stability_jitter": {
        "fe_mean": 0.050534638747258886,
        "fe_std": 8.543262787452254e-06,
        "fe_min": 0.050520079547327665,
        "fe_max": 0.050551170612706045,
        "fe_original": 0.050551170612706045
      },
      "stability_convergence": {
        "fe_last_mean": 0.050551170612706045,
        "fe_last_std": 0.0,
        "fe_improvement": 0.004365587962723745,
        "fe_first": 0.0461855826499823,
        "fe_last": 0.050551170612706045
      }
    },
    "PA2": {
      "fe_best": 0.050551170612706045,
      "thresholds": [
        1,
        2,
        4,
        5,
        6,
        7,
        9,
        14,
        23,
        24
      ],
      "time_sec": 3.6896910667419434,
      "stability_jitter": {
        "fe_mean": 0.05053401312814651,
        "fe_std": 7.897296766655918e-06,
        "fe_min": 0.050520079547327665,
        "fe_max": 0.050551170612706045,
        "fe_original": 0.050551170612706045
      },
      "stability_convergence": {
        "fe_last_mean": 0.050551170612706045,
        "fe_last_std": 0.0,
        "fe_improvement": 0.0035521405138495624,
        "fe_first": 0.04699903009885648,
        "fe_last": 0.050551170612706045
      }
    },
    "PA3": {
      "fe_best": 0.050551170612706045,
      "thresholds": [
        1,
        2,
        3,
        4,
        5,
        14,
        17,
        18,
        23,
        24
      ],
      "time_sec": 3.748359203338623,
      "stability_jitter": {
        "fe_mean": 0.05053401312814651,
        "fe_std": 7.897296766655918e-06,
        "fe_min": 0.050520079547327665,
        "fe_max": 0.050551170612706045,
        "fe_original": 0.050551170612706045
      },
      "stability_convergence": {
        "fe_last_mean": 0.050551170612706045,
        "fe_last_std": 0.0,
        "fe_improvement": 0.004365587962723745,
        "fe_first": 0.0461855826499823,
        "fe_last": 0.050551170612706045
      }
    },
    "PA4": {
      "fe_best": 0.050551170612706045,
      "thresholds": [
        1,
        2,
        3,
        4,
        5,
        9,
        10,
        11,
        23,
        24
      ],
      "time_sec": 3.717728853225708,
      "stability_jitter": {
        "fe_mean": 0.05053401312814651,
        "fe_std": 7.897296766655918e-06,
        "fe_min": 0.050520079547327665,
        "fe_max": 0.050551170612706045,
        "fe_original": 0.050551170612706045
      },
      "stability_convergence": {
        "fe_last_mean": 0.050551170612706045,
        "fe_last_std": 0.0,
        "fe_improvement": 0.0035521405138495624,
        "fe_first": 0.04699903009885648,
        "fe_last": 0.050551170612706045
      }
    },
    "PA5": {
      "fe_best": 0.050551170612706045,
      "thresholds": [
        1,
        3,
        4,
        5,
        6,
        8,
        10,
        16,
        23,
        24
      ],
      "time_sec": 7.891901731491089,
      "stability_jitter": {
        "fe_mean": 0.05053401312814651,
        "fe_std": 7.897296766655918e-06,
        "fe_min": 0.050520079547327665,
        "fe_max": 0.050551170612706045,
        "fe_original": 0.050551170612706045
      },
      "stability_convergence": {
        "fe_last_mean": 0.050551170612706045,
        "fe_last_std": 0.0,
        "fe_improvement": 0.003057630171973219,
        "fe_first": 0.047493540440732826,
        "fe_last": 0.050551170612706045
      }
    }
  }
}