{
  "image_index": 28,
  "image_path": "dataset/BDS500/images/val\\167062.jpg",
  "k": 10,
  "strategies": {
    "PA1": {
      "fe_best": 0.04340105615562147,
      "thresholds": [
        51,
        67,
        68,
        72,
        79,
        91,
        145,
        150,
        243,
        248
      ],
      "time_sec": 4.530038118362427,
      "stability_jitter": {
        "fe_mean": 0.04311473642609751,
        "fe_std": 0.00021408885175836938,
        "fe_min": 0.042766726805963724,
        "fe_max": 0.04341994116361195,
        "fe_original": 0.04340105615562147
      },
      "stability_convergence": {
        "fe_last_mean": 0.04339342899651706,
        "fe_last_std": 6.455732337922258e-06,
        "fe_improvement": 0.0015835194814985201,
        "fe_first": 0.04181753667412295,
        "fe_last": 0.04340105615562147
      }
    },
    "PA2": {
      "fe_best": 0.04444382233698631,
      "thresholds": [
        2,
        98,
        111,
        194,
        213,
        242,
        247,
        250,
        251,
        254
      ],
      "time_sec": 4.276153564453125,
      "stability_jitter": {
        "fe_mean": 0.04154891968248102,
        "fe_std": 0.0015743337898194464,
        "fe_min": 0.038483349050143674,
        "fe_max": 0.04444382233698631,
        "fe_original": 0.04444382233698631
      },
      "stability_convergence": {
        "fe_last_mean": 0.04444382233698631,
        "fe_last_std": 0.0,
        "fe_improvement": 0.00242142062465997,
        "fe_first": 0.04202240171232634,
        "fe_last": 0.04444382233698631
      }
    },
    "PA3": {
      "fe_best": 0.04361234321250388,
      "thresholds": [
        55,
        64,
        83,
        103,
        106,
        115,
        122,
        162,
        251,
        252
      ],
      "time_sec": 3.7332632541656494,
      "stability_jitter": {
        "fe_mean": 0.04081932761639438,
        "fe_std": 0.00197037162850198,
        "fe_min": 0.03769437443163686,
        "fe_max": 0.04361234321250388,
        "fe_original": 0.04361234321250388
      },
      "stability_convergence": {
        "fe_last_mean": 0.043568528398525166,
        "fe_last_std": 1.557536963382743e-05,
        "fe_improvement": 0.001794806538380933,
        "fe_first": 0.04181753667412295,
        "fe_last": 0.04361234321250388
      }
    },
    "PA4": {
      "fe_best": 0.04430198901184122,
      "thresholds": [
        53,
        72,
        77,
        85,
        124,
        146,
        190,
        250,
        251,
        254
      ],
      "time_sec": 4.864799499511719,
      "stability_jitter": {
        "fe_mean": 0.04175844734444318,
        "fe_std": 0.0016085693468373588,
        "fe_min": 0.03820040071245372,
        "fe_max": 0.04430198901184122,
        "fe_original": 0.04430198901184122
      },
      "stability_convergence": {
        "fe_last_mean": 0.04429848271215537,
        "fe_last_std": 1.753149842928514e-06,
        "fe_improvement": 0.0022795872995148847,
        "fe_first": 0.04202240171232634,
        "fe_last": 0.04430198901184122
      }
    },
    "PA5": {
      "fe_best": 0.0444890098178314,
      "thresholds": [
        51,
        52,
        86,
        93,
        111,
        183,
        231,
        250,
        251,
        254
      ],
      "time_sec": 8.32588791847229,
      "stability_jitter": {
        "fe_mean": 0.041910658160282284,
        "fe_std": 0.0015695104636800062,
        "fe_min": 0.03857780217366372,
        "fe_max": 0.0444890098178314,
        "fe_original": 0.0444890098178314
      },
      "stability_convergence": {
        "fe_last_mean": 0.044470420269088914,
        "fe_last_std": 6.563860102275986e-06,
        "fe_improvement": 0.0014911073277352263,
        "fe_first": 0.042997902490096176,
        "fe_last": 0.0444890098178314
      }
    }
  }
}