{
  "image_index": 59,
  "image_path": "dataset/BDS500/images/val\\296059.jpg",
  "k": 10,
  "strategies": {
    "PA1": {
      "fe_best": 0.04855989057103556,
      "thresholds": [
        1,
        2,
        3,
        4,
        5,
        6,
        7,
        92,
        253,
        254
      ],
      "time_sec": 4.255262613296509,
      "stability_jitter": {
        "fe_mean": 0.04832946935533845,
        "fe_std": 0.00011237438871494124,
        "fe_min": 0.048134814578016674,
        "fe_max": 0.04855989057103556,
        "fe_original": 0.04855989057103556
      },
      "stability_convergence": {
        "fe_last_mean": 0.04855989057103556,
        "fe_last_std": 0.0,
        "fe_improvement": 0.001807339380235147,
        "fe_first": 0.046752551190800413,
        "fe_last": 0.04855989057103556
      }
    },
    "PA2": {
      "fe_best": 0.04855989057103556,
      "thresholds": [
        1,
        2,
        3,
        4,
        5,
        6,
        7,
        92,
        253,
        254
      ],
      "time_sec": 3.8241028785705566,
      "stability_jitter": {
        "fe_mean": 0.04832946935533845,
        "fe_std": 0.00011237438871494124,
        "fe_min": 0.048134814578016674,
        "fe_max": 0.04855989057103556,
        "fe_original": 0.04855989057103556
      },
      "stability_convergence": {
        "fe_last_mean": 0.04855989057103556,
        "fe_last_std": 0.0,
        "fe_improvement": 0.0013048690556206888,
        "fe_first": 0.04725502151541487,
        "fe_last": 0.04855989057103556
      }
    },
    "PA3": {
      "fe_best": 0.04855989057103556,
      "thresholds": [
        1,
        2,
        3,
        4,
        5,
        6,
        7,
        92,
        253,
        254
      ],
      "time_sec": 3.8870201110839844,
      "stability_jitter": {
        "fe_mean": 0.04832946935533845,
        "fe_std": 0.00011237438871494124,
        "fe_min": 0.048134814578016674,
        "fe_max": 0.04855989057103556,
        "fe_original": 0.04855989057103556
      },
      "stability_convergence": {
        "fe_last_mean": 0.04855989057103556,
        "fe_last_std": 0.0,
        "fe_improvement": 0.001807339380235147,
        "fe_first": 0.046752551190800413,
        "fe_last": 0.04855989057103556
      }
    },
    "PA4": {
      "fe_best": 0.048974715655503195,
      "thresholds": [
        1,
        2,
        99,
        248,
        249,
        250,
        251,
        252,
        253,
        254
      ],
      "time_sec": 3.805006265640259,
      "stability_jitter": {
        "fe_mean": 0.048851402705874285,
        "fe_std": 8.880349785651422e-05,
        "fe_min": 0.04868662150482163,
        "fe_max": 0.048974715655503195,
        "fe_original": 0.048974715655503195
      },
      "stability_convergence": {
        "fe_last_mean": 0.048974715655503195,
        "fe_last_std": 0.0,
        "fe_improvement": 0.0017196941400883237,
        "fe_first": 0.04725502151541487,
        "fe_last": 0.048974715655503195
      }
    },
    "PA5": {
      "fe_best": 0.04846090810894364,
      "thresholds": [
        1,
        2,
        3,
        4,
        5,
        6,
        7,
        8,
        91,
        254
      ],
      "time_sec": 7.805172681808472,
      "stability_jitter": {
        "fe_mean": 0.04821729321150535,
        "fe_std": 0.0001207600223628683,
        "fe_min": 0.047988421347459655,
        "fe_max": 0.04846090810894364,
        "fe_original": 0.04846090810894364
      },
      "stability_convergence": {
        "fe_last_mean": 0.04846090810894364,
        "fe_last_std": 0.0,
        "fe_improvement": 0.001582419224934184,
        "fe_first": 0.04687848888400946,
        "fe_last": 0.04846090810894364
      }
    }
  }
}