{
  "image_index": 74,
  "image_path": "dataset/BDS500/images/val\\385039.jpg",
  "k": 10,
  "strategies": {
    "PA1": {
      "fe_best": 0.050091608391482315,
      "thresholds": [
        1,
        2,
        3,
        5,
        6,
        8,
        9,
        13,
        34,
        81
      ],
      "time_sec": 3.6971378326416016,
      "stability_jitter": {
        "fe_mean": 0.04992148666652966,
        "fe_std": 0.0001459761667116472,
        "fe_min": 0.04962708073610732,
        "fe_max": 0.05010011080252886,
        "fe_original": 0.050091608391482315
      },
      "stability_convergence": {
        "fe_last_mean": 0.05007644637394949,
        "fe_last_std": 1.2379735475515022e-05,
        "fe_improvement": 0.003386461848721406,
        "fe_first": 0.04670514654276091,
        "fe_last": 0.050091608391482315
      }
    },
    "PA2": {
      "fe_best": 0.0518831712452591,
      "thresholds": [
        241,
        242,
        245,
        246,
        249,
        250,
        251,
        252,
        253,
        254
      ],
      "time_sec": 3.7209854125976562,
      "stability_jitter": {
        "fe_mean": 0.05166795522999911,
        "fe_std": 0.00012154575698115791,
        "fe_min": 0.051414909817883804,
        "fe_max": 0.0518831712452591,
        "fe_original": 0.0518831712452591
      },
      "stability_convergence": {
        "fe_last_mean": 0.05188317124525911,
        "fe_last_std": 6.938893903907228e-18,
        "fe_improvement": 0.003330009836705658,
        "fe_first": 0.048553161408553445,
        "fe_last": 0.0518831712452591
      }
    },
    "PA3": {
      "fe_best": 0.049510905588849234,
      "thresholds": [
        1,
        2,
        119,
        211,
        224,
        235,
        236,
        243,
        247,
        254
      ],
      "time_sec": 3.739814281463623,
      "stability_jitter": {
        "fe_mean": 0.04932815987518702,
        "fe_std": 0.00010133813464238453,
        "fe_min": 0.04914046920853596,
        "fe_max": 0.049510905588849234,
        "fe_original": 0.049510905588849234
      },
      "stability_convergence": {
        "fe_last_mean": 0.049494063643897,
        "fe_last_std": 2.0627085704511333e-05,
        "fe_improvement": 0.0028057590460883255,
        "fe_first": 0.04670514654276091,
        "fe_last": 0.049510905588849234
      }
    },
    "PA4": {
      "fe_best": 0.049607245047310726,
      "thresholds": [
        1,
        124,
        200,
        201,
        204,
        209,
        220,
        225,
        244,
        248
      ],
      "time_sec": 3.7886435985565186,
      "stability_jitter": {
        "fe_mean": 0.04910634986303615,
        "fe_std": 0.00024447025564099296,
        "fe_min": 0.048585037393212176,
        "fe_max": 0.049607245047310726,
        "fe_original": 0.049607245047310726
      },
      "stability_convergence": {
        "fe_last_mean": 0.049607245047310726,
        "fe_last_std": 0.0,
        "fe_improvement": 0.0010540836387572805,
        "fe_first": 0.048553161408553445,
        "fe_last": 0.049607245047310726
      }
    },
    "PA5": {
      "fe_best": 0.05194435100612975,
      "thresholds": [
        239,
        240,
        243,
        244,
        247,
        248,
        251,
        252,
        253,
        254
      ],
      "time_sec": 7.737553119659424,
      "stability_jitter": {
        "fe_mean": 0.051625818752438525,
        "fe_std": 0.00016357552517396416,
        "fe_min": 0.05129869628578399,
        "fe_max": 0.05194435100612975,
        "fe_original": 0.05194435100612975
      },
      "stability_convergence": {
        "fe_last_mean": 0.05193472930014538,
        "fe_last_std": 1.9363166057948873e-05,
        "fe_improvement": 0.004023759954564443,
        "fe_first": 0.047920591051565306,
        "fe_last": 0.05194435100612975
      }
    }
  }
}