{
  "image_index": 91,
  "image_path": "dataset/BDS500/images/val\\78004.jpg",
  "k": 10,
  "strategies": {
    "PA1": {
      "fe_best": 0.04809740440990998,
      "thresholds": [
        1,
        6,
        13,
        18,
        33,
        38,
        41,
        70,
        97,
        174
      ],
      "time_sec": 3.247690439224243,
      "stability_jitter": {
        "fe_mean": 0.047181006746519066,
        "fe_std": 0.0004839493420932292,
        "fe_min": 0.04567377048524589,
        "fe_max": 0.04809740440990998,
        "fe_original": 0.04809740440990998
      },
      "stability_convergence": {
        "fe_last_mean": 0.04809558054814428,
        "fe_last_std": 1.8238617656950173e-06,
        "fe_improvement": 0.001113379953558799,
        "fe_first": 0.04698402445635118,
        "fe_last": 0.04809740440990998
      }
    },
    "PA2": {
      "fe_best": 0.048559790708097676,
      "thresholds": [
        1,
        4,
        6,
        7,
        10,
        11,
        14,
        24,
        215,
        220
      ],
      "time_sec": 3.1330907344818115,
      "stability_jitter": {
        "fe_mean": 0.04718945771934335,
        "fe_std": 0.001131700370809771,
        "fe_min": 0.045132445791664866,
        "fe_max": 0.048559790708097676,
        "fe_original": 0.048559790708097676
      },
      "stability_convergence": {
        "fe_last_mean": 0.04847620147597492,
        "fe_last_std": 5.4397075978265333e-05,
        "fe_improvement": 0.001575766251746498,
        "fe_first": 0.04698402445635118,
        "fe_last": 0.048559790708097676
      }
    },
    "PA3": {
      "fe_best": 0.048425158447883074,
      "thresholds": [
        6,
        60,
        138,
        139,
        142,
        143,
        146,
        147,
        150,
        155
      ],
      "time_sec": 3.2237603664398193,
      "stability_jitter": {
        "fe_mean": 0.04743205573160137,
        "fe_std": 0.00038134962303980704,
        "fe_min": 0.0467864351355516,
        "fe_max": 0.048425158447883074,
        "fe_original": 0.048425158447883074
      },
      "stability_convergence": {
        "fe_last_mean": 0.04837886606635879,
        "fe_last_std": 3.0307276266089842e-05,
        "fe_improvement": 0.0014411339915318955,
        "fe_first": 0.04698402445635118,
        "fe_last": 0.048425158447883074
      }
    },
    "PA4": {
      "fe_best": 0.048050266274985896,
      "thresholds": [
        4,
        75,
        102,
        103,
        114,
        134,
        139,
        142,
        143,
        160
      ],
      "time_sec": 3.1609621047973633,
      "stability_jitter": {
        "fe_mean": 0.047516791549695535,
        "fe_std": 0.0002472223149625085,
        "fe_min": 0.04686731460088453,
        "fe_max": 0.048050266274985896,
        "fe_original": 0.048050266274985896
      },
      "stability_convergence": {
        "fe_last_mean": 0.04805026627498589,
        "fe_last_std": 6.938893903907228e-18,
        "fe_improvement": 0.001066241818634718,
        "fe_first": 0.04698402445635118,
        "fe_last": 0.048050266274985896
      }
    },
    "PA5": {
      "fe_best": 0.04906114283772879,
      "thresholds": [
        1,
        4,
        5,
        8,
        9,
        12,
        13,
        16,
        33,
        188
      ],
      "time_sec": 6.348104238510132,
      "stability_jitter": {
        "fe_mean": 0.047604334134538115,
        "fe_std": 0.0011137570141321297,
        "fe_min": 0.04559516218606206,
        "fe_max": 0.04906114283772879,
        "fe_original": 0.04906114283772879
      },
      "stability_convergence": {
        "fe_last_mean": 0.04906114283772879,
        "fe_last_std": 0.0,
        "fe_improvement": 0.0018150105742376077,
        "fe_first": 0.04724613226349118,
        "fe_last": 0.04906114283772879
      }
    }
  }
}