{
  "image_index": 92,
  "image_path": "dataset/BDS500/images/val\\8023.jpg",
  "k": 10,
  "strategies": {
    "PA1": {
      "fe_best": 0.04898017405759189,
      "thresholds": [
        1,
        3,
        5,
        7,
        12,
        14,
        109,
        246,
        247,
        250
      ],
      "time_sec": 3.116497755050659,
      "stability_jitter": {
        "fe_mean": 0.04894423570581557,
        "fe_std": 1.5991081793738327e-05,
        "fe_min": 0.04890074131470197,
        "fe_max": 0.04898017405759189,
        "fe_original": 0.04898017405759189
      },
      "stability_convergence": {
        "fe_last_mean": 0.0489801740575919,
        "fe_last_std": 6.938893903907228e-18,
        "fe_improvement": 0.0025102153108812336,
        "fe_first": 0.04646995874671066,
        "fe_last": 0.04898017405759189
      }
    },
    "PA2": {
      "fe_best": 0.048972470738694596,
      "thresholds": [
        1,
        3,
        4,
        5,
        7,
        9,
        112,
        245,
        252,
        254
      ],
      "time_sec": 3.2427256107330322,
      "stability_jitter": {
        "fe_mean": 0.04894759275890749,
        "fe_std": 1.5748341975911828e-05,
        "fe_min": 0.048904916656047015,
        "fe_max": 0.048972470738694596,
        "fe_original": 0.048972470738694596
      },
      "stability_convergence": {
        "fe_last_mean": 0.048972470738694596,
        "fe_last_std": 0.0,
        "fe_improvement": 0.001290693969173369,
        "fe_first": 0.04768177676952123,
        "fe_last": 0.048972470738694596
      }
    },
    "PA3": {
      "fe_best": 0.048975939759199776,
      "thresholds": [
        2,
        3,
        4,
        6,
        7,
        12,
        13,
        108,
        249,
        252
      ],
      "time_sec": 3.10390043258667,
      "stability_jitter": {
        "fe_mean": 0.04894555643467415,
        "fe_std": 2.3251408598938855e-05,
        "fe_min": 0.048886783229385444,
        "fe_max": 0.048975939759199776,
        "fe_original": 0.048975939759199776
      },
      "stability_convergence": {
        "fe_last_mean": 0.04897230387129349,
        "fe_last_std": 3.0666884517931828e-06,
        "fe_improvement": 0.0025059810124891183,
        "fe_first": 0.04646995874671066,
        "fe_last": 0.048975939759199776
      }
    },
    "PA4": {
      "fe_best": 0.048956959853595966,
      "thresholds": [
        1,
        2,
        3,
        9,
        21,
        22,
        23,
        26,
        99,
        254
      ],
      "time_sec": 3.3047969341278076,
      "stability_jitter": {
        "fe_mean": 0.04892883744252208,
        "fe_std": 2.042506643959358e-05,
        "fe_min": 0.04887647677888414,
        "fe_max": 0.048956959853595966,
        "fe_original": 0.048956959853595966
      },
      "stability_convergence": {
        "fe_last_mean": 0.04895688449360841,
        "fe_last_std": 2.260799626695176e-07,
        "fe_improvement": 0.0012751830840747394,
        "fe_first": 0.04768177676952123,
        "fe_last": 0.048956959853595966
      }
    },
    "PA5": {
      "fe_best": 0.048975994593106864,
      "thresholds": [
        1,
        2,
        3,
        4,
        8,
        12,
        13,
        108,
        249,
        252
      ],
      "time_sec": 6.290936708450317,
      "stability_jitter": {
        "fe_mean": 0.048945667417230686,
        "fe_std": 2.3083581362653733e-05,
        "fe_min": 0.04888796237845878,
        "fe_max": 0.048975994593106864,
        "fe_original": 0.048975994593106864
      },
      "stability_convergence": {
        "fe_last_mean": 0.0489731545653912,
        "fe_last_std": 2.3204335712594116e-06,
        "fe_improvement": 0.0019426434205222498,
        "fe_first": 0.047033351172584614,
        "fe_last": 0.048975994593106864
      }
    }
  }
}