{
  "image_index": 99,
  "image_path": "dataset/BDS500/images/val\\97033.jpg",
  "k": 10,
  "strategies": {
    "PA1": {
      "fe_best": 0.04601865462341641,
      "thresholds": [
        1,
        2,
        3,
        4,
        5,
        6,
        7,
        8,
        159,
        244
      ],
      "time_sec": 3.109689474105835,
      "stability_jitter": {
        "fe_mean": 0.045789028684050534,
        "fe_std": 9.864482480142325e-05,
        "fe_min": 0.04561156571791056,
        "fe_max": 0.04601865462341641,
        "fe_original": 0.04601865462341641
      },
      "stability_convergence": {
        "fe_last_mean": 0.04601865462341641,
        "fe_last_std": 0.0,
        "fe_improvement": 0.002352142683783115,
        "fe_first": 0.04366651193963329,
        "fe_last": 0.04601865462341641
      }
    },
    "PA2": {
      "fe_best": 0.04651798514896503,
      "thresholds": [
        1,
        2,
        3,
        4,
        5,
        6,
        159,
        228,
        247,
        248
      ],
      "time_sec": 3.0495729446411133,
      "stability_jitter": {
        "fe_mean": 0.04595585673642125,
        "fe_std": 0.0002736385707988401,
        "fe_min": 0.045446851008585226,
        "fe_max": 0.04651798514896503,
        "fe_original": 0.04651798514896503
      },
      "stability_convergence": {
        "fe_last_mean": 0.04651798514896503,
        "fe_last_std": 0.0,
        "fe_improvement": 0.0027964026185827023,
        "fe_first": 0.04372158253038233,
        "fe_last": 0.04651798514896503
      }
    },
    "PA3": {
      "fe_best": 0.046587981942139464,
      "thresholds": [
        1,
        3,
        5,
        6,
        7,
        10,
        156,
        240,
        251,
        252
      ],
      "time_sec": 4.423292636871338,
      "stability_jitter": {
        "fe_mean": 0.045062331026343744,
        "fe_std": 0.0008537509872669675,
        "fe_min": 0.04342220841970133,
        "fe_max": 0.046587981942139464,
        "fe_original": 0.046587981942139464
      },
      "stability_convergence": {
        "fe_last_mean": 0.04648943041255043,
        "fe_last_std": 5.059573880533107e-05,
        "fe_improvement": 0.0029214700025061713,
        "fe_first": 0.04366651193963329,
        "fe_last": 0.046587981942139464
      }
    },
    "PA4": {
      "fe_best": 0.04514615391571089,
      "thresholds": [
        1,
        2,
        11,
        33,
        34,
        37,
        62,
        189,
        191,
        240
      ],
      "time_sec": 3.7610366344451904,
      "stability_jitter": {
        "fe_mean": 0.044872371124361994,
        "fe_std": 0.00012364779892015627,
        "fe_min": 0.04465716963831423,
        "fe_max": 0.04514615391571089,
        "fe_original": 0.04514615391571089
      },
      "stability_convergence": {
        "fe_last_mean": 0.04509734371060821,
        "fe_last_std": 4.9411169549410426e-05,
        "fe_improvement": 0.0014245713853285602,
        "fe_first": 0.04372158253038233,
        "fe_last": 0.04514615391571089
      }
    },
    "PA5": {
      "fe_best": 0.04689467711183752,
      "thresholds": [
        1,
        2,
        3,
        5,
        6,
        7,
        159,
        250,
        251,
        254
      ],
      "time_sec": 12.34662389755249,
      "stability_jitter": {
        "fe_mean": 0.04541398041334173,
        "fe_std": 0.000751409655516136,
        "fe_min": 0.043906454047885866,
        "fe_max": 0.04689467711183752,
        "fe_original": 0.04689467711183752
      },
      "stability_convergence": {
        "fe_last_mean": 0.04689467711183752,
        "fe_last_std": 0.0,
        "fe_improvement": 0.0026948861470509552,
        "fe_first": 0.044199790964786566,
        "fe_last": 0.04689467711183752
      }
    }
  }
}