{
  "image_name": "uploaded",
  "timestamp": "2026-04-18T16:26:24.928288",
  "total_time": 19.316813707351685,
  "best_overall_algo": "WOA",
  "best_overall_f": -37.262565506349056,
  "best_overall_entropy": 37.262565506349056,
  "results": {
    "GWO": {
      "entropy": 36.24746431473305,
      "time": 2.432218074798584,
      "metrics": {
        "psnr": 32.22521409086041,
        "ssim": 0.9216589113954489,
        "dice": 0.182669849336516
      }
    },
    "WOA": {
      "entropy": 37.262565506349056,
      "time": 2.297363519668579,
      "metrics": {
        "psnr": 31.61180266366939,
        "ssim": 0.9136473799332658,
        "dice": 0.17200119265222522
      }
    },
    "PSO": {
      "entropy": 37.08933127179588,
      "time": 4.1728901863098145,
      "metrics": {
        "psnr": 32.41888035908159,
        "ssim": 0.9241476575113791,
        "dice": 0.17636215986284948
      }
    },
    "OTSU": {
      "entropy": 37.22636605538481,
      "time": 0.004647493362426758,
      "metrics": {
        "psnr": 31.800142522848684,
        "ssim": 0.9174530353822468,
        "dice": 0.17616155200021175
      }
    },
    "HYBRID-PA5": {
      "entropy": 37.165956921472386,
      "time": 4.481736421585083,
      "metrics": {
        "psnr": 31.867270469649142,
        "ssim": 0.9140023103401848,
        "dice": 0.17110339258936466
      }
    },
    "HYBRID-PA6": {
      "entropy": 36.56521474050774,
      "time": 2.236856460571289,
      "metrics": {
        "psnr": 31.515385517011758,
        "ssim": 0.9081171858954357,
        "dice": 0.17529757304065544
      }
    }
  }
}