{
  "image_name": "uploaded",
  "timestamp": "2026-04-18T15:01:54.863076",
  "total_time": 17.605857610702515,
  "best_overall_algo": "HYBRID-PA6",
  "best_overall_f": -37.275689824455704,
  "best_overall_entropy": 37.275689824455704,
  "results": {
    "GWO": {
      "entropy": 36.24746431473305,
      "time": 2.0631632804870605,
      "metrics": {
        "psnr": 32.22521409086041,
        "ssim": 0.9216589113954489,
        "dice": 0.182669849336516
      }
    },
    "WOA": {
      "entropy": 37.262565506349056,
      "time": 2.0004849433898926,
      "metrics": {
        "psnr": 31.61180266366939,
        "ssim": 0.9136473799332658,
        "dice": 0.17200119265222522
      }
    },
    "PSO": {
      "entropy": 36.8676170669312,
      "time": 3.860583543777466,
      "metrics": {
        "psnr": 32.44504319660906,
        "ssim": 0.9214846833803033,
        "dice": 0.17720252450100057
      }
    },
    "OTSU": {
      "entropy": 37.22636605538481,
      "time": 0.006719112396240234,
      "metrics": {
        "psnr": 31.800142522848684,
        "ssim": 0.9174530353822468,
        "dice": 0.17616155200021175
      }
    },
    "HYBRID-PA5": {
      "entropy": 37.21976151368288,
      "time": 3.9716403484344482,
      "metrics": {
        "psnr": 31.65592203365208,
        "ssim": 0.9128428263454206,
        "dice": 0.17171730325958146
      }
    },
    "HYBRID-PA6": {
      "entropy": 37.275689824455704,
      "time": 2.2149200439453125,
      "metrics": {
        "psnr": 31.60454799828301,
        "ssim": 0.9134607217592384,
        "dice": 0.1721395487629254
      }
    }
  }
}