{
  "algorithm": "HYBRID-PA6",
  "fe": 36.988283764204695,
  "entropy": 36.988283764204695,
  "boundary_dsc": 0.2732228441810266,
  "psnr": 31.957871148859567,
  "ssim": 0.8944574114280492,
  "time": 13.804797887802124,
  "thresholds": [
    32,
    57,
    80,
    103,
    127,
    149,
    174,
    199,
    220,
    238
  ],
  "best_f": -36.988283764204695,
  "convergence_iterations": 80,
  "objective_name": "FE + light penalties",
  "penalty_mode": "light",
  "history_length": 80,
  "paths": {
    "segmented": "outputs/runs/20260424_214004__single__uploaded__k10/algorithms/HYBRID-PA6/segmented.png",
    "overlay": "outputs/runs/20260424_214004__single__uploaded__k10/algorithms/HYBRID-PA6/overlay.png",
    "histogram": "outputs/runs/20260424_214004__single__uploaded__k10/algorithms/HYBRID-PA6/histogram.png"
  },
  "metrics": {
    "psnr": 31.957871148859567,
    "ssim": 0.8944574114280492,
    "boundary_dsc": 0.2732228441810266
  }
}