{
  "algorithm": "HYBRID-PA5",
  "thresholds": [
    19,
    44,
    69,
    94,
    117,
    140,
    163,
    186,
    209,
    232
  ],
  "best_f": -36.41143730884331,
  "entropy": 36.41143730884331,
  "time": 4.36236310005188,
  "metrics": {
    "psnr": 31.59574355614835,
    "ssim": 0.8753493377784526,
    "dice": 0.09318119329117404
  }
}