{
  "algorithm": "WOA",
  "thresholds": [
    20,
    40,
    60,
    80,
    104,
    128,
    152,
    176,
    200,
    224
  ],
  "best_f": -37.25055952990035,
  "entropy": 37.25055952990035,
  "time": 17.96332335472107,
  "metrics": {
    "psnr": 31.857625628421413,
    "ssim": 0.9028551592316802,
    "boundary_dsc": 0.10387336345613911
  }
}