{
  "algorithm": "WOA",
  "thresholds": [
    54,
    97,
    136,
    175,
    215
  ],
  "best_f": -23.026587733561946,
  "entropy": 23.026587733561946,
  "time": 1.6238062381744385,
  "metrics": {
    "psnr": 22.36639881164303,
    "ssim": 0.7112990303498885,
    "dice": 0.24725888324873097
  }
}