{
  "algorithm": "GWO",
  "thresholds": [
    9,
    20,
    32,
    48,
    69,
    94,
    121,
    149,
    177,
    206
  ],
  "best_f": -36.15060924702011,
  "entropy": 36.15060924702011,
  "time": 18.176697254180908,
  "metrics": {
    "psnr": 30.898951445507468,
    "ssim": 0.8851299360438838,
    "boundary_dsc": 0.10550949310122092
  }
}