{
  "image_name": "uploaded",
  "timestamp": "2026-04-24T16:17:55.713719",
  "total_time": 109.72562599182129,
  "best_overall_algo": "HYBRID-PA5",
  "best_overall_f": -37.55402731533232,
  "best_overall_entropy": 37.55402731533232,
  "results": {
    "GWO": {
      "entropy": 37.16632002463975,
      "time": 14.805204629898071,
      "metrics": {
        "psnr": 31.286517331265035,
        "ssim": 0.8849548718074303,
        "boundary_dsc": 0.16177920291189565
      }
    },
    "WOA": {
      "entropy": 37.476679262512,
      "time": 14.19305419921875,
      "metrics": {
        "psnr": 31.948719658595106,
        "ssim": 0.892637226943246,
        "boundary_dsc": 0.15183595612780162
      }
    },
    "PSO": {
      "entropy": 37.46716424283647,
      "time": 31.87150263786316,
      "metrics": {
        "psnr": 32.28340334643529,
        "ssim": 0.8992534149114041,
        "boundary_dsc": 0.15561286248092204
      }
    },
    "OTSU": {
      "entropy": 37.33745827487062,
      "time": 0.48101234436035156,
      "metrics": {
        "psnr": 32.386914935800995,
        "ssim": 0.9017945436241109,
        "boundary_dsc": 0.15410908939327622
      }
    },
    "HYBRID-PA5": {
      "entropy": 37.55402731533232,
      "time": 30.215957403182983,
      "metrics": {
        "psnr": 31.805215126835684,
        "ssim": 0.8901121656775021,
        "boundary_dsc": 0.15725828084594998
      }
    },
    "HYBRID-PA6": {
      "entropy": 37.497291951706806,
      "time": 14.253474235534668,
      "metrics": {
        "psnr": 31.733145295422695,
        "ssim": 0.8893066300961674,
        "boundary_dsc": 0.1578428430574013
      }
    }
  }
}