{
  "algorithm": "HYBRID-PA5",
  "thresholds": [
    29,
    57,
    80,
    103,
    128,
    153,
    178,
    203,
    228
  ],
  "best_f": -34.90475628727543,
  "entropy": 34.90475628727543,
  "time": 4.071189880371094,
  "metrics": {
    "psnr": 30.860783630989744,
    "ssim": 0.8741043632534301,
    "dice": 0.11031023230896606
  }
}