{
  "algorithm": "PSO",
  "thresholds": [
    21,
    43,
    65,
    90,
    117,
    144,
    171,
    194,
    215,
    236
  ],
  "best_f": -36.762650842656846,
  "entropy": 36.762650842656846,
  "time": 16.3746817111969,
  "metrics": {
    "psnr": 32.86083644336853,
    "ssim": 0.858451815565552,
    "boundary_dsc": 0.17489622455030637
  }
}