{
  "algorithm": "PSO",
  "thresholds": [
    25,
    48,
    79,
    108,
    134,
    160,
    185,
    199,
    217,
    236
  ],
  "best_f": -36.86919042459866,
  "entropy": 36.86919042459866,
  "time": 4.365721225738525,
  "metrics": {
    "psnr": 31.774865393160354,
    "ssim": 0.8955776888129142,
    "dice": 0.2733359889223999
  }
}