{
  "image_index": 4,
  "image_path": "dataset/BDS500/images/val\\105025.jpg",
  "k": 10,
  "strategies": {
    "PA1": {
      "fe_best": 0.040768516230772836,
      "thresholds": [
        5,
        7,
        8,
        9,
        25,
        27,
        89,
        236,
        251,
        252
      ],
      "time_sec": 3.479888439178467
    },
    "PA2": {
      "fe_best": 0.04067403587886623,
      "thresholds": [
        17,
        39,
        64,
        103,
        212,
        213,
        228,
        242,
        251,
        254
      ],
      "time_sec": 3.4260497093200684
    },
    "PA3": {
      "fe_best": 0.04072315018564175,
      "thresholds": [
        14,
        22,
        82,
        136,
        165,
        172,
        227,
        250,
        251,
        254
      ],
      "time_sec": 3.265763998031616
    },
    "PA4": {
      "fe_best": 0.0408128198241731,
      "thresholds": [
        1,
        2,
        3,
        39,
        58,
        67,
        235,
        250,
        251,
        254
      ],
      "time_sec": 3.1426849365234375
    },
    "PA5": {
      "fe_best": 0.04094052274197024,
      "thresholds": [
        1,
        2,
        3,
        35,
        135,
        192,
        243,
        250,
        251,
        254
      ],
      "time_sec": 6.42459511756897
    }
  }
}