{
  "image_index": 0,
  "image_path": "dataset/BDS500/images/val\\101085.jpg",
  "k": 10,
  "strategies": {
    "PA1": {
      "fe_best": 0.046487177340757926,
      "thresholds": [
        7,
        8,
        11,
        16,
        27,
        28,
        43,
        250,
        251,
        254
      ],
      "time_sec": 3.2943575382232666
    },
    "PA2": {
      "fe_best": 0.04631130714783076,
      "thresholds": [
        1,
        2,
        3,
        54,
        246,
        248,
        249,
        250,
        251,
        254
      ],
      "time_sec": 3.113460063934326
    },
    "PA3": {
      "fe_best": 0.04643714450326844,
      "thresholds": [
        1,
        2,
        60,
        243,
        244,
        247,
        248,
        250,
        251,
        254
      ],
      "time_sec": 3.1233789920806885
    },
    "PA4": {
      "fe_best": 0.04640543405913038,
      "thresholds": [
        61,
        243,
        244,
        245,
        246,
        247,
        248,
        250,
        251,
        254
      ],
      "time_sec": 3.1150927543640137
    },
    "PA5": {
      "fe_best": 0.046500115763169536,
      "thresholds": [
        1,
        2,
        3,
        4,
        7,
        8,
        11,
        52,
        251,
        252
      ],
      "time_sec": 6.599977970123291
    }
  }
}