{
  "image_index": 3,
  "image_path": "dataset/BDS500/images/val\\103070.jpg",
  "k": 10,
  "strategies": {
    "PA1": {
      "fe_best": 0.047270338888647456,
      "thresholds": [
        1,
        2,
        5,
        7,
        15,
        16,
        41,
        196,
        197,
        204
      ],
      "time_sec": 3.496619462966919
    },
    "PA2": {
      "fe_best": 0.04727275024336996,
      "thresholds": [
        2,
        3,
        4,
        8,
        10,
        11,
        12,
        45,
        192,
        193
      ],
      "time_sec": 3.259613513946533
    },
    "PA3": {
      "fe_best": 0.0472764468244877,
      "thresholds": [
        1,
        2,
        3,
        4,
        5,
        6,
        7,
        49,
        188,
        189
      ],
      "time_sec": 3.7608087062835693
    },
    "PA4": {
      "fe_best": 0.047245319688765886,
      "thresholds": [
        1,
        3,
        4,
        5,
        6,
        9,
        15,
        40,
        199,
        204
      ],
      "time_sec": 3.322831153869629
    },
    "PA5": {
      "fe_best": 0.04727861769510704,
      "thresholds": [
        1,
        2,
        3,
        4,
        7,
        8,
        9,
        48,
        189,
        192
      ],
      "time_sec": 6.8963093757629395
    }
  }
}