{
  "image_index": 5,
  "image_path": "dataset/BDS500/images/val\\106024.jpg",
  "k": 10,
  "strategies": {
    "PA1": {
      "fe_best": 0.04782529353352004,
      "thresholds": [
        1,
        2,
        3,
        4,
        11,
        17,
        19,
        20,
        223,
        224
      ],
      "time_sec": 3.27138352394104
    },
    "PA2": {
      "fe_best": 0.04787810167506065,
      "thresholds": [
        2,
        4,
        7,
        9,
        10,
        13,
        14,
        17,
        223,
        224
      ],
      "time_sec": 3.2795982360839844
    },
    "PA3": {
      "fe_best": 0.047695962318782786,
      "thresholds": [
        3,
        17,
        19,
        20,
        40,
        43,
        60,
        63,
        203,
        230
      ],
      "time_sec": 3.364037275314331
    },
    "PA4": {
      "fe_best": 0.047931929058917314,
      "thresholds": [
        1,
        2,
        5,
        6,
        7,
        8,
        9,
        16,
        223,
        224
      ],
      "time_sec": 3.3435192108154297
    },
    "PA5": {
      "fe_best": 0.04792953731680742,
      "thresholds": [
        1,
        3,
        4,
        6,
        7,
        8,
        10,
        16,
        223,
        224
      ],
      "time_sec": 6.707749843597412
    }
  }
}