{
  "image_index": 8,
  "image_path": "dataset/BDS500/images/val\\108082.jpg",
  "k": 10,
  "strategies": {
    "PA1": {
      "fe_best": 0.05113005064589706,
      "thresholds": [
        1,
        2,
        4,
        11,
        235,
        238,
        239,
        250,
        251,
        254
      ],
      "time_sec": 3.084345579147339
    },
    "PA2": {
      "fe_best": 0.050888223720076606,
      "thresholds": [
        1,
        2,
        3,
        4,
        5,
        6,
        7,
        8,
        9,
        240
      ],
      "time_sec": 3.630521535873413
    },
    "PA3": {
      "fe_best": 0.05118388359089616,
      "thresholds": [
        1,
        2,
        3,
        4,
        5,
        6,
        7,
        250,
        251,
        254
      ],
      "time_sec": 3.3156442642211914
    },
    "PA4": {
      "fe_best": 0.050888223720076606,
      "thresholds": [
        1,
        2,
        3,
        4,
        5,
        6,
        7,
        8,
        9,
        240
      ],
      "time_sec": 3.3216965198516846
    },
    "PA5": {
      "fe_best": 0.051338101478047654,
      "thresholds": [
        10,
        238,
        241,
        242,
        245,
        246,
        247,
        250,
        251,
        254
      ],
      "time_sec": 6.500381708145142
    }
  }
}