{
  "image_index": 15,
  "image_path": "dataset/BDS500/images/val\\134035.jpg",
  "k": 10,
  "strategies": {
    "PA1": {
      "fe_best": 0.04932893289641383,
      "thresholds": [
        1,
        2,
        3,
        4,
        5,
        6,
        7,
        8,
        9,
        58
      ],
      "time_sec": 4.107090473175049
    },
    "PA2": {
      "fe_best": 0.04932893289641383,
      "thresholds": [
        1,
        2,
        3,
        4,
        5,
        6,
        7,
        8,
        9,
        58
      ],
      "time_sec": 3.749168872833252
    },
    "PA3": {
      "fe_best": 0.04853920365643736,
      "thresholds": [
        1,
        2,
        3,
        4,
        5,
        6,
        61,
        252,
        253,
        254
      ],
      "time_sec": 3.462587356567383
    },
    "PA4": {
      "fe_best": 0.04932893289641383,
      "thresholds": [
        1,
        2,
        3,
        4,
        5,
        6,
        7,
        8,
        9,
        58
      ],
      "time_sec": 3.710952043533325
    },
    "PA5": {
      "fe_best": 0.04932893289641383,
      "thresholds": [
        1,
        2,
        3,
        4,
        5,
        6,
        7,
        8,
        9,
        58
      ],
      "time_sec": 7.919244766235352
    }
  }
}