{
  "image_index": 18,
  "image_path": "dataset/BDS500/images/val\\145086.jpg",
  "k": 10,
  "strategies": {
    "PA1": {
      "fe_best": 0.04828410598188594,
      "thresholds": [
        1,
        2,
        4,
        134,
        135,
        150,
        183,
        188,
        211,
        254
      ],
      "time_sec": 4.309624433517456
    },
    "PA2": {
      "fe_best": 0.04854216278979804,
      "thresholds": [
        1,
        2,
        137,
        194,
        205,
        206,
        209,
        210,
        253,
        254
      ],
      "time_sec": 4.328595161437988
    },
    "PA3": {
      "fe_best": 0.04853277874920851,
      "thresholds": [
        74,
        123,
        142,
        143,
        146,
        179,
        185,
        204,
        209,
        228
      ],
      "time_sec": 4.395599365234375
    },
    "PA4": {
      "fe_best": 0.04861409575435475,
      "thresholds": [
        1,
        136,
        193,
        196,
        198,
        201,
        202,
        209,
        210,
        226
      ],
      "time_sec": 4.363291263580322
    },
    "PA5": {
      "fe_best": 0.04849918252089136,
      "thresholds": [
        1,
        138,
        190,
        199,
        203,
        208,
        223,
        247,
        250,
        251
      ],
      "time_sec": 8.970601081848145
    }
  }
}