{
  "image_index": 19,
  "image_path": "dataset/BDS500/images/val\\147091.jpg",
  "k": 10,
  "strategies": {
    "PA1": {
      "fe_best": 0.05025587063030383,
      "thresholds": [
        103,
        106,
        107,
        110,
        115,
        118,
        119,
        126,
        251,
        254
      ],
      "time_sec": 4.799029111862183
    },
    "PA2": {
      "fe_best": 0.04990549517200504,
      "thresholds": [
        99,
        100,
        103,
        112,
        115,
        124,
        249,
        252,
        253,
        254
      ],
      "time_sec": 4.291158437728882
    },
    "PA3": {
      "fe_best": 0.050195168971804344,
      "thresholds": [
        98,
        101,
        106,
        109,
        110,
        113,
        114,
        129,
        252,
        254
      ],
      "time_sec": 4.140663146972656
    },
    "PA4": {
      "fe_best": 0.049470916345406415,
      "thresholds": [
        77,
        80,
        81,
        92,
        143,
        239,
        242,
        243,
        249,
        254
      ],
      "time_sec": 4.168086290359497
    },
    "PA5": {
      "fe_best": 0.04965965820357295,
      "thresholds": [
        92,
        101,
        142,
        240,
        243,
        244,
        247,
        250,
        253,
        254
      ],
      "time_sec": 8.465441703796387
    }
  }
}