{
  "image_index": 14,
  "image_path": "dataset/BDS500/images/val\\130026.jpg",
  "k": 10,
  "strategies": {
    "PA1": {
      "fe_best": 0.04864035240615822,
      "thresholds": [
        2,
        4,
        5,
        6,
        16,
        244,
        247,
        248,
        251,
        252
      ],
      "time_sec": 3.4619040489196777
    },
    "PA2": {
      "fe_best": 0.04848638312968736,
      "thresholds": [
        1,
        2,
        4,
        5,
        10,
        241,
        247,
        250,
        251,
        254
      ],
      "time_sec": 3.492309808731079
    },
    "PA3": {
      "fe_best": 0.048468215813104225,
      "thresholds": [
        1,
        2,
        3,
        4,
        5,
        6,
        17,
        250,
        251,
        254
      ],
      "time_sec": 3.420651912689209
    },
    "PA4": {
      "fe_best": 0.04842597242785104,
      "thresholds": [
        5,
        20,
        229,
        231,
        237,
        246,
        247,
        250,
        251,
        254
      ],
      "time_sec": 3.459282636642456
    },
    "PA5": {
      "fe_best": 0.05070306325843213,
      "thresholds": [
        230,
        234,
        235,
        238,
        239,
        242,
        243,
        248,
        251,
        252
      ],
      "time_sec": 7.88239598274231
    }
  }
}