{
  "image_index": 26,
  "image_path": "dataset/BDS500/images/val\\16077.jpg",
  "k": 10,
  "strategies": {
    "PA1": {
      "fe_best": 0.04843281306636789,
      "thresholds": [
        1,
        2,
        3,
        5,
        11,
        13,
        37,
        240,
        243,
        244
      ],
      "time_sec": 4.189064979553223
    },
    "PA2": {
      "fe_best": 0.0483922567998977,
      "thresholds": [
        1,
        3,
        4,
        5,
        6,
        7,
        8,
        40,
        229,
        233
      ],
      "time_sec": 4.259509801864624
    },
    "PA3": {
      "fe_best": 0.04848358708202591,
      "thresholds": [
        1,
        2,
        5,
        6,
        7,
        9,
        10,
        11,
        39,
        228
      ],
      "time_sec": 4.24263596534729
    },
    "PA4": {
      "fe_best": 0.04848578148859555,
      "thresholds": [
        1,
        2,
        3,
        4,
        6,
        8,
        9,
        10,
        39,
        230
      ],
      "time_sec": 4.417629718780518
    },
    "PA5": {
      "fe_best": 0.0484719160674707,
      "thresholds": [
        1,
        2,
        3,
        4,
        5,
        9,
        39,
        238,
        247,
        250
      ],
      "time_sec": 9.068187475204468
    }
  }
}