{
  "image_index": 29,
  "image_path": "dataset/BDS500/images/val\\167083.jpg",
  "k": 10,
  "strategies": {
    "PA1": {
      "fe_best": 0.046708186434277064,
      "thresholds": [
        62,
        89,
        98,
        101,
        110,
        113,
        134,
        145,
        170,
        221
      ],
      "time_sec": 4.337320327758789
    },
    "PA2": {
      "fe_best": 0.047979227259860625,
      "thresholds": [
        216,
        224,
        227,
        228,
        243,
        244,
        247,
        248,
        251,
        252
      ],
      "time_sec": 4.984044075012207
    },
    "PA3": {
      "fe_best": 0.04691668952062163,
      "thresholds": [
        69,
        72,
        73,
        80,
        81,
        112,
        125,
        144,
        201,
        232
      ],
      "time_sec": 4.4134361743927
    },
    "PA4": {
      "fe_best": 0.046912942338023005,
      "thresholds": [
        63,
        140,
        143,
        144,
        147,
        152,
        207,
        242,
        247,
        254
      ],
      "time_sec": 4.348970174789429
    },
    "PA5": {
      "fe_best": 0.04786304069521423,
      "thresholds": [
        207,
        226,
        231,
        234,
        239,
        240,
        243,
        244,
        247,
        252
      ],
      "time_sec": 8.682551860809326
    }
  }
}