{
  "image_index": 27,
  "image_path": "dataset/BDS500/images/val\\163085.jpg",
  "k": 10,
  "strategies": {
    "PA1": {
      "fe_best": 0.04730823652967761,
      "thresholds": [
        1,
        2,
        3,
        6,
        7,
        86,
        251,
        252,
        253,
        254
      ],
      "time_sec": 4.2834484577178955
    },
    "PA2": {
      "fe_best": 0.0473012836026369,
      "thresholds": [
        1,
        2,
        3,
        4,
        87,
        250,
        251,
        252,
        253,
        254
      ],
      "time_sec": 4.379541635513306
    },
    "PA3": {
      "fe_best": 0.04728627574440454,
      "thresholds": [
        1,
        2,
        3,
        6,
        7,
        8,
        83,
        252,
        253,
        254
      ],
      "time_sec": 4.235212802886963
    },
    "PA4": {
      "fe_best": 0.047338528970453576,
      "thresholds": [
        1,
        2,
        9,
        15,
        18,
        19,
        90,
        252,
        253,
        254
      ],
      "time_sec": 4.215808868408203
    },
    "PA5": {
      "fe_best": 0.04737142399799018,
      "thresholds": [
        1,
        3,
        6,
        9,
        14,
        17,
        18,
        89,
        253,
        254
      ],
      "time_sec": 8.550960302352905
    }
  }
}