{
  "image_index": 25,
  "image_path": "dataset/BDS500/images/val\\160068.jpg",
  "k": 10,
  "strategies": {
    "PA1": {
      "fe_best": 0.048627309089127636,
      "thresholds": [
        1,
        2,
        3,
        5,
        6,
        11,
        21,
        66,
        253,
        254
      ],
      "time_sec": 4.055068731307983
    },
    "PA2": {
      "fe_best": 0.04814827501006351,
      "thresholds": [
        1,
        98,
        199,
        226,
        231,
        250,
        251,
        252,
        253,
        254
      ],
      "time_sec": 4.128746747970581
    },
    "PA3": {
      "fe_best": 0.048621847717531794,
      "thresholds": [
        1,
        2,
        3,
        15,
        19,
        68,
        251,
        252,
        253,
        254
      ],
      "time_sec": 4.130079984664917
    },
    "PA4": {
      "fe_best": 0.04864209038864863,
      "thresholds": [
        2,
        3,
        4,
        5,
        10,
        18,
        19,
        66,
        253,
        254
      ],
      "time_sec": 4.150537967681885
    },
    "PA5": {
      "fe_best": 0.04865407890841349,
      "thresholds": [
        1,
        2,
        3,
        4,
        5,
        7,
        17,
        18,
        67,
        254
      ],
      "time_sec": 8.475104570388794
    }
  }
}