{
  "image_index": 24,
  "image_path": "dataset/BDS500/images/val\\159008.jpg",
  "k": 10,
  "strategies": {
    "PA1": {
      "fe_best": 0.04951247049455562,
      "thresholds": [
        65,
        68,
        73,
        76,
        77,
        84,
        85,
        96,
        97,
        100
      ],
      "time_sec": 4.721449613571167
    },
    "PA2": {
      "fe_best": 0.04847671901666399,
      "thresholds": [
        86,
        91,
        107,
        108,
        111,
        116,
        223,
        252,
        253,
        254
      ],
      "time_sec": 4.1737048625946045
    },
    "PA3": {
      "fe_best": 0.04851722924710645,
      "thresholds": [
        79,
        90,
        115,
        126,
        127,
        238,
        247,
        250,
        253,
        254
      ],
      "time_sec": 4.075282335281372
    },
    "PA4": {
      "fe_best": 0.048651705300235534,
      "thresholds": [
        83,
        86,
        87,
        110,
        120,
        151,
        152,
        159,
        160,
        231
      ],
      "time_sec": 3.893446445465088
    },
    "PA5": {
      "fe_best": 0.04934955357319359,
      "thresholds": [
        74,
        75,
        86,
        87,
        90,
        102,
        103,
        106,
        107,
        110
      ],
      "time_sec": 8.267389059066772
    }
  }
}