{
  "image_index": 36,
  "image_path": "dataset/BDS500/images/val\\196073.jpg",
  "k": 10,
  "strategies": {
    "PA1": {
      "fe_best": 0.05525824206145712,
      "thresholds": [
        1,
        2,
        3,
        4,
        5,
        6,
        7,
        194,
        253,
        254
      ],
      "time_sec": 4.263723850250244
    },
    "PA2": {
      "fe_best": 0.05518102201144955,
      "thresholds": [
        1,
        2,
        3,
        75,
        249,
        250,
        251,
        252,
        253,
        254
      ],
      "time_sec": 4.285705327987671
    },
    "PA3": {
      "fe_best": 0.055264094158855935,
      "thresholds": [
        1,
        2,
        3,
        4,
        5,
        6,
        7,
        8,
        193,
        254
      ],
      "time_sec": 4.118076324462891
    },
    "PA4": {
      "fe_best": 0.055174820053833944,
      "thresholds": [
        1,
        2,
        3,
        4,
        5,
        6,
        7,
        71,
        253,
        254
      ],
      "time_sec": 4.171588182449341
    },
    "PA5": {
      "fe_best": 0.055264094158855935,
      "thresholds": [
        1,
        2,
        3,
        4,
        5,
        6,
        7,
        8,
        193,
        254
      ],
      "time_sec": 8.885122537612915
    }
  }
}