{
  "image_index": 37,
  "image_path": "dataset/BDS500/images/val\\197017.jpg",
  "k": 10,
  "strategies": {
    "PA1": {
      "fe_best": 0.05127337419729551,
      "thresholds": [
        1,
        2,
        3,
        4,
        5,
        6,
        7,
        8,
        9,
        10
      ],
      "time_sec": 4.306477069854736
    },
    "PA2": {
      "fe_best": 0.05127337419729551,
      "thresholds": [
        1,
        2,
        3,
        4,
        5,
        6,
        7,
        8,
        9,
        10
      ],
      "time_sec": 4.255892038345337
    },
    "PA3": {
      "fe_best": 0.05127337419729551,
      "thresholds": [
        1,
        2,
        3,
        4,
        5,
        6,
        7,
        8,
        9,
        10
      ],
      "time_sec": 4.2046873569488525
    },
    "PA4": {
      "fe_best": 0.05127337419729551,
      "thresholds": [
        1,
        2,
        3,
        4,
        5,
        6,
        7,
        8,
        9,
        10
      ],
      "time_sec": 4.18733549118042
    },
    "PA5": {
      "fe_best": 0.048527427445319044,
      "thresholds": [
        1,
        2,
        3,
        238,
        239,
        244,
        249,
        252,
        253,
        254
      ],
      "time_sec": 8.265887260437012
    }
  }
}