{
  "image_index": 38,
  "image_path": "dataset/BDS500/images/val\\208001.jpg",
  "k": 10,
  "strategies": {
    "PA1": {
      "fe_best": 0.047947385187279416,
      "thresholds": [
        1,
        2,
        4,
        28,
        173,
        196,
        205,
        208,
        209,
        213
      ],
      "time_sec": 4.118997573852539
    },
    "PA2": {
      "fe_best": 0.04793373244425256,
      "thresholds": [
        1,
        2,
        3,
        7,
        24,
        178,
        187,
        194,
        203,
        218
      ],
      "time_sec": 4.209395170211792
    },
    "PA3": {
      "fe_best": 0.04795387733759278,
      "thresholds": [
        5,
        27,
        172,
        193,
        194,
        197,
        210,
        213,
        218,
        221
      ],
      "time_sec": 4.321949005126953
    },
    "PA4": {
      "fe_best": 0.04795328686396488,
      "thresholds": [
        1,
        28,
        181,
        182,
        189,
        190,
        193,
        194,
        252,
        254
      ],
      "time_sec": 4.17999267578125
    },
    "PA5": {
      "fe_best": 0.047904068126484095,
      "thresholds": [
        1,
        9,
        11,
        18,
        183,
        186,
        187,
        202,
        207,
        254
      ],
      "time_sec": 8.314911127090454
    }
  }
}