{
  "image_index": 46,
  "image_path": "dataset/BDS500/images/val\\229036.jpg",
  "k": 10,
  "strategies": {
    "PA1": {
      "fe_best": 0.04636025089150844,
      "thresholds": [
        1,
        2,
        3,
        5,
        12,
        89,
        172,
        177,
        236,
        248
      ],
      "time_sec": 4.139675617218018
    },
    "PA2": {
      "fe_best": 0.04632944416493153,
      "thresholds": [
        1,
        2,
        4,
        7,
        18,
        79,
        195,
        204,
        247,
        248
      ],
      "time_sec": 4.155307054519653
    },
    "PA3": {
      "fe_best": 0.04652264629367832,
      "thresholds": [
        2,
        16,
        167,
        168,
        171,
        216,
        238,
        243,
        251,
        254
      ],
      "time_sec": 4.202694416046143
    },
    "PA4": {
      "fe_best": 0.04635906410736858,
      "thresholds": [
        1,
        2,
        4,
        7,
        16,
        87,
        184,
        192,
        251,
        252
      ],
      "time_sec": 4.120305299758911
    },
    "PA5": {
      "fe_best": 0.04629377248736868,
      "thresholds": [
        1,
        3,
        6,
        7,
        8,
        14,
        167,
        174,
        239,
        248
      ],
      "time_sec": 8.329861402511597
    }
  }
}