{
  "image_index": 42,
  "image_path": "dataset/BDS500/images/val\\219090.jpg",
  "k": 10,
  "strategies": {
    "PA1": {
      "fe_best": 0.048357839505552926,
      "thresholds": [
        1,
        5,
        6,
        9,
        14,
        37,
        54,
        233,
        251,
        252
      ],
      "time_sec": 4.4170823097229
    },
    "PA2": {
      "fe_best": 0.048357329292798706,
      "thresholds": [
        2,
        3,
        5,
        11,
        18,
        41,
        42,
        237,
        252,
        254
      ],
      "time_sec": 4.337704181671143
    },
    "PA3": {
      "fe_best": 0.048786172368984713,
      "thresholds": [
        1,
        4,
        11,
        34,
        35,
        50,
        51,
        54,
        227,
        254
      ],
      "time_sec": 4.216153621673584
    },
    "PA4": {
      "fe_best": 0.048511048806796304,
      "thresholds": [
        1,
        4,
        9,
        12,
        17,
        38,
        45,
        46,
        237,
        254
      ],
      "time_sec": 4.1690192222595215
    },
    "PA5": {
      "fe_best": 0.04854961609691841,
      "thresholds": [
        1,
        6,
        7,
        10,
        15,
        18,
        19,
        50,
        51,
        230
      ],
      "time_sec": 8.362200021743774
    }
  }
}