{
  "image_index": 50,
  "image_path": "dataset/BDS500/images/val\\241048.jpg",
  "k": 10,
  "strategies": {
    "PA1": {
      "fe_best": 0.04258212004132707,
      "thresholds": [
        1,
        2,
        3,
        6,
        7,
        17,
        67,
        178,
        195,
        246
      ],
      "time_sec": 4.2530601024627686
    },
    "PA2": {
      "fe_best": 0.04256548933436288,
      "thresholds": [
        1,
        2,
        4,
        6,
        9,
        11,
        17,
        22,
        55,
        250
      ],
      "time_sec": 4.156529188156128
    },
    "PA3": {
      "fe_best": 0.04260613783060249,
      "thresholds": [
        1,
        3,
        6,
        10,
        24,
        65,
        179,
        194,
        243,
        246
      ],
      "time_sec": 4.188114643096924
    },
    "PA4": {
      "fe_best": 0.04256717872297324,
      "thresholds": [
        1,
        3,
        4,
        5,
        7,
        17,
        18,
        21,
        59,
        248
      ],
      "time_sec": 4.109909772872925
    },
    "PA5": {
      "fe_best": 0.042628104921314094,
      "thresholds": [
        1,
        2,
        5,
        6,
        7,
        10,
        19,
        58,
        251,
        254
      ],
      "time_sec": 8.399799346923828
    }
  }
}