{
  "image_index": 58,
  "image_path": "dataset/BDS500/images/val\\296007.jpg",
  "k": 10,
  "strategies": {
    "PA1": {
      "fe_best": 0.05345773898884395,
      "thresholds": [
        1,
        4,
        5,
        7,
        8,
        19,
        26,
        67,
        194,
        253
      ],
      "time_sec": 4.142568588256836
    },
    "PA2": {
      "fe_best": 0.05340639993141332,
      "thresholds": [
        1,
        2,
        8,
        9,
        10,
        25,
        35,
        128,
        228,
        246
      ],
      "time_sec": 4.113361597061157
    },
    "PA3": {
      "fe_best": 0.053489265923533216,
      "thresholds": [
        1,
        2,
        3,
        5,
        10,
        35,
        134,
        219,
        220,
        253
      ],
      "time_sec": 4.156319856643677
    },
    "PA4": {
      "fe_best": 0.05349189007234787,
      "thresholds": [
        1,
        2,
        3,
        4,
        7,
        15,
        18,
        155,
        198,
        199
      ],
      "time_sec": 4.129968881607056
    },
    "PA5": {
      "fe_best": 0.053462790332432064,
      "thresholds": [
        1,
        3,
        4,
        5,
        7,
        13,
        15,
        27,
        70,
        191
      ],
      "time_sec": 8.306864261627197
    }
  }
}