{
  "image_index": 54,
  "image_path": "dataset/BDS500/images/val\\271035.jpg",
  "k": 10,
  "strategies": {
    "PA1": {
      "fe_best": 0.0485736267329624,
      "thresholds": [
        1,
        2,
        3,
        4,
        5,
        6,
        7,
        8,
        40,
        254
      ],
      "time_sec": 4.170497417449951
    },
    "PA2": {
      "fe_best": 0.04867366969893985,
      "thresholds": [
        2,
        3,
        5,
        6,
        25,
        26,
        46,
        188,
        203,
        232
      ],
      "time_sec": 4.094101428985596
    },
    "PA3": {
      "fe_best": 0.048406581683021345,
      "thresholds": [
        2,
        3,
        52,
        53,
        60,
        77,
        87,
        222,
        251,
        254
      ],
      "time_sec": 4.200396776199341
    },
    "PA4": {
      "fe_best": 0.0485736267329624,
      "thresholds": [
        1,
        2,
        3,
        4,
        5,
        6,
        7,
        8,
        40,
        254
      ],
      "time_sec": 4.11900782585144
    },
    "PA5": {
      "fe_best": 0.0485736267329624,
      "thresholds": [
        1,
        2,
        3,
        4,
        5,
        6,
        7,
        8,
        40,
        254
      ],
      "time_sec": 8.310891389846802
    }
  }
}