{
  "image_index": 53,
  "image_path": "dataset/BDS500/images/val\\260058.jpg",
  "k": 10,
  "strategies": {
    "PA1": {
      "fe_best": 0.04988760176576901,
      "thresholds": [
        1,
        2,
        3,
        4,
        5,
        6,
        7,
        8,
        9,
        10
      ],
      "time_sec": 4.064722537994385
    },
    "PA2": {
      "fe_best": 0.04988760176576901,
      "thresholds": [
        1,
        2,
        3,
        4,
        5,
        6,
        7,
        8,
        9,
        10
      ],
      "time_sec": 4.08282995223999
    },
    "PA3": {
      "fe_best": 0.047670208585799165,
      "thresholds": [
        1,
        2,
        3,
        4,
        5,
        6,
        7,
        158,
        253,
        254
      ],
      "time_sec": 4.087669372558594
    },
    "PA4": {
      "fe_best": 0.04988760176576901,
      "thresholds": [
        1,
        2,
        3,
        4,
        5,
        6,
        7,
        8,
        9,
        10
      ],
      "time_sec": 4.100449562072754
    },
    "PA5": {
      "fe_best": 0.04766993514126945,
      "thresholds": [
        1,
        2,
        3,
        4,
        5,
        6,
        159,
        252,
        253,
        254
      ],
      "time_sec": 8.269235610961914
    }
  }
}