{
  "image_index": 65,
  "image_path": "dataset/BDS500/images/val\\306005.jpg",
  "k": 10,
  "strategies": {
    "PA1": {
      "fe_best": 0.04956060086693895,
      "thresholds": [
        30,
        39,
        42,
        43,
        54,
        71,
        86,
        131,
        186,
        203
      ],
      "time_sec": 4.109515905380249
    },
    "PA2": {
      "fe_best": 0.04935395253935187,
      "thresholds": [
        31,
        32,
        35,
        52,
        71,
        88,
        111,
        147,
        148,
        204
      ],
      "time_sec": 4.158143520355225
    },
    "PA3": {
      "fe_best": 0.04938319528405754,
      "thresholds": [
        29,
        48,
        51,
        52,
        136,
        202,
        211,
        242,
        251,
        254
      ],
      "time_sec": 4.107811450958252
    },
    "PA4": {
      "fe_best": 0.04955640748857946,
      "thresholds": [
        31,
        32,
        55,
        56,
        59,
        76,
        91,
        172,
        251,
        252
      ],
      "time_sec": 4.321181774139404
    },
    "PA5": {
      "fe_best": 0.04960785268058157,
      "thresholds": [
        29,
        32,
        33,
        36,
        53,
        96,
        97,
        136,
        189,
        217
      ],
      "time_sec": 8.623968362808228
    }
  }
}