{
  "image_index": 62,
  "image_path": "dataset/BDS500/images/val\\302008.jpg",
  "k": 10,
  "strategies": {
    "PA1": {
      "fe_best": 0.053894745607797084,
      "thresholds": [
        39,
        44,
        47,
        52,
        55,
        84,
        91,
        108,
        203,
        252
      ],
      "time_sec": 4.129724740982056
    },
    "PA2": {
      "fe_best": 0.053773227149855725,
      "thresholds": [
        39,
        48,
        51,
        78,
        115,
        204,
        251,
        252,
        253,
        254
      ],
      "time_sec": 4.2412402629852295
    },
    "PA3": {
      "fe_best": 0.053870281878304484,
      "thresholds": [
        39,
        40,
        47,
        54,
        55,
        82,
        99,
        102,
        207,
        252
      ],
      "time_sec": 4.220516204833984
    },
    "PA4": {
      "fe_best": 0.05388154423677295,
      "thresholds": [
        39,
        44,
        47,
        48,
        67,
        77,
        114,
        201,
        253,
        254
      ],
      "time_sec": 4.20908522605896
    },
    "PA5": {
      "fe_best": 0.05370463833768117,
      "thresholds": [
        39,
        60,
        75,
        106,
        107,
        110,
        117,
        118,
        200,
        252
      ],
      "time_sec": 8.499208927154541
    }
  }
}