{
  "image_index": 68,
  "image_path": "dataset/BDS500/images/val\\351093.jpg",
  "k": 10,
  "strategies": {
    "PA1": {
      "fe_best": 0.0419194229669422,
      "thresholds": [
        51,
        52,
        55,
        68,
        83,
        108,
        119,
        136,
        191,
        244
      ],
      "time_sec": 4.124017715454102
    },
    "PA2": {
      "fe_best": 0.04245872714539897,
      "thresholds": [
        1,
        2,
        3,
        98,
        139,
        154,
        189,
        250,
        251,
        254
      ],
      "time_sec": 4.385609865188599
    },
    "PA3": {
      "fe_best": 0.042506614154127625,
      "thresholds": [
        1,
        101,
        104,
        109,
        156,
        192,
        219,
        250,
        251,
        254
      ],
      "time_sec": 4.203941583633423
    },
    "PA4": {
      "fe_best": 0.04170561278494782,
      "thresholds": [
        1,
        10,
        40,
        43,
        64,
        79,
        112,
        183,
        251,
        254
      ],
      "time_sec": 4.1505091190338135
    },
    "PA5": {
      "fe_best": 0.04196071240755099,
      "thresholds": [
        1,
        2,
        3,
        91,
        102,
        103,
        110,
        179,
        251,
        254
      ],
      "time_sec": 8.518830060958862
    }
  }
}