{
  "image_index": 61,
  "image_path": "dataset/BDS500/images/val\\300091.jpg",
  "k": 10,
  "strategies": {
    "PA1": {
      "fe_best": 0.05096665695991086,
      "thresholds": [
        1,
        2,
        84,
        244,
        245,
        246,
        247,
        250,
        251,
        254
      ],
      "time_sec": 4.488385915756226
    },
    "PA2": {
      "fe_best": 0.05081547859275489,
      "thresholds": [
        1,
        2,
        3,
        4,
        5,
        6,
        79,
        250,
        251,
        254
      ],
      "time_sec": 4.0816872119903564
    },
    "PA3": {
      "fe_best": 0.050665551660200384,
      "thresholds": [
        1,
        7,
        8,
        11,
        12,
        74,
        249,
        250,
        251,
        254
      ],
      "time_sec": 4.048368453979492
    },
    "PA4": {
      "fe_best": 0.05072859091974694,
      "thresholds": [
        1,
        2,
        3,
        4,
        5,
        6,
        75,
        250,
        251,
        254
      ],
      "time_sec": 4.005197525024414
    },
    "PA5": {
      "fe_best": 0.05068777379930539,
      "thresholds": [
        1,
        2,
        3,
        4,
        5,
        6,
        7,
        78,
        251,
        252
      ],
      "time_sec": 8.098132610321045
    }
  }
}