{
  "image_index": 72,
  "image_path": "dataset/BDS500/images/val\\38082.jpg",
  "k": 10,
  "strategies": {
    "PA1": {
      "fe_best": 0.046457786731780255,
      "thresholds": [
        3,
        4,
        5,
        10,
        11,
        110,
        251,
        252,
        253,
        254
      ],
      "time_sec": 4.084347724914551
    },
    "PA2": {
      "fe_best": 0.04644205954745341,
      "thresholds": [
        2,
        3,
        6,
        10,
        12,
        109,
        251,
        252,
        253,
        254
      ],
      "time_sec": 4.066072225570679
    },
    "PA3": {
      "fe_best": 0.04647184177020236,
      "thresholds": [
        1,
        3,
        4,
        5,
        11,
        12,
        111,
        252,
        253,
        254
      ],
      "time_sec": 4.0526862144470215
    },
    "PA4": {
      "fe_best": 0.04642203216840715,
      "thresholds": [
        1,
        9,
        13,
        110,
        249,
        250,
        251,
        252,
        253,
        254
      ],
      "time_sec": 4.083452939987183
    },
    "PA5": {
      "fe_best": 0.04649341202688782,
      "thresholds": [
        1,
        2,
        3,
        4,
        5,
        6,
        7,
        10,
        11,
        114
      ],
      "time_sec": 8.267905473709106
    }
  }
}