{
  "image_index": 79,
  "image_path": "dataset/BDS500/images/val\\43074.jpg",
  "k": 10,
  "strategies": {
    "PA1": {
      "fe_best": 0.04914087761501541,
      "thresholds": [
        1,
        2,
        3,
        6,
        10,
        27,
        250,
        251,
        252,
        254
      ],
      "time_sec": 4.109140634536743
    },
    "PA2": {
      "fe_best": 0.05252882411699835,
      "thresholds": [
        245,
        246,
        247,
        248,
        249,
        250,
        251,
        252,
        253,
        254
      ],
      "time_sec": 4.147880554199219
    },
    "PA3": {
      "fe_best": 0.04914316394773292,
      "thresholds": [
        1,
        2,
        3,
        5,
        8,
        9,
        28,
        249,
        250,
        254
      ],
      "time_sec": 4.131793737411499
    },
    "PA4": {
      "fe_best": 0.04914040559245993,
      "thresholds": [
        1,
        2,
        3,
        7,
        10,
        27,
        250,
        251,
        253,
        254
      ],
      "time_sec": 4.050490617752075
    },
    "PA5": {
      "fe_best": 0.049142273065371035,
      "thresholds": [
        1,
        2,
        4,
        7,
        9,
        28,
        249,
        250,
        253,
        254
      ],
      "time_sec": 8.187078475952148
    }
  }
}