{
  "image_index": 75,
  "image_path": "dataset/BDS500/images/val\\41033.jpg",
  "k": 10,
  "strategies": {
    "PA1": {
      "fe_best": 0.04914010079603363,
      "thresholds": [
        2,
        3,
        4,
        5,
        6,
        7,
        9,
        34,
        37,
        38
      ],
      "time_sec": 4.046575546264648
    },
    "PA2": {
      "fe_best": 0.049168191113416485,
      "thresholds": [
        1,
        2,
        3,
        4,
        5,
        8,
        23,
        24,
        27,
        40
      ],
      "time_sec": 4.011239767074585
    },
    "PA3": {
      "fe_best": 0.049493664903304514,
      "thresholds": [
        1,
        4,
        6,
        9,
        14,
        19,
        30,
        31,
        34,
        35
      ],
      "time_sec": 4.094913482666016
    },
    "PA4": {
      "fe_best": 0.04920431889276135,
      "thresholds": [
        1,
        2,
        4,
        5,
        6,
        14,
        15,
        34,
        35,
        38
      ],
      "time_sec": 3.9420251846313477
    },
    "PA5": {
      "fe_best": 0.0496552199323685,
      "thresholds": [
        3,
        4,
        7,
        8,
        15,
        28,
        31,
        32,
        35,
        36
      ],
      "time_sec": 8.17548155784607
    }
  }
}