{
  "image_index": 73,
  "image_path": "dataset/BDS500/images/val\\38092.jpg",
  "k": 10,
  "strategies": {
    "PA1": {
      "fe_best": 0.04883623291648355,
      "thresholds": [
        1,
        2,
        3,
        4,
        7,
        8,
        11,
        14,
        15,
        118
      ],
      "time_sec": 4.157391786575317
    },
    "PA2": {
      "fe_best": 0.04884025142623111,
      "thresholds": [
        1,
        2,
        3,
        4,
        5,
        6,
        7,
        8,
        9,
        254
      ],
      "time_sec": 4.128983020782471
    },
    "PA3": {
      "fe_best": 0.04908096924615294,
      "thresholds": [
        4,
        5,
        13,
        15,
        16,
        115,
        116,
        119,
        120,
        123
      ],
      "time_sec": 4.288757085800171
    },
    "PA4": {
      "fe_best": 0.048833775849812855,
      "thresholds": [
        1,
        2,
        3,
        4,
        7,
        8,
        12,
        15,
        16,
        115
      ],
      "time_sec": 4.271643877029419
    },
    "PA5": {
      "fe_best": 0.04884025142623111,
      "thresholds": [
        1,
        2,
        3,
        4,
        5,
        6,
        7,
        8,
        9,
        254
      ],
      "time_sec": 8.367668390274048
    }
  }
}