{
  "image_index": 70,
  "image_path": "dataset/BDS500/images/val\\37073.jpg",
  "k": 10,
  "strategies": {
    "PA1": {
      "fe_best": 0.056630908204817185,
      "thresholds": [
        1,
        2,
        3,
        4,
        5,
        6,
        7,
        13,
        253,
        254
      ],
      "time_sec": 4.168356657028198
    },
    "PA2": {
      "fe_best": 0.057088704434024924,
      "thresholds": [
        145,
        246,
        247,
        248,
        249,
        250,
        251,
        252,
        253,
        254
      ],
      "time_sec": 4.112940073013306
    },
    "PA3": {
      "fe_best": 0.055622925328036164,
      "thresholds": [
        5,
        6,
        7,
        14,
        25,
        38,
        116,
        252,
        253,
        254
      ],
      "time_sec": 4.162807941436768
    },
    "PA4": {
      "fe_best": 0.056567328674814656,
      "thresholds": [
        1,
        2,
        3,
        4,
        5,
        6,
        7,
        8,
        9,
        11
      ],
      "time_sec": 4.0812389850616455
    },
    "PA5": {
      "fe_best": 0.05663283678240807,
      "thresholds": [
        1,
        2,
        3,
        4,
        5,
        6,
        7,
        8,
        11,
        254
      ],
      "time_sec": 8.56058144569397
    }
  }
}