{
  "image_index": 88,
  "image_path": "dataset/BDS500/images/val\\69020.jpg",
  "k": 10,
  "strategies": {
    "PA1": {
      "fe_best": 0.049105110979883106,
      "thresholds": [
        1,
        2,
        5,
        6,
        9,
        10,
        17,
        18,
        121,
        254
      ],
      "time_sec": 4.6978020668029785
    },
    "PA2": {
      "fe_best": 0.04914209410732304,
      "thresholds": [
        1,
        2,
        4,
        5,
        8,
        9,
        12,
        13,
        15,
        122
      ],
      "time_sec": 4.624445199966431
    },
    "PA3": {
      "fe_best": 0.04916484189422367,
      "thresholds": [
        1,
        2,
        5,
        6,
        9,
        10,
        125,
        252,
        253,
        254
      ],
      "time_sec": 4.639863729476929
    },
    "PA4": {
      "fe_best": 0.04911105812980501,
      "thresholds": [
        1,
        4,
        7,
        8,
        11,
        12,
        14,
        123,
        253,
        254
      ],
      "time_sec": 4.7358245849609375
    },
    "PA5": {
      "fe_best": 0.04915479132440512,
      "thresholds": [
        1,
        2,
        4,
        7,
        8,
        11,
        12,
        123,
        253,
        254
      ],
      "time_sec": 9.464572191238403
    }
  }
}