{
  "image_index": 86,
  "image_path": "dataset/BDS500/images/val\\66053.jpg",
  "k": 10,
  "strategies": {
    "PA1": {
      "fe_best": 0.047879687421680237,
      "thresholds": [
        1,
        112,
        245,
        246,
        247,
        248,
        249,
        252,
        253,
        254
      ],
      "time_sec": 4.463192701339722
    },
    "PA2": {
      "fe_best": 0.05096546490425309,
      "thresholds": [
        245,
        246,
        247,
        248,
        249,
        250,
        251,
        252,
        253,
        254
      ],
      "time_sec": 4.3429625034332275
    },
    "PA3": {
      "fe_best": 0.04798297407996432,
      "thresholds": [
        2,
        5,
        102,
        248,
        249,
        250,
        251,
        252,
        253,
        254
      ],
      "time_sec": 4.426828145980835
    },
    "PA4": {
      "fe_best": 0.04788287634712006,
      "thresholds": [
        1,
        112,
        245,
        248,
        249,
        250,
        251,
        252,
        253,
        254
      ],
      "time_sec": 5.227198362350464
    },
    "PA5": {
      "fe_best": 0.05096546490425309,
      "thresholds": [
        245,
        246,
        247,
        248,
        249,
        250,
        251,
        252,
        253,
        254
      ],
      "time_sec": 9.168031692504883
    }
  }
}