{
  "image_index": 82,
  "image_path": "dataset/BDS500/images/val\\55073.jpg",
  "k": 10,
  "strategies": {
    "PA1": {
      "fe_best": 0.05045269365992563,
      "thresholds": [
        239,
        242,
        243,
        246,
        247,
        250,
        251,
        252,
        253,
        254
      ],
      "time_sec": 4.125806570053101
    },
    "PA2": {
      "fe_best": 0.05038602057546586,
      "thresholds": [
        241,
        242,
        245,
        246,
        247,
        250,
        251,
        252,
        253,
        254
      ],
      "time_sec": 4.089061975479126
    },
    "PA3": {
      "fe_best": 0.05045269365992563,
      "thresholds": [
        239,
        242,
        243,
        246,
        247,
        250,
        251,
        252,
        253,
        254
      ],
      "time_sec": 4.061260938644409
    },
    "PA4": {
      "fe_best": 0.05057162212434201,
      "thresholds": [
        239,
        240,
        241,
        244,
        245,
        248,
        249,
        252,
        253,
        254
      ],
      "time_sec": 4.518367052078247
    },
    "PA5": {
      "fe_best": 0.050498569520870236,
      "thresholds": [
        239,
        240,
        243,
        244,
        247,
        248,
        249,
        252,
        253,
        254
      ],
      "time_sec": 10.923140525817871
    }
  }
}