{
  "image_index": 90,
  "image_path": "dataset/BDS500/images/val\\76053.jpg",
  "k": 10,
  "strategies": {
    "PA1": {
      "fe_best": 0.047559962910428036,
      "thresholds": [
        1,
        2,
        4,
        5,
        6,
        7,
        8,
        9,
        51,
        254
      ],
      "time_sec": 4.672236680984497
    },
    "PA2": {
      "fe_best": 0.04749860159322539,
      "thresholds": [
        1,
        2,
        4,
        58,
        249,
        250,
        251,
        252,
        253,
        254
      ],
      "time_sec": 4.572236061096191
    },
    "PA3": {
      "fe_best": 0.047559962910428036,
      "thresholds": [
        1,
        2,
        4,
        5,
        6,
        7,
        8,
        9,
        51,
        254
      ],
      "time_sec": 4.61742377281189
    },
    "PA4": {
      "fe_best": 0.047559962910428036,
      "thresholds": [
        1,
        2,
        3,
        4,
        6,
        7,
        8,
        9,
        51,
        254
      ],
      "time_sec": 4.606740236282349
    },
    "PA5": {
      "fe_best": 0.047559962910428036,
      "thresholds": [
        2,
        3,
        4,
        5,
        6,
        7,
        8,
        9,
        51,
        254
      ],
      "time_sec": 9.252654790878296
    }
  }
}