{
  "image_index": 92,
  "image_path": "dataset/BDS500/images/val\\8023.jpg",
  "k": 10,
  "strategies": {
    "PA1": {
      "fe_best": 0.04898017405759189,
      "thresholds": [
        1,
        3,
        5,
        7,
        12,
        14,
        109,
        246,
        247,
        250
      ],
      "time_sec": 3.6152615547180176
    },
    "PA2": {
      "fe_best": 0.048972470738694596,
      "thresholds": [
        1,
        3,
        4,
        5,
        7,
        9,
        112,
        245,
        252,
        254
      ],
      "time_sec": 4.687025308609009
    },
    "PA3": {
      "fe_best": 0.048975939759199776,
      "thresholds": [
        2,
        3,
        4,
        6,
        7,
        12,
        13,
        108,
        249,
        252
      ],
      "time_sec": 4.613855838775635
    },
    "PA4": {
      "fe_best": 0.048956959853595966,
      "thresholds": [
        1,
        2,
        3,
        9,
        21,
        22,
        23,
        26,
        99,
        254
      ],
      "time_sec": 3.7438466548919678
    },
    "PA5": {
      "fe_best": 0.048972638585001144,
      "thresholds": [
        1,
        2,
        3,
        5,
        7,
        9,
        15,
        18,
        103,
        254
      ],
      "time_sec": 7.31706690788269
    }
  }
}