{
  "image_index": 98,
  "image_path": "dataset/BDS500/images/val\\89072.jpg",
  "k": 10,
  "strategies": {
    "PA1": {
      "fe_best": 0.04999235630017074,
      "thresholds": [
        1,
        2,
        3,
        5,
        6,
        7,
        10,
        12,
        19,
        24
      ],
      "time_sec": 3.8077025413513184
    },
    "PA2": {
      "fe_best": 0.049995753394257506,
      "thresholds": [
        1,
        2,
        3,
        4,
        5,
        9,
        10,
        14,
        15,
        28
      ],
      "time_sec": 3.578458309173584
    },
    "PA3": {
      "fe_best": 0.049292086501816726,
      "thresholds": [
        1,
        2,
        12,
        13,
        14,
        20,
        21,
        30,
        221,
        226
      ],
      "time_sec": 3.6361849308013916
    },
    "PA4": {
      "fe_best": 0.049995753394257506,
      "thresholds": [
        1,
        2,
        3,
        4,
        5,
        6,
        9,
        10,
        15,
        28
      ],
      "time_sec": 3.6160125732421875
    },
    "PA5": {
      "fe_best": 0.049995753394257506,
      "thresholds": [
        1,
        3,
        4,
        5,
        6,
        7,
        10,
        11,
        15,
        28
      ],
      "time_sec": 7.306026935577393
    }
  }
}