{
  "image_index": 94,
  "image_path": "dataset/BDS500/images/val\\86000.jpg",
  "k": 10,
  "strategies": {
    "PA1": {
      "fe_best": 0.049199389769362147,
      "thresholds": [
        1,
        2,
        3,
        4,
        5,
        6,
        7,
        90,
        253,
        254
      ],
      "time_sec": 4.875848293304443
    },
    "PA2": {
      "fe_best": 0.048885826765112814,
      "thresholds": [
        1,
        2,
        4,
        7,
        24,
        29,
        80,
        252,
        253,
        254
      ],
      "time_sec": 4.149327516555786
    },
    "PA3": {
      "fe_best": 0.049199389769362147,
      "thresholds": [
        1,
        2,
        3,
        4,
        5,
        6,
        7,
        90,
        253,
        254
      ],
      "time_sec": 4.040456056594849
    },
    "PA4": {
      "fe_best": 0.049265470140099424,
      "thresholds": [
        1,
        2,
        3,
        4,
        95,
        250,
        251,
        252,
        253,
        254
      ],
      "time_sec": 4.336706876754761
    },
    "PA5": {
      "fe_best": 0.04927458291347957,
      "thresholds": [
        1,
        2,
        97,
        248,
        249,
        250,
        251,
        252,
        253,
        254
      ],
      "time_sec": 9.175275802612305
    }
  }
}