{
  "algorithm": "WOA",
  "thresholds": [
    53,
    90,
    119,
    148,
    177,
    206,
    231
  ],
  "best_f": -28.627230924543017,
  "entropy": 28.627230924543017,
  "time": 1.7987325191497803,
  "metrics": {
    "psnr": 30.09002650476528,
    "ssim": 0.8269940048232152,
    "dice": 0.23436856413213608
  }
}