{
  "algorithm": "HYBRID-PA1",
  "thresholds": [
    2,
    7,
    22,
    35,
    45,
    52,
    57,
    60,
    65,
    68
  ],
  "best_f": -0.04479094526983243,
  "entropy": 0.04479094526983243,
  "time": 26.519259929656982,
  "metrics": {
    "psnr": 5.166546310289748,
    "ssim": 0.3633182902386931,
    "dice": 0.1257506410880644
  }
}