{
  "algorithm": "PSO",
  "thresholds": [
    48,
    96,
    131,
    166,
    201
  ],
  "best_f": -22.834320588142646,
  "entropy": 22.834320588142646,
  "time": 3.727644920349121,
  "metrics": {
    "psnr": 26.6880567032616,
    "ssim": 0.8393412766112793,
    "dice": 0.13144159022144003
  }
}