{
  "image_name": "uploaded",
  "timestamp": "2026-04-18T15:36:08.621278",
  "total_time": 17.923316955566406,
  "best_overall_algo": "WOA",
  "best_overall_f": -36.68324847029243,
  "best_overall_entropy": 36.68324847029243,
  "results": {
    "GWO": {
      "entropy": 35.95868543636809,
      "time": 2.0327138900756836,
      "metrics": {
        "psnr": 31.93393414279865,
        "ssim": 0.9295579093998863,
        "dice": 0.10090067654505458
      }
    },
    "WOA": {
      "entropy": 36.68324847029243,
      "time": 1.9464333057403564,
      "metrics": {
        "psnr": 32.677432826248854,
        "ssim": 0.9277681605108942,
        "dice": 0.09432199648910287
      }
    },
    "PSO": {
      "entropy": 36.19140268861449,
      "time": 4.058076858520508,
      "metrics": {
        "psnr": 32.07796554101583,
        "ssim": 0.9257051411471345,
        "dice": 0.098401800437664
      }
    },
    "OTSU": {
      "entropy": 36.092131748203585,
      "time": 0.0020008087158203125,
      "metrics": {
        "psnr": 31.868709633034204,
        "ssim": 0.9195837623753154,
        "dice": 0.09486309409479907
      }
    },
    "HYBRID-PA5": {
      "entropy": 36.673155642461005,
      "time": 4.103318214416504,
      "metrics": {
        "psnr": 32.7969823126547,
        "ssim": 0.9288556310452845,
        "dice": 0.09343245590998162
      }
    },
    "HYBRID-PA6": {
      "entropy": 36.66933214828274,
      "time": 2.23089599609375,
      "metrics": {
        "psnr": 32.72882765832325,
        "ssim": 0.9302625673609004,
        "dice": 0.0943367331311832
      }
    }
  }
}