{
  "algorithm": "WOA",
  "mode": "single_image_multi_seed",
  "seed": 43,
  "thresholds": [
    11,
    24,
    45,
    66,
    87,
    108,
    129,
    151,
    173,
    198
  ],
  "best_f": -35.353854106501636,
  "entropy": 35.36138000530268,
  "time": 15.80307674407959,
  "metrics": {
    "boundary_dsc": 0.10272692825317184,
    "psnr": 32.784483858968315,
    "ssim": 0.8963805205692378,
    "boundary_dsc_mean": 0.10158295043613139,
    "boundary_dsc_sd": 0.0009315415015878521,
    "fe_mean": 35.587037379222444,
    "fe_sd": 0.1278621419697413,
    "psnr_mean": 33.17898125652055,
    "psnr_sd": 0.251425370185909,
    "ssim_mean": 0.9042108053645663,
    "ssim_sd": 0.004950320212649581,
    "time_mean": 16.209751081466674,
    "time_sd": 0.35141627197868697,
    "n_runs": 5
  }
}