{
  "algorithm": "HYBRID-PA6",
  "thresholds": [
    34,
    56,
    72,
    88,
    104,
    120,
    141,
    161,
    183,
    207
  ],
  "best_f": -35.22197334665063,
  "entropy": 35.22197334665063,
  "time": 2.2220258712768555,
  "metrics": {
    "psnr": 34.37068073837522,
    "ssim": 0.9023967020211925,
    "dice": 0.11409788712227797
  }
}