{
  "algorithm": "PSO",
  "mode": "single_image_multi_seed",
  "seed": 42,
  "thresholds": [
    46,
    72,
    92,
    112,
    132,
    152,
    172,
    192,
    213,
    234
  ],
  "best_f": -36.119882553766644,
  "entropy": 36.12412076698948,
  "time": 28.277210235595703,
  "metrics": {
    "boundary_dsc": 0.2380170181280059,
    "psnr": 32.957863177442306,
    "ssim": 0.8949117727276993,
    "boundary_dsc_mean": 0.23564936504035097,
    "boundary_dsc_sd": 0.003348367107556145,
    "fe_mean": 36.10529886239024,
    "fe_sd": 0.026618192753926347,
    "psnr_mean": 32.90228985979762,
    "psnr_sd": 0.07859253951918357,
    "ssim_mean": 0.8927352741675366,
    "ssim_sd": 0.003078033782267555,
    "time_mean": 28.88152539730072,
    "time_sd": 0.8546306976309253,
    "n_runs": 2
  }
}