{
  "image_name": "uploaded",
  "timestamp": "2026-04-18T10:45:57.410136",
  "total_time": 17.920612812042236,
  "best_overall_algo": "HYBRID-PA5",
  "best_overall_f": -36.40008444929952,
  "best_overall_entropy": 36.40008444929952,
  "results": {
    "GWO": {
      "entropy": 36.140992896997695,
      "time": 2.0607097148895264,
      "metrics": {
        "psnr": 30.601698959432404,
        "ssim": 0.8520761731976368,
        "dice": 0.25649295213522794
      }
    },
    "WOA": {
      "entropy": 36.39699199636919,
      "time": 2.017544984817505,
      "metrics": {
        "psnr": 32.93519458397326,
        "ssim": 0.8749483573695926,
        "dice": 0.2425094645754462
      }
    },
    "PSO": {
      "entropy": 36.37661349653854,
      "time": 3.8669333457946777,
      "metrics": {
        "psnr": 33.45407029796941,
        "ssim": 0.8810533881153081,
        "dice": 0.22718440096488876
      }
    },
    "OTSU": {
      "entropy": 35.44330695658944,
      "time": 0.005000114440917969,
      "metrics": {
        "psnr": 32.48254580585906,
        "ssim": 0.867436236227862,
        "dice": 0.23381281524378852
      }
    },
    "HYBRID-PA5": {
      "entropy": 36.40008444929952,
      "time": 4.0242555141448975,
      "metrics": {
        "psnr": 33.09904151435356,
        "ssim": 0.8728481751679336,
        "dice": 0.22435047720042417
      }
    },
    "HYBRID-PA6": {
      "entropy": 36.277679231986625,
      "time": 2.2202749252319336,
      "metrics": {
        "psnr": 31.926305424749998,
        "ssim": 0.8604873885043556,
        "dice": 0.24268841903452767
      }
    }
  }
}