{
  "algorithm": "HYBRID-PA5",
  "thresholds": [
    34,
    55,
    79,
    100,
    123,
    146,
    169,
    192,
    215,
    235
  ],
  "best_f": -37.094501779922986,
  "entropy": 37.094501779922986,
  "time": 4.577110290527344,
  "metrics": {
    "psnr": 30.981452893607727,
    "ssim": 0.8904768238859856,
    "dice": 0.1714058686645099
  }
}