{
  "image_index": 2,
  "image_path": "dataset/BDS500/images/val\\102061.jpg",
  "k": 10,
  "strategies": {
    "PA1": {
      "fe_best": 0.04826421593329476,
      "thresholds": [
        2,
        4,
        6,
        9,
        16,
        18,
        59,
        226,
        227,
        242
      ],
      "time_sec": 4.4993133544921875,
      "stability_jitter": {
        "fe_mean": 0.048197757747019385,
        "fe_std": 3.0259052848515484e-05,
        "fe_min": 0.04811385438254641,
        "fe_max": 0.04826421593329476,
        "fe_original": 0.04826421593329476
      },
      "stability_convergence": {
        "fe_last_mean": 0.04826310845551969,
        "fe_last_std": 3.3224333252070142e-06,
        "fe_improvement": 0.0022287837762276705,
        "fe_first": 0.04603543215706709,
        "fe_last": 0.04826421593329476
      }
    },
    "PA2": {
      "fe_best": 0.04833146901507795,
      "thresholds": [
        1,
        3,
        4,
        5,
        6,
        7,
        8,
        68,
        223,
        224
      ],
      "time_sec": 4.494215250015259,
      "stability_jitter": {
        "fe_mean": 0.048276638810609306,
        "fe_std": 6.805395354413042e-05,
        "fe_min": 0.04813488370188786,
        "fe_max": 0.04835979251467454,
        "fe_original": 0.04833146901507795
      },
      "stability_convergence": {
        "fe_last_mean": 0.04833146901507795,
        "fe_last_std": 0.0,
        "fe_improvement": 0.0024257005058443623,
        "fe_first": 0.045905768509233585,
        "fe_last": 0.04833146901507795
      }
    },
    "PA3": {
      "fe_best": 0.0482217328371224,
      "thresholds": [
        1,
        2,
        6,
        7,
        8,
        23,
        24,
        51,
        227,
        228
      ],
      "time_sec": 4.4747209548950195,
      "stability_jitter": {
        "fe_mean": 0.048157679270113316,
        "fe_std": 3.655797323204016e-05,
        "fe_min": 0.04806694946603274,
        "fe_max": 0.0482217328371224,
        "fe_original": 0.0482217328371224
      },
      "stability_convergence": {
        "fe_last_mean": 0.048211812847147276,
        "fe_last_std": 6.68443893347714e-06,
        "fe_improvement": 0.002186300680055313,
        "fe_first": 0.04603543215706709,
        "fe_last": 0.0482217328371224
      }
    },
    "PA4": {
      "fe_best": 0.048116182180004415,
      "thresholds": [
        1,
        2,
        3,
        4,
        5,
        6,
        7,
        8,
        69,
        208
      ],
      "time_sec": 4.418667554855347,
      "stability_jitter": {
        "fe_mean": 0.04805786736890684,
        "fe_std": 2.762304874071456e-05,
        "fe_min": 0.04798604249250146,
        "fe_max": 0.048116182180004415,
        "fe_original": 0.048116182180004415
      },
      "stability_convergence": {
        "fe_last_mean": 0.048116182180004415,
        "fe_last_std": 0.0,
        "fe_improvement": 0.002210413670770829,
        "fe_first": 0.045905768509233585,
        "fe_last": 0.048116182180004415
      }
    },
    "PA5": {
      "fe_best": 0.04844586358679408,
      "thresholds": [
        1,
        2,
        3,
        4,
        6,
        69,
        218,
        232,
        247,
        252
      ],
      "time_sec": 8.675843477249146,
      "stability_jitter": {
        "fe_mean": 0.04829630508557434,
        "fe_std": 7.752925715837991e-05,
        "fe_min": 0.04810651247928332,
        "fe_max": 0.04844586358679408,
        "fe_original": 0.04844586358679408
      },
      "stability_convergence": {
        "fe_last_mean": 0.04844586358679408,
        "fe_last_std": 0.0,
        "fe_improvement": 0.001373737550977236,
        "fe_first": 0.04707212603581684,
        "fe_last": 0.04844586358679408
      }
    }
  }
}