{
  "image_index": 16,
  "image_path": "dataset/BDS500/images/val\\14037.jpg",
  "k": 10,
  "strategies": {
    "PA1": {
      "fe_best": 0.05063679195456882,
      "thresholds": [
        52,
        59,
        60,
        63,
        72,
        83,
        152,
        171,
        216,
        254
      ],
      "time_sec": 4.376725435256958,
      "stability_jitter": {
        "fe_mean": 0.050125172883371635,
        "fe_std": 0.0001577794253051453,
        "fe_min": 0.04986682287677441,
        "fe_max": 0.05063679195456882,
        "fe_original": 0.05063679195456882
      },
      "stability_convergence": {
        "fe_last_mean": 0.050634738393895914,
        "fe_last_std": 2.85966079643804e-06,
        "fe_improvement": 0.0007997893928084268,
        "fe_first": 0.04983700256176039,
        "fe_last": 0.05063679195456882
      }
    },
    "PA2": {
      "fe_best": 0.051262009839452144,
      "thresholds": [
        2,
        5,
        58,
        189,
        194,
        205,
        215,
        225,
        229,
        235
      ],
      "time_sec": 4.3735761642456055,
      "stability_jitter": {
        "fe_mean": 0.0511649209270172,
        "fe_std": 0.00019722154171611668,
        "fe_min": 0.0505045546739431,
        "fe_max": 0.05140740394242767,
        "fe_original": 0.051262009839452144
      },
      "stability_convergence": {
        "fe_last_mean": 0.05124214603431913,
        "fe_last_std": 2.1674886970401937e-05,
        "fe_improvement": 0.0017994937116532703,
        "fe_first": 0.049462516127798874,
        "fe_last": 0.051262009839452144
      }
    },
    "PA3": {
      "fe_best": 0.05116028778436649,
      "thresholds": [
        52,
        59,
        60,
        71,
        72,
        79,
        251,
        252,
        253,
        254
      ],
      "time_sec": 4.299375057220459,
      "stability_jitter": {
        "fe_mean": 0.050796540194101236,
        "fe_std": 0.00014779813510906286,
        "fe_min": 0.05044330696098456,
        "fe_max": 0.05116028778436649,
        "fe_original": 0.05116028778436649
      },
      "stability_convergence": {
        "fe_last_mean": 0.05113053691154714,
        "fe_last_std": 1.4163706136904017e-05,
        "fe_improvement": 0.0013232852226060937,
        "fe_first": 0.04983700256176039,
        "fe_last": 0.05116028778436649
      }
    },
    "PA4": {
      "fe_best": 0.050478995989651894,
      "thresholds": [
        49,
        60,
        69,
        82,
        157,
        174,
        221,
        222,
        242,
        248
      ],
      "time_sec": 7.185971975326538,
      "stability_jitter": {
        "fe_mean": 0.050347407909641276,
        "fe_std": 6.324599191584256e-05,
        "fe_min": 0.05024572635612119,
        "fe_max": 0.050478995989651894,
        "fe_original": 0.050478995989651894
      },
      "stability_convergence": {
        "fe_last_mean": 0.05047210409033409,
        "fe_last_std": 6.891899317799238e-06,
        "fe_improvement": 0.0010164798618530202,
        "fe_first": 0.049462516127798874,
        "fe_last": 0.050478995989651894
      }
    },
    "PA5": {
      "fe_best": 0.05137196931898589,
      "thresholds": [
        1,
        2,
        3,
        4,
        5,
        6,
        49,
        198,
        199,
        254
      ],
      "time_sec": 10.040827512741089,
      "stability_jitter": {
        "fe_mean": 0.05107320513308981,
        "fe_std": 0.00028417788816921844,
        "fe_min": 0.050437414098259664,
        "fe_max": 0.05137196931898589,
        "fe_original": 0.05137196931898589
      },
      "stability_convergence": {
        "fe_last_mean": 0.05137196931898589,
        "fe_last_std": 0.0,
        "fe_improvement": 0.0014341860414666258,
        "fe_first": 0.049937783277519264,
        "fe_last": 0.05137196931898589
      }
    }
  }
}