{
  "image_index": 12,
  "image_path": "dataset/BDS500/images/val\\123074.jpg",
  "k": 10,
  "strategies": {
    "PA1": {
      "fe_best": 0.046890535431789296,
      "thresholds": [
        4,
        10,
        11,
        12,
        13,
        14,
        16,
        18,
        119,
        254
      ],
      "time_sec": 4.769381523132324,
      "stability_jitter": {
        "fe_mean": 0.046862512103353904,
        "fe_std": 1.7143992832243124e-05,
        "fe_min": 0.04683867691141452,
        "fe_max": 0.046890535431789296,
        "fe_original": 0.046890535431789296
      },
      "stability_convergence": {
        "fe_last_mean": 0.046890535431789296,
        "fe_last_std": 0.0,
        "fe_improvement": 0.0008000542442996861,
        "fe_first": 0.04609048118748961,
        "fe_last": 0.046890535431789296
      }
    },
    "PA2": {
      "fe_best": 0.046890535431789296,
      "thresholds": [
        1,
        2,
        4,
        5,
        6,
        10,
        16,
        18,
        119,
        254
      ],
      "time_sec": 5.029691696166992,
      "stability_jitter": {
        "fe_mean": 0.046856052431930806,
        "fe_std": 2.2393420726611475e-05,
        "fe_min": 0.04679621905532165,
        "fe_max": 0.046890535431789296,
        "fe_original": 0.046890535431789296
      },
      "stability_convergence": {
        "fe_last_mean": 0.046890535431789296,
        "fe_last_std": 0.0,
        "fe_improvement": 0.0008000542442996861,
        "fe_first": 0.04609048118748961,
        "fe_last": 0.046890535431789296
      }
    },
    "PA3": {
      "fe_best": 0.04685301422023224,
      "thresholds": [
        1,
        2,
        3,
        4,
        14,
        19,
        122,
        251,
        252,
        254
      ],
      "time_sec": 4.767599582672119,
      "stability_jitter": {
        "fe_mean": 0.0468177947466589,
        "fe_std": 2.1358315556328447e-05,
        "fe_min": 0.04677389173653999,
        "fe_max": 0.04685301422023224,
        "fe_original": 0.04685301422023224
      },
      "stability_convergence": {
        "fe_last_mean": 0.0468526915954513,
        "fe_last_std": 3.2262478094277625e-07,
        "fe_improvement": 0.0007625330327426308,
        "fe_first": 0.04609048118748961,
        "fe_last": 0.04685301422023224
      }
    },
    "PA4": {
      "fe_best": 0.04685181681701559,
      "thresholds": [
        1,
        2,
        9,
        17,
        19,
        120,
        251,
        252,
        253,
        254
      ],
      "time_sec": 4.539747953414917,
      "stability_jitter": {
        "fe_mean": 0.04681182775071903,
        "fe_std": 1.417287750198721e-05,
        "fe_min": 0.04679143725718148,
        "fe_max": 0.04685181681701559,
        "fe_original": 0.04685181681701559
      },
      "stability_convergence": {
        "fe_last_mean": 0.0468518168170156,
        "fe_last_std": 6.938893903907228e-18,
        "fe_improvement": 0.0007613356295259818,
        "fe_first": 0.04609048118748961,
        "fe_last": 0.04685181681701559
      }
    },
    "PA5": {
      "fe_best": 0.04688374375969748,
      "thresholds": [
        1,
        2,
        3,
        4,
        5,
        16,
        17,
        120,
        253,
        254
      ],
      "time_sec": 8.917594909667969,
      "stability_jitter": {
        "fe_mean": 0.046843989838938054,
        "fe_std": 2.4872345408012747e-05,
        "fe_min": 0.04679238732205654,
        "fe_max": 0.04688374375969748,
        "fe_original": 0.04688374375969748
      },
      "stability_convergence": {
        "fe_last_mean": 0.046883743759697484,
        "fe_last_std": 6.938893903907228e-18,
        "fe_improvement": 0.0007932625722078673,
        "fe_first": 0.04609048118748961,
        "fe_last": 0.04688374375969748
      }
    }
  }
}