{
  "image_index": 44,
  "image_path": "dataset/BDS500/images/val\\223061.jpg",
  "k": 10,
  "strategies": {
    "PA1": {
      "fe_best": 0.049839743662045626,
      "thresholds": [
        1,
        2,
        5,
        6,
        9,
        10,
        13,
        14,
        17,
        18
      ],
      "time_sec": 4.400909185409546,
      "stability_jitter": {
        "fe_mean": 0.048744358537566236,
        "fe_std": 0.0003931931889097794,
        "fe_min": 0.04787116461815598,
        "fe_max": 0.049839743662045626,
        "fe_original": 0.049839743662045626
      },
      "stability_convergence": {
        "fe_last_mean": 0.049839743662045626,
        "fe_last_std": 0.0,
        "fe_improvement": 0.003401884642123175,
        "fe_first": 0.04643785901992245,
        "fe_last": 0.049839743662045626
      }
    },
    "PA2": {
      "fe_best": 0.049839743662045626,
      "thresholds": [
        1,
        2,
        5,
        6,
        9,
        10,
        13,
        14,
        17,
        18
      ],
      "time_sec": 6.170914173126221,
      "stability_jitter": {
        "fe_mean": 0.048744358537566236,
        "fe_std": 0.0003931931889097794,
        "fe_min": 0.04787116461815598,
        "fe_max": 0.049839743662045626,
        "fe_original": 0.049839743662045626
      },
      "stability_convergence": {
        "fe_last_mean": 0.049839743662045626,
        "fe_last_std": 0.0,
        "fe_improvement": 0.003148187053621382,
        "fe_first": 0.046691556608424244,
        "fe_last": 0.049839743662045626
      }
    },
    "PA3": {
      "fe_best": 0.04672701730795172,
      "thresholds": [
        23,
        30,
        31,
        54,
        67,
        78,
        89,
        90,
        189,
        254
      ],
      "time_sec": 3.6068928241729736,
      "stability_jitter": {
        "fe_mean": 0.04641120717909288,
        "fe_std": 0.00013921834089306406,
        "fe_min": 0.04613762323167658,
        "fe_max": 0.04672701730795172,
        "fe_original": 0.04672701730795172
      },
      "stability_convergence": {
        "fe_last_mean": 0.04669306314047956,
        "fe_last_std": 1.1551908607409346e-05,
        "fe_improvement": 0.00028915828802927174,
        "fe_first": 0.04643785901992245,
        "fe_last": 0.04672701730795172
      }
    },
    "PA4": {
      "fe_best": 0.04947113625791773,
      "thresholds": [
        1,
        2,
        3,
        4,
        7,
        8,
        11,
        12,
        15,
        20
      ],
      "time_sec": 5.212653398513794,
      "stability_jitter": {
        "fe_mean": 0.048682184861743055,
        "fe_std": 0.00029998283779335814,
        "fe_min": 0.048205479920019764,
        "fe_max": 0.04947113625791773,
        "fe_original": 0.04947113625791773
      },
      "stability_convergence": {
        "fe_last_mean": 0.04947113625791773,
        "fe_last_std": 0.0,
        "fe_improvement": 0.002779579649493484,
        "fe_first": 0.046691556608424244,
        "fe_last": 0.04947113625791773
      }
    },
    "PA5": {
      "fe_best": 0.04983906772234752,
      "thresholds": [
        1,
        4,
        7,
        8,
        11,
        12,
        15,
        16,
        19,
        20
      ],
      "time_sec": 7.55327582359314,
      "stability_jitter": {
        "fe_mean": 0.04875247992398603,
        "fe_std": 0.0003244638703224887,
        "fe_min": 0.048315328337830504,
        "fe_max": 0.04983906772234752,
        "fe_original": 0.04983906772234752
      },
      "stability_convergence": {
        "fe_last_mean": 0.04983906772234752,
        "fe_last_std": 0.0,
        "fe_improvement": 0.003721729020495855,
        "fe_first": 0.04611733870185167,
        "fe_last": 0.04983906772234752
      }
    }
  }
}