{
  "image_index": 61,
  "image_path": "dataset/BDS500/images/val\\300091.jpg",
  "k": 10,
  "strategies": {
    "PA1": {
      "fe_best": 0.05096665695991086,
      "thresholds": [
        1,
        2,
        84,
        244,
        245,
        246,
        247,
        250,
        251,
        254
      ],
      "time_sec": 4.209805011749268,
      "stability_jitter": {
        "fe_mean": 0.0507475342405778,
        "fe_std": 9.220780901423213e-05,
        "fe_min": 0.05051495975439396,
        "fe_max": 0.05096665695991086,
        "fe_original": 0.05096665695991086
      },
      "stability_convergence": {
        "fe_last_mean": 0.05096338597209875,
        "fe_last_std": 3.37583460776447e-06,
        "fe_improvement": 0.004674975031491016,
        "fe_first": 0.04629168192841984,
        "fe_last": 0.05096665695991086
      }
    },
    "PA2": {
      "fe_best": 0.05081547859275489,
      "thresholds": [
        1,
        2,
        3,
        4,
        5,
        6,
        79,
        250,
        251,
        254
      ],
      "time_sec": 4.430404424667358,
      "stability_jitter": {
        "fe_mean": 0.05053412010269575,
        "fe_std": 0.00011492459629019383,
        "fe_min": 0.050299699137635726,
        "fe_max": 0.05081547859275489,
        "fe_original": 0.05081547859275489
      },
      "stability_convergence": {
        "fe_last_mean": 0.05081547859275489,
        "fe_last_std": 0.0,
        "fe_improvement": 0.004523796664335049,
        "fe_first": 0.04629168192841984,
        "fe_last": 0.05081547859275489
      }
    },
    "PA3": {
      "fe_best": 0.050665551660200384,
      "thresholds": [
        1,
        7,
        8,
        11,
        12,
        74,
        249,
        250,
        251,
        254
      ],
      "time_sec": 4.232194423675537,
      "stability_jitter": {
        "fe_mean": 0.0501683783575104,
        "fe_std": 0.00017744551977333614,
        "fe_min": 0.04989517109293265,
        "fe_max": 0.050665551660200384,
        "fe_original": 0.050665551660200384
      },
      "stability_convergence": {
        "fe_last_mean": 0.05064101795408597,
        "fe_last_std": 3.18531169721074e-05,
        "fe_improvement": 0.004373869731780541,
        "fe_first": 0.04629168192841984,
        "fe_last": 0.050665551660200384
      }
    },
    "PA4": {
      "fe_best": 0.05072859091974694,
      "thresholds": [
        1,
        2,
        3,
        4,
        5,
        6,
        75,
        250,
        251,
        254
      ],
      "time_sec": 4.593712091445923,
      "stability_jitter": {
        "fe_mean": 0.050470031921837244,
        "fe_std": 0.00010905201684893723,
        "fe_min": 0.05028521967418458,
        "fe_max": 0.05072859091974694,
        "fe_original": 0.05072859091974694
      },
      "stability_convergence": {
        "fe_last_mean": 0.05072859091974694,
        "fe_last_std": 0.0,
        "fe_improvement": 0.0044369089913271,
        "fe_first": 0.04629168192841984,
        "fe_last": 0.05072859091974694
      }
    },
    "PA5": {
      "fe_best": 0.05068777379930539,
      "thresholds": [
        1,
        2,
        3,
        4,
        5,
        6,
        7,
        78,
        251,
        252
      ],
      "time_sec": 8.722199440002441,
      "stability_jitter": {
        "fe_mean": 0.05038218741203003,
        "fe_std": 0.0001181595293962157,
        "fe_min": 0.05016781691528325,
        "fe_max": 0.05068777379930539,
        "fe_original": 0.05068777379930539
      },
      "stability_convergence": {
        "fe_last_mean": 0.05068296699246041,
        "fe_last_std": 5.887112031160905e-06,
        "fe_improvement": 0.00299310650008925,
        "fe_first": 0.04769466729921614,
        "fe_last": 0.05068777379930539
      }
    }
  }
}