{
  "image_index": 68,
  "image_path": "dataset/BDS500/images/val\\351093.jpg",
  "k": 10,
  "strategies": {
    "PA1": {
      "fe_best": 0.0419194229669422,
      "thresholds": [
        51,
        52,
        55,
        68,
        83,
        108,
        119,
        136,
        191,
        244
      ],
      "time_sec": 4.358822345733643,
      "stability_jitter": {
        "fe_mean": 0.04123420937942145,
        "fe_std": 0.000253526119707477,
        "fe_min": 0.04058973236533222,
        "fe_max": 0.0419194229669422,
        "fe_original": 0.0419194229669422
      },
      "stability_convergence": {
        "fe_last_mean": 0.04191077021174093,
        "fe_last_std": 1.3217301893236242e-05,
        "fe_improvement": 0.0006920286825614838,
        "fe_first": 0.041227394284380714,
        "fe_last": 0.0419194229669422
      }
    },
    "PA2": {
      "fe_best": 0.04245872714539897,
      "thresholds": [
        1,
        2,
        3,
        98,
        139,
        154,
        189,
        250,
        251,
        254
      ],
      "time_sec": 4.422043085098267,
      "stability_jitter": {
        "fe_mean": 0.04054986879022406,
        "fe_std": 0.000878379818928691,
        "fe_min": 0.03905801233328416,
        "fe_max": 0.04245872714539897,
        "fe_original": 0.04245872714539897
      },
      "stability_convergence": {
        "fe_last_mean": 0.04245872714539898,
        "fe_last_std": 6.938893903907228e-18,
        "fe_improvement": 0.0012357592719930144,
        "fe_first": 0.04122296787340596,
        "fe_last": 0.04245872714539897
      }
    },
    "PA3": {
      "fe_best": 0.042506614154127625,
      "thresholds": [
        1,
        101,
        104,
        109,
        156,
        192,
        219,
        250,
        251,
        254
      ],
      "time_sec": 4.506318807601929,
      "stability_jitter": {
        "fe_mean": 0.04051619333930946,
        "fe_std": 0.0008463373773914822,
        "fe_min": 0.03913941050014667,
        "fe_max": 0.042506614154127625,
        "fe_original": 0.042506614154127625
      },
      "stability_convergence": {
        "fe_last_mean": 0.04231980013102621,
        "fe_last_std": 0.0001961488242212457,
        "fe_improvement": 0.0012792198697469115,
        "fe_first": 0.041227394284380714,
        "fe_last": 0.042506614154127625
      }
    },
    "PA4": {
      "fe_best": 0.04170561278494782,
      "thresholds": [
        1,
        10,
        40,
        43,
        64,
        79,
        112,
        183,
        251,
        254
      ],
      "time_sec": 4.5208189487457275,
      "stability_jitter": {
        "fe_mean": 0.0407122942086405,
        "fe_std": 0.0006447938919681816,
        "fe_min": 0.03966676524084274,
        "fe_max": 0.04170561278494782,
        "fe_original": 0.04170561278494782
      },
      "stability_convergence": {
        "fe_last_mean": 0.041668557703601894,
        "fe_last_std": 3.72678207044357e-05,
        "fe_improvement": 0.0004826449115418602,
        "fe_first": 0.04122296787340596,
        "fe_last": 0.04170561278494782
      }
    },
    "PA5": {
      "fe_best": 0.042685176758032364,
      "thresholds": [
        44,
        69,
        74,
        77,
        131,
        204,
        243,
        250,
        251,
        254
      ],
      "time_sec": 9.0068519115448,
      "stability_jitter": {
        "fe_mean": 0.04042504894020581,
        "fe_std": 0.0009449705229122102,
        "fe_min": 0.03896919031920654,
        "fe_max": 0.042685176758032364,
        "fe_original": 0.042685176758032364
      },
      "stability_convergence": {
        "fe_last_mean": 0.042685176758032364,
        "fe_last_std": 0.0,
        "fe_improvement": 0.0013335188578898205,
        "fe_first": 0.041351657900142544,
        "fe_last": 0.042685176758032364
      }
    }
  }
}