{
  "image_index": 62,
  "image_path": "dataset/BDS500/images/val\\302008.jpg",
  "k": 10,
  "strategies": {
    "PA1": {
      "fe_best": 0.053894745607797084,
      "thresholds": [
        39,
        44,
        47,
        52,
        55,
        84,
        91,
        108,
        203,
        252
      ],
      "time_sec": 4.496382474899292,
      "stability_jitter": {
        "fe_mean": 0.05359824301850692,
        "fe_std": 0.00011860734346357999,
        "fe_min": 0.05336147911921122,
        "fe_max": 0.053894745607797084,
        "fe_original": 0.053894745607797084
      },
      "stability_convergence": {
        "fe_last_mean": 0.05387705978499857,
        "fe_last_std": 1.737705073801354e-05,
        "fe_improvement": 0.0007652627476369134,
        "fe_first": 0.05312948286016017,
        "fe_last": 0.053894745607797084
      }
    },
    "PA2": {
      "fe_best": 0.053773227149855725,
      "thresholds": [
        39,
        48,
        51,
        78,
        115,
        204,
        251,
        252,
        253,
        254
      ],
      "time_sec": 4.822137832641602,
      "stability_jitter": {
        "fe_mean": 0.05367282104517682,
        "fe_std": 4.160854219095407e-05,
        "fe_min": 0.053593608318845395,
        "fe_max": 0.053773227149855725,
        "fe_original": 0.053773227149855725
      },
      "stability_convergence": {
        "fe_last_mean": 0.05377322714985573,
        "fe_last_std": 6.938893903907228e-18,
        "fe_improvement": 0.0007441373522457939,
        "fe_first": 0.05302908979760993,
        "fe_last": 0.053773227149855725
      }
    },
    "PA3": {
      "fe_best": 0.053870281878304484,
      "thresholds": [
        39,
        40,
        47,
        54,
        55,
        82,
        99,
        102,
        207,
        252
      ],
      "time_sec": 4.689462423324585,
      "stability_jitter": {
        "fe_mean": 0.05362532794413516,
        "fe_std": 8.488215158489243e-05,
        "fe_min": 0.05347437624130193,
        "fe_max": 0.053870281878304484,
        "fe_original": 0.053870281878304484
      },
      "stability_convergence": {
        "fe_last_mean": 0.0538566455318251,
        "fe_last_std": 1.5104773610306413e-05,
        "fe_improvement": 0.0007407990181443128,
        "fe_first": 0.05312948286016017,
        "fe_last": 0.053870281878304484
      }
    },
    "PA4": {
      "fe_best": 0.05388154423677295,
      "thresholds": [
        39,
        44,
        47,
        48,
        67,
        77,
        114,
        201,
        253,
        254
      ],
      "time_sec": 4.633768320083618,
      "stability_jitter": {
        "fe_mean": 0.05365218252052271,
        "fe_std": 7.710572000407387e-05,
        "fe_min": 0.053529438238985844,
        "fe_max": 0.05388154423677295,
        "fe_original": 0.05388154423677295
      },
      "stability_convergence": {
        "fe_last_mean": 0.05385798266936899,
        "fe_last_std": 1.4044099632295957e-05,
        "fe_improvement": 0.0008524544391630209,
        "fe_first": 0.05302908979760993,
        "fe_last": 0.05388154423677295
      }
    },
    "PA5": {
      "fe_best": 0.0538057465717898,
      "thresholds": [
        39,
        42,
        43,
        58,
        70,
        83,
        86,
        104,
        203,
        254
      ],
      "time_sec": 9.905661344528198,
      "stability_jitter": {
        "fe_mean": 0.0536012290424709,
        "fe_std": 9.056333887415158e-05,
        "fe_min": 0.053441520965869044,
        "fe_max": 0.0538057465717898,
        "fe_original": 0.0538057465717898
      },
      "stability_convergence": {
        "fe_last_mean": 0.053805746571789805,
        "fe_last_std": 6.938893903907228e-18,
        "fe_improvement": 0.0005463715039807776,
        "fe_first": 0.05325937506780902,
        "fe_last": 0.0538057465717898
      }
    }
  }
}