{
  "image_index": 76,
  "image_path": "dataset/BDS500/images/val\\41069.jpg",
  "k": 10,
  "strategies": {
    "PA1": {
      "fe_best": 0.047046605451178586,
      "thresholds": [
        1,
        2,
        3,
        4,
        5,
        6,
        7,
        8,
        9,
        54
      ],
      "time_sec": 4.312521934509277,
      "stability_jitter": {
        "fe_mean": 0.047005660335480016,
        "fe_std": 1.98992054273002e-05,
        "fe_min": 0.04694418237483593,
        "fe_max": 0.047046605451178586,
        "fe_original": 0.047046605451178586
      },
      "stability_convergence": {
        "fe_last_mean": 0.04704660545117858,
        "fe_last_std": 6.938893903907228e-18,
        "fe_improvement": 0.0009701847872224112,
        "fe_first": 0.046076420663956175,
        "fe_last": 0.047046605451178586
      }
    },
    "PA2": {
      "fe_best": 0.047046605451178586,
      "thresholds": [
        1,
        2,
        3,
        4,
        5,
        6,
        7,
        8,
        9,
        54
      ],
      "time_sec": 4.293167352676392,
      "stability_jitter": {
        "fe_mean": 0.047005660335480016,
        "fe_std": 1.98992054273002e-05,
        "fe_min": 0.04694418237483593,
        "fe_max": 0.047046605451178586,
        "fe_original": 0.047046605451178586
      },
      "stability_convergence": {
        "fe_last_mean": 0.04704660545117858,
        "fe_last_std": 6.938893903907228e-18,
        "fe_improvement": 0.0006553104311695923,
        "fe_first": 0.046391295020008994,
        "fe_last": 0.047046605451178586
      }
    },
    "PA3": {
      "fe_best": 0.047046605451178586,
      "thresholds": [
        1,
        2,
        3,
        4,
        5,
        6,
        7,
        8,
        9,
        54
      ],
      "time_sec": 4.298420667648315,
      "stability_jitter": {
        "fe_mean": 0.047005660335480016,
        "fe_std": 1.98992054273002e-05,
        "fe_min": 0.04694418237483593,
        "fe_max": 0.047046605451178586,
        "fe_original": 0.047046605451178586
      },
      "stability_convergence": {
        "fe_last_mean": 0.04704660545117858,
        "fe_last_std": 6.938893903907228e-18,
        "fe_improvement": 0.0009701847872224112,
        "fe_first": 0.046076420663956175,
        "fe_last": 0.047046605451178586
      }
    },
    "PA4": {
      "fe_best": 0.047046605451178586,
      "thresholds": [
        1,
        2,
        3,
        4,
        5,
        6,
        7,
        8,
        9,
        54
      ],
      "time_sec": 4.265293836593628,
      "stability_jitter": {
        "fe_mean": 0.047005660335480016,
        "fe_std": 1.98992054273002e-05,
        "fe_min": 0.04694418237483593,
        "fe_max": 0.047046605451178586,
        "fe_original": 0.047046605451178586
      },
      "stability_convergence": {
        "fe_last_mean": 0.04704660545117858,
        "fe_last_std": 6.938893903907228e-18,
        "fe_improvement": 0.0006553104311695923,
        "fe_first": 0.046391295020008994,
        "fe_last": 0.047046605451178586
      }
    },
    "PA5": {
      "fe_best": 0.04702818609466238,
      "thresholds": [
        1,
        2,
        3,
        5,
        6,
        57,
        248,
        249,
        252,
        254
      ],
      "time_sec": 8.790069818496704,
      "stability_jitter": {
        "fe_mean": 0.046982546545823574,
        "fe_std": 2.3763232466931436e-05,
        "fe_min": 0.04692299311683948,
        "fe_max": 0.04702818609466238,
        "fe_original": 0.04702818609466238
      },
      "stability_convergence": {
        "fe_last_mean": 0.047028186094662375,
        "fe_last_std": 6.938893903907228e-18,
        "fe_improvement": 2.6089555965926048e-05,
        "fe_first": 0.047002096538696456,
        "fe_last": 0.04702818609466238
      }
    }
  }
}