{
  "image_index": 87,
  "image_path": "dataset/BDS500/images/val\\69015.jpg",
  "k": 10,
  "strategies": {
    "PA1": {
      "fe_best": 0.04838384846364765,
      "thresholds": [
        23,
        24,
        27,
        28,
        31,
        32,
        115,
        137,
        158,
        188
      ],
      "time_sec": 4.417055606842041,
      "stability_jitter": {
        "fe_mean": 0.047216206094799165,
        "fe_std": 0.0006755807141098005,
        "fe_min": 0.04561255342574092,
        "fe_max": 0.04838384846364765,
        "fe_original": 0.04838384846364765
      },
      "stability_convergence": {
        "fe_last_mean": 0.04831547438274332,
        "fe_last_std": 3.707534356545259e-05,
        "fe_improvement": 0.0011308209488612511,
        "fe_first": 0.0472530275147864,
        "fe_last": 0.04838384846364765
      }
    },
    "PA2": {
      "fe_best": 0.047977656703820565,
      "thresholds": [
        23,
        24,
        27,
        32,
        35,
        56,
        63,
        136,
        167,
        205
      ],
      "time_sec": 5.3519792556762695,
      "stability_jitter": {
        "fe_mean": 0.04709507565533139,
        "fe_std": 0.00032882815484516694,
        "fe_min": 0.04642258642349954,
        "fe_max": 0.047977656703820565,
        "fe_original": 0.047977656703820565
      },
      "stability_convergence": {
        "fe_last_mean": 0.047898583622803505,
        "fe_last_std": 9.70448209344463e-05,
        "fe_improvement": 0.0005678823400103103,
        "fe_first": 0.047409774363810255,
        "fe_last": 0.047977656703820565
      }
    },
    "PA3": {
      "fe_best": 0.04804387804582094,
      "thresholds": [
        1,
        44,
        47,
        48,
        249,
        250,
        251,
        252,
        253,
        254
      ],
      "time_sec": 5.43968653678894,
      "stability_jitter": {
        "fe_mean": 0.0475867752438344,
        "fe_std": 0.0002595323593901018,
        "fe_min": 0.04719137580179371,
        "fe_max": 0.048121519812714605,
        "fe_original": 0.04804387804582094
      },
      "stability_convergence": {
        "fe_last_mean": 0.04804387804582094,
        "fe_last_std": 0.0,
        "fe_improvement": 0.0007908505310345454,
        "fe_first": 0.0472530275147864,
        "fe_last": 0.04804387804582094
      }
    },
    "PA4": {
      "fe_best": 0.04766739953747247,
      "thresholds": [
        23,
        32,
        107,
        152,
        155,
        204,
        219,
        223,
        229,
        251
      ],
      "time_sec": 4.419571399688721,
      "stability_jitter": {
        "fe_mean": 0.04751641451320365,
        "fe_std": 6.176252269913221e-05,
        "fe_min": 0.04739589997946683,
        "fe_max": 0.04766739953747247,
        "fe_original": 0.04766739953747247
      },
      "stability_convergence": {
        "fe_last_mean": 0.047665727266040306,
        "fe_last_std": 9.521757513697583e-07,
        "fe_improvement": 0.000257625173662214,
        "fe_first": 0.047409774363810255,
        "fe_last": 0.04766739953747247
      }
    },
    "PA5": {
      "fe_best": 0.047929360331817904,
      "thresholds": [
        21,
        44,
        45,
        48,
        153,
        156,
        169,
        189,
        198,
        221
      ],
      "time_sec": 8.982731819152832,
      "stability_jitter": {
        "fe_mean": 0.047405667300097286,
        "fe_std": 0.0001733484311573037,
        "fe_min": 0.047078604284723415,
        "fe_max": 0.047929360331817904,
        "fe_original": 0.047929360331817904
      },
      "stability_convergence": {
        "fe_last_mean": 0.04789812777613347,
        "fe_last_std": 1.9826489199636315e-05,
        "fe_improvement": 0.00043691589898314787,
        "fe_first": 0.047492444432834756,
        "fe_last": 0.047929360331817904
      }
    }
  }
}