{
  "image_index": 83,
  "image_path": "dataset/BDS500/images/val\\58060.jpg",
  "k": 10,
  "strategies": {
    "PA1": {
      "fe_best": 0.051263029396008464,
      "thresholds": [
        55,
        64,
        71,
        72,
        75,
        100,
        131,
        144,
        147,
        200
      ],
      "time_sec": 4.507312536239624,
      "stability_jitter": {
        "fe_mean": 0.05061406242678747,
        "fe_std": 0.00029127078693708206,
        "fe_min": 0.04986776120386892,
        "fe_max": 0.051263029396008464,
        "fe_original": 0.051263029396008464
      },
      "stability_convergence": {
        "fe_last_mean": 0.051263029396008464,
        "fe_last_std": 0.0,
        "fe_improvement": 0.0006106424768017732,
        "fe_first": 0.05065238691920669,
        "fe_last": 0.051263029396008464
      }
    },
    "PA2": {
      "fe_best": 0.05132848939534903,
      "thresholds": [
        1,
        100,
        244,
        246,
        247,
        248,
        251,
        252,
        253,
        254
      ],
      "time_sec": 4.395314693450928,
      "stability_jitter": {
        "fe_mean": 0.05115572585160959,
        "fe_std": 0.00011129681891336915,
        "fe_min": 0.05097076322656199,
        "fe_max": 0.05132848939534903,
        "fe_original": 0.05132848939534903
      },
      "stability_convergence": {
        "fe_last_mean": 0.05132848939534903,
        "fe_last_std": 0.0,
        "fe_improvement": 0.0008417582579348659,
        "fe_first": 0.05048673113741416,
        "fe_last": 0.05132848939534903
      }
    },
    "PA3": {
      "fe_best": 0.051180824710365024,
      "thresholds": [
        56,
        59,
        60,
        71,
        80,
        95,
        100,
        155,
        160,
        227
      ],
      "time_sec": 4.624019145965576,
      "stability_jitter": {
        "fe_mean": 0.050579718513171855,
        "fe_std": 0.00018875078089329247,
        "fe_min": 0.05024691495651821,
        "fe_max": 0.051180824710365024,
        "fe_original": 0.051180824710365024
      },
      "stability_convergence": {
        "fe_last_mean": 0.05117635555797001,
        "fe_last_std": 2.2345761975045565e-06,
        "fe_improvement": 0.000528437791158333,
        "fe_first": 0.05065238691920669,
        "fe_last": 0.051180824710365024
      }
    },
    "PA4": {
      "fe_best": 0.05123681841202822,
      "thresholds": [
        51,
        52,
        55,
        56,
        95,
        96,
        103,
        168,
        176,
        235
      ],
      "time_sec": 4.404800653457642,
      "stability_jitter": {
        "fe_mean": 0.05049596122165677,
        "fe_std": 0.0004197454590235369,
        "fe_min": 0.04955478067680019,
        "fe_max": 0.05123681841202822,
        "fe_original": 0.05123681841202822
      },
      "stability_convergence": {
        "fe_last_mean": 0.05121383119871707,
        "fe_last_std": 1.8619892846261808e-05,
        "fe_improvement": 0.0007500872746140572,
        "fe_first": 0.05048673113741416,
        "fe_last": 0.05123681841202822
      }
    },
    "PA5": {
      "fe_best": 0.05117598188797969,
      "thresholds": [
        54,
        57,
        58,
        61,
        86,
        113,
        117,
        146,
        173,
        201
      ],
      "time_sec": 9.0834219455719,
      "stability_jitter": {
        "fe_mean": 0.050635418419758,
        "fe_std": 0.0002208973084190777,
        "fe_min": 0.05038106622604668,
        "fe_max": 0.05117598188797969,
        "fe_original": 0.05117598188797969
      },
      "stability_convergence": {
        "fe_last_mean": 0.05112233819630778,
        "fe_last_std": 4.065233923229225e-05,
        "fe_improvement": 0.0004979277184752259,
        "fe_first": 0.050678054169504466,
        "fe_last": 0.05117598188797969
      }
    }
  }
}