{
  "image_index": 85,
  "image_path": "dataset/BDS500/images/val\\65033.jpg",
  "k": 10,
  "strategies": {
    "PA1": {
      "fe_best": 0.047086243633286506,
      "thresholds": [
        1,
        6,
        20,
        171,
        180,
        191,
        204,
        214,
        237,
        246
      ],
      "time_sec": 4.470362901687622,
      "stability_jitter": {
        "fe_mean": 0.047040087791736455,
        "fe_std": 3.153017931836287e-05,
        "fe_min": 0.046966527139570426,
        "fe_max": 0.047086243633286506,
        "fe_original": 0.047086243633286506
      },
      "stability_convergence": {
        "fe_last_mean": 0.047086243633286506,
        "fe_last_std": 0.0,
        "fe_improvement": 0.0004769090560063777,
        "fe_first": 0.04660933457728013,
        "fe_last": 0.047086243633286506
      }
    },
    "PA2": {
      "fe_best": 0.04712278831127499,
      "thresholds": [
        10,
        16,
        177,
        178,
        193,
        198,
        223,
        250,
        251,
        254
      ],
      "time_sec": 4.340022563934326,
      "stability_jitter": {
        "fe_mean": 0.046967767215906314,
        "fe_std": 7.014791219658149e-05,
        "fe_min": 0.04682537390667273,
        "fe_max": 0.04712278831127499,
        "fe_original": 0.04712278831127499
      },
      "stability_convergence": {
        "fe_last_mean": 0.04712278831127499,
        "fe_last_std": 0.0,
        "fe_improvement": 0.0005134537339948619,
        "fe_first": 0.04660933457728013,
        "fe_last": 0.04712278831127499
      }
    },
    "PA3": {
      "fe_best": 0.047445108796080236,
      "thresholds": [
        1,
        2,
        3,
        4,
        6,
        8,
        12,
        250,
        251,
        254
      ],
      "time_sec": 4.569867372512817,
      "stability_jitter": {
        "fe_mean": 0.047308596890252866,
        "fe_std": 7.328798441309835e-05,
        "fe_min": 0.047144372901457156,
        "fe_max": 0.047445108796080236,
        "fe_original": 0.047445108796080236
      },
      "stability_convergence": {
        "fe_last_mean": 0.04744510879608023,
        "fe_last_std": 6.938893903907228e-18,
        "fe_improvement": 0.0008357742188001074,
        "fe_first": 0.04660933457728013,
        "fe_last": 0.047445108796080236
      }
    },
    "PA4": {
      "fe_best": 0.047115361191814455,
      "thresholds": [
        10,
        17,
        174,
        177,
        206,
        214,
        229,
        242,
        251,
        254
      ],
      "time_sec": 4.3186235427856445,
      "stability_jitter": {
        "fe_mean": 0.04699651298060823,
        "fe_std": 6.73139487131011e-05,
        "fe_min": 0.04688175006318618,
        "fe_max": 0.047115361191814455,
        "fe_original": 0.047115361191814455
      },
      "stability_convergence": {
        "fe_last_mean": 0.0470956739904746,
        "fe_last_std": 1.3885354105021445e-05,
        "fe_improvement": 0.0005060266145343259,
        "fe_first": 0.04660933457728013,
        "fe_last": 0.047115361191814455
      }
    },
    "PA5": {
      "fe_best": 0.04736750523176083,
      "thresholds": [
        1,
        2,
        3,
        4,
        5,
        6,
        7,
        8,
        13,
        248
      ],
      "time_sec": 8.659886598587036,
      "stability_jitter": {
        "fe_mean": 0.047320678629599926,
        "fe_std": 2.0230429997990296e-05,
        "fe_min": 0.04728421973972181,
        "fe_max": 0.04736750523176083,
        "fe_original": 0.04736750523176083
      },
      "stability_convergence": {
        "fe_last_mean": 0.04736750523176082,
        "fe_last_std": 6.938893903907228e-18,
        "fe_improvement": 0.0007581706544807013,
        "fe_first": 0.04660933457728013,
        "fe_last": 0.04736750523176083
      }
    }
  }
}