{
  "image_index": 80,
  "image_path": "dataset/BDS500/images/val\\45096.jpg",
  "k": 10,
  "strategies": {
    "PA1": {
      "fe_best": 0.05171169072689497,
      "thresholds": [
        107,
        144,
        155,
        168,
        196,
        206,
        209,
        222,
        242,
        253
      ],
      "time_sec": 4.769733190536499,
      "stability_jitter": {
        "fe_mean": 0.0516711670257818,
        "fe_std": 1.6254345894216485e-05,
        "fe_min": 0.05164187575909631,
        "fe_max": 0.05171169072689497,
        "fe_original": 0.05171169072689497
      },
      "stability_convergence": {
        "fe_last_mean": 0.05170993272880996,
        "fe_last_std": 8.789990425084326e-07,
        "fe_improvement": 0.0005518802018754515,
        "fe_first": 0.05115981052501952,
        "fe_last": 0.05171169072689497
      }
    },
    "PA2": {
      "fe_best": 0.0517196886221906,
      "thresholds": [
        105,
        167,
        202,
        212,
        239,
        240,
        243,
        252,
        253,
        254
      ],
      "time_sec": 4.348313093185425,
      "stability_jitter": {
        "fe_mean": 0.05168984533907395,
        "fe_std": 1.4553889850539348e-05,
        "fe_min": 0.051662150520754735,
        "fe_max": 0.0517196886221906,
        "fe_original": 0.0517196886221906
      },
      "stability_convergence": {
        "fe_last_mean": 0.0517196886221906,
        "fe_last_std": 0.0,
        "fe_improvement": 6.590112230502737e-05,
        "fe_first": 0.05165378749988557,
        "fe_last": 0.0517196886221906
      }
    },
    "PA3": {
      "fe_best": 0.05176322576928609,
      "thresholds": [
        107,
        159,
        180,
        183,
        184,
        191,
        204,
        207,
        252,
        254
      ],
      "time_sec": 4.395190477371216,
      "stability_jitter": {
        "fe_mean": 0.051700594126940044,
        "fe_std": 2.6622320473040683e-05,
        "fe_min": 0.051656314179022174,
        "fe_max": 0.05176322576928609,
        "fe_original": 0.05176322576928609
      },
      "stability_convergence": {
        "fe_last_mean": 0.05175711177612512,
        "fe_last_std": 6.715514686381302e-06,
        "fe_improvement": 0.0006034152442665683,
        "fe_first": 0.05115981052501952,
        "fe_last": 0.05176322576928609
      }
    },
    "PA4": {
      "fe_best": 0.05174673318762727,
      "thresholds": [
        104,
        171,
        196,
        243,
        244,
        247,
        248,
        251,
        252,
        254
      ],
      "time_sec": 4.367150783538818,
      "stability_jitter": {
        "fe_mean": 0.05168240053712941,
        "fe_std": 3.1950146670281075e-05,
        "fe_min": 0.051629545854157625,
        "fe_max": 0.05174673318762727,
        "fe_original": 0.05174673318762727
      },
      "stability_convergence": {
        "fe_last_mean": 0.05173947712797659,
        "fe_last_std": 4.906140800203721e-06,
        "fe_improvement": 9.294568774170092e-05,
        "fe_first": 0.05165378749988557,
        "fe_last": 0.05174673318762727
      }
    },
    "PA5": {
      "fe_best": 0.051747628415704044,
      "thresholds": [
        105,
        167,
        190,
        195,
        206,
        207,
        251,
        252,
        253,
        254
      ],
      "time_sec": 8.629368782043457,
      "stability_jitter": {
        "fe_mean": 0.051705697275100784,
        "fe_std": 2.0173286135786324e-05,
        "fe_min": 0.05166815252896944,
        "fe_max": 0.051747628415704044,
        "fe_original": 0.051747628415704044
      },
      "stability_convergence": {
        "fe_last_mean": 0.05174762841570404,
        "fe_last_std": 6.938893903907228e-18,
        "fe_improvement": 0.00043183918640726793,
        "fe_first": 0.05131578922929678,
        "fe_last": 0.051747628415704044
      }
    }
  }
}