{
  "image_index": 90,
  "image_path": "dataset/BDS500/images/val\\76053.jpg",
  "k": 10,
  "strategies": {
    "PA1": {
      "fe_best": 0.047559962910428036,
      "thresholds": [
        1,
        2,
        4,
        5,
        6,
        7,
        8,
        9,
        51,
        254
      ],
      "time_sec": 4.287909746170044,
      "stability_jitter": {
        "fe_mean": 0.047540509118136065,
        "fe_std": 1.6597660726915743e-05,
        "fe_min": 0.04750756311082967,
        "fe_max": 0.047559962910428036,
        "fe_original": 0.047559962910428036
      },
      "stability_convergence": {
        "fe_last_mean": 0.047559962910428036,
        "fe_last_std": 0.0,
        "fe_improvement": 0.0017264301221561612,
        "fe_first": 0.045833532788271875,
        "fe_last": 0.047559962910428036
      }
    },
    "PA2": {
      "fe_best": 0.04749860159322539,
      "thresholds": [
        1,
        2,
        4,
        58,
        249,
        250,
        251,
        252,
        253,
        254
      ],
      "time_sec": 4.284838914871216,
      "stability_jitter": {
        "fe_mean": 0.04747852773275822,
        "fe_std": 1.8342068492099814e-05,
        "fe_min": 0.047435353054915724,
        "fe_max": 0.0474987539290728,
        "fe_original": 0.04749860159322539
      },
      "stability_convergence": {
        "fe_last_mean": 0.04749860159322539,
        "fe_last_std": 0.0,
        "fe_improvement": 0.0016650688049535123,
        "fe_first": 0.045833532788271875,
        "fe_last": 0.04749860159322539
      }
    },
    "PA3": {
      "fe_best": 0.047559962910428036,
      "thresholds": [
        1,
        2,
        4,
        5,
        6,
        7,
        8,
        9,
        51,
        254
      ],
      "time_sec": 4.250906229019165,
      "stability_jitter": {
        "fe_mean": 0.047540509118136065,
        "fe_std": 1.6597660726915743e-05,
        "fe_min": 0.04750756311082967,
        "fe_max": 0.047559962910428036,
        "fe_original": 0.047559962910428036
      },
      "stability_convergence": {
        "fe_last_mean": 0.047559962910428036,
        "fe_last_std": 0.0,
        "fe_improvement": 0.0017264301221561612,
        "fe_first": 0.045833532788271875,
        "fe_last": 0.047559962910428036
      }
    },
    "PA4": {
      "fe_best": 0.047559962910428036,
      "thresholds": [
        1,
        2,
        3,
        4,
        6,
        7,
        8,
        9,
        51,
        254
      ],
      "time_sec": 4.304394483566284,
      "stability_jitter": {
        "fe_mean": 0.04754167711572736,
        "fe_std": 1.7299784842482133e-05,
        "fe_min": 0.04750756311082967,
        "fe_max": 0.047559962910428036,
        "fe_original": 0.047559962910428036
      },
      "stability_convergence": {
        "fe_last_mean": 0.047559962910428036,
        "fe_last_std": 0.0,
        "fe_improvement": 0.0017264301221561612,
        "fe_first": 0.045833532788271875,
        "fe_last": 0.047559962910428036
      }
    },
    "PA5": {
      "fe_best": 0.047559962910428036,
      "thresholds": [
        1,
        2,
        3,
        4,
        5,
        6,
        8,
        9,
        51,
        254
      ],
      "time_sec": 8.705584287643433,
      "stability_jitter": {
        "fe_mean": 0.047543289883849274,
        "fe_std": 1.5869032973143652e-05,
        "fe_min": 0.04751847739342757,
        "fe_max": 0.047559962910428036,
        "fe_original": 0.047559962910428036
      },
      "stability_convergence": {
        "fe_last_mean": 0.047559962910428036,
        "fe_last_std": 0.0,
        "fe_improvement": 6.78130159800297e-05,
        "fe_first": 0.047492149894448006,
        "fe_last": 0.047559962910428036
      }
    }
  }
}