{
  "image_index": 95,
  "image_path": "dataset/BDS500/images/val\\86016.jpg",
  "k": 10,
  "strategies": {
    "PA1": {
      "fe_best": 0.048939253654906076,
      "thresholds": [
        1,
        2,
        3,
        4,
        5,
        6,
        7,
        8,
        9,
        10
      ],
      "time_sec": 4.34001088142395,
      "stability_jitter": {
        "fe_mean": 0.04886335778413288,
        "fe_std": 3.433709317231749e-05,
        "fe_min": 0.04881180839383573,
        "fe_max": 0.048939253654906076,
        "fe_original": 0.048939253654906076
      },
      "stability_convergence": {
        "fe_last_mean": 0.048939253654906076,
        "fe_last_std": 0.0,
        "fe_improvement": 0.00313102305830483,
        "fe_first": 0.045808230596601246,
        "fe_last": 0.048939253654906076
      }
    },
    "PA2": {
      "fe_best": 0.04657978172256505,
      "thresholds": [
        1,
        2,
        182,
        243,
        245,
        246,
        249,
        250,
        253,
        254
      ],
      "time_sec": 4.271178722381592,
      "stability_jitter": {
        "fe_mean": 0.04650435555251729,
        "fe_std": 2.876947149384028e-05,
        "fe_min": 0.04645270456240712,
        "fe_max": 0.04657978172256505,
        "fe_original": 0.04657978172256505
      },
      "stability_convergence": {
        "fe_last_mean": 0.04657978172256505,
        "fe_last_std": 0.0,
        "fe_improvement": 0.000860239862899681,
        "fe_first": 0.04571954185966537,
        "fe_last": 0.04657978172256505
      }
    },
    "PA3": {
      "fe_best": 0.0462727229014232,
      "thresholds": [
        16,
        37,
        47,
        95,
        117,
        170,
        173,
        174,
        177,
        254
      ],
      "time_sec": 4.288449048995972,
      "stability_jitter": {
        "fe_mean": 0.04520029356047652,
        "fe_std": 0.0005104844672455848,
        "fe_min": 0.04424327061953084,
        "fe_max": 0.0462727229014232,
        "fe_original": 0.0462727229014232
      },
      "stability_convergence": {
        "fe_last_mean": 0.0462727229014232,
        "fe_last_std": 0.0,
        "fe_improvement": 0.00046449230482195625,
        "fe_first": 0.045808230596601246,
        "fe_last": 0.0462727229014232
      }
    },
    "PA4": {
      "fe_best": 0.048939253654906076,
      "thresholds": [
        1,
        2,
        3,
        4,
        5,
        6,
        7,
        8,
        9,
        10
      ],
      "time_sec": 4.534106969833374,
      "stability_jitter": {
        "fe_mean": 0.04886335778413288,
        "fe_std": 3.433709317231749e-05,
        "fe_min": 0.04881180839383573,
        "fe_max": 0.048939253654906076,
        "fe_original": 0.048939253654906076
      },
      "stability_convergence": {
        "fe_last_mean": 0.048939253654906076,
        "fe_last_std": 0.0,
        "fe_improvement": 0.0032197117952407067,
        "fe_first": 0.04571954185966537,
        "fe_last": 0.048939253654906076
      }
    },
    "PA5": {
      "fe_best": 0.048939253654906076,
      "thresholds": [
        1,
        2,
        3,
        4,
        5,
        6,
        7,
        8,
        9,
        10
      ],
      "time_sec": 8.78199291229248,
      "stability_jitter": {
        "fe_mean": 0.04886335778413288,
        "fe_std": 3.433709317231749e-05,
        "fe_min": 0.04881180839383573,
        "fe_max": 0.048939253654906076,
        "fe_original": 0.048939253654906076
      },
      "stability_convergence": {
        "fe_last_mean": 0.048939253654906076,
        "fe_last_std": 0.0,
        "fe_improvement": 0.003172691472521333,
        "fe_first": 0.04576656218238474,
        "fe_last": 0.048939253654906076
      }
    }
  }
}