{
  "image_index": 97,
  "image_path": "dataset/BDS500/images/val\\87046.jpg",
  "k": 10,
  "strategies": {
    "PA1": {
      "fe_best": 0.046404097995128235,
      "thresholds": [
        1,
        2,
        4,
        7,
        9,
        17,
        19,
        24,
        151,
        236
      ],
      "time_sec": 4.673221826553345,
      "stability_jitter": {
        "fe_mean": 0.046352948935434714,
        "fe_std": 2.5530217984707573e-05,
        "fe_min": 0.046302204129936006,
        "fe_max": 0.046404097995128235,
        "fe_original": 0.046404097995128235
      },
      "stability_convergence": {
        "fe_last_mean": 0.046404097995128235,
        "fe_last_std": 0.0,
        "fe_improvement": 0.0005067774692462806,
        "fe_first": 0.045897320525881954,
        "fe_last": 0.046404097995128235
      }
    },
    "PA2": {
      "fe_best": 0.04614801058159269,
      "thresholds": [
        19,
        33,
        226,
        229,
        234,
        237,
        247,
        250,
        251,
        254
      ],
      "time_sec": 5.164358615875244,
      "stability_jitter": {
        "fe_mean": 0.04530116428515962,
        "fe_std": 0.0003256556301116412,
        "fe_min": 0.04467239036188567,
        "fe_max": 0.04614801058159269,
        "fe_original": 0.04614801058159269
      },
      "stability_convergence": {
        "fe_last_mean": 0.04614801058159269,
        "fe_last_std": 0.0,
        "fe_improvement": 0.000333896133055768,
        "fe_first": 0.04581411444853692,
        "fe_last": 0.04614801058159269
      }
    },
    "PA3": {
      "fe_best": 0.04658547864332446,
      "thresholds": [
        1,
        4,
        7,
        16,
        25,
        148,
        243,
        244,
        247,
        252
      ],
      "time_sec": 4.551995277404785,
      "stability_jitter": {
        "fe_mean": 0.04607443390810739,
        "fe_std": 0.00026353576257383515,
        "fe_min": 0.04558745524992097,
        "fe_max": 0.04658547864332446,
        "fe_original": 0.04658547864332446
      },
      "stability_convergence": {
        "fe_last_mean": 0.04656279245680216,
        "fe_last_std": 1.1343093261154124e-05,
        "fe_improvement": 0.0006881581174425083,
        "fe_first": 0.045897320525881954,
        "fe_last": 0.04658547864332446
      }
    },
    "PA4": {
      "fe_best": 0.04652431474896833,
      "thresholds": [
        1,
        3,
        6,
        13,
        33,
        146,
        235,
        250,
        251,
        254
      ],
      "time_sec": 4.601850986480713,
      "stability_jitter": {
        "fe_mean": 0.045931346737561406,
        "fe_std": 0.00026790357387021155,
        "fe_min": 0.045458446975389234,
        "fe_max": 0.04652431474896833,
        "fe_original": 0.04652431474896833
      },
      "stability_convergence": {
        "fe_last_mean": 0.04652431474896833,
        "fe_last_std": 0.0,
        "fe_improvement": 0.00071020030043141,
        "fe_first": 0.04581411444853692,
        "fe_last": 0.04652431474896833
      }
    },
    "PA5": {
      "fe_best": 0.046416873459399766,
      "thresholds": [
        1,
        2,
        4,
        9,
        11,
        14,
        20,
        22,
        151,
        238
      ],
      "time_sec": 8.410760402679443,
      "stability_jitter": {
        "fe_mean": 0.04635963707770961,
        "fe_std": 3.097519687969683e-05,
        "fe_min": 0.046298071407739796,
        "fe_max": 0.046416873459399766,
        "fe_original": 0.046416873459399766
      },
      "stability_convergence": {
        "fe_last_mean": 0.046416873459399766,
        "fe_last_std": 0.0,
        "fe_improvement": 0.0006027590108628467,
        "fe_first": 0.04581411444853692,
        "fe_last": 0.046416873459399766
      }
    }
  }
}