{
  "image_name": "uploaded",
  "timestamp": "2026-04-20T21:31:17.529682",
  "total_time": 16.986018896102905,
  "best_overall_algo": "HYBRID-PA5",
  "best_overall_f": -33.592535030951716,
  "best_overall_entropy": 33.592535030951716,
  "results": {
    "GWO": {
      "entropy": 33.20985277956013,
      "time": 2.2327322959899902,
      "metrics": {
        "psnr": 33.56057521636296,
        "ssim": 0.870816483935319,
        "boundary_dsc": 0.12769915883226127
      }
    },
    "WOA": {
      "entropy": 33.48588622609182,
      "time": 2.211089611053467,
      "metrics": {
        "psnr": 34.586755121442145,
        "ssim": 0.8872937569097185,
        "boundary_dsc": 0.12607868948369166
      }
    },
    "PSO": {
      "entropy": 33.49205860497429,
      "time": 4.278109550476074,
      "metrics": {
        "psnr": 34.62341565571061,
        "ssim": 0.8865304233046017,
        "boundary_dsc": 0.12664664590894853
      }
    },
    "OTSU": {
      "entropy": 31.274235392444833,
      "time": 0.43799376487731934,
      "metrics": {
        "psnr": 37.591738860271995,
        "ssim": 0.9329480609316011,
        "boundary_dsc": 0.12703421026450062
      }
    },
    "HYBRID-PA5": {
      "entropy": 33.592535030951716,
      "time": 4.4798383712768555,
      "metrics": {
        "psnr": 35.11771849673426,
        "ssim": 0.8950074823154032,
        "boundary_dsc": 0.12684469430780043
      }
    }
  }
}