{
  "algorithm": "GWO",
  "thresholds": [
    49,
    62,
    77,
    92,
    106,
    115,
    126,
    135,
    146,
    160
  ],
  "best_f": -0.0446532829623693,
  "entropy": 0.0446532829623693,
  "time": 22.156923055648804,
  "metrics": {
    "psnr": 15.49732079553052,
    "ssim": 0.7059900851136456,
    "dice": 0.23291513667890656
  }
}