{
  "algorithm": "WOA",
  "thresholds": [
    26,
    52,
    77,
    101,
    125,
    148,
    171,
    194,
    215,
    235
  ],
  "best_f": -37.70184522366098,
  "entropy": 37.70184522366098,
  "time": 2.3081161975860596,
  "metrics": {
    "psnr": 31.900300190446153,
    "ssim": 0.9195194823340629,
    "boundary_dsc": 0.16486744156932234
  }
}