{
  "algorithm": "OTSU",
  "thresholds": [
    54,
    71,
    89,
    108,
    127,
    143,
    158,
    174,
    196,
    224
  ],
  "best_f": -35.93223851137128,
  "entropy": 35.93223851137128,
  "time": 0.4209423065185547,
  "metrics": {
    "psnr": 33.63193991974174,
    "ssim": 0.9205308801693213,
    "boundary_dsc": 0.14954418682096324
  }
}