{
  "algorithm": "WOA",
  "thresholds": [
    9,
    33,
    57,
    81,
    105,
    129,
    153,
    178,
    203,
    228
  ],
  "best_f": -37.00906259528967,
  "entropy": 37.00906259528967,
  "time": 2.579251766204834,
  "metrics": {
    "psnr": 31.337113010303185,
    "ssim": 0.8809154536841035,
    "dice": 0.11438080840042658
  }
}