{
  "algorithm": "HYBRID-PA6",
  "thresholds": [
    36,
    71,
    96,
    121,
    146,
    171,
    199,
    227
  ],
  "best_f": -31.359467170067198,
  "entropy": 31.359467170067198,
  "time": 2.269038438796997,
  "metrics": {
    "psnr": 30.575773447316386,
    "ssim": 0.8245639071101876,
    "dice": 0.2092175925126487
  }
}