{
  "algorithm": "PSO",
  "thresholds": [
    19,
    38,
    57,
    77,
    97,
    118,
    144,
    177,
    210,
    244
  ],
  "best_f": -36.40916979749659,
  "entropy": 36.40916979749659,
  "time": 28.961446046829224,
  "metrics": {
    "psnr": 32.371549849498635,
    "ssim": 0.9444988106156685,
    "boundary_dsc": 0.11963533820064125
  }
}