{
  "image_name": "uploaded",
  "timestamp": "2026-04-18T21:01:54.327729",
  "total_time": 9.126678943634033,
  "best_overall_algo": "WOA",
  "best_overall_f": -36.43318545000757,
  "best_overall_entropy": 36.43318545000757,
  "results": {
    "GWO": {
      "entropy": 34.56211254677609,
      "time": 1.0410990715026855,
      "metrics": {
        "psnr": 30.398365131673767,
        "ssim": 0.8389141106534012,
        "dice": 0.2592171512100049
      }
    },
    "WOA": {
      "entropy": 36.43318545000757,
      "time": 1.0319266319274902,
      "metrics": {
        "psnr": 33.1675403186754,
        "ssim": 0.8769264172203461,
        "dice": 0.23636018433816042
      }
    },
    "PSO": {
      "entropy": 36.24780678234025,
      "time": 1.9394421577453613,
      "metrics": {
        "psnr": 31.991172235842882,
        "ssim": 0.8626491161005545,
        "dice": 0.24082307550982915
      }
    },
    "OTSU": {
      "entropy": 35.44330695658944,
      "time": 0.0020003318786621094,
      "metrics": {
        "psnr": 32.48254580585906,
        "ssim": 0.867436236227862,
        "dice": 0.23381281524378852
      }
    },
    "HYBRID-PA5": {
      "entropy": 36.30560738199392,
      "time": 2.049330711364746,
      "metrics": {
        "psnr": 33.06471776550182,
        "ssim": 0.8759435898743813,
        "dice": 0.24044818330841425
      }
    },
    "HYBRID-PA6": {
      "entropy": 36.04612766588801,
      "time": 1.0225334167480469,
      "metrics": {
        "psnr": 31.39273074278745,
        "ssim": 0.8454557978603804,
        "dice": 0.21342941586690134
      }
    }
  }
}