{
  "algorithm": "WOA",
  "thresholds": [
    9,
    37,
    61,
    85,
    108,
    130,
    152,
    176,
    202,
    228
  ],
  "best_f": -36.87471274172454,
  "entropy": 36.87471274172454,
  "time": 2.1926889419555664,
  "metrics": {
    "psnr": 31.661238487339133,
    "ssim": 0.9245132995880905,
    "dice": 0.21096678580768896
  }
}