{
  "algorithm": "GWO",
  "thresholds": [
    13,
    27,
    41,
    58,
    76,
    96,
    121,
    149,
    183,
    217
  ],
  "best_f": -36.40790120690116,
  "entropy": 36.40790120690116,
  "time": 2.2045953273773193,
  "metrics": {
    "psnr": 29.507806652620157,
    "ssim": 0.8481419197722934,
    "dice": 0.1752304353885051
  }
}