{
  "algorithm": "WOA",
  "thresholds": [
    33,
    57,
    80,
    103,
    125,
    146,
    167,
    189,
    211,
    233
  ],
  "best_f": -37.118666511362974,
  "entropy": 37.118666511362974,
  "time": 2.1928720474243164,
  "metrics": {
    "psnr": 32.450785415046234,
    "ssim": 0.9025010920326838,
    "boundary_dsc": 0.26669364629704573
  }
}