{
  "image_name": "uploaded",
  "timestamp": "2026-04-18T10:36:01.287300",
  "total_time": 18.113287687301636,
  "best_overall_algo": "HYBRID-PA6",
  "best_overall_f": -31.363677679812188,
  "best_overall_entropy": 31.363677679812188,
  "results": {
    "GWO": {
      "entropy": 31.179096981425886,
      "time": 1.9992060661315918,
      "metrics": {
        "psnr": 30.489063150640334,
        "ssim": 0.8288854139026445,
        "dice": 0.21704781704781706
      }
    },
    "WOA": {
      "entropy": 31.28254832882452,
      "time": 2.069105863571167,
      "metrics": {
        "psnr": 30.71352710174579,
        "ssim": 0.821113833882869,
        "dice": 0.20836484011359244
      }
    },
    "PSO": {
      "entropy": 31.151781993810722,
      "time": 3.892035484313965,
      "metrics": {
        "psnr": 31.280887133377085,
        "ssim": 0.845219486853943,
        "dice": 0.21379713961739638
      }
    },
    "OTSU": {
      "entropy": 31.054830801789784,
      "time": 0.002015829086303711,
      "metrics": {
        "psnr": 30.521166882146126,
        "ssim": 0.827552152399721,
        "dice": 0.21240282685512368
      }
    },
    "HYBRID-PA5": {
      "entropy": 31.355544577030695,
      "time": 4.038587808609009,
      "metrics": {
        "psnr": 30.229119493147998,
        "ssim": 0.8232893776092592,
        "dice": 0.2258917024347272
      }
    },
    "HYBRID-PA6": {
      "entropy": 31.363677679812188,
      "time": 2.0478079319000244,
      "metrics": {
        "psnr": 30.479755604929682,
        "ssim": 0.8197265643197907,
        "dice": 0.20873192340176155
      }
    }
  }
}