{
  "image_name": "uploaded",
  "timestamp": "2026-04-19T19:10:18.896837",
  "total_time": 17.389832496643066,
  "best_overall_algo": "GWO",
  "best_overall_f": -18.683384459310194,
  "best_overall_entropy": 18.683384459310194,
  "results": {
    "GWO": {
      "entropy": 18.683384459310194,
      "time": 1.9605426788330078,
      "metrics": {
        "psnr": 28.18644463988292,
        "ssim": 0.7628837042383048,
        "dice": 0.13341678745552774
      }
    },
    "WOA": {
      "entropy": 18.67830716248243,
      "time": 1.9516654014587402,
      "metrics": {
        "psnr": 28.08156247418831,
        "ssim": 0.7614208122216302,
        "dice": 0.12757948954997195
      }
    },
    "PSO": {
      "entropy": 18.682558537949916,
      "time": 3.3225929737091064,
      "metrics": {
        "psnr": 28.070384502575955,
        "ssim": 0.7623439204067629,
        "dice": 0.13287757607938142
      }
    },
    "OTSU": {
      "entropy": 17.638871385733832,
      "time": 0.7598104476928711,
      "metrics": {
        "psnr": 31.203568843876614,
        "ssim": 0.8351023352367353,
        "dice": 0.135964294103829
      }
    },
    "HYBRID-PA5": {
      "entropy": 18.682558537949916,
      "time": 3.798920154571533,
      "metrics": {
        "psnr": 28.070384502575955,
        "ssim": 0.7623439204067629,
        "dice": 0.13287757607938142
      }
    },
    "HYBRID-PA6": {
      "entropy": 18.682934303007546,
      "time": 1.7495861053466797,
      "metrics": {
        "psnr": 28.15765642931076,
        "ssim": 0.7620249283138741,
        "dice": 0.13213589989104235
      }
    }
  }
}