{
  "algorithm": "GWO",
  "mode": "single_image_multi_seed",
  "seed": 42,
  "thresholds": [
    37,
    56,
    74,
    89,
    108,
    130,
    152,
    176,
    201,
    228
  ],
  "best_f": -35.734564827944055,
  "entropy": 35.7385136368283,
  "time": 14.592533111572266,
  "metrics": {
    "boundary_dsc": 0.24258831104217274,
    "psnr": 32.51020633565282,
    "ssim": 0.8906355882227213,
    "boundary_dsc_mean": 0.23606993621636807,
    "boundary_dsc_sd": 0.009218374083284303,
    "fe_mean": 35.81078786714303,
    "fe_sd": 0.10221119672116175,
    "psnr_mean": 32.762873278754725,
    "psnr_sd": 0.3573250176980684,
    "ssim_mean": 0.8917039792420443,
    "ssim_sd": 0.0015109330694442658,
    "time_mean": 14.470905303955078,
    "time_sd": 0.1720076950939322,
    "n_runs": 2
  }
}