{
  "algorithm": "HYBRID-PA5",
  "thresholds": [
    42,
    63,
    84,
    105,
    126,
    147,
    168,
    188,
    208,
    228
  ],
  "best_f": -36.81880775902311,
  "entropy": 36.81880775902311,
  "time": 31.440229892730713,
  "metrics": {
    "psnr": 31.438257451552523,
    "ssim": 0.8816169742274105,
    "boundary_dsc": 0.2105674614639452
  }
}