{
  "algorithm": "HYBRID-PA6",
  "thresholds": [
    15,
    34,
    56,
    81,
    108,
    135,
    164,
    193,
    217,
    236
  ],
  "best_f": -36.17070101335001,
  "entropy": 36.17070101335001,
  "time": 2.502312421798706,
  "metrics": {
    "psnr": 31.357997529444553,
    "ssim": 0.9282396339555199,
    "boundary_dsc": 0.10548151221282995
  }
}