{
  "algorithm": "HYBRID-PA6",
  "thresholds": [
    38,
    72,
    95,
    117,
    137,
    157,
    177,
    197,
    217,
    237
  ],
  "best_f": -35.854003932209785,
  "entropy": 35.854003932209785,
  "time": 2.3668291568756104,
  "metrics": {
    "psnr": 31.963378247834488,
    "ssim": 0.9205710346169084,
    "dice": 0.1366883054709791
  }
}