{
  "algorithm": "HYBRID-PA5",
  "thresholds": [
    33,
    53,
    72,
    91,
    110,
    129,
    148,
    167,
    188,
    215
  ],
  "best_f": -35.722012692614406,
  "entropy": 35.722012692614406,
  "time": 31.567286729812622,
  "metrics": {
    "psnr": 32.91494769062486,
    "ssim": 0.9077985427366259,
    "boundary_dsc": 0.14256597296717444
  }
}