{
  "algorithm": "HYBRID-PA5",
  "thresholds": [
    31,
    55,
    76,
    96,
    117,
    139,
    162,
    186,
    209,
    231
  ],
  "best_f": -37.21008952116202,
  "entropy": 37.21008952116202,
  "time": 4.4886627197265625,
  "metrics": {
    "psnr": 32.11851493976657,
    "ssim": 0.8922842197291931,
    "dice": 0.26253628082729413
  }
}