{
  "algorithm": "GWO",
  "thresholds": [
    7,
    22,
    38,
    56,
    77,
    100,
    124,
    156,
    188,
    221
  ],
  "best_f": -35.89247246350704,
  "entropy": 35.89247246350704,
  "time": 2.4734792709350586,
  "metrics": {
    "psnr": 32.23116797148051,
    "ssim": 0.9135168924050484,
    "dice": 0.2522851271876993
  }
}