{
  "algorithm": "GWO",
  "thresholds": [
    1,
    4,
    18,
    30,
    41,
    52,
    65,
    80,
    94,
    109
  ],
  "best_f": -0.04308951523795866,
  "entropy": 0.04308951523795866,
  "time": 9.165064811706543,
  "metrics": {
    "psnr": 8.312812651968299,
    "ssim": 0.5378718541651997,
    "dice": 0.12225008279320623
  }
}