{
  "image_index": 2,
  "image_path": "dataset/BDS500/images/val\\102061.jpg",
  "k": 10,
  "strategies": {
    "PA1": {
      "fe_best": 0.04825499750995407,
      "thresholds": [
        1,
        3,
        6,
        12,
        20,
        55,
        225,
        226,
        243,
        246
      ],
      "time_sec": 2.4078879356384277
    },
    "PA2": {
      "fe_best": 0.04797134262106587,
      "thresholds": [
        1,
        2,
        5,
        6,
        7,
        10,
        12,
        13,
        64,
        212
      ],
      "time_sec": 2.364457130432129
    },
    "PA3": {
      "fe_best": 0.048400943874081254,
      "thresholds": [
        1,
        3,
        5,
        6,
        7,
        9,
        66,
        222,
        223,
        226
      ],
      "time_sec": 2.3834586143493652
    },
    "PA4": {
      "fe_best": 0.04846589321937755,
      "thresholds": [
        1,
        2,
        9,
        64,
        220,
        229,
        232,
        242,
        243,
        246
      ],
      "time_sec": 2.3475730419158936
    },
    "PA5": {
      "fe_best": 0.0484253727317879,
      "thresholds": [
        1,
        3,
        4,
        5,
        6,
        7,
        67,
        220,
        227,
        240
      ],
      "time_sec": 4.954509973526001
    }
  }
}