{
  "image_index": 3,
  "image_path": "dataset/BDS500/images/val\\103070.jpg",
  "k": 10,
  "strategies": {
    "PA1": {
      "fe_best": 0.047284538176911244,
      "thresholds": [
        1,
        3,
        8,
        9,
        11,
        44,
        195,
        196,
        215,
        250
      ],
      "time_sec": 2.3799407482147217
    },
    "PA2": {
      "fe_best": 0.04730341874515652,
      "thresholds": [
        5,
        50,
        189,
        190,
        201,
        209,
        210,
        221,
        233,
        254
      ],
      "time_sec": 2.638245105743408
    },
    "PA3": {
      "fe_best": 0.047288396307191054,
      "thresholds": [
        1,
        2,
        3,
        5,
        6,
        7,
        50,
        187,
        194,
        243
      ],
      "time_sec": 2.6293976306915283
    },
    "PA4": {
      "fe_best": 0.047293122246123614,
      "thresholds": [
        1,
        2,
        55,
        186,
        191,
        194,
        199,
        246,
        247,
        252
      ],
      "time_sec": 4.4949164390563965
    },
    "PA5": {
      "fe_best": 0.047294417598208814,
      "thresholds": [
        1,
        2,
        4,
        51,
        188,
        191,
        241,
        251,
        252,
        254
      ],
      "time_sec": 9.279932260513306
    }
  }
}