{
  "image_index": 1,
  "image_path": "dataset/BDS500/images/val\\101087.jpg",
  "k": 10,
  "strategies": {
    "PA1": {
      "fe_best": 0.03541933913700316,
      "thresholds": [
        1,
        2,
        6,
        9,
        16,
        20,
        78,
        231,
        251,
        252
      ],
      "time_sec": 2.4353625774383545
    },
    "PA2": {
      "fe_best": 0.035355211240611494,
      "thresholds": [
        1,
        7,
        9,
        12,
        14,
        86,
        211,
        248,
        251,
        252
      ],
      "time_sec": 2.407601833343506
    },
    "PA3": {
      "fe_best": 0.0352867251393394,
      "thresholds": [
        1,
        2,
        3,
        4,
        7,
        8,
        19,
        76,
        235,
        246
      ],
      "time_sec": 2.607564926147461
    },
    "PA4": {
      "fe_best": 0.03542350437011501,
      "thresholds": [
        5,
        11,
        191,
        198,
        203,
        228,
        247,
        250,
        251,
        254
      ],
      "time_sec": 2.7004892826080322
    },
    "PA5": {
      "fe_best": 0.0353144673811224,
      "thresholds": [
        1,
        2,
        3,
        4,
        26,
        29,
        66,
        246,
        251,
        254
      ],
      "time_sec": 5.245942115783691
    }
  }
}