{
  "image_index": 4,
  "image_path": "dataset/BDS500/images/val\\105025.jpg",
  "k": 10,
  "strategies": {
    "PA1": {
      "fe_best": 0.04054242369668874,
      "thresholds": [
        1,
        9,
        57,
        58,
        85,
        106,
        207,
        246,
        251,
        254
      ],
      "time_sec": 2.754833221435547
    },
    "PA2": {
      "fe_best": 0.04088099402180852,
      "thresholds": [
        4,
        37,
        203,
        214,
        219,
        230,
        239,
        246,
        247,
        250
      ],
      "time_sec": 2.510899543762207
    },
    "PA3": {
      "fe_best": 0.04102851437035269,
      "thresholds": [
        4,
        32,
        107,
        160,
        190,
        242,
        247,
        250,
        251,
        254
      ],
      "time_sec": 2.5669593811035156
    },
    "PA4": {
      "fe_best": 0.04075314740039268,
      "thresholds": [
        1,
        31,
        90,
        117,
        149,
        167,
        223,
        248,
        251,
        252
      ],
      "time_sec": 4.232324123382568
    },
    "PA5": {
      "fe_best": 0.04063559411747598,
      "thresholds": [
        1,
        15,
        16,
        28,
        30,
        50,
        88,
        248,
        251,
        252
      ],
      "time_sec": 6.585458278656006
    }
  }
}