{
  "image_index": 0,
  "image_path": "dataset/BDS500/images/val\\101085.jpg",
  "k": 10,
  "strategies": {
    "PA1": {
      "fe_best": 0.04663031705526985,
      "thresholds": [
        1,
        8,
        9,
        12,
        13,
        48,
        248,
        250,
        251,
        254
      ],
      "time_sec": 2.4397823810577393
    },
    "PA2": {
      "fe_best": 0.04642325007390139,
      "thresholds": [
        3,
        60,
        243,
        245,
        246,
        248,
        249,
        250,
        251,
        254
      ],
      "time_sec": 2.424583911895752
    },
    "PA3": {
      "fe_best": 0.04618042209640279,
      "thresholds": [
        6,
        55,
        238,
        239,
        242,
        246,
        249,
        250,
        251,
        254
      ],
      "time_sec": 2.4495904445648193
    },
    "PA4": {
      "fe_best": 0.04640546472435725,
      "thresholds": [
        1,
        2,
        53,
        243,
        245,
        246,
        249,
        250,
        251,
        254
      ],
      "time_sec": 2.3935070037841797
    },
    "PA5": {
      "fe_best": 0.04660017936275816,
      "thresholds": [
        1,
        4,
        5,
        8,
        9,
        12,
        16,
        42,
        247,
        248
      ],
      "time_sec": 4.919039964675903
    }
  }
}