{
  "image_index": 16,
  "image_path": "dataset/BDS500/images/val\\14037.jpg",
  "k": 10,
  "strategies": {
    "PA1": {
      "fe_best": 0.05106851056708572,
      "thresholds": [
        48,
        53,
        68,
        69,
        80,
        249,
        250,
        251,
        253,
        254
      ],
      "time_sec": 2.469825506210327
    },
    "PA2": {
      "fe_best": 0.051443966789662794,
      "thresholds": [
        1,
        2,
        3,
        4,
        7,
        52,
        193,
        195,
        248,
        251
      ],
      "time_sec": 2.4526734352111816
    },
    "PA3": {
      "fe_best": 0.05146748624028661,
      "thresholds": [
        1,
        2,
        3,
        4,
        7,
        52,
        193,
        194,
        205,
        217
      ],
      "time_sec": 2.3879971504211426
    },
    "PA4": {
      "fe_best": 0.05145415703792514,
      "thresholds": [
        1,
        3,
        4,
        6,
        53,
        192,
        193,
        233,
        240,
        249
      ],
      "time_sec": 2.467578411102295
    },
    "PA5": {
      "fe_best": 0.051507368224479474,
      "thresholds": [
        1,
        2,
        5,
        6,
        53,
        192,
        193,
        212,
        222,
        229
      ],
      "time_sec": 5.106582403182983
    }
  }
}