{
  "image_index": 15,
  "image_path": "dataset/BDS500/images/val\\134035.jpg",
  "k": 10,
  "strategies": {
    "PA1": {
      "fe_best": 0.04850771004341592,
      "thresholds": [
        1,
        3,
        5,
        6,
        63,
        250,
        251,
        252,
        253,
        254
      ],
      "time_sec": 2.5775556564331055
    },
    "PA2": {
      "fe_best": 0.04853682684810506,
      "thresholds": [
        1,
        2,
        3,
        4,
        63,
        250,
        251,
        252,
        253,
        254
      ],
      "time_sec": 2.599560260772705
    },
    "PA3": {
      "fe_best": 0.04853920365643736,
      "thresholds": [
        1,
        2,
        3,
        4,
        5,
        6,
        61,
        252,
        253,
        254
      ],
      "time_sec": 2.7574596405029297
    },
    "PA4": {
      "fe_best": 0.04851770139799144,
      "thresholds": [
        2,
        3,
        4,
        5,
        6,
        7,
        62,
        252,
        253,
        254
      ],
      "time_sec": 2.4616992473602295
    },
    "PA5": {
      "fe_best": 0.05301263543840315,
      "thresholds": [
        245,
        246,
        247,
        248,
        249,
        250,
        251,
        252,
        253,
        254
      ],
      "time_sec": 4.8571295738220215
    }
  }
}