{
  "image_index": 12,
  "image_path": "dataset/BDS500/images/val\\123074.jpg",
  "k": 10,
  "strategies": {
    "PA1": {
      "fe_best": 0.04685417925745895,
      "thresholds": [
        1,
        2,
        5,
        14,
        15,
        122,
        251,
        252,
        253,
        254
      ],
      "time_sec": 2.3956241607666016
    },
    "PA2": {
      "fe_best": 0.04668206878752716,
      "thresholds": [
        15,
        128,
        247,
        248,
        249,
        250,
        251,
        252,
        253,
        254
      ],
      "time_sec": 2.6719634532928467
    },
    "PA3": {
      "fe_best": 0.04668206878752716,
      "thresholds": [
        15,
        128,
        247,
        248,
        249,
        250,
        251,
        252,
        253,
        254
      ],
      "time_sec": 3.0473268032073975
    },
    "PA4": {
      "fe_best": 0.04683473755202616,
      "thresholds": [
        1,
        2,
        13,
        14,
        125,
        250,
        251,
        252,
        253,
        254
      ],
      "time_sec": 2.812523365020752
    },
    "PA5": {
      "fe_best": 0.04688374375969748,
      "thresholds": [
        1,
        2,
        3,
        4,
        5,
        16,
        17,
        120,
        253,
        254
      ],
      "time_sec": 5.580913305282593
    }
  }
}