{
  "image_index": 10,
  "image_path": "dataset/BDS500/images/val\\119082.jpg",
  "k": 10,
  "strategies": {
    "PA1": {
      "fe_best": 0.0489766272074033,
      "thresholds": [
        49,
        52,
        53,
        56,
        63,
        72,
        83,
        84,
        91,
        228
      ],
      "time_sec": 3.305474042892456
    },
    "PA2": {
      "fe_best": 0.049792692680846656,
      "thresholds": [
        68,
        173,
        232,
        233,
        236,
        239,
        243,
        246,
        251,
        254
      ],
      "time_sec": 2.7682290077209473
    },
    "PA3": {
      "fe_best": 0.04947110296051664,
      "thresholds": [
        67,
        71,
        78,
        79,
        82,
        83,
        239,
        247,
        250,
        252
      ],
      "time_sec": 2.977545738220215
    },
    "PA4": {
      "fe_best": 0.049347566559274775,
      "thresholds": [
        72,
        73,
        76,
        244,
        245,
        248,
        249,
        250,
        251,
        254
      ],
      "time_sec": 2.8929343223571777
    },
    "PA5": {
      "fe_best": 0.048386457583179776,
      "thresholds": [
        67,
        76,
        87,
        92,
        103,
        116,
        213,
        250,
        253,
        254
      ],
      "time_sec": 5.087007522583008
    }
  }
}