{
  "image_index": 18,
  "image_path": "dataset/BDS500/images/val\\145086.jpg",
  "k": 10,
  "strategies": {
    "PA1": {
      "fe_best": 0.048152333176702374,
      "thresholds": [
        1,
        2,
        3,
        4,
        5,
        6,
        128,
        205,
        208,
        233
      ],
      "time_sec": 2.5800607204437256
    },
    "PA2": {
      "fe_best": 0.04840315351210577,
      "thresholds": [
        1,
        2,
        3,
        4,
        135,
        192,
        202,
        210,
        211,
        254
      ],
      "time_sec": 2.5341176986694336
    },
    "PA3": {
      "fe_best": 0.048412277385726385,
      "thresholds": [
        1,
        2,
        3,
        4,
        131,
        192,
        199,
        204,
        223,
        230
      ],
      "time_sec": 2.5332753658294678
    },
    "PA4": {
      "fe_best": 0.04868010606132747,
      "thresholds": [
        1,
        4,
        136,
        139,
        140,
        143,
        188,
        192,
        201,
        229
      ],
      "time_sec": 2.469977378845215
    },
    "PA5": {
      "fe_best": 0.04829700741031068,
      "thresholds": [
        1,
        2,
        3,
        4,
        5,
        131,
        192,
        202,
        211,
        254
      ],
      "time_sec": 4.777249336242676
    }
  }
}