{
  "image_index": 14,
  "image_path": "dataset/BDS500/images/val\\130026.jpg",
  "k": 10,
  "strategies": {
    "PA1": {
      "fe_best": 0.0485892171663419,
      "thresholds": [
        2,
        3,
        5,
        14,
        241,
        244,
        245,
        248,
        251,
        252
      ],
      "time_sec": 3.1026289463043213
    },
    "PA2": {
      "fe_best": 0.04842136806003469,
      "thresholds": [
        1,
        2,
        3,
        4,
        5,
        7,
        8,
        12,
        247,
        248
      ],
      "time_sec": 2.865109443664551
    },
    "PA3": {
      "fe_best": 0.04830211999300132,
      "thresholds": [
        1,
        2,
        27,
        229,
        232,
        233,
        243,
        250,
        251,
        254
      ],
      "time_sec": 2.83121919631958
    },
    "PA4": {
      "fe_best": 0.04857862060425884,
      "thresholds": [
        1,
        3,
        4,
        15,
        242,
        245,
        247,
        250,
        251,
        254
      ],
      "time_sec": 2.561378240585327
    },
    "PA5": {
      "fe_best": 0.05073382376319319,
      "thresholds": [
        231,
        234,
        235,
        238,
        239,
        242,
        243,
        246,
        251,
        254
      ],
      "time_sec": 5.065832614898682
    }
  }
}