{
  "image_index": 17,
  "image_path": "dataset/BDS500/images/val\\143090.jpg",
  "k": 10,
  "strategies": {
    "PA1": {
      "fe_best": 0.04782476603323336,
      "thresholds": [
        1,
        3,
        6,
        7,
        18,
        71,
        251,
        252,
        253,
        254
      ],
      "time_sec": 2.4918932914733887
    },
    "PA2": {
      "fe_best": 0.048343943869514655,
      "thresholds": [
        1,
        2,
        85,
        248,
        249,
        250,
        251,
        252,
        253,
        254
      ],
      "time_sec": 2.473445177078247
    },
    "PA3": {
      "fe_best": 0.048145784453014324,
      "thresholds": [
        1,
        10,
        81,
        248,
        249,
        250,
        251,
        252,
        253,
        254
      ],
      "time_sec": 2.337707757949829
    },
    "PA4": {
      "fe_best": 0.048343943869514655,
      "thresholds": [
        1,
        2,
        85,
        248,
        249,
        250,
        251,
        252,
        253,
        254
      ],
      "time_sec": 2.4746484756469727
    },
    "PA5": {
      "fe_best": 0.04925518594450134,
      "thresholds": [
        245,
        246,
        247,
        248,
        249,
        250,
        251,
        252,
        253,
        254
      ],
      "time_sec": 5.001878261566162
    }
  }
}