{
  "image_index": 27,
  "image_path": "dataset/BDS500/images/val\\163085.jpg",
  "k": 10,
  "strategies": {
    "PA1": {
      "fe_best": 0.04730277484054175,
      "thresholds": [
        1,
        2,
        5,
        18,
        19,
        90,
        251,
        252,
        253,
        254
      ],
      "time_sec": 2.902224540710449
    },
    "PA2": {
      "fe_best": 0.047380126806977736,
      "thresholds": [
        1,
        4,
        5,
        8,
        9,
        12,
        13,
        92,
        253,
        254
      ],
      "time_sec": 2.898862838745117
    },
    "PA3": {
      "fe_best": 0.0473012836026369,
      "thresholds": [
        1,
        2,
        3,
        4,
        87,
        250,
        251,
        252,
        253,
        254
      ],
      "time_sec": 2.569711208343506
    },
    "PA4": {
      "fe_best": 0.04700228691993851,
      "thresholds": [
        2,
        29,
        82,
        248,
        249,
        250,
        251,
        252,
        253,
        254
      ],
      "time_sec": 2.7214672565460205
    },
    "PA5": {
      "fe_best": 0.04735777084065342,
      "thresholds": [
        1,
        2,
        5,
        6,
        17,
        18,
        89,
        252,
        253,
        254
      ],
      "time_sec": 5.619490385055542
    }
  }
}