{
  "image_index": 20,
  "image_path": "dataset/BDS500/images/val\\148026.jpg",
  "k": 10,
  "strategies": {
    "PA1": {
      "fe_best": 0.04931857300504175,
      "thresholds": [
        1,
        2,
        3,
        4,
        5,
        6,
        7,
        58,
        75,
        98
      ],
      "time_sec": 2.586160898208618
    },
    "PA2": {
      "fe_best": 0.04985020870747665,
      "thresholds": [
        1,
        3,
        4,
        6,
        62,
        63,
        66,
        67,
        82,
        86
      ],
      "time_sec": 3.588146686553955
    },
    "PA3": {
      "fe_best": 0.050460601337417664,
      "thresholds": [
        48,
        51,
        52,
        55,
        56,
        63,
        86,
        87,
        90,
        91
      ],
      "time_sec": 2.6182138919830322
    },
    "PA4": {
      "fe_best": 0.04962504932368175,
      "thresholds": [
        1,
        3,
        4,
        6,
        7,
        46,
        47,
        50,
        75,
        102
      ],
      "time_sec": 2.414823055267334
    },
    "PA5": {
      "fe_best": 0.048868583784446494,
      "thresholds": [
        41,
        42,
        243,
        246,
        247,
        250,
        251,
        252,
        253,
        254
      ],
      "time_sec": 5.0703301429748535
    }
  }
}