{
  "image_index": 28,
  "image_path": "dataset/BDS500/images/val\\167062.jpg",
  "k": 10,
  "strategies": {
    "PA1": {
      "fe_best": 0.04409107986715191,
      "thresholds": [
        53,
        87,
        88,
        95,
        120,
        156,
        222,
        242,
        251,
        254
      ],
      "time_sec": 2.8749513626098633
    },
    "PA2": {
      "fe_best": 0.04456019229143432,
      "thresholds": [
        55,
        84,
        89,
        176,
        215,
        226,
        243,
        250,
        251,
        254
      ],
      "time_sec": 2.744392156600952
    },
    "PA3": {
      "fe_best": 0.04429764056981236,
      "thresholds": [
        57,
        60,
        93,
        96,
        149,
        158,
        196,
        250,
        251,
        254
      ],
      "time_sec": 2.7478368282318115
    },
    "PA4": {
      "fe_best": 0.04436177722417077,
      "thresholds": [
        61,
        93,
        100,
        175,
        227,
        230,
        243,
        250,
        251,
        254
      ],
      "time_sec": 2.8167150020599365
    },
    "PA5": {
      "fe_best": 0.04451478941177457,
      "thresholds": [
        53,
        56,
        135,
        148,
        187,
        207,
        247,
        248,
        251,
        252
      ],
      "time_sec": 5.097994804382324
    }
  }
}