{
  "image_index": 26,
  "image_path": "dataset/BDS500/images/val\\16077.jpg",
  "k": 10,
  "strategies": {
    "PA1": {
      "fe_best": 0.04838082082029869,
      "thresholds": [
        1,
        2,
        6,
        8,
        44,
        238,
        245,
        250,
        251,
        254
      ],
      "time_sec": 2.571115255355835
    },
    "PA2": {
      "fe_best": 0.048581675088722215,
      "thresholds": [
        6,
        42,
        229,
        240,
        245,
        248,
        249,
        252,
        253,
        254
      ],
      "time_sec": 2.653229236602783
    },
    "PA3": {
      "fe_best": 0.048768957202281374,
      "thresholds": [
        4,
        45,
        222,
        231,
        243,
        244,
        247,
        248,
        251,
        252
      ],
      "time_sec": 2.622573137283325
    },
    "PA4": {
      "fe_best": 0.048542052944683736,
      "thresholds": [
        1,
        2,
        5,
        46,
        226,
        234,
        243,
        250,
        251,
        254
      ],
      "time_sec": 2.6943018436431885
    },
    "PA5": {
      "fe_best": 0.048507344908521266,
      "thresholds": [
        1,
        2,
        3,
        4,
        5,
        6,
        7,
        8,
        41,
        228
      ],
      "time_sec": 6.023172616958618
    }
  }
}