{
  "image_index": 29,
  "image_path": "dataset/BDS500/images/val\\167083.jpg",
  "k": 10,
  "strategies": {
    "PA1": {
      "fe_best": 0.047726897184030795,
      "thresholds": [
        210,
        217,
        218,
        233,
        234,
        237,
        239,
        242,
        243,
        254
      ],
      "time_sec": 2.3956549167633057
    },
    "PA2": {
      "fe_best": 0.04686239701065186,
      "thresholds": [
        4,
        41,
        218,
        223,
        226,
        243,
        244,
        250,
        251,
        254
      ],
      "time_sec": 2.4521305561065674
    },
    "PA3": {
      "fe_best": 0.046954795470801045,
      "thresholds": [
        5,
        39,
        218,
        221,
        226,
        234,
        247,
        250,
        251,
        254
      ],
      "time_sec": 2.3559348583221436
    },
    "PA4": {
      "fe_best": 0.046895065436505866,
      "thresholds": [
        4,
        42,
        214,
        222,
        232,
        240,
        247,
        248,
        251,
        252
      ],
      "time_sec": 2.4072017669677734
    },
    "PA5": {
      "fe_best": 0.047816783077311076,
      "thresholds": [
        197,
        224,
        228,
        233,
        236,
        238,
        247,
        250,
        251,
        254
      ],
      "time_sec": 5.105441570281982
    }
  }
}