{
  "image_index": 24,
  "image_path": "dataset/BDS500/images/val\\159008.jpg",
  "k": 10,
  "strategies": {
    "PA1": {
      "fe_best": 0.04865469324320276,
      "thresholds": [
        63,
        64,
        67,
        68,
        83,
        124,
        125,
        238,
        253,
        254
      ],
      "time_sec": 2.6282901763916016
    },
    "PA2": {
      "fe_best": 0.048594373349146305,
      "thresholds": [
        87,
        94,
        95,
        102,
        105,
        116,
        117,
        124,
        129,
        227
      ],
      "time_sec": 2.5437793731689453
    },
    "PA3": {
      "fe_best": 0.048541616763627796,
      "thresholds": [
        75,
        94,
        103,
        130,
        135,
        138,
        241,
        245,
        251,
        254
      ],
      "time_sec": 2.6190073490142822
    },
    "PA4": {
      "fe_best": 0.04851668651733043,
      "thresholds": [
        81,
        88,
        113,
        128,
        137,
        241,
        248,
        252,
        253,
        254
      ],
      "time_sec": 2.549142837524414
    },
    "PA5": {
      "fe_best": 0.04975551273095377,
      "thresholds": [
        57,
        60,
        61,
        64,
        65,
        68,
        69,
        72,
        83,
        84
      ],
      "time_sec": 5.13616943359375
    }
  }
}