{
  "image_index": 22,
  "image_path": "dataset/BDS500/images/val\\156065.jpg",
  "k": 10,
  "strategies": {
    "PA1": {
      "fe_best": 0.04722129111850867,
      "thresholds": [
        73,
        76,
        77,
        80,
        104,
        111,
        124,
        155,
        168,
        215
      ],
      "time_sec": 2.8546245098114014
    },
    "PA2": {
      "fe_best": 0.047109807164172963,
      "thresholds": [
        167,
        240,
        241,
        244,
        245,
        248,
        249,
        250,
        252,
        254
      ],
      "time_sec": 2.7484004497528076
    },
    "PA3": {
      "fe_best": 0.04710620870074439,
      "thresholds": [
        167,
        244,
        246,
        247,
        248,
        249,
        251,
        252,
        253,
        254
      ],
      "time_sec": 2.588129997253418
    },
    "PA4": {
      "fe_best": 0.04702490142278356,
      "thresholds": [
        97,
        100,
        101,
        184,
        225,
        236,
        245,
        252,
        253,
        254
      ],
      "time_sec": 2.87715744972229
    },
    "PA5": {
      "fe_best": 0.04710817967091314,
      "thresholds": [
        169,
        244,
        245,
        248,
        249,
        250,
        251,
        252,
        253,
        254
      ],
      "time_sec": 5.225717306137085
    }
  }
}