{
  "image_index": 23,
  "image_path": "dataset/BDS500/images/val\\157055.jpg",
  "k": 10,
  "strategies": {
    "PA1": {
      "fe_best": 0.050551170612706045,
      "thresholds": [
        1,
        2,
        3,
        4,
        5,
        6,
        7,
        8,
        23,
        24
      ],
      "time_sec": 2.5682525634765625
    },
    "PA2": {
      "fe_best": 0.050551170612706045,
      "thresholds": [
        1,
        2,
        3,
        4,
        5,
        6,
        8,
        9,
        23,
        24
      ],
      "time_sec": 2.4176487922668457
    },
    "PA3": {
      "fe_best": 0.04915192849883676,
      "thresholds": [
        1,
        2,
        4,
        5,
        8,
        9,
        10,
        44,
        239,
        240
      ],
      "time_sec": 2.3932251930236816
    },
    "PA4": {
      "fe_best": 0.04913883099105851,
      "thresholds": [
        1,
        2,
        4,
        5,
        6,
        12,
        42,
        242,
        247,
        250
      ],
      "time_sec": 2.761441230773926
    },
    "PA5": {
      "fe_best": 0.050551170612706045,
      "thresholds": [
        1,
        2,
        3,
        4,
        5,
        6,
        7,
        8,
        23,
        24
      ],
      "time_sec": 5.438133478164673
    }
  }
}