{
  "image_index": 25,
  "image_path": "dataset/BDS500/images/val\\160068.jpg",
  "k": 10,
  "strategies": {
    "PA1": {
      "fe_best": 0.04865407890841349,
      "thresholds": [
        1,
        2,
        3,
        4,
        9,
        12,
        17,
        18,
        67,
        254
      ],
      "time_sec": 2.8534762859344482
    },
    "PA2": {
      "fe_best": 0.04819878760747151,
      "thresholds": [
        1,
        2,
        95,
        218,
        227,
        238,
        248,
        251,
        252,
        253
      ],
      "time_sec": 2.660792827606201
    },
    "PA3": {
      "fe_best": 0.04863106716859213,
      "thresholds": [
        1,
        2,
        6,
        16,
        17,
        70,
        249,
        250,
        253,
        254
      ],
      "time_sec": 2.717735528945923
    },
    "PA4": {
      "fe_best": 0.0485297266246299,
      "thresholds": [
        1,
        3,
        24,
        65,
        248,
        249,
        251,
        252,
        253,
        254
      ],
      "time_sec": 2.6757776737213135
    },
    "PA5": {
      "fe_best": 0.048633989771423955,
      "thresholds": [
        1,
        9,
        11,
        14,
        16,
        18,
        69,
        252,
        253,
        254
      ],
      "time_sec": 5.306928396224976
    }
  }
}