{
  "image_index": 37,
  "image_path": "dataset/BDS500/images/val\\197017.jpg",
  "k": 10,
  "strategies": {
    "PA1": {
      "fe_best": 0.048543819957893586,
      "thresholds": [
        1,
        2,
        238,
        239,
        245,
        246,
        249,
        250,
        253,
        254
      ],
      "time_sec": 2.346517562866211
    },
    "PA2": {
      "fe_best": 0.048446866220579324,
      "thresholds": [
        1,
        2,
        3,
        4,
        5,
        237,
        238,
        241,
        251,
        254
      ],
      "time_sec": 2.3776471614837646
    },
    "PA3": {
      "fe_best": 0.04736850999982572,
      "thresholds": [
        103,
        132,
        135,
        148,
        184,
        249,
        250,
        251,
        252,
        254
      ],
      "time_sec": 2.425523042678833
    },
    "PA4": {
      "fe_best": 0.04750387701501051,
      "thresholds": [
        108,
        143,
        152,
        173,
        200,
        201,
        204,
        205,
        252,
        254
      ],
      "time_sec": 2.357128858566284
    },
    "PA5": {
      "fe_best": 0.048501484308920796,
      "thresholds": [
        1,
        2,
        3,
        4,
        239,
        240,
        243,
        244,
        248,
        254
      ],
      "time_sec": 4.842833757400513
    }
  }
}