{
  "image_index": 31,
  "image_path": "dataset/BDS500/images/val\\175032.jpg",
  "k": 10,
  "strategies": {
    "PA1": {
      "fe_best": 0.04705747921759054,
      "thresholds": [
        1,
        4,
        5,
        6,
        7,
        9,
        202,
        252,
        253,
        254
      ],
      "time_sec": 2.575564384460449
    },
    "PA2": {
      "fe_best": 0.047155139284422595,
      "thresholds": [
        150,
        167,
        170,
        171,
        194,
        211,
        226,
        237,
        253,
        254
      ],
      "time_sec": 2.3795740604400635
    },
    "PA3": {
      "fe_best": 0.04713787053139197,
      "thresholds": [
        141,
        176,
        185,
        220,
        225,
        250,
        251,
        252,
        253,
        254
      ],
      "time_sec": 2.406318426132202
    },
    "PA4": {
      "fe_best": 0.04724333326048931,
      "thresholds": [
        154,
        157,
        158,
        161,
        182,
        197,
        241,
        248,
        252,
        254
      ],
      "time_sec": 2.407963514328003
    },
    "PA5": {
      "fe_best": 0.047159273874871274,
      "thresholds": [
        137,
        180,
        181,
        208,
        215,
        226,
        227,
        245,
        250,
        254
      ],
      "time_sec": 4.8969995975494385
    }
  }
}