{
  "image_index": 39,
  "image_path": "dataset/BDS500/images/val\\210088.jpg",
  "k": 10,
  "strategies": {
    "PA1": {
      "fe_best": 0.048616855131912606,
      "thresholds": [
        1,
        4,
        5,
        15,
        17,
        102,
        251,
        252,
        253,
        254
      ],
      "time_sec": 2.4599030017852783
    },
    "PA2": {
      "fe_best": 0.04922218024784018,
      "thresholds": [
        245,
        246,
        247,
        248,
        249,
        250,
        251,
        252,
        253,
        254
      ],
      "time_sec": 2.5361130237579346
    },
    "PA3": {
      "fe_best": 0.04885436289420031,
      "thresholds": [
        1,
        2,
        3,
        4,
        5,
        6,
        7,
        8,
        109,
        254
      ],
      "time_sec": 2.5201401710510254
    },
    "PA4": {
      "fe_best": 0.04922218024784018,
      "thresholds": [
        245,
        246,
        247,
        248,
        249,
        250,
        251,
        252,
        253,
        254
      ],
      "time_sec": 2.6066577434539795
    },
    "PA5": {
      "fe_best": 0.048839325492591394,
      "thresholds": [
        1,
        2,
        3,
        4,
        5,
        6,
        7,
        110,
        253,
        254
      ],
      "time_sec": 5.344450950622559
    }
  }
}