{
  "image_index": 32,
  "image_path": "dataset/BDS500/images/val\\175043.jpg",
  "k": 10,
  "strategies": {
    "PA1": {
      "fe_best": 0.04664840976113467,
      "thresholds": [
        1,
        2,
        3,
        4,
        5,
        6,
        26,
        241,
        242,
        254
      ],
      "time_sec": 2.382761001586914
    },
    "PA2": {
      "fe_best": 0.046684255190896355,
      "thresholds": [
        1,
        3,
        4,
        32,
        227,
        228,
        235,
        236,
        247,
        254
      ],
      "time_sec": 2.4723222255706787
    },
    "PA3": {
      "fe_best": 0.0467043888248584,
      "thresholds": [
        3,
        33,
        228,
        229,
        236,
        237,
        245,
        246,
        253,
        254
      ],
      "time_sec": 2.3422129154205322
    },
    "PA4": {
      "fe_best": 0.04670361149588529,
      "thresholds": [
        3,
        35,
        228,
        229,
        232,
        233,
        241,
        249,
        250,
        253
      ],
      "time_sec": 2.3232369422912598
    },
    "PA5": {
      "fe_best": 0.046683888657258074,
      "thresholds": [
        1,
        2,
        3,
        4,
        30,
        237,
        238,
        241,
        242,
        254
      ],
      "time_sec": 4.910938501358032
    }
  }
}