{
  "image_index": 41,
  "image_path": "dataset/BDS500/images/val\\216081.jpg",
  "k": 10,
  "strategies": {
    "PA1": {
      "fe_best": 0.048612570788644616,
      "thresholds": [
        55,
        64,
        76,
        79,
        80,
        83,
        112,
        135,
        150,
        163
      ],
      "time_sec": 2.530052661895752
    },
    "PA2": {
      "fe_best": 0.04869964214413881,
      "thresholds": [
        1,
        2,
        121,
        244,
        247,
        248,
        251,
        252,
        253,
        254
      ],
      "time_sec": 2.444821357727051
    },
    "PA3": {
      "fe_best": 0.04868465981440942,
      "thresholds": [
        1,
        2,
        101,
        102,
        105,
        110,
        125,
        147,
        150,
        151
      ],
      "time_sec": 2.4527924060821533
    },
    "PA4": {
      "fe_best": 0.048057530402532724,
      "thresholds": [
        63,
        70,
        71,
        86,
        171,
        194,
        211,
        251,
        253,
        254
      ],
      "time_sec": 2.5060105323791504
    },
    "PA5": {
      "fe_best": 0.04872213488200568,
      "thresholds": [
        1,
        2,
        117,
        246,
        247,
        250,
        251,
        252,
        253,
        254
      ],
      "time_sec": 5.05736517906189
    }
  }
}