{
  "image_index": 45,
  "image_path": "dataset/BDS500/images/val\\227092.jpg",
  "k": 10,
  "strategies": {
    "PA1": {
      "fe_best": 0.05118739737300029,
      "thresholds": [
        1,
        2,
        3,
        4,
        5,
        6,
        7,
        53,
        253,
        254
      ],
      "time_sec": 2.8723132610321045
    },
    "PA2": {
      "fe_best": 0.05118739737300029,
      "thresholds": [
        1,
        2,
        3,
        4,
        5,
        6,
        7,
        53,
        253,
        254
      ],
      "time_sec": 2.6434998512268066
    },
    "PA3": {
      "fe_best": 0.0512477302488569,
      "thresholds": [
        1,
        59,
        247,
        248,
        249,
        250,
        251,
        252,
        253,
        254
      ],
      "time_sec": 2.5273334980010986
    },
    "PA4": {
      "fe_best": 0.05119732255487822,
      "thresholds": [
        1,
        2,
        3,
        4,
        5,
        6,
        54,
        252,
        253,
        254
      ],
      "time_sec": 2.510554552078247
    },
    "PA5": {
      "fe_best": 0.05119732255487822,
      "thresholds": [
        1,
        2,
        3,
        4,
        5,
        6,
        54,
        252,
        253,
        254
      ],
      "time_sec": 5.413871765136719
    }
  }
}