{
  "image_index": 58,
  "image_path": "dataset/BDS500/images/val\\296007.jpg",
  "k": 10,
  "strategies": {
    "PA1": {
      "fe_best": 0.053464091021304144,
      "thresholds": [
        1,
        3,
        7,
        11,
        18,
        25,
        35,
        58,
        203,
        244
      ],
      "time_sec": 2.613211154937744
    },
    "PA2": {
      "fe_best": 0.05346323506651221,
      "thresholds": [
        54,
        113,
        242,
        244,
        245,
        250,
        251,
        252,
        253,
        254
      ],
      "time_sec": 2.5979714393615723
    },
    "PA3": {
      "fe_best": 0.053460633289400955,
      "thresholds": [
        1,
        2,
        17,
        21,
        28,
        30,
        67,
        194,
        252,
        254
      ],
      "time_sec": 2.593289613723755
    },
    "PA4": {
      "fe_best": 0.05345191238532633,
      "thresholds": [
        1,
        2,
        17,
        24,
        31,
        45,
        46,
        217,
        225,
        252
      ],
      "time_sec": 2.716477394104004
    },
    "PA5": {
      "fe_best": 0.05348115579898327,
      "thresholds": [
        1,
        3,
        4,
        5,
        6,
        7,
        12,
        35,
        134,
        220
      ],
      "time_sec": 5.288761615753174
    }
  }
}