{
  "image_index": 53,
  "image_path": "dataset/BDS500/images/val\\260058.jpg",
  "k": 10,
  "strategies": {
    "PA1": {
      "fe_best": 0.04988760176576901,
      "thresholds": [
        1,
        2,
        3,
        4,
        5,
        6,
        7,
        8,
        9,
        10
      ],
      "time_sec": 2.5287024974823
    },
    "PA2": {
      "fe_best": 0.04766993514126945,
      "thresholds": [
        1,
        2,
        3,
        4,
        5,
        6,
        159,
        252,
        253,
        254
      ],
      "time_sec": 2.6224777698516846
    },
    "PA3": {
      "fe_best": 0.047670208585799165,
      "thresholds": [
        1,
        2,
        3,
        4,
        5,
        6,
        7,
        158,
        253,
        254
      ],
      "time_sec": 2.5227088928222656
    },
    "PA4": {
      "fe_best": 0.04766990926908925,
      "thresholds": [
        1,
        2,
        3,
        4,
        161,
        250,
        251,
        252,
        253,
        254
      ],
      "time_sec": 2.6328372955322266
    },
    "PA5": {
      "fe_best": 0.04988760176576901,
      "thresholds": [
        1,
        2,
        3,
        4,
        5,
        6,
        7,
        8,
        9,
        10
      ],
      "time_sec": 4.991137981414795
    }
  }
}