{
  "image_index": 57,
  "image_path": "dataset/BDS500/images/val\\295087.jpg",
  "k": 10,
  "strategies": {
    "PA1": {
      "fe_best": 0.048799083261453574,
      "thresholds": [
        1,
        2,
        5,
        20,
        249,
        250,
        251,
        252,
        253,
        254
      ],
      "time_sec": 2.6526896953582764
    },
    "PA2": {
      "fe_best": 0.04881197405429931,
      "thresholds": [
        1,
        2,
        3,
        4,
        20,
        250,
        251,
        252,
        253,
        254
      ],
      "time_sec": 3.039228677749634
    },
    "PA3": {
      "fe_best": 0.04877924671915439,
      "thresholds": [
        4,
        22,
        247,
        248,
        249,
        250,
        251,
        252,
        253,
        254
      ],
      "time_sec": 2.67740535736084
    },
    "PA4": {
      "fe_best": 0.048812444157725586,
      "thresholds": [
        1,
        2,
        3,
        21,
        249,
        250,
        251,
        252,
        253,
        254
      ],
      "time_sec": 2.6534500122070312
    },
    "PA5": {
      "fe_best": 0.04881190163570678,
      "thresholds": [
        24,
        246,
        247,
        248,
        249,
        250,
        251,
        252,
        253,
        254
      ],
      "time_sec": 5.357238531112671
    }
  }
}