{
  "image_index": 51,
  "image_path": "dataset/BDS500/images/val\\253027.jpg",
  "k": 10,
  "strategies": {
    "PA1": {
      "fe_best": 0.04864014895724246,
      "thresholds": [
        1,
        3,
        5,
        9,
        14,
        16,
        58,
        230,
        231,
        242
      ],
      "time_sec": 2.3381059169769287
    },
    "PA2": {
      "fe_best": 0.04854788506239124,
      "thresholds": [
        22,
        60,
        221,
        222,
        229,
        240,
        242,
        246,
        251,
        254
      ],
      "time_sec": 2.488220453262329
    },
    "PA3": {
      "fe_best": 0.04861178053196863,
      "thresholds": [
        1,
        2,
        37,
        42,
        242,
        246,
        247,
        250,
        251,
        254
      ],
      "time_sec": 2.3011629581451416
    },
    "PA4": {
      "fe_best": 0.04867926496865531,
      "thresholds": [
        22,
        56,
        227,
        229,
        232,
        235,
        240,
        250,
        251,
        254
      ],
      "time_sec": 2.5050647258758545
    },
    "PA5": {
      "fe_best": 0.04863286201103541,
      "thresholds": [
        1,
        3,
        4,
        5,
        6,
        9,
        10,
        60,
        231,
        242
      ],
      "time_sec": 5.046514987945557
    }
  }
}