{
  "image_index": 62,
  "image_path": "dataset/BDS500/images/val\\302008.jpg",
  "k": 10,
  "strategies": {
    "PA1": {
      "fe_best": 0.05388773921763207,
      "thresholds": [
        39,
        40,
        43,
        48,
        59,
        67,
        80,
        111,
        208,
        251
      ],
      "time_sec": 2.4227988719940186
    },
    "PA2": {
      "fe_best": 0.05372050333930775,
      "thresholds": [
        40,
        43,
        56,
        59,
        60,
        97,
        98,
        212,
        244,
        246
      ],
      "time_sec": 2.4990947246551514
    },
    "PA3": {
      "fe_best": 0.053776782092161544,
      "thresholds": [
        37,
        44,
        73,
        90,
        93,
        94,
        225,
        228,
        249,
        251
      ],
      "time_sec": 2.523954391479492
    },
    "PA4": {
      "fe_best": 0.05367552645737653,
      "thresholds": [
        39,
        52,
        55,
        60,
        77,
        180,
        202,
        251,
        252,
        253
      ],
      "time_sec": 2.4218201637268066
    },
    "PA5": {
      "fe_best": 0.05368588637588928,
      "thresholds": [
        37,
        40,
        53,
        56,
        57,
        90,
        102,
        105,
        134,
        254
      ],
      "time_sec": 4.786628246307373
    }
  }
}