{
  "image_index": 69,
  "image_path": "dataset/BDS500/images/val\\361010.jpg",
  "k": 10,
  "strategies": {
    "PA1": {
      "fe_best": 0.05079281880432859,
      "thresholds": [
        1,
        4,
        5,
        8,
        9,
        12,
        13,
        20,
        251,
        252
      ],
      "time_sec": 2.2691924571990967
    },
    "PA2": {
      "fe_best": 0.0500735770631883,
      "thresholds": [
        1,
        3,
        6,
        31,
        240,
        244,
        245,
        248,
        251,
        252
      ],
      "time_sec": 2.299225330352783
    },
    "PA3": {
      "fe_best": 0.05007768489518197,
      "thresholds": [
        5,
        32,
        238,
        240,
        241,
        244,
        245,
        250,
        251,
        254
      ],
      "time_sec": 2.2645456790924072
    },
    "PA4": {
      "fe_best": 0.0499364834527736,
      "thresholds": [
        1,
        2,
        37,
        235,
        242,
        243,
        244,
        250,
        251,
        254
      ],
      "time_sec": 2.3053252696990967
    },
    "PA5": {
      "fe_best": 0.04996410106374443,
      "thresholds": [
        153,
        238,
        239,
        242,
        244,
        245,
        249,
        250,
        251,
        254
      ],
      "time_sec": 4.615131855010986
    }
  }
}