{
  "image_index": 66,
  "image_path": "dataset/BDS500/images/val\\3096.jpg",
  "k": 10,
  "strategies": {
    "PA1": {
      "fe_best": 0.05382752361762904,
      "thresholds": [
        1,
        2,
        7,
        10,
        11,
        12,
        181,
        252,
        253,
        254
      ],
      "time_sec": 2.5509352684020996
    },
    "PA2": {
      "fe_best": 0.05405617903541526,
      "thresholds": [
        1,
        2,
        3,
        4,
        5,
        6,
        7,
        184,
        253,
        254
      ],
      "time_sec": 2.5929641723632812
    },
    "PA3": {
      "fe_best": 0.05405617903541526,
      "thresholds": [
        1,
        2,
        3,
        4,
        5,
        6,
        7,
        184,
        253,
        254
      ],
      "time_sec": 2.6353530883789062
    },
    "PA4": {
      "fe_best": 0.05392298215448421,
      "thresholds": [
        1,
        2,
        4,
        8,
        9,
        184,
        251,
        252,
        253,
        254
      ],
      "time_sec": 2.6518588066101074
    },
    "PA5": {
      "fe_best": 0.054080305385317225,
      "thresholds": [
        1,
        2,
        3,
        4,
        5,
        8,
        9,
        182,
        253,
        254
      ],
      "time_sec": 5.300529718399048
    }
  }
}