{
  "image_index": 61,
  "image_path": "dataset/BDS500/images/val\\300091.jpg",
  "k": 10,
  "strategies": {
    "PA1": {
      "fe_best": 0.05079818208643222,
      "thresholds": [
        1,
        3,
        5,
        80,
        246,
        247,
        249,
        250,
        251,
        254
      ],
      "time_sec": 2.614438056945801
    },
    "PA2": {
      "fe_best": 0.052301306653000576,
      "thresholds": [
        244,
        245,
        246,
        247,
        248,
        249,
        250,
        251,
        252,
        254
      ],
      "time_sec": 2.6660847663879395
    },
    "PA3": {
      "fe_best": 0.05085293761532028,
      "thresholds": [
        1,
        2,
        3,
        6,
        79,
        246,
        247,
        250,
        251,
        254
      ],
      "time_sec": 2.7913925647735596
    },
    "PA4": {
      "fe_best": 0.05091930789482707,
      "thresholds": [
        1,
        2,
        3,
        4,
        81,
        247,
        248,
        250,
        251,
        254
      ],
      "time_sec": 2.7551629543304443
    },
    "PA5": {
      "fe_best": 0.052297574835657556,
      "thresholds": [
        242,
        243,
        244,
        245,
        246,
        247,
        248,
        250,
        251,
        252
      ],
      "time_sec": 5.088059902191162
    }
  }
}