{
  "image_index": 63,
  "image_path": "dataset/BDS500/images/val\\304034.jpg",
  "k": 10,
  "strategies": {
    "PA1": {
      "fe_best": 0.046840518814216206,
      "thresholds": [
        31,
        32,
        35,
        36,
        39,
        48,
        75,
        252,
        253,
        254
      ],
      "time_sec": 2.3454818725585938
    },
    "PA2": {
      "fe_best": 0.04649156173859559,
      "thresholds": [
        1,
        40,
        81,
        244,
        245,
        248,
        249,
        252,
        253,
        254
      ],
      "time_sec": 2.422555446624756
    },
    "PA3": {
      "fe_best": 0.046505224687003674,
      "thresholds": [
        25,
        92,
        245,
        246,
        249,
        250,
        251,
        252,
        253,
        254
      ],
      "time_sec": 2.676018238067627
    },
    "PA4": {
      "fe_best": 0.046894590821407595,
      "thresholds": [
        21,
        56,
        57,
        60,
        61,
        243,
        246,
        247,
        250,
        251
      ],
      "time_sec": 2.69046688079834
    },
    "PA5": {
      "fe_best": 0.04632904183990513,
      "thresholds": [
        24,
        25,
        36,
        93,
        160,
        169,
        172,
        177,
        180,
        199
      ],
      "time_sec": 5.206285715103149
    }
  }
}