{
  "image_index": 70,
  "image_path": "dataset/BDS500/images/val\\37073.jpg",
  "k": 10,
  "strategies": {
    "PA1": {
      "fe_best": 0.05663236947569516,
      "thresholds": [
        1,
        2,
        3,
        4,
        5,
        6,
        14,
        252,
        253,
        254
      ],
      "time_sec": 2.2927138805389404
    },
    "PA2": {
      "fe_best": 0.0566290773748429,
      "thresholds": [
        20,
        246,
        247,
        248,
        249,
        250,
        251,
        252,
        253,
        254
      ],
      "time_sec": 2.3773460388183594
    },
    "PA3": {
      "fe_best": 0.05663283678240807,
      "thresholds": [
        1,
        2,
        3,
        4,
        5,
        6,
        7,
        8,
        11,
        254
      ],
      "time_sec": 2.5654726028442383
    },
    "PA4": {
      "fe_best": 0.0566290773748429,
      "thresholds": [
        20,
        246,
        247,
        248,
        249,
        250,
        251,
        252,
        253,
        254
      ],
      "time_sec": 2.393781900405884
    },
    "PA5": {
      "fe_best": 0.057088704434024924,
      "thresholds": [
        145,
        246,
        247,
        248,
        249,
        250,
        251,
        252,
        253,
        254
      ],
      "time_sec": 5.01165771484375
    }
  }
}