{
  "image_index": 78,
  "image_path": "dataset/BDS500/images/val\\42049.jpg",
  "k": 10,
  "strategies": {
    "PA1": {
      "fe_best": 0.05783280933829932,
      "thresholds": [
        1,
        2,
        3,
        4,
        5,
        6,
        7,
        8,
        9,
        10
      ],
      "time_sec": 2.4117238521575928
    },
    "PA2": {
      "fe_best": 0.05536132432007383,
      "thresholds": [
        1,
        2,
        12,
        201,
        249,
        250,
        251,
        252,
        253,
        254
      ],
      "time_sec": 2.377434492111206
    },
    "PA3": {
      "fe_best": 0.055464998819057226,
      "thresholds": [
        1,
        2,
        3,
        4,
        9,
        10,
        200,
        252,
        253,
        254
      ],
      "time_sec": 2.387760877609253
    },
    "PA4": {
      "fe_best": 0.05536374726107686,
      "thresholds": [
        1,
        3,
        17,
        200,
        249,
        250,
        251,
        252,
        253,
        254
      ],
      "time_sec": 2.3618881702423096
    },
    "PA5": {
      "fe_best": 0.05783280933829932,
      "thresholds": [
        1,
        2,
        3,
        4,
        5,
        6,
        7,
        8,
        9,
        10
      ],
      "time_sec": 4.735348701477051
    }
  }
}