{
  "image_index": 73,
  "image_path": "dataset/BDS500/images/val\\38092.jpg",
  "k": 10,
  "strategies": {
    "PA1": {
      "fe_best": 0.04872921081244763,
      "thresholds": [
        1,
        2,
        3,
        12,
        15,
        21,
        107,
        112,
        115,
        128
      ],
      "time_sec": 2.2819085121154785
    },
    "PA2": {
      "fe_best": 0.04805871425981878,
      "thresholds": [
        243,
        244,
        245,
        246,
        247,
        250,
        251,
        252,
        253,
        254
      ],
      "time_sec": 2.3616695404052734
    },
    "PA3": {
      "fe_best": 0.0475541167799165,
      "thresholds": [
        1,
        2,
        34,
        89,
        237,
        246,
        249,
        250,
        253,
        254
      ],
      "time_sec": 2.3525235652923584
    },
    "PA4": {
      "fe_best": 0.04882213085798158,
      "thresholds": [
        1,
        2,
        3,
        4,
        5,
        6,
        248,
        249,
        252,
        253
      ],
      "time_sec": 2.30302095413208
    },
    "PA5": {
      "fe_best": 0.04884747052497089,
      "thresholds": [
        1,
        2,
        3,
        4,
        5,
        6,
        7,
        8,
        253,
        254
      ],
      "time_sec": 5.288292169570923
    }
  }
}