{
  "image_index": 76,
  "image_path": "dataset/BDS500/images/val\\41069.jpg",
  "k": 10,
  "strategies": {
    "PA1": {
      "fe_best": 0.046875146634626455,
      "thresholds": [
        1,
        2,
        10,
        11,
        12,
        50,
        249,
        250,
        253,
        254
      ],
      "time_sec": 2.331561326980591
    },
    "PA2": {
      "fe_best": 0.046988710153798754,
      "thresholds": [
        2,
        3,
        4,
        5,
        6,
        7,
        8,
        55,
        248,
        249
      ],
      "time_sec": 2.3924267292022705
    },
    "PA3": {
      "fe_best": 0.04702529645941208,
      "thresholds": [
        1,
        2,
        3,
        4,
        5,
        7,
        58,
        247,
        248,
        251
      ],
      "time_sec": 2.3761487007141113
    },
    "PA4": {
      "fe_best": 0.0470240408113025,
      "thresholds": [
        1,
        2,
        3,
        4,
        5,
        6,
        7,
        56,
        247,
        248
      ],
      "time_sec": 2.3188674449920654
    },
    "PA5": {
      "fe_best": 0.047046605451178586,
      "thresholds": [
        1,
        2,
        3,
        4,
        5,
        6,
        7,
        8,
        9,
        54
      ],
      "time_sec": 4.673936128616333
    }
  }
}