{
  "image_index": 77,
  "image_path": "dataset/BDS500/images/val\\42012.jpg",
  "k": 10,
  "strategies": {
    "PA1": {
      "fe_best": 0.048351139093028524,
      "thresholds": [
        1,
        2,
        3,
        4,
        5,
        6,
        7,
        8,
        11,
        48
      ],
      "time_sec": 2.3868792057037354
    },
    "PA2": {
      "fe_best": 0.05156603445915363,
      "thresholds": [
        239,
        240,
        243,
        244,
        246,
        247,
        248,
        249,
        252,
        253
      ],
      "time_sec": 2.399121046066284
    },
    "PA3": {
      "fe_best": 0.04726977385754581,
      "thresholds": [
        1,
        2,
        6,
        10,
        11,
        14,
        51,
        234,
        235,
        250
      ],
      "time_sec": 2.4309842586517334
    },
    "PA4": {
      "fe_best": 0.051565920973809375,
      "thresholds": [
        239,
        240,
        243,
        244,
        246,
        247,
        248,
        251,
        253,
        254
      ],
      "time_sec": 2.4077134132385254
    },
    "PA5": {
      "fe_best": 0.05156513808830711,
      "thresholds": [
        239,
        240,
        243,
        244,
        246,
        250,
        251,
        252,
        253,
        254
      ],
      "time_sec": 4.7245378494262695
    }
  }
}