{
  "image_index": 88,
  "image_path": "dataset/BDS500/images/val\\69020.jpg",
  "k": 10,
  "strategies": {
    "PA1": {
      "fe_best": 0.048551032021279604,
      "thresholds": [
        1,
        6,
        24,
        27,
        28,
        115,
        251,
        252,
        253,
        254
      ],
      "time_sec": 2.639746904373169
    },
    "PA2": {
      "fe_best": 0.049084080982749995,
      "thresholds": [
        1,
        2,
        133,
        248,
        249,
        250,
        251,
        252,
        253,
        254
      ],
      "time_sec": 2.6361677646636963
    },
    "PA3": {
      "fe_best": 0.048986703817960754,
      "thresholds": [
        4,
        131,
        247,
        248,
        249,
        250,
        251,
        252,
        253,
        254
      ],
      "time_sec": 2.5514705181121826
    },
    "PA4": {
      "fe_best": 0.04902046679150634,
      "thresholds": [
        1,
        2,
        3,
        132,
        249,
        250,
        251,
        252,
        253,
        254
      ],
      "time_sec": 2.498556137084961
    },
    "PA5": {
      "fe_best": 0.0487807280255293,
      "thresholds": [
        7,
        8,
        132,
        248,
        249,
        250,
        251,
        252,
        253,
        254
      ],
      "time_sec": 5.0277674198150635
    }
  }
}