{
  "image_index": 83,
  "image_path": "dataset/BDS500/images/val\\58060.jpg",
  "k": 10,
  "strategies": {
    "PA1": {
      "fe_best": 0.05121230464711262,
      "thresholds": [
        55,
        56,
        63,
        76,
        79,
        80,
        108,
        135,
        144,
        166
      ],
      "time_sec": 2.522878885269165
    },
    "PA2": {
      "fe_best": 0.051051244807523224,
      "thresholds": [
        54,
        62,
        73,
        82,
        85,
        86,
        108,
        127,
        189,
        254
      ],
      "time_sec": 2.508357524871826
    },
    "PA3": {
      "fe_best": 0.05113266035361951,
      "thresholds": [
        51,
        60,
        63,
        64,
        87,
        136,
        141,
        148,
        208,
        254
      ],
      "time_sec": 2.5002424716949463
    },
    "PA4": {
      "fe_best": 0.0511474197033105,
      "thresholds": [
        1,
        2,
        93,
        243,
        245,
        248,
        249,
        252,
        253,
        254
      ],
      "time_sec": 2.5814266204833984
    },
    "PA5": {
      "fe_best": 0.05122319755094125,
      "thresholds": [
        49,
        56,
        76,
        83,
        84,
        87,
        88,
        124,
        146,
        215
      ],
      "time_sec": 5.340026140213013
    }
  }
}