{
  "image_index": 82,
  "image_path": "dataset/BDS500/images/val\\55073.jpg",
  "k": 10,
  "strategies": {
    "PA1": {
      "fe_best": 0.05042071035923737,
      "thresholds": [
        241,
        242,
        243,
        246,
        247,
        250,
        251,
        252,
        253,
        254
      ],
      "time_sec": 2.388363838195801
    },
    "PA2": {
      "fe_best": 0.05027988544450013,
      "thresholds": [
        241,
        243,
        244,
        247,
        248,
        250,
        251,
        252,
        253,
        254
      ],
      "time_sec": 2.452737808227539
    },
    "PA3": {
      "fe_best": 0.050457182926060766,
      "thresholds": [
        239,
        242,
        243,
        244,
        247,
        248,
        251,
        252,
        253,
        254
      ],
      "time_sec": 2.584280252456665
    },
    "PA4": {
      "fe_best": 0.050536932340570495,
      "thresholds": [
        239,
        240,
        243,
        244,
        245,
        248,
        249,
        252,
        253,
        254
      ],
      "time_sec": 2.5979292392730713
    },
    "PA5": {
      "fe_best": 0.05057573932952236,
      "thresholds": [
        237,
        238,
        239,
        242,
        243,
        246,
        247,
        250,
        251,
        254
      ],
      "time_sec": 5.121053218841553
    }
  }
}