{
  "image_index": 86,
  "image_path": "dataset/BDS500/images/val\\66053.jpg",
  "k": 10,
  "strategies": {
    "PA1": {
      "fe_best": 0.0479879713022408,
      "thresholds": [
        1,
        2,
        3,
        4,
        5,
        100,
        251,
        252,
        253,
        254
      ],
      "time_sec": 2.5154638290405273
    },
    "PA2": {
      "fe_best": 0.04788287634712006,
      "thresholds": [
        1,
        112,
        245,
        248,
        249,
        250,
        251,
        252,
        253,
        254
      ],
      "time_sec": 2.4893152713775635
    },
    "PA3": {
      "fe_best": 0.047995801353074706,
      "thresholds": [
        1,
        3,
        4,
        103,
        248,
        250,
        251,
        252,
        253,
        254
      ],
      "time_sec": 2.546384572982788
    },
    "PA4": {
      "fe_best": 0.047955447985040964,
      "thresholds": [
        8,
        101,
        247,
        248,
        249,
        250,
        251,
        252,
        253,
        254
      ],
      "time_sec": 2.466552257537842
    },
    "PA5": {
      "fe_best": 0.05096546490425309,
      "thresholds": [
        245,
        246,
        247,
        248,
        249,
        250,
        251,
        252,
        253,
        254
      ],
      "time_sec": 5.0759124755859375
    }
  }
}