{
  "image_index": 92,
  "image_path": "dataset/BDS500/images/val\\8023.jpg",
  "k": 10,
  "strategies": {
    "PA1": {
      "fe_best": 0.0489752718518709,
      "thresholds": [
        1,
        3,
        7,
        11,
        17,
        106,
        249,
        250,
        253,
        254
      ],
      "time_sec": 2.600771188735962
    },
    "PA2": {
      "fe_best": 0.0489700198295651,
      "thresholds": [
        6,
        115,
        242,
        245,
        246,
        249,
        250,
        251,
        253,
        254
      ],
      "time_sec": 2.6208207607269287
    },
    "PA3": {
      "fe_best": 0.048953345104575045,
      "thresholds": [
        11,
        112,
        243,
        245,
        248,
        249,
        250,
        252,
        253,
        254
      ],
      "time_sec": 2.7198326587677
    },
    "PA4": {
      "fe_best": 0.04894623476546797,
      "thresholds": [
        5,
        16,
        108,
        245,
        247,
        248,
        251,
        252,
        253,
        254
      ],
      "time_sec": 2.660501003265381
    },
    "PA5": {
      "fe_best": 0.04898252238367856,
      "thresholds": [
        1,
        2,
        5,
        8,
        9,
        12,
        109,
        248,
        249,
        252
      ],
      "time_sec": 5.109616041183472
    }
  }
}