{
  "image_index": 95,
  "image_path": "dataset/BDS500/images/val\\86016.jpg",
  "k": 10,
  "strategies": {
    "PA1": {
      "fe_best": 0.048939253654906076,
      "thresholds": [
        1,
        2,
        3,
        4,
        5,
        6,
        7,
        8,
        9,
        10
      ],
      "time_sec": 3.041364908218384
    },
    "PA2": {
      "fe_best": 0.04657046472931659,
      "thresholds": [
        1,
        2,
        180,
        245,
        246,
        247,
        248,
        250,
        251,
        254
      ],
      "time_sec": 2.6465530395507812
    },
    "PA3": {
      "fe_best": 0.048939253654906076,
      "thresholds": [
        1,
        2,
        3,
        4,
        5,
        6,
        7,
        8,
        9,
        10
      ],
      "time_sec": 2.6512515544891357
    },
    "PA4": {
      "fe_best": 0.04657002873007482,
      "thresholds": [
        1,
        2,
        179,
        246,
        247,
        248,
        249,
        250,
        253,
        254
      ],
      "time_sec": 2.703554630279541
    },
    "PA5": {
      "fe_best": 0.048939253654906076,
      "thresholds": [
        1,
        2,
        3,
        4,
        5,
        6,
        7,
        8,
        9,
        10
      ],
      "time_sec": 5.129550933837891
    }
  }
}