{
  "image_index": 90,
  "image_path": "dataset/BDS500/images/val\\76053.jpg",
  "k": 10,
  "strategies": {
    "PA1": {
      "fe_best": 0.04743295864004812,
      "thresholds": [
        1,
        4,
        6,
        13,
        18,
        21,
        54,
        193,
        206,
        210
      ],
      "time_sec": 2.540996789932251
    },
    "PA2": {
      "fe_best": 0.047502134341109635,
      "thresholds": [
        1,
        2,
        3,
        59,
        249,
        250,
        251,
        252,
        253,
        254
      ],
      "time_sec": 2.475026845932007
    },
    "PA3": {
      "fe_best": 0.047439478140145694,
      "thresholds": [
        4,
        25,
        54,
        189,
        211,
        242,
        243,
        246,
        247,
        253
      ],
      "time_sec": 2.4612152576446533
    },
    "PA4": {
      "fe_best": 0.04740099181169956,
      "thresholds": [
        3,
        5,
        70,
        177,
        221,
        246,
        249,
        250,
        253,
        254
      ],
      "time_sec": 2.7517824172973633
    },
    "PA5": {
      "fe_best": 0.047552606619442,
      "thresholds": [
        1,
        2,
        3,
        4,
        6,
        7,
        8,
        54,
        253,
        254
      ],
      "time_sec": 5.169445991516113
    }
  }
}