{
  "algorithm": "PSO",
  "thresholds": [
    38,
    76,
    114,
    163,
    209
  ],
  "best_f": -23.488998134990563,
  "entropy": 23.488998134990563,
  "time": 3.257385492324829,
  "metrics": {
    "psnr": 27.667441686045223,
    "ssim": 0.8197413679041381,
    "dice": 0.16192961929619296
  }
}