{
  "image_name": "100007.jpg",
  "image_path": "dataset/BDS500/images/test\\100007.jpg",
  "results": {
    "PA5": {
      "image_name": "100007.jpg",
      "strategy": "PA5",
      "seed": 42,
      "thresholds": "34,49,62,74,94,117,136,168,196,224",
      "best_f": -35.32111299084388,
      "fe": 35.32111299084388,
      "dsc": 0.21325366281817568,
      "iou": 0.11935307121129102,
      "psnr": 31.113714414448033,
      "ssim": 0.8455967378141759,
      "time_sec": 0.44053125381469727,
      "convergence_iters": 20
    },
    "PA6": {
      "image_name": "100007.jpg",
      "strategy": "PA6",
      "seed": 42,
      "thresholds": "37,57,98,113,130,155,174,192,212,231",
      "best_f": -35.63416269656966,
      "fe": 35.63416269656966,
      "dsc": 0.20940653105960477,
      "iou": 0.11694811507579303,
      "psnr": 32.384156320242255,
      "ssim": 0.8695136789066652,
      "time_sec": 0.22756505012512207,
      "convergence_iters": 20
    }
  }
}