{
  "image_name": "100099.jpg",
  "image_path": "dataset/BDS500/images/test\\100099.jpg",
  "results": {
    "PA5": {
      "image_name": "100099.jpg",
      "strategy": "PA5",
      "seed": 42,
      "thresholds": "33,50,62,79,99,128,135,156,183,188",
      "best_f": -31.289165604136976,
      "fe": 31.289165604136976,
      "dsc": 0.12258711949784538,
      "iou": 0.06529576992411856,
      "psnr": 31.97251506785596,
      "ssim": 0.8419736879714722,
      "time_sec": 0.45183706283569336,
      "convergence_iters": 20
    },
    "PA6": {
      "image_name": "100099.jpg",
      "strategy": "PA6",
      "seed": 42,
      "thresholds": "22,42,66,81,101,125,145,166,180,194",
      "best_f": -32.35917529321587,
      "fe": 32.35917529321587,
      "dsc": 0.12488609063043658,
      "iou": 0.06660186882855818,
      "psnr": 32.698882922406895,
      "ssim": 0.8527515382233665,
      "time_sec": 0.21357131004333496,
      "convergence_iters": 19
    }
  }
}