{
  "image_name": "100039.jpg",
  "image_path": "dataset/BDS500/images/test\\100039.jpg",
  "results": {
    "PA5": {
      "image_name": "100039.jpg",
      "strategy": "PA5",
      "seed": 42,
      "thresholds": "37,74,93,119,136,157,177,197,225,241",
      "best_f": -35.369635032115546,
      "fe": 35.369635032115546,
      "dsc": 0.1368864660055288,
      "iou": 0.07347188644593627,
      "psnr": 31.587554161656804,
      "ssim": 0.9157758057094809,
      "time_sec": 0.4494800567626953,
      "convergence_iters": 20
    },
    "PA6": {
      "image_name": "100039.jpg",
      "strategy": "PA6",
      "seed": 42,
      "thresholds": "32,52,74,96,118,147,173,189,204,222",
      "best_f": -35.30980181546702,
      "fe": 35.30980181546702,
      "dsc": 0.13775771671857137,
      "iou": 0.07397411064892727,
      "psnr": 31.065580741122993,
      "ssim": 0.9129967156000003,
      "time_sec": 0.23590564727783203,
      "convergence_iters": 19
    }
  }
}