{
  "image_name": "uploaded",
  "timestamp": "2026-04-18T14:16:49.289702",
  "total_time": 17.48548412322998,
  "best_overall_algo": "WOA",
  "best_overall_f": -36.404342038388265,
  "best_overall_entropy": 36.404342038388265,
  "results": {
    "GWO": {
      "entropy": 33.931364365679215,
      "time": 1.9584534168243408,
      "metrics": {
        "psnr": 29.53246015655564,
        "ssim": 0.8226138240910935,
        "dice": 0.2216099962673966
      }
    },
    "WOA": {
      "entropy": 36.404342038388265,
      "time": 1.9688079357147217,
      "metrics": {
        "psnr": 33.20551033153661,
        "ssim": 0.8775340698764059,
        "dice": 0.23344305237217158
      }
    },
    "PSO": {
      "entropy": 36.28690037972796,
      "time": 3.891737222671509,
      "metrics": {
        "psnr": 32.45318563892704,
        "ssim": 0.8694402277597127,
        "dice": 0.23213328155914276
      }
    },
    "HYBRID-PA5": {
      "entropy": 36.26630975841069,
      "time": 3.916857957839966,
      "metrics": {
        "psnr": 32.37833541546419,
        "ssim": 0.8683669632311585,
        "dice": 0.24468594584638054
      }
    },
    "HYBRID-PA6": {
      "entropy": 36.39151550426074,
      "time": 2.1310129165649414,
      "metrics": {
        "psnr": 32.41217140716773,
        "ssim": 0.8630423720749208,
        "dice": 0.2215985117979178
      }
    }
  }
}