{
  "image_name": "uploaded",
  "timestamp": "2026-04-18T14:19:34.176940",
  "total_time": 16.038347482681274,
  "best_overall_algo": "PSO",
  "best_overall_f": -23.02991018461534,
  "best_overall_entropy": 23.02991018461534,
  "results": {
    "GWO": {
      "entropy": 23.01586706960466,
      "time": 1.9236202239990234,
      "metrics": {
        "psnr": 28.216287481234147,
        "ssim": 0.7939697977449661,
        "dice": 0.25423255577835874
      }
    },
    "WOA": {
      "entropy": 23.029874992450672,
      "time": 1.694974422454834,
      "metrics": {
        "psnr": 27.81822412425604,
        "ssim": 0.7819426561852482,
        "dice": 0.2421301222328913
      }
    },
    "PSO": {
      "entropy": 23.02991018461534,
      "time": 3.2635295391082764,
      "metrics": {
        "psnr": 27.758178344928073,
        "ssim": 0.7804164077997164,
        "dice": 0.2430997043664809
      }
    },
    "OTSU": {
      "entropy": 22.923107061256847,
      "time": 0.004205942153930664,
      "metrics": {
        "psnr": 27.615668913094144,
        "ssim": 0.7844282358718514,
        "dice": 0.26531552280055276
      }
    },
    "HYBRID-PA5": {
      "entropy": 23.029874992450672,
      "time": 3.374467134475708,
      "metrics": {
        "psnr": 27.81822412425604,
        "ssim": 0.7819426561852482,
        "dice": 0.2421301222328913
      }
    },
    "HYBRID-PA6": {
      "entropy": 23.02111579941849,
      "time": 1.9210550785064697,
      "metrics": {
        "psnr": 27.707571606066672,
        "ssim": 0.7825327943027054,
        "dice": 0.24730534211009414
      }
    }
  }
}