{
  "algorithm": "HYBRID-PA5",
  "thresholds": [
    36,
    61,
    85,
    109,
    131,
    153,
    170,
    187,
    205,
    223
  ],
  "best_f": -35.83087270240953,
  "entropy": 35.83087270240953,
  "time": 29.156768321990967,
  "metrics": {
    "psnr": 32.10566625596456,
    "ssim": 0.8382898706222723,
    "boundary_dsc": 0.22321211630355553
  }
}