{
  "algorithm": "GWO",
  "thresholds": [
    41,
    60,
    76,
    91,
    109,
    130,
    152,
    175,
    201,
    227
  ],
  "best_f": -36.32698302901559,
  "entropy": 36.32698302901559,
  "time": 2.476738691329956,
  "metrics": {
    "psnr": 33.14025329408749,
    "ssim": 0.9127610590931373,
    "dice": 0.17416072838482066
  }
}