{
  "algorithm": "HYBRID-PA5",
  "fe": 37.04249557197732,
  "entropy": 37.04249557197732,
  "boundary_dsc": 0.2372932444143024,
  "psnr": 31.39311703969948,
  "ssim": 0.8420216189153787,
  "time": 28.286174774169922,
  "thresholds": [
    17,
    43,
    69,
    95,
    121,
    147,
    172,
    196,
    216,
    236
  ],
  "best_f": -37.04249557197732,
  "convergence_iterations": 77,
  "objective_name": "FE + light penalties",
  "penalty_mode": "light",
  "history_length": 80,
  "paths": {
    "segmented": "outputs/runs/20260424_213547__single__uploaded__k10/algorithms/HYBRID-PA5/segmented.png",
    "overlay": "outputs/runs/20260424_213547__single__uploaded__k10/algorithms/HYBRID-PA5/overlay.png",
    "histogram": "outputs/runs/20260424_213547__single__uploaded__k10/algorithms/HYBRID-PA5/histogram.png"
  },
  "metrics": {
    "psnr": 31.39311703969948,
    "ssim": 0.8420216189153787,
    "boundary_dsc": 0.2372932444143024
  }
}