{
  "algorithm": "WOA",
  "thresholds": [
    24,
    43,
    62,
    81,
    103,
    125,
    147,
    170,
    193,
    217
  ],
  "best_f": -37.11379641141464,
  "entropy": 37.11379641141464,
  "time": 13.956998109817505,
  "metrics": {
    "psnr": 32.76430136848128,
    "ssim": 0.9396130719634576,
    "boundary_dsc": 0.19765485597756818
  }
}