{
  "image_name": "uploaded",
  "timestamp": "2026-04-18T16:02:36.494391",
  "total_time": 18.450625896453857,
  "best_overall_algo": "GWO",
  "best_overall_f": -33.63609460844603,
  "best_overall_entropy": 33.63609460844603,
  "results": {
    "GWO": {
      "entropy": 33.63609460844603,
      "time": 2.1525816917419434,
      "metrics": {
        "psnr": 35.217390580281204,
        "ssim": 0.9434429728425551,
        "dice": 0.2611581062765808
      }
    },
    "WOA": {
      "entropy": 33.35843078370719,
      "time": 2.1435344219207764,
      "metrics": {
        "psnr": 30.102777779587182,
        "ssim": 0.8858303864620606,
        "dice": 0.27565642821989983
      }
    },
    "PSO": {
      "entropy": 33.53965329616711,
      "time": 4.261926651000977,
      "metrics": {
        "psnr": 35.34413372255288,
        "ssim": 0.9428210901316229,
        "dice": 0.2404733727810651
      }
    },
    "OTSU": {
      "entropy": 33.24713578253289,
      "time": 0.001302480697631836,
      "metrics": {
        "psnr": 35.36509914026156,
        "ssim": 0.9462219593933398,
        "dice": 0.23797579757975798
      }
    },
    "HYBRID-PA5": {
      "entropy": 33.62959396657423,
      "time": 4.350908517837524,
      "metrics": {
        "psnr": 35.27954698559274,
        "ssim": 0.942844177320096,
        "dice": 0.24214988862542214
      }
    },
    "HYBRID-PA6": {
      "entropy": 33.63135699486663,
      "time": 2.126919984817505,
      "metrics": {
        "psnr": 35.15723581284512,
        "ssim": 0.9416794717091328,
        "dice": 0.26380353427867714
      }
    }
  }
}