{
  "algorithm": "OTSU",
  "thresholds": [
    58,
    75,
    88,
    100,
    112,
    125,
    140,
    158,
    178,
    210
  ],
  "best_f": -35.06607412913401,
  "entropy": 35.06607412913401,
  "time": 0.5011377334594727,
  "metrics": {
    "psnr": 34.756768089260305,
    "ssim": 0.972919713300999,
    "boundary_dsc": 0.10537998468681732
  }
}