{
  "algorithm": "HYBRID-PA5",
  "thresholds": [
    21,
    43,
    67,
    91,
    114,
    137,
    160,
    183,
    207,
    231
  ],
  "best_f": -37.55402731533232,
  "entropy": 37.55402731533232,
  "time": 30.215957403182983,
  "metrics": {
    "psnr": 31.805215126835684,
    "ssim": 0.8901121656775021,
    "boundary_dsc": 0.15725828084594998
  }
}