{
  "algorithm": "HYBRID-PA6",
  "thresholds": [
    53,
    75,
    94,
    112,
    133,
    153,
    174,
    195,
    216,
    236
  ],
  "best_f": -36.078484959591044,
  "entropy": 36.078484959591044,
  "time": 8.471296787261963,
  "metrics": {
    "psnr": 32.82287888243387,
    "ssim": 0.8964389174320817,
    "boundary_dsc": 0.1751156503454491
  }
}