{
  "image_name": "uploaded",
  "timestamp": "2026-04-22T19:23:19.233248",
  "total_time": 56.21298885345459,
  "best_overall_algo": "PSO",
  "best_overall_f": -37.53929716033049,
  "best_overall_entropy": 37.53929716033049,
  "results": {
    "GWO": {
      "entropy": 35.99004369319968,
      "time": 8.637921333312988,
      "metrics": {
        "psnr": 30.70884500182953,
        "ssim": 0.8877590699406579,
        "boundary_dsc": 0.32930081920365784
      }
    },
    "WOA": {
      "entropy": 37.11709173042356,
      "time": 8.748874425888062,
      "metrics": {
        "psnr": 31.648547831665162,
        "ssim": 0.8998153899988283,
        "boundary_dsc": 0.34478154934748506
      }
    },
    "PSO": {
      "entropy": 37.53929716033049,
      "time": 17.343821048736572,
      "metrics": {
        "psnr": 31.53817232657804,
        "ssim": 0.8909308731229394,
        "boundary_dsc": 0.3470828933474129
      }
    },
    "OTSU": {
      "entropy": 36.1475222518191,
      "time": 0.46793580055236816,
      "metrics": {
        "psnr": 33.12266127185515,
        "ssim": 0.9052691751859768,
        "boundary_dsc": 0.3452494619131617
      }
    },
    "HYBRID-PA5": {
      "entropy": 37.52991736494847,
      "time": 8.695454359054565,
      "metrics": {
        "psnr": 31.429999878830447,
        "ssim": 0.8873912960582784,
        "boundary_dsc": 0.34222726535905335
      }
    },
    "HYBRID-PA6": {
      "entropy": 36.946949503127655,
      "time": 8.43904185295105,
      "metrics": {
        "psnr": 30.757564548013526,
        "ssim": 0.9044733802408675,
        "boundary_dsc": 0.3400280551200594
      }
    }
  }
}