{
  "algorithm": "HYBRID-PA6",
  "thresholds": [
    9,
    20,
    35,
    68,
    98,
    122,
    145,
    169,
    195,
    223
  ],
  "best_f": -36.338146563347834,
  "entropy": 36.338146563347834,
  "time": 2.5823795795440674,
  "metrics": {
    "psnr": 30.95472594708918,
    "ssim": 0.8856074730743142,
    "boundary_dsc": 0.2087573051707259
  }
}