{
  "image_name": "uploaded",
  "timestamp": "2026-04-18T13:44:38.254020",
  "total_time": 15.043741703033447,
  "best_overall_algo": "GWO",
  "best_overall_f": -13.022909641171294,
  "best_overall_entropy": 13.022909641171294,
  "results": {
    "GWO": {
      "entropy": 13.022909641171294,
      "time": 1.622363567352295,
      "metrics": {
        "psnr": 23.622828195959897,
        "ssim": 0.6931329742700242,
        "dice": 0.265012046002091
      }
    },
    "WOA": {
      "entropy": 13.022909641171294,
      "time": 1.630187749862671,
      "metrics": {
        "psnr": 23.622828195959897,
        "ssim": 0.6931329742700242,
        "dice": 0.265012046002091
      }
    },
    "PSO": {
      "entropy": 13.022909641171294,
      "time": 3.0884039402008057,
      "metrics": {
        "psnr": 23.622828195959897,
        "ssim": 0.6931329742700242,
        "dice": 0.265012046002091
      }
    },
    "OTSU": {
      "entropy": 12.91235321502949,
      "time": 0.0030226707458496094,
      "metrics": {
        "psnr": 24.342416084794078,
        "ssim": 0.7033603459745731,
        "dice": 0.273093095808654
      }
    },
    "HYBRID-PA5": {
      "entropy": 13.022909641171294,
      "time": 3.1959261894226074,
      "metrics": {
        "psnr": 23.622828195959897,
        "ssim": 0.6931329742700242,
        "dice": 0.265012046002091
      }
    },
    "HYBRID-PA6": {
      "entropy": 13.022909641171294,
      "time": 1.7849421501159668,
      "metrics": {
        "psnr": 23.622828195959897,
        "ssim": 0.6931329742700242,
        "dice": 0.265012046002091
      }
    }
  }
}