{
  "algorithm": "HYBRID-PA5",
  "thresholds": [
    60,
    118,
    166,
    214
  ],
  "best_f": -19.83435477737993,
  "entropy": 19.83435477737993,
  "time": 3.6401727199554443,
  "metrics": {
    "psnr": 21.352557921082,
    "ssim": 0.6938564979346465,
    "dice": 0.2478107762784755
  }
}