{
  "image_name": "uploaded",
  "timestamp": "2026-04-20T22:34:18.935230",
  "total_time": 19.55971360206604,
  "best_overall_algo": "HYBRID-PA5",
  "best_overall_f": -34.705497069699874,
  "best_overall_entropy": 34.705497069699874,
  "results": {
    "GWO": {
      "entropy": 34.60845633954314,
      "time": 2.1887803077697754,
      "metrics": {
        "psnr": 33.04238449459121,
        "ssim": 0.9365027969887578,
        "boundary_dsc": 0.24966765377316108
      }
    },
    "WOA": {
      "entropy": 34.70349672756973,
      "time": 2.0927233695983887,
      "metrics": {
        "psnr": 33.16076046443843,
        "ssim": 0.9313378377748072,
        "boundary_dsc": 0.2522055967595761
      }
    },
    "PSO": {
      "entropy": 34.644700176616624,
      "time": 4.296833038330078,
      "metrics": {
        "psnr": 33.10004736154721,
        "ssim": 0.9341704686038161,
        "boundary_dsc": 0.2516765139639932
      }
    },
    "OTSU": {
      "entropy": 34.23931326170374,
      "time": 0.3975074291229248,
      "metrics": {
        "psnr": 33.886730935528384,
        "ssim": 0.9405372164347291,
        "boundary_dsc": 0.2515024765112092
      }
    },
    "HYBRID-PA5": {
      "entropy": 34.705497069699874,
      "time": 4.531498908996582,
      "metrics": {
        "psnr": 33.0882682270601,
        "ssim": 0.9309709588688369,
        "boundary_dsc": 0.2521107874416239
      }
    },
    "HYBRID-PA6": {
      "entropy": 34.549077110813705,
      "time": 2.2164082527160645,
      "metrics": {
        "psnr": 33.118391230629925,
        "ssim": 0.9328200935813318,
        "boundary_dsc": 0.2539646918013166
      }
    }
  }
}