{
  "algorithm": "GWO",
  "thresholds": [
    10,
    23,
    37,
    53,
    72,
    94,
    116,
    158,
    194,
    224
  ],
  "best_f": -36.05562235915665,
  "entropy": 36.05562235915665,
  "time": 2.0648393630981445,
  "metrics": {
    "psnr": 31.876200447065656,
    "ssim": 0.934945353399558,
    "dice": 0.14566336356314996
  }
}