{
  "algorithm": "WOA",
  "thresholds": [
    24,
    45,
    66,
    86,
    106,
    126,
    147,
    170,
    194,
    224
  ],
  "best_f": -37.33776950216415,
  "entropy": 37.33776950216415,
  "time": 14.273094415664673,
  "metrics": {
    "psnr": 32.21712657463923,
    "ssim": 0.8886793819565397,
    "boundary_dsc": 0.22746219612377155
  }
}