{
  "algorithm": "OTSU",
  "thresholds": [
    23,
    46,
    70,
    93,
    116,
    139,
    162,
    185,
    209,
    232
  ],
  "best_f": -37.892631941844016,
  "entropy": 37.892631941844016,
  "time": 0.008100271224975586,
  "metrics": {
    "psnr": 32.05859555210279,
    "ssim": 0.8973378110694292,
    "dice": 0.20163742099885204
  }
}