{
  "algorithm": "GWO",
  "thresholds": [
    25,
    42,
    55,
    69,
    88,
    111,
    135,
    160,
    191,
    222
  ],
  "best_f": -36.26437146766076,
  "entropy": 36.26437146766076,
  "time": 17.513277292251587,
  "metrics": {
    "psnr": 30.649362353818788,
    "ssim": 0.9077167159412821,
    "boundary_dsc": 0.10510267974627259
  }
}