{
  "algorithm": "OTSU",
  "thresholds": [
    50,
    70,
    88,
    105,
    123,
    141,
    160,
    181,
    205,
    236
  ],
  "best_f": -34.68598839944959,
  "entropy": 34.68598839944959,
  "time": 0.49677395820617676,
  "metrics": {
    "psnr": 34.477990424880595,
    "ssim": 0.9454831471219243,
    "boundary_dsc": 0.2861209775046228
  }
}