{
  "algorithm": "WOA",
  "thresholds": [
    21,
    42,
    64,
    86,
    109,
    132,
    155,
    178,
    201,
    223
  ],
  "best_f": -36.460600422992194,
  "entropy": 36.460600422992194,
  "time": 2.023033380508423,
  "metrics": {
    "psnr": 31.125527408842334,
    "ssim": 0.8760312934217324,
    "dice": 0.25863689776733256
  }
}