{
  "image_name": "uploaded",
  "timestamp": "2026-04-21T15:24:14.487038",
  "total_time": 19.772417545318604,
  "best_overall_algo": "HYBRID-PA5",
  "best_overall_f": -35.92259538526595,
  "best_overall_entropy": 35.92259538526595,
  "results": {
    "GWO": {
      "entropy": 35.588372205062406,
      "time": 2.1860766410827637,
      "metrics": {
        "psnr": 33.6491131190896,
        "ssim": 0.9248906502930045,
        "boundary_dsc": 0.1202544569229561
      }
    },
    "WOA": {
      "entropy": 35.9037418986048,
      "time": 2.2379183769226074,
      "metrics": {
        "psnr": 32.191331649635536,
        "ssim": 0.9157923529086275,
        "boundary_dsc": 0.11183234717149647
      }
    },
    "PSO": {
      "entropy": 35.6707222331014,
      "time": 4.174618244171143,
      "metrics": {
        "psnr": 33.96129492853595,
        "ssim": 0.9332184260942208,
        "boundary_dsc": 0.12205283741719211
      }
    },
    "OTSU": {
      "entropy": 34.78554749654183,
      "time": 0.39200735092163086,
      "metrics": {
        "psnr": 34.95899454685441,
        "ssim": 0.9408129582142888,
        "boundary_dsc": 0.11979314996627445
      }
    },
    "HYBRID-PA5": {
      "entropy": 35.92259538526595,
      "time": 4.72809362411499,
      "metrics": {
        "psnr": 31.633155756623236,
        "ssim": 0.9158060339338132,
        "boundary_dsc": 0.11375326617475473
      }
    },
    "HYBRID-PA6": {
      "entropy": 35.847594191399715,
      "time": 2.172280788421631,
      "metrics": {
        "psnr": 32.57046562731406,
        "ssim": 0.9159154323053545,
        "boundary_dsc": 0.10988269323477423
      }
    }
  }
}