{
  "algorithm": "HYBRID-PA5",
  "thresholds": [
    43,
    64,
    83,
    102,
    121,
    140,
    158,
    176,
    194,
    212
  ],
  "best_f": -35.076186746172205,
  "entropy": 35.076186746172205,
  "time": 4.4065656661987305,
  "metrics": {
    "psnr": 33.50341763439594,
    "ssim": 0.9042949716107962,
    "boundary_dsc": 0.11505744715560838
  }
}