{
  "algorithm": "HYBRID-PA6",
  "thresholds": [
    38,
    62,
    83,
    105,
    126,
    147,
    171,
    195,
    217,
    239
  ],
  "best_f": -36.24743041614104,
  "entropy": 36.24743041614104,
  "time": 14.532620668411255,
  "metrics": {
    "psnr": 32.61820788072139,
    "ssim": 0.9033264733450463,
    "boundary_dsc": 0.1699748219774788
  }
}