{
  "algorithm": "WOA",
  "thresholds": [
    51,
    76,
    99,
    122,
    144,
    165,
    183,
    201,
    219,
    237
  ],
  "best_f": -35.823614527065516,
  "entropy": 35.823614527065516,
  "time": 2.1673295497894287,
  "metrics": {
    "psnr": 32.1997688960315,
    "ssim": 0.9081693877564522,
    "dice": 0.15479260525089328
  }
}