{
  "algorithm": "PSO",
  "thresholds": [
    32,
    57,
    80,
    102,
    124,
    145,
    167,
    191,
    215,
    235
  ],
  "best_f": -37.066042093263,
  "entropy": 37.066042093263,
  "time": 4.548129081726074,
  "metrics": {
    "psnr": 32.2103196675575,
    "ssim": 0.8983769653391164,
    "dice": 0.27076137192897104
  }
}