{
  "image_name": "uploaded",
  "timestamp": "2026-04-19T18:29:11.335679",
  "total_time": 19.675686359405518,
  "best_overall_algo": "WOA",
  "best_overall_f": -36.27399868515833,
  "best_overall_entropy": 36.27399868515833,
  "results": {
    "GWO": {
      "entropy": 35.69777537420361,
      "time": 2.4975838661193848,
      "metrics": {
        "psnr": 32.716901956091306,
        "ssim": 0.8712717708614613,
        "dice": 0.0983467882822413
      }
    },
    "WOA": {
      "entropy": 36.27399868515833,
      "time": 2.1564502716064453,
      "metrics": {
        "psnr": 32.52415979988698,
        "ssim": 0.8623099078179159,
        "dice": 0.09797936869760074
      }
    },
    "PSO": {
      "entropy": 35.972911157300224,
      "time": 4.261986255645752,
      "metrics": {
        "psnr": 32.89820792923677,
        "ssim": 0.8727264385864226,
        "dice": 0.10122857634178498
      }
    },
    "OTSU": {
      "entropy": 35.85756192565206,
      "time": 0.0035109519958496094,
      "metrics": {
        "psnr": 31.822156854551366,
        "ssim": 0.8500901508345261,
        "dice": 0.1013412204489905
      }
    },
    "HYBRID-PA5": {
      "entropy": 36.22406537015108,
      "time": 4.619493722915649,
      "metrics": {
        "psnr": 32.17772321272035,
        "ssim": 0.8591269942709948,
        "dice": 0.09684409597730585
      }
    },
    "HYBRID-PA6": {
      "entropy": 36.06997022859292,
      "time": 2.249967575073242,
      "metrics": {
        "psnr": 33.185030834747806,
        "ssim": 0.8789631443021425,
        "dice": 0.09586371183137227
      }
    }
  }
}