{
  "algorithm": "HYBRID-PA6",
  "thresholds": [
    36,
    60,
    80,
    101,
    124,
    147,
    171,
    196,
    217,
    238
  ],
  "best_f": -35.47935277913467,
  "entropy": 35.47935277913467,
  "time": 2.180821657180786,
  "metrics": {
    "psnr": 32.31818212586489,
    "ssim": 0.8921619325025184,
    "dice": 0.17734722382398543
  }
}