{
  "algorithm": "PSO",
  "thresholds": [
    30,
    55,
    75,
    94,
    113,
    132,
    152,
    176,
    202,
    228
  ],
  "best_f": -35.41893677178406,
  "entropy": 35.41893677178406,
  "time": 16.686825275421143,
  "metrics": {
    "psnr": 33.00333473132224,
    "ssim": 0.936059893655402,
    "boundary_dsc": 0.18775297522122247
  }
}