{
  "algorithm": "PSO",
  "thresholds": [
    44,
    62,
    80,
    101,
    122,
    143,
    165,
    188,
    211,
    233
  ],
  "best_f": -36.204312839136854,
  "entropy": 36.204312839136854,
  "time": 3.9765677452087402,
  "metrics": {
    "psnr": 33.36944411188471,
    "ssim": 0.8559925642586383,
    "dice": 0.1605213097502732
  }
}