{
  "algorithm": "WOA",
  "thresholds": [
    27,
    54,
    84,
    114,
    143,
    171,
    199,
    227
  ],
  "best_f": -32.71234121236564,
  "entropy": 32.71234121236564,
  "time": 1.8539392948150635,
  "metrics": {
    "psnr": 30.310232413387325,
    "ssim": 0.8644947503369075,
    "dice": 0.20582255605127917
  }
}