{
  "algorithm": "WOA",
  "thresholds": [
    26,
    51,
    75,
    99,
    121,
    142,
    163,
    184,
    207,
    231
  ],
  "best_f": -37.262565506349056,
  "entropy": 37.262565506349056,
  "time": 2.0004849433898926,
  "metrics": {
    "psnr": 31.61180266366939,
    "ssim": 0.9136473799332658,
    "dice": 0.17200119265222522
  }
}