{
  "algorithm": "GWO",
  "thresholds": [
    24,
    50,
    70,
    112,
    131,
    155,
    182,
    206,
    213,
    228
  ],
  "best_f": -33.84545649064319,
  "entropy": 33.84545649064319,
  "time": 2.2984743118286133,
  "metrics": {
    "psnr": 29.679455554893444,
    "ssim": 0.8484798252252291,
    "dice": 0.18761487141637362
  }
}