{
  "image_index": 3,
  "image_path": "dataset/BDS500/images/val\\103070.jpg",
  "k": 10,
  "strategies": {
    "PA1": {
      "fe_best": 0.047270338888647456,
      "thresholds": [
        1,
        2,
        5,
        7,
        15,
        16,
        41,
        196,
        197,
        204
      ],
      "time_sec": 4.246851444244385,
      "stability_jitter": {
        "fe_mean": 0.047208475128186406,
        "fe_std": 3.189460393160318e-05,
        "fe_min": 0.04712500952720845,
        "fe_max": 0.047270338888647456,
        "fe_original": 0.047270338888647456
      },
      "stability_convergence": {
        "fe_last_mean": 0.04726568071807334,
        "fe_last_std": 9.31634114823554e-06,
        "fe_improvement": 0.0013325648055495104,
        "fe_first": 0.045937774083097946,
        "fe_last": 0.047270338888647456
      }
    },
    "PA2": {
      "fe_best": 0.04727275024336996,
      "thresholds": [
        2,
        3,
        4,
        8,
        10,
        11,
        12,
        45,
        192,
        193
      ],
      "time_sec": 4.2520647048950195,
      "stability_jitter": {
        "fe_mean": 0.04722254173073452,
        "fe_std": 2.6944870616538086e-05,
        "fe_min": 0.04716487737931942,
        "fe_max": 0.04727275024336996,
        "fe_original": 0.04727275024336996
      },
      "stability_convergence": {
        "fe_last_mean": 0.04725918760104557,
        "fe_last_std": 7.675995085254344e-06,
        "fe_improvement": 0.00020149297314953768,
        "fe_first": 0.04707125727022042,
        "fe_last": 0.04727275024336996
      }
    },
    "PA3": {
      "fe_best": 0.0472764468244877,
      "thresholds": [
        1,
        2,
        3,
        4,
        5,
        6,
        7,
        49,
        188,
        189
      ],
      "time_sec": 4.177734613418579,
      "stability_jitter": {
        "fe_mean": 0.04723846521925341,
        "fe_std": 2.1392059270636218e-05,
        "fe_min": 0.047209914294819515,
        "fe_max": 0.047279148726071106,
        "fe_original": 0.0472764468244877
      },
      "stability_convergence": {
        "fe_last_mean": 0.047276022110166294,
        "fe_last_std": 6.487618422039456e-07,
        "fe_improvement": 0.0013386727413897542,
        "fe_first": 0.045937774083097946,
        "fe_last": 0.0472764468244877
      }
    },
    "PA4": {
      "fe_best": 0.047245319688765886,
      "thresholds": [
        1,
        3,
        4,
        5,
        6,
        9,
        15,
        40,
        199,
        204
      ],
      "time_sec": 4.1791603565216064,
      "stability_jitter": {
        "fe_mean": 0.04719478225464006,
        "fe_std": 2.7498406131133803e-05,
        "fe_min": 0.047140218395708484,
        "fe_max": 0.047245319688765886,
        "fe_original": 0.047245319688765886
      },
      "stability_convergence": {
        "fe_last_mean": 0.047241535181002395,
        "fe_last_std": 2.477541899190212e-06,
        "fe_improvement": 0.00017406241854546478,
        "fe_first": 0.04707125727022042,
        "fe_last": 0.047245319688765886
      }
    },
    "PA5": {
      "fe_best": 0.047308370383662486,
      "thresholds": [
        1,
        3,
        5,
        7,
        9,
        46,
        193,
        194,
        201,
        206
      ],
      "time_sec": 8.428964853286743,
      "stability_jitter": {
        "fe_mean": 0.04724612707795947,
        "fe_std": 2.4576211557315313e-05,
        "fe_min": 0.04718332161278665,
        "fe_max": 0.047308370383662486,
        "fe_original": 0.047308370383662486
      },
      "stability_convergence": {
        "fe_last_mean": 0.04730304435115128,
        "fe_last_std": 5.326032511202006e-06,
        "fe_improvement": 0.0007673325138453993,
        "fe_first": 0.04654103786981709,
        "fe_last": 0.047308370383662486
      }
    }
  }
}