{
  "image_index": 1,
  "image_path": "dataset/BDS500/images/val\\101087.jpg",
  "k": 10,
  "strategies": {
    "PA1": {
      "fe_best": 0.0352166184380259,
      "thresholds": [
        1,
        2,
        4,
        9,
        14,
        19,
        30,
        71,
        234,
        246
      ],
      "time_sec": 4.207947015762329,
      "stability_jitter": {
        "fe_mean": 0.03513979252658408,
        "fe_std": 3.942398016147483e-05,
        "fe_min": 0.03508071715519408,
        "fe_max": 0.0352166184380259,
        "fe_original": 0.0352166184380259
      },
      "stability_convergence": {
        "fe_last_mean": 0.035216618438025905,
        "fe_last_std": 6.938893903907228e-18,
        "fe_improvement": 0.0005438077569130673,
        "fe_first": 0.03467281068111283,
        "fe_last": 0.0352166184380259
      }
    },
    "PA2": {
      "fe_best": 0.03538572313469361,
      "thresholds": [
        1,
        11,
        100,
        187,
        200,
        235,
        243,
        250,
        251,
        254
      ],
      "time_sec": 4.3840110301971436,
      "stability_jitter": {
        "fe_mean": 0.03457545181389567,
        "fe_std": 0.0004348071193187773,
        "fe_min": 0.033729925806674735,
        "fe_max": 0.03538572313469361,
        "fe_original": 0.03538572313469361
      },
      "stability_convergence": {
        "fe_last_mean": 0.03538572313469361,
        "fe_last_std": 0.0,
        "fe_improvement": 0.0006457759860298007,
        "fe_first": 0.03473994714866381,
        "fe_last": 0.03538572313469361
      }
    },
    "PA3": {
      "fe_best": 0.035235430040572044,
      "thresholds": [
        7,
        20,
        112,
        155,
        160,
        188,
        209,
        240,
        251,
        252
      ],
      "time_sec": 4.163116693496704,
      "stability_jitter": {
        "fe_mean": 0.034355063789069065,
        "fe_std": 0.0005322597469504219,
        "fe_min": 0.03340608863617295,
        "fe_max": 0.035235430040572044,
        "fe_original": 0.035235430040572044
      },
      "stability_convergence": {
        "fe_last_mean": 0.035203458877022586,
        "fe_last_std": 1.662107216039408e-05,
        "fe_improvement": 0.0005626193594592127,
        "fe_first": 0.03467281068111283,
        "fe_last": 0.035235430040572044
      }
    },
    "PA4": {
      "fe_best": 0.03544258021827819,
      "thresholds": [
        17,
        25,
        175,
        231,
        234,
        237,
        239,
        250,
        251,
        254
      ],
      "time_sec": 4.113833427429199,
      "stability_jitter": {
        "fe_mean": 0.03467685914863855,
        "fe_std": 0.00043823781481494,
        "fe_min": 0.03378215073926111,
        "fe_max": 0.03544258021827819,
        "fe_original": 0.03544258021827819
      },
      "stability_convergence": {
        "fe_last_mean": 0.03538566448661671,
        "fe_last_std": 5.692202848707415e-05,
        "fe_improvement": 0.0007026330696143779,
        "fe_first": 0.03473994714866381,
        "fe_last": 0.03544258021827819
      }
    },
    "PA5": {
      "fe_best": 0.03549497676611997,
      "thresholds": [
        1,
        4,
        6,
        9,
        11,
        12,
        83,
        228,
        251,
        252
      ],
      "time_sec": 8.809959173202515,
      "stability_jitter": {
        "fe_mean": 0.0346615510070927,
        "fe_std": 0.0005341975225077073,
        "fe_min": 0.033743319757959425,
        "fe_max": 0.03549497676611997,
        "fe_original": 0.03549497676611997
      },
      "stability_convergence": {
        "fe_last_mean": 0.03546848673649248,
        "fe_last_std": 4.046418864320161e-05,
        "fe_improvement": 0.0008221660850071394,
        "fe_first": 0.03467281068111283,
        "fe_last": 0.03549497676611997
      }
    }
  }
}