{
  "image_index": 18,
  "image_path": "dataset/BDS500/images/val\\145086.jpg",
  "k": 10,
  "strategies": {
    "PA1": {
      "fe_best": 0.04828410598188594,
      "thresholds": [
        1,
        2,
        4,
        134,
        135,
        150,
        183,
        188,
        211,
        254
      ],
      "time_sec": 4.43012809753418,
      "stability_jitter": {
        "fe_mean": 0.04798857033837356,
        "fe_std": 0.00014338444089328912,
        "fe_min": 0.04761845663764988,
        "fe_max": 0.04828410598188594,
        "fe_original": 0.04828410598188594
      },
      "stability_convergence": {
        "fe_last_mean": 0.04827855099424509,
        "fe_last_std": 8.485383782909358e-06,
        "fe_improvement": 0.0015042422351059168,
        "fe_first": 0.046779863746780025,
        "fe_last": 0.04828410598188594
      }
    },
    "PA2": {
      "fe_best": 0.04854216278979804,
      "thresholds": [
        1,
        2,
        137,
        194,
        205,
        206,
        209,
        210,
        253,
        254
      ],
      "time_sec": 4.260319471359253,
      "stability_jitter": {
        "fe_mean": 0.04830826183742136,
        "fe_std": 9.478771204877205e-05,
        "fe_min": 0.04812799509314236,
        "fe_max": 0.04854216278979804,
        "fe_original": 0.04854216278979804
      },
      "stability_convergence": {
        "fe_last_mean": 0.048542162789798046,
        "fe_last_std": 6.938893903907228e-18,
        "fe_improvement": 0.0008504704678366989,
        "fe_first": 0.04769169232196134,
        "fe_last": 0.04854216278979804
      }
    },
    "PA3": {
      "fe_best": 0.04853277874920851,
      "thresholds": [
        74,
        123,
        142,
        143,
        146,
        179,
        185,
        204,
        209,
        228
      ],
      "time_sec": 6.081014156341553,
      "stability_jitter": {
        "fe_mean": 0.047988671095300126,
        "fe_std": 0.00030354631768521675,
        "fe_min": 0.04723389132389379,
        "fe_max": 0.04853277874920851,
        "fe_original": 0.04853277874920851
      },
      "stability_convergence": {
        "fe_last_mean": 0.04849820052924593,
        "fe_last_std": 3.55032362915283e-05,
        "fe_improvement": 0.0017529150024284887,
        "fe_first": 0.046779863746780025,
        "fe_last": 0.04853277874920851
      }
    },
    "PA4": {
      "fe_best": 0.04861409575435475,
      "thresholds": [
        1,
        136,
        193,
        196,
        198,
        201,
        202,
        209,
        210,
        226
      ],
      "time_sec": 5.289051055908203,
      "stability_jitter": {
        "fe_mean": 0.048453271436652304,
        "fe_std": 9.826342946188256e-05,
        "fe_min": 0.048300238743540086,
        "fe_max": 0.048664064905454746,
        "fe_original": 0.04861409575435475
      },
      "stability_convergence": {
        "fe_last_mean": 0.048587595219524375,
        "fe_last_std": 2.308053518900986e-05,
        "fe_improvement": 0.000922403432393408,
        "fe_first": 0.04769169232196134,
        "fe_last": 0.04861409575435475
      }
    },
    "PA5": {
      "fe_best": 0.04863211056467079,
      "thresholds": [
        2,
        137,
        190,
        193,
        198,
        201,
        212,
        227,
        228,
        235
      ],
      "time_sec": 8.648929595947266,
      "stability_jitter": {
        "fe_mean": 0.04840757250107948,
        "fe_std": 0.00010277491763165618,
        "fe_min": 0.04814467069750514,
        "fe_max": 0.04863211056467079,
        "fe_original": 0.04863211056467079
      },
      "stability_convergence": {
        "fe_last_mean": 0.04862902212048307,
        "fe_last_std": 1.0294813959060845e-06,
        "fe_improvement": 0.0011648322349188528,
        "fe_first": 0.047467278329751936,
        "fe_last": 0.04863211056467079
      }
    }
  }
}