{
  "image_index": 13,
  "image_path": "dataset/BDS500/images/val\\126007.jpg",
  "k": 10,
  "strategies": {
    "PA1": {
      "fe_best": 0.05206288603822227,
      "thresholds": [
        1,
        3,
        5,
        8,
        10,
        18,
        49,
        213,
        247,
        248
      ],
      "time_sec": 4.281273603439331,
      "stability_jitter": {
        "fe_mean": 0.05195669201802409,
        "fe_std": 5.271373976804015e-05,
        "fe_min": 0.051855992296786134,
        "fe_max": 0.05206288603822227,
        "fe_original": 0.05206288603822227
      },
      "stability_convergence": {
        "fe_last_mean": 0.05206288603822227,
        "fe_last_std": 0.0,
        "fe_improvement": 0.004940397906413846,
        "fe_first": 0.04712248813180842,
        "fe_last": 0.05206288603822227
      }
    },
    "PA2": {
      "fe_best": 0.052060332212580794,
      "thresholds": [
        1,
        2,
        4,
        5,
        6,
        13,
        56,
        205,
        209,
        243
      ],
      "time_sec": 4.270913124084473,
      "stability_jitter": {
        "fe_mean": 0.051996473682354584,
        "fe_std": 4.2832692980072806e-05,
        "fe_min": 0.05187712062647383,
        "fe_max": 0.052060332212580794,
        "fe_original": 0.052060332212580794
      },
      "stability_convergence": {
        "fe_last_mean": 0.052060332212580794,
        "fe_last_std": 0.0,
        "fe_improvement": 0.004668059940771012,
        "fe_first": 0.04739227227180978,
        "fe_last": 0.052060332212580794
      }
    },
    "PA3": {
      "fe_best": 0.05198963869961964,
      "thresholds": [
        1,
        2,
        4,
        5,
        9,
        10,
        11,
        16,
        51,
        212
      ],
      "time_sec": 4.1805338859558105,
      "stability_jitter": {
        "fe_mean": 0.05188952748351561,
        "fe_std": 7.357341040963063e-05,
        "fe_min": 0.05172026682990927,
        "fe_max": 0.05198963869961964,
        "fe_original": 0.05198963869961964
      },
      "stability_convergence": {
        "fe_last_mean": 0.05198948741515073,
        "fe_last_std": 4.5385340675246915e-07,
        "fe_improvement": 0.004867150567811215,
        "fe_first": 0.04712248813180842,
        "fe_last": 0.05198963869961964
      }
    },
    "PA4": {
      "fe_best": 0.052019692210237736,
      "thresholds": [
        1,
        2,
        4,
        5,
        7,
        24,
        41,
        220,
        239,
        252
      ],
      "time_sec": 4.368939161300659,
      "stability_jitter": {
        "fe_mean": 0.05182706044298976,
        "fe_std": 0.00014199506852207453,
        "fe_min": 0.05149455349942327,
        "fe_max": 0.052019692210237736,
        "fe_original": 0.052019692210237736
      },
      "stability_convergence": {
        "fe_last_mean": 0.052012025358017064,
        "fe_last_std": 9.367106952842533e-06,
        "fe_improvement": 0.004627419938427954,
        "fe_first": 0.04739227227180978,
        "fe_last": 0.052019692210237736
      }
    },
    "PA5": {
      "fe_best": 0.05208443264053628,
      "thresholds": [
        1,
        2,
        5,
        6,
        9,
        11,
        58,
        203,
        247,
        250
      ],
      "time_sec": 8.49830174446106,
      "stability_jitter": {
        "fe_mean": 0.05197706780094785,
        "fe_std": 5.1890859849612836e-05,
        "fe_min": 0.05185406298573186,
        "fe_max": 0.05208443264053628,
        "fe_original": 0.05208443264053628
      },
      "stability_convergence": {
        "fe_last_mean": 0.052067658386705296,
        "fe_last_std": 1.2210232166785222e-05,
        "fe_improvement": 0.0043786010928246605,
        "fe_first": 0.047705831547711616,
        "fe_last": 0.05208443264053628
      }
    }
  }
}