{
  "image_index": 17,
  "image_path": "dataset/BDS500/images/val\\143090.jpg",
  "k": 10,
  "strategies": {
    "PA1": {
      "fe_best": 0.04816615194554167,
      "thresholds": [
        1,
        2,
        3,
        4,
        5,
        6,
        7,
        8,
        79,
        254
      ],
      "time_sec": 4.083034038543701,
      "stability_jitter": {
        "fe_mean": 0.048013960136744006,
        "fe_std": 8.585318032863347e-05,
        "fe_min": 0.04781016632511588,
        "fe_max": 0.04816615194554167,
        "fe_original": 0.04816615194554167
      },
      "stability_convergence": {
        "fe_last_mean": 0.04816615194554168,
        "fe_last_std": 6.938893903907228e-18,
        "fe_improvement": 0.002001817085854729,
        "fe_first": 0.04616433485968694,
        "fe_last": 0.04816615194554167
      }
    },
    "PA2": {
      "fe_best": 0.04820129785553991,
      "thresholds": [
        2,
        4,
        5,
        8,
        9,
        12,
        13,
        78,
        253,
        254
      ],
      "time_sec": 5.479440212249756,
      "stability_jitter": {
        "fe_mean": 0.04778778410462335,
        "fe_std": 0.00019588033994557112,
        "fe_min": 0.04745693155362491,
        "fe_max": 0.04820129785553991,
        "fe_original": 0.04820129785553991
      },
      "stability_convergence": {
        "fe_last_mean": 0.04820129785553991,
        "fe_last_std": 0.0,
        "fe_improvement": 0.002036962995852966,
        "fe_first": 0.04616433485968694,
        "fe_last": 0.04820129785553991
      }
    },
    "PA3": {
      "fe_best": 0.0482745678610561,
      "thresholds": [
        1,
        2,
        3,
        4,
        5,
        6,
        9,
        78,
        253,
        254
      ],
      "time_sec": 5.139894247055054,
      "stability_jitter": {
        "fe_mean": 0.048114490742551065,
        "fe_std": 8.526067929334394e-05,
        "fe_min": 0.04791697019922468,
        "fe_max": 0.0482745678610561,
        "fe_original": 0.0482745678610561
      },
      "stability_convergence": {
        "fe_last_mean": 0.0482745678610561,
        "fe_last_std": 0.0,
        "fe_improvement": 0.002110233001369158,
        "fe_first": 0.04616433485968694,
        "fe_last": 0.0482745678610561
      }
    },
    "PA4": {
      "fe_best": 0.04819983024178365,
      "thresholds": [
        1,
        2,
        3,
        4,
        5,
        6,
        9,
        10,
        77,
        254
      ],
      "time_sec": 4.166950225830078,
      "stability_jitter": {
        "fe_mean": 0.047996357506685475,
        "fe_std": 0.00010008047762985632,
        "fe_min": 0.047768317507173884,
        "fe_max": 0.04819983024178365,
        "fe_original": 0.04819983024178365
      },
      "stability_convergence": {
        "fe_last_mean": 0.04819983024178365,
        "fe_last_std": 0.0,
        "fe_improvement": 0.0020354953820967067,
        "fe_first": 0.04616433485968694,
        "fe_last": 0.04819983024178365
      }
    },
    "PA5": {
      "fe_best": 0.04925518594450134,
      "thresholds": [
        245,
        246,
        247,
        248,
        249,
        250,
        251,
        252,
        253,
        254
      ],
      "time_sec": 8.660987138748169,
      "stability_jitter": {
        "fe_mean": 0.049239514990769694,
        "fe_std": 2.0663026590852657e-05,
        "fe_min": 0.04919924085625332,
        "fe_max": 0.04925518594450134,
        "fe_original": 0.04925518594450134
      },
      "stability_convergence": {
        "fe_last_mean": 0.04925518594450134,
        "fe_last_std": 0.0,
        "fe_improvement": 0.002860377120334899,
        "fe_first": 0.04639480882416644,
        "fe_last": 0.04925518594450134
      }
    }
  }
}