{
  "image_index": 30,
  "image_path": "dataset/BDS500/images/val\\170057.jpg",
  "k": 10,
  "strategies": {
    "PA1": {
      "fe_best": 0.04696996532829503,
      "thresholds": [
        1,
        2,
        3,
        5,
        6,
        8,
        9,
        92,
        253,
        254
      ],
      "time_sec": 9.34000849723816,
      "stability_jitter": {
        "fe_mean": 0.04693525246648892,
        "fe_std": 1.8078396018743994e-05,
        "fe_min": 0.04689321760793559,
        "fe_max": 0.04696996532829503,
        "fe_original": 0.04696996532829503
      },
      "stability_convergence": {
        "fe_last_mean": 0.04696804328973168,
        "fe_last_std": 2.3540068730811886e-06,
        "fe_improvement": 0.0008502792786143631,
        "fe_first": 0.04611968604968067,
        "fe_last": 0.04696996532829503
      }
    },
    "PA2": {
      "fe_best": 0.04686254479559439,
      "thresholds": [
        2,
        3,
        5,
        7,
        8,
        11,
        12,
        19,
        20,
        203
      ],
      "time_sec": 4.3219499588012695,
      "stability_jitter": {
        "fe_mean": 0.04679503085954845,
        "fe_std": 3.312303835196467e-05,
        "fe_min": 0.04674397474486765,
        "fe_max": 0.04686254479559439,
        "fe_original": 0.04686254479559439
      },
      "stability_convergence": {
        "fe_last_mean": 0.046855505787972415,
        "fe_last_std": 4.6289404843594305e-06,
        "fe_improvement": 0.00025909226336794794,
        "fe_first": 0.04660345253222644,
        "fe_last": 0.04686254479559439
      }
    },
    "PA3": {
      "fe_best": 0.04697418802824966,
      "thresholds": [
        1,
        3,
        4,
        5,
        6,
        7,
        8,
        95,
        252,
        253
      ],
      "time_sec": 5.88908314704895,
      "stability_jitter": {
        "fe_mean": 0.04693902487437287,
        "fe_std": 1.6859643200072802e-05,
        "fe_min": 0.046899456183394264,
        "fe_max": 0.04697418802824966,
        "fe_original": 0.04697418802824966
      },
      "stability_convergence": {
        "fe_last_mean": 0.046973341303442454,
        "fe_last_std": 1.0370218651108027e-06,
        "fe_improvement": 0.0008545019785689903,
        "fe_first": 0.04611968604968067,
        "fe_last": 0.04697418802824966
      }
    },
    "PA4": {
      "fe_best": 0.04687334437775388,
      "thresholds": [
        1,
        2,
        4,
        5,
        7,
        14,
        15,
        18,
        19,
        202
      ],
      "time_sec": 7.734214782714844,
      "stability_jitter": {
        "fe_mean": 0.0468015871242756,
        "fe_std": 4.237690792674597e-05,
        "fe_min": 0.046706773257280926,
        "fe_max": 0.04687334437775388,
        "fe_original": 0.04687334437775388
      },
      "stability_convergence": {
        "fe_last_mean": 0.04687334437775388,
        "fe_last_std": 0.0,
        "fe_improvement": 0.000269891845527441,
        "fe_first": 0.04660345253222644,
        "fe_last": 0.04687334437775388
      }
    },
    "PA5": {
      "fe_best": 0.046975482008976444,
      "thresholds": [
        1,
        3,
        5,
        6,
        7,
        8,
        97,
        248,
        249,
        252
      ],
      "time_sec": 14.228895425796509,
      "stability_jitter": {
        "fe_mean": 0.04693984114322749,
        "fe_std": 1.5914392966088232e-05,
        "fe_min": 0.046902367162642206,
        "fe_max": 0.046975482008976444,
        "fe_original": 0.046975482008976444
      },
      "stability_convergence": {
        "fe_last_mean": 0.04697378229753509,
        "fe_last_std": 8.498557206748635e-07,
        "fe_improvement": 0.0008557959592957742,
        "fe_first": 0.04611968604968067,
        "fe_last": 0.046975482008976444
      }
    }
  }
}