{
  "image_index": 49,
  "image_path": "dataset/BDS500/images/val\\241004.jpg",
  "k": 10,
  "strategies": {
    "PA1": {
      "fe_best": 0.04508310297273714,
      "thresholds": [
        1,
        2,
        3,
        4,
        5,
        7,
        8,
        10,
        57,
        246
      ],
      "time_sec": 4.623656749725342,
      "stability_jitter": {
        "fe_mean": 0.0449827529253545,
        "fe_std": 0.00010690930767875868,
        "fe_min": 0.044777960679025106,
        "fe_max": 0.045157413691093974,
        "fe_original": 0.04508310297273714
      },
      "stability_convergence": {
        "fe_last_mean": 0.045078721227547525,
        "fe_last_std": 5.81868702316732e-06,
        "fe_improvement": 0.0034372206583071774,
        "fe_first": 0.04164588231442996,
        "fe_last": 0.04508310297273714
      }
    },
    "PA2": {
      "fe_best": 0.04622690512910354,
      "thresholds": [
        1,
        2,
        3,
        5,
        7,
        8,
        53,
        250,
        251,
        254
      ],
      "time_sec": 4.365115165710449,
      "stability_jitter": {
        "fe_mean": 0.04476138013261891,
        "fe_std": 0.0008027299979464607,
        "fe_min": 0.04297911287461334,
        "fe_max": 0.04622690512910354,
        "fe_original": 0.04622690512910354
      },
      "stability_convergence": {
        "fe_last_mean": 0.04622690512910354,
        "fe_last_std": 0.0,
        "fe_improvement": 0.004433714705462874,
        "fe_first": 0.041793190423640665,
        "fe_last": 0.04622690512910354
      }
    },
    "PA3": {
      "fe_best": 0.04555384467789592,
      "thresholds": [
        2,
        3,
        6,
        7,
        8,
        10,
        11,
        54,
        251,
        252
      ],
      "time_sec": 4.5412187576293945,
      "stability_jitter": {
        "fe_mean": 0.04413089989760376,
        "fe_std": 0.0009234204705900062,
        "fe_min": 0.04261663717729584,
        "fe_max": 0.04555384467789592,
        "fe_original": 0.04555384467789592
      },
      "stability_convergence": {
        "fe_last_mean": 0.04555384467789592,
        "fe_last_std": 0.0,
        "fe_improvement": 0.00390796236346596,
        "fe_first": 0.04164588231442996,
        "fe_last": 0.04555384467789592
      }
    },
    "PA4": {
      "fe_best": 0.0459542488276663,
      "thresholds": [
        1,
        2,
        3,
        4,
        5,
        6,
        7,
        52,
        251,
        252
      ],
      "time_sec": 4.60318660736084,
      "stability_jitter": {
        "fe_mean": 0.04446170032065312,
        "fe_std": 0.000913757122098943,
        "fe_min": 0.04299121675077815,
        "fe_max": 0.0459542488276663,
        "fe_original": 0.0459542488276663
      },
      "stability_convergence": {
        "fe_last_mean": 0.045727427428160876,
        "fe_last_std": 0.00021554784412309533,
        "fe_improvement": 0.004161058404025635,
        "fe_first": 0.041793190423640665,
        "fe_last": 0.0459542488276663
      }
    },
    "PA5": {
      "fe_best": 0.0459542488276663,
      "thresholds": [
        1,
        2,
        3,
        4,
        5,
        6,
        7,
        52,
        251,
        252
      ],
      "time_sec": 9.573482036590576,
      "stability_jitter": {
        "fe_mean": 0.04446170032065312,
        "fe_std": 0.000913757122098943,
        "fe_min": 0.04299121675077815,
        "fe_max": 0.0459542488276663,
        "fe_original": 0.0459542488276663
      },
      "stability_convergence": {
        "fe_last_mean": 0.0459542488276663,
        "fe_last_std": 0.0,
        "fe_improvement": 0.0008379179788862157,
        "fe_first": 0.045116330848780084,
        "fe_last": 0.0459542488276663
      }
    }
  }
}