{
  "image_index": 44,
  "image_path": "dataset/BDS500/images/val\\223061.jpg",
  "k": 10,
  "strategies": {
    "PA1": {
      "fe_best": 0.049839743662045626,
      "thresholds": [
        1,
        2,
        5,
        6,
        9,
        10,
        13,
        14,
        17,
        18
      ],
      "time_sec": 4.567473411560059,
      "stability_jitter": {
        "fe_mean": 0.048744358537566236,
        "fe_std": 0.0003931931889097794,
        "fe_min": 0.04787116461815598,
        "fe_max": 0.049839743662045626,
        "fe_original": 0.049839743662045626
      },
      "stability_convergence": {
        "fe_last_mean": 0.049839743662045626,
        "fe_last_std": 0.0,
        "fe_improvement": 0.003401884642123175,
        "fe_first": 0.04643785901992245,
        "fe_last": 0.049839743662045626
      }
    },
    "PA2": {
      "fe_best": 0.049839743662045626,
      "thresholds": [
        1,
        2,
        5,
        6,
        9,
        10,
        13,
        14,
        17,
        18
      ],
      "time_sec": 4.7627599239349365,
      "stability_jitter": {
        "fe_mean": 0.048744358537566236,
        "fe_std": 0.0003931931889097794,
        "fe_min": 0.04787116461815598,
        "fe_max": 0.049839743662045626,
        "fe_original": 0.049839743662045626
      },
      "stability_convergence": {
        "fe_last_mean": 0.049839743662045626,
        "fe_last_std": 0.0,
        "fe_improvement": 0.003148187053621382,
        "fe_first": 0.046691556608424244,
        "fe_last": 0.049839743662045626
      }
    },
    "PA3": {
      "fe_best": 0.04672701730795172,
      "thresholds": [
        23,
        30,
        31,
        54,
        67,
        78,
        89,
        90,
        189,
        254
      ],
      "time_sec": 4.659320592880249,
      "stability_jitter": {
        "fe_mean": 0.04641120717909288,
        "fe_std": 0.00013921834089306406,
        "fe_min": 0.04613762323167658,
        "fe_max": 0.04672701730795172,
        "fe_original": 0.04672701730795172
      },
      "stability_convergence": {
        "fe_last_mean": 0.04669306314047956,
        "fe_last_std": 1.1551908607409346e-05,
        "fe_improvement": 0.00028915828802927174,
        "fe_first": 0.04643785901992245,
        "fe_last": 0.04672701730795172
      }
    },
    "PA4": {
      "fe_best": 0.04947113625791773,
      "thresholds": [
        1,
        2,
        3,
        4,
        7,
        8,
        11,
        12,
        15,
        20
      ],
      "time_sec": 4.492069244384766,
      "stability_jitter": {
        "fe_mean": 0.048682184861743055,
        "fe_std": 0.00029998283779335814,
        "fe_min": 0.048205479920019764,
        "fe_max": 0.04947113625791773,
        "fe_original": 0.04947113625791773
      },
      "stability_convergence": {
        "fe_last_mean": 0.04947113625791773,
        "fe_last_std": 0.0,
        "fe_improvement": 0.002779579649493484,
        "fe_first": 0.046691556608424244,
        "fe_last": 0.04947113625791773
      }
    },
    "PA5": {
      "fe_best": 0.04984559147605103,
      "thresholds": [
        3,
        6,
        7,
        10,
        11,
        14,
        15,
        18,
        19,
        22
      ],
      "time_sec": 9.323487520217896,
      "stability_jitter": {
        "fe_mean": 0.048817122292044074,
        "fe_std": 0.00037720446222143394,
        "fe_min": 0.048292720212465425,
        "fe_max": 0.04984559147605103,
        "fe_original": 0.04984559147605103
      },
      "stability_convergence": {
        "fe_last_mean": 0.049845591476051034,
        "fe_last_std": 6.938893903907228e-18,
        "fe_improvement": 0.0037282527741993587,
        "fe_first": 0.04611733870185167,
        "fe_last": 0.04984559147605103
      }
    }
  }
}