{
  "algorithm": "WOA",
  "thresholds": [
    30,
    59,
    82,
    104,
    126,
    147,
    168,
    189,
    211,
    233
  ],
  "best_f": -36.82930554785081,
  "entropy": 36.82930554785081,
  "time": 2.129249334335327,
  "metrics": {
    "psnr": 31.80474253415714,
    "ssim": 0.9284645092978491,
    "boundary_dsc": 0.12692725879186495
  }
}