{
  "algorithm": "OTSU",
  "thresholds": [
    31,
    49,
    67,
    84,
    101,
    119,
    135,
    148,
    162,
    188
  ],
  "best_f": -35.452679761568476,
  "entropy": 35.452679761568476,
  "time": 0.45774126052856445,
  "metrics": {
    "psnr": 34.14065854289822,
    "ssim": 0.9250121266460315,
    "boundary_dsc": 0.07765874052782859
  }
}