{
  "algorithm": "PA5",
  "mode": "single_image_multi_seed",
  "seed": 44,
  "thresholds": [
    24,
    48,
    70,
    92,
    114,
    137,
    160,
    183,
    206,
    229
  ],
  "best_f": -37.06731871930898,
  "entropy": 37.067680261166096,
  "time": 34.2940776348114,
  "metrics": {
    "boundary_dsc": 0.19748063531805024,
    "psnr": 31.75965876932661,
    "ssim": 0.914742362747945,
    "boundary_dsc_mean": 0.19650317860191668,
    "boundary_dsc_sd": 0.0008706267220412559,
    "fe_mean": 37.065135395215336,
    "fe_sd": 0.015620275495826256,
    "psnr_mean": 31.68567156499653,
    "psnr_sd": 0.04904205937769142,
    "ssim_mean": 0.9147322378806638,
    "ssim_sd": 0.0027606246014665633,
    "time_mean": 30.392770195007323,
    "time_sd": 2.2686635599147285,
    "n_runs": 5
  }
}