{
  "algorithm": "OTSU",
  "thresholds": [
    49,
    63,
    80,
    99,
    119,
    142,
    162,
    178,
    193,
    212
  ],
  "best_f": -35.483290402776724,
  "entropy": 35.483290402776724,
  "time": 0.4531431198120117,
  "metrics": {
    "psnr": 33.90986649060059,
    "ssim": 0.9261201458051964,
    "boundary_dsc": 0.2548026358153212
  }
}