{
  "image_name": "uploaded",
  "timestamp": "2026-04-19T19:07:38.301701",
  "total_time": 20.380686044692993,
  "best_overall_algo": "HYBRID-PA5",
  "best_overall_f": -36.34461300748097,
  "best_overall_entropy": 36.34461300748097,
  "results": {
    "GWO": {
      "entropy": 33.931364365679215,
      "time": 2.213088274002075,
      "metrics": {
        "psnr": 29.53246015655564,
        "ssim": 0.8226138240910935,
        "dice": 0.2216099962673966
      }
    },
    "WOA": {
      "entropy": 36.23040393904994,
      "time": 2.3212552070617676,
      "metrics": {
        "psnr": 33.41915870257034,
        "ssim": 0.8816892625750329,
        "dice": 0.22853588420220902
      }
    },
    "PSO": {
      "entropy": 36.28690037972796,
      "time": 4.361255168914795,
      "metrics": {
        "psnr": 32.45318563892704,
        "ssim": 0.8694402277597127,
        "dice": 0.23213328155914276
      }
    },
    "HYBRID-PA5": {
      "entropy": 36.34461300748097,
      "time": 5.1085028648376465,
      "metrics": {
        "psnr": 32.336198347810985,
        "ssim": 0.8604465685313336,
        "dice": 0.20906745532343318
      }
    },
    "HYBRID-PA6": {
      "entropy": 36.3292824102926,
      "time": 2.425358772277832,
      "metrics": {
        "psnr": 32.9076912500985,
        "ssim": 0.8719523469667174,
        "dice": 0.22832135903929981
      }
    }
  }
}