{
  "algorithm": "GWO",
  "thresholds": [
    13,
    28,
    44,
    62,
    86,
    111,
    139,
    171,
    203,
    235
  ],
  "best_f": -35.767012895146635,
  "entropy": 35.767012895146635,
  "time": 2.348440647125244,
  "metrics": {
    "psnr": 32.483991753668924,
    "ssim": 0.9419190455110459,
    "boundary_dsc": 0.1661802405837113
  }
}