{
  "algorithm": "HYBRID-PA5",
  "thresholds": [
    38,
    67,
    93,
    119,
    146,
    173,
    203,
    229
  ],
  "best_f": -31.355544577030695,
  "entropy": 31.355544577030695,
  "time": 4.038587808609009,
  "metrics": {
    "psnr": 30.229119493147998,
    "ssim": 0.8232893776092592,
    "dice": 0.2258917024347272
  }
}