{
  "algorithm": "OTSU",
  "thresholds": [
    41,
    58,
    74,
    89,
    104,
    121,
    140,
    159,
    180,
    200
  ],
  "best_f": -35.22615370846354,
  "entropy": 35.22615370846354,
  "time": 0.4566211700439453,
  "metrics": {
    "psnr": 33.876496930539844,
    "ssim": 0.8948423827468548,
    "dice": 0.2720692687546506
  }
}