{
  "image_index": 10,
  "image_path": "dataset/BDS500/images/val\\119082.jpg",
  "k": 10,
  "strategies": {
    "PA1": {
      "fe_best": 0.04849674548499785,
      "thresholds": [
        64,
        75,
        76,
        83,
        88,
        107,
        116,
        123,
        206,
        252
      ],
      "time_sec": 3.2164642810821533,
      "stability_jitter": {
        "fe_mean": 0.0480702017579454,
        "fe_std": 0.00015461219898392896,
        "fe_min": 0.04777378693982938,
        "fe_max": 0.04849674548499785,
        "fe_original": 0.04849674548499785
      },
      "stability_convergence": {
        "fe_last_mean": 0.048494359429757355,
        "fe_last_std": 1.1930276202443136e-06,
        "fe_improvement": 0.0015359683699330343,
        "fe_first": 0.046960777115064814,
        "fe_last": 0.04849674548499785
      }
    },
    "PA2": {
      "fe_best": 0.049035626806191765,
      "thresholds": [
        1,
        168,
        245,
        246,
        249,
        250,
        251,
        252,
        253,
        254
      ],
      "time_sec": 2.8443191051483154,
      "stability_jitter": {
        "fe_mean": 0.04877216625338697,
        "fe_std": 0.00016824689635524604,
        "fe_min": 0.04853808880911776,
        "fe_max": 0.049035626806191765,
        "fe_original": 0.049035626806191765
      },
      "stability_convergence": {
        "fe_last_mean": 0.049035626806191765,
        "fe_last_std": 0.0,
        "fe_improvement": 0.0013064596053817545,
        "fe_first": 0.04772916720081001,
        "fe_last": 0.049035626806191765
      }
    },
    "PA3": {
      "fe_best": 0.04902003368121294,
      "thresholds": [
        68,
        73,
        76,
        77,
        80,
        92,
        93,
        96,
        150,
        252
      ],
      "time_sec": 2.7757203578948975,
      "stability_jitter": {
        "fe_mean": 0.048469173443473956,
        "fe_std": 0.00023137280646479353,
        "fe_min": 0.047958130261596114,
        "fe_max": 0.04902003368121294,
        "fe_original": 0.04902003368121294
      },
      "stability_convergence": {
        "fe_last_mean": 0.04893274271888829,
        "fe_last_std": 6.564247989869086e-05,
        "fe_improvement": 0.002059256566148124,
        "fe_first": 0.046960777115064814,
        "fe_last": 0.04902003368121294
      }
    },
    "PA4": {
      "fe_best": 0.04966573143576003,
      "thresholds": [
        70,
        71,
        74,
        75,
        78,
        83,
        237,
        250,
        251,
        254
      ],
      "time_sec": 2.808683156967163,
      "stability_jitter": {
        "fe_mean": 0.049025330682664736,
        "fe_std": 0.00031030540022960773,
        "fe_min": 0.04821510738907593,
        "fe_max": 0.04966573143576003,
        "fe_original": 0.04966573143576003
      },
      "stability_convergence": {
        "fe_last_mean": 0.04954608988806454,
        "fe_last_std": 7.449724341701573e-05,
        "fe_improvement": 0.0019365642349500195,
        "fe_first": 0.04772916720081001,
        "fe_last": 0.04966573143576003
      }
    },
    "PA5": {
      "fe_best": 0.04881377814531765,
      "thresholds": [
        1,
        2,
        167,
        244,
        245,
        248,
        249,
        250,
        251,
        254
      ],
      "time_sec": 5.574331283569336,
      "stability_jitter": {
        "fe_mean": 0.04854096904543401,
        "fe_std": 0.00015591624095223478,
        "fe_min": 0.048314864165788035,
        "fe_max": 0.04881377814531765,
        "fe_original": 0.04881377814531765
      },
      "stability_convergence": {
        "fe_last_mean": 0.04874710813528279,
        "fe_last_std": 3.7548457702666614e-05,
        "fe_improvement": 0.00177186849746893,
        "fe_first": 0.04704190964784872,
        "fe_last": 0.04881377814531765
      }
    }
  }
}