{
  "image_index": 37,
  "image_path": "dataset/BDS500/images/val\\197017.jpg",
  "k": 10,
  "strategies": {
    "PA1": {
      "fe_best": 0.05127337419729551,
      "thresholds": [
        1,
        2,
        3,
        4,
        5,
        6,
        7,
        8,
        9,
        10
      ],
      "time_sec": 2.653517246246338,
      "stability_jitter": {
        "fe_mean": 0.0510920983190062,
        "fe_std": 8.999162363548154e-05,
        "fe_min": 0.05092380783651271,
        "fe_max": 0.05127337419729551,
        "fe_original": 0.05127337419729551
      },
      "stability_convergence": {
        "fe_last_mean": 0.05127337419729551,
        "fe_last_std": 0.0,
        "fe_improvement": 0.00512257136452994,
        "fe_first": 0.04615080283276557,
        "fe_last": 0.05127337419729551
      }
    },
    "PA2": {
      "fe_best": 0.05127337419729551,
      "thresholds": [
        1,
        2,
        3,
        4,
        5,
        6,
        7,
        8,
        9,
        10
      ],
      "time_sec": 2.657338857650757,
      "stability_jitter": {
        "fe_mean": 0.0510920983190062,
        "fe_std": 8.999162363548154e-05,
        "fe_min": 0.05092380783651271,
        "fe_max": 0.05127337419729551,
        "fe_original": 0.05127337419729551
      },
      "stability_convergence": {
        "fe_last_mean": 0.05127337419729551,
        "fe_last_std": 0.0,
        "fe_improvement": 0.0026107789993205927,
        "fe_first": 0.04866259519797492,
        "fe_last": 0.05127337419729551
      }
    },
    "PA3": {
      "fe_best": 0.05127337419729551,
      "thresholds": [
        1,
        2,
        3,
        4,
        5,
        6,
        7,
        8,
        9,
        10
      ],
      "time_sec": 2.685680389404297,
      "stability_jitter": {
        "fe_mean": 0.0510920983190062,
        "fe_std": 8.999162363548154e-05,
        "fe_min": 0.05092380783651271,
        "fe_max": 0.05127337419729551,
        "fe_original": 0.05127337419729551
      },
      "stability_convergence": {
        "fe_last_mean": 0.05127337419729551,
        "fe_last_std": 0.0,
        "fe_improvement": 0.00512257136452994,
        "fe_first": 0.04615080283276557,
        "fe_last": 0.05127337419729551
      }
    },
    "PA4": {
      "fe_best": 0.05127337419729551,
      "thresholds": [
        1,
        2,
        3,
        4,
        5,
        6,
        7,
        8,
        9,
        10
      ],
      "time_sec": 2.6337366104125977,
      "stability_jitter": {
        "fe_mean": 0.0510920983190062,
        "fe_std": 8.999162363548154e-05,
        "fe_min": 0.05092380783651271,
        "fe_max": 0.05127337419729551,
        "fe_original": 0.05127337419729551
      },
      "stability_convergence": {
        "fe_last_mean": 0.05127337419729551,
        "fe_last_std": 0.0,
        "fe_improvement": 0.0026107789993205927,
        "fe_first": 0.04866259519797492,
        "fe_last": 0.05127337419729551
      }
    },
    "PA5": {
      "fe_best": 0.04854074720366984,
      "thresholds": [
        1,
        2,
        3,
        238,
        239,
        242,
        244,
        250,
        251,
        254
      ],
      "time_sec": 5.391722202301025,
      "stability_jitter": {
        "fe_mean": 0.04847250283541287,
        "fe_std": 3.9012420026473575e-05,
        "fe_min": 0.0483666663387473,
        "fe_max": 0.04854074720366984,
        "fe_original": 0.04854074720366984
      },
      "stability_convergence": {
        "fe_last_mean": 0.048535588821913056,
        "fe_last_std": 2.8074964919060986e-06,
        "fe_improvement": 0.0023868979933609133,
        "fe_first": 0.04615384921030893,
        "fe_last": 0.04854074720366984
      }
    }
  }
}