{
  "image_index": 42,
  "image_path": "dataset/BDS500/images/val\\219090.jpg",
  "k": 10,
  "strategies": {
    "PA1": {
      "fe_best": 0.048357839505552926,
      "thresholds": [
        1,
        5,
        6,
        9,
        14,
        37,
        54,
        233,
        251,
        252
      ],
      "time_sec": 2.692418098449707,
      "stability_jitter": {
        "fe_mean": 0.04825160011575077,
        "fe_std": 3.74338289750837e-05,
        "fe_min": 0.04818244977807644,
        "fe_max": 0.048357839505552926,
        "fe_original": 0.048357839505552926
      },
      "stability_convergence": {
        "fe_last_mean": 0.048350312212824924,
        "fe_last_std": 2.9765973519127536e-06,
        "fe_improvement": 0.0013840926046035165,
        "fe_first": 0.04697374690094941,
        "fe_last": 0.048357839505552926
      }
    },
    "PA2": {
      "fe_best": 0.048357329292798706,
      "thresholds": [
        2,
        3,
        5,
        11,
        18,
        41,
        42,
        237,
        252,
        254
      ],
      "time_sec": 2.6740427017211914,
      "stability_jitter": {
        "fe_mean": 0.048310149586557556,
        "fe_std": 3.5223468266795536e-05,
        "fe_min": 0.04824588726293562,
        "fe_max": 0.0483812134287198,
        "fe_original": 0.048357329292798706
      },
      "stability_convergence": {
        "fe_last_mean": 0.048347938370835564,
        "fe_last_std": 7.667655674658329e-06,
        "fe_improvement": 0.0014835496758209624,
        "fe_first": 0.046873779616977744,
        "fe_last": 0.048357329292798706
      }
    },
    "PA3": {
      "fe_best": 0.048786172368984713,
      "thresholds": [
        1,
        4,
        11,
        34,
        35,
        50,
        51,
        54,
        227,
        254
      ],
      "time_sec": 2.7749991416931152,
      "stability_jitter": {
        "fe_mean": 0.04828460221407656,
        "fe_std": 0.0003229952838088017,
        "fe_min": 0.04759341333581501,
        "fe_max": 0.048786172368984713,
        "fe_original": 0.048786172368984713
      },
      "stability_convergence": {
        "fe_last_mean": 0.04878617236898471,
        "fe_last_std": 6.938893903907228e-18,
        "fe_improvement": 0.0018124254680353044,
        "fe_first": 0.04697374690094941,
        "fe_last": 0.048786172368984713
      }
    },
    "PA4": {
      "fe_best": 0.048511048806796304,
      "thresholds": [
        1,
        4,
        9,
        12,
        17,
        38,
        45,
        46,
        237,
        254
      ],
      "time_sec": 2.604788303375244,
      "stability_jitter": {
        "fe_mean": 0.04830955220255416,
        "fe_std": 8.816484716861537e-05,
        "fe_min": 0.04816136148924179,
        "fe_max": 0.048511048806796304,
        "fe_original": 0.048511048806796304
      },
      "stability_convergence": {
        "fe_last_mean": 0.048481667903657266,
        "fe_last_std": 2.223890311731808e-05,
        "fe_improvement": 0.0016372691898185604,
        "fe_first": 0.046873779616977744,
        "fe_last": 0.048511048806796304
      }
    },
    "PA5": {
      "fe_best": 0.0485385981896158,
      "thresholds": [
        1,
        9,
        18,
        48,
        49,
        52,
        231,
        251,
        253,
        254
      ],
      "time_sec": 5.664769172668457,
      "stability_jitter": {
        "fe_mean": 0.04821036100335679,
        "fe_std": 0.00019392686456140231,
        "fe_min": 0.047919379701157824,
        "fe_max": 0.04856968632875576,
        "fe_original": 0.0485385981896158
      },
      "stability_convergence": {
        "fe_last_mean": 0.0485385981896158,
        "fe_last_std": 0.0,
        "fe_improvement": 0.0013584682156763395,
        "fe_first": 0.04718012997393946,
        "fe_last": 0.0485385981896158
      }
    }
  }
}