{
  "image_index": 67,
  "image_path": "dataset/BDS500/images/val\\33039.jpg",
  "k": 10,
  "strategies": {
    "PA1": {
      "fe_best": 0.04595512382472655,
      "thresholds": [
        1,
        6,
        7,
        11,
        13,
        18,
        47,
        194,
        219,
        230
      ],
      "time_sec": 2.5947041511535645,
      "stability_jitter": {
        "fe_mean": 0.0458820269128508,
        "fe_std": 3.9389133516185363e-05,
        "fe_min": 0.04581839757530504,
        "fe_max": 0.04595512382472655,
        "fe_original": 0.04595512382472655
      },
      "stability_convergence": {
        "fe_last_mean": 0.04595512382472655,
        "fe_last_std": 0.0,
        "fe_improvement": 0.000341897194376696,
        "fe_first": 0.045613226630349855,
        "fe_last": 0.04595512382472655
      }
    },
    "PA2": {
      "fe_best": 0.046294267887388794,
      "thresholds": [
        1,
        2,
        17,
        26,
        29,
        30,
        33,
        34,
        37,
        230
      ],
      "time_sec": 2.576995372772217,
      "stability_jitter": {
        "fe_mean": 0.045635744134905204,
        "fe_std": 0.00023649711241277344,
        "fe_min": 0.0452032879094687,
        "fe_max": 0.046294267887388794,
        "fe_original": 0.046294267887388794
      },
      "stability_convergence": {
        "fe_last_mean": 0.04629426788738879,
        "fe_last_std": 6.938893903907228e-18,
        "fe_improvement": 0.00046999653710735195,
        "fe_first": 0.04582427135028144,
        "fe_last": 0.046294267887388794
      }
    },
    "PA3": {
      "fe_best": 0.046114913306641046,
      "thresholds": [
        1,
        3,
        4,
        5,
        6,
        9,
        10,
        12,
        91,
        232
      ],
      "time_sec": 2.643631935119629,
      "stability_jitter": {
        "fe_mean": 0.04606194211990616,
        "fe_std": 2.7266146642636063e-05,
        "fe_min": 0.04600669924063108,
        "fe_max": 0.046114913306641046,
        "fe_original": 0.046114913306641046
      },
      "stability_convergence": {
        "fe_last_mean": 0.04611491330664104,
        "fe_last_std": 6.938893903907228e-18,
        "fe_improvement": 0.0005016866762911909,
        "fe_first": 0.045613226630349855,
        "fe_last": 0.046114913306641046
      }
    },
    "PA4": {
      "fe_best": 0.04585410373076659,
      "thresholds": [
        1,
        2,
        3,
        4,
        5,
        6,
        7,
        8,
        11,
        224
      ],
      "time_sec": 2.7378287315368652,
      "stability_jitter": {
        "fe_mean": 0.04581123669347807,
        "fe_std": 1.5027602878320268e-05,
        "fe_min": 0.045790611326358546,
        "fe_max": 0.04585410373076659,
        "fe_original": 0.04585410373076659
      },
      "stability_convergence": {
        "fe_last_mean": 0.04585410373076659,
        "fe_last_std": 0.0,
        "fe_improvement": 2.98323804851508e-05,
        "fe_first": 0.04582427135028144,
        "fe_last": 0.04585410373076659
      }
    },
    "PA5": {
      "fe_best": 0.046112802775956835,
      "thresholds": [
        1,
        2,
        3,
        5,
        6,
        7,
        10,
        11,
        94,
        231
      ],
      "time_sec": 6.072399377822876,
      "stability_jitter": {
        "fe_mean": 0.04605465914328837,
        "fe_std": 2.5156089108494307e-05,
        "fe_min": 0.04600010828295442,
        "fe_max": 0.046112802775956835,
        "fe_original": 0.046112802775956835
      },
      "stability_convergence": {
        "fe_last_mean": 0.04611125055289329,
        "fe_last_std": 1.9010772363318943e-06,
        "fe_improvement": 0.00022374236325630598,
        "fe_first": 0.04588906041270053,
        "fe_last": 0.046112802775956835
      }
    }
  }
}