{
  "image_index": 73,
  "image_path": "dataset/BDS500/images/val\\38092.jpg",
  "k": 10,
  "strategies": {
    "PA1": {
      "fe_best": 0.04883623291648355,
      "thresholds": [
        1,
        2,
        3,
        4,
        7,
        8,
        11,
        14,
        15,
        118
      ],
      "time_sec": 4.388626575469971,
      "stability_jitter": {
        "fe_mean": 0.048798561914765365,
        "fe_std": 2.3197593687335477e-05,
        "fe_min": 0.04875338509598558,
        "fe_max": 0.04883623291648355,
        "fe_original": 0.04883623291648355
      },
      "stability_convergence": {
        "fe_last_mean": 0.04883528493031371,
        "fe_last_std": 2.843958509511635e-06,
        "fe_improvement": 0.001530519333838895,
        "fe_first": 0.047305713582644654,
        "fe_last": 0.04883623291648355
      }
    },
    "PA2": {
      "fe_best": 0.04884025142623111,
      "thresholds": [
        1,
        2,
        3,
        4,
        5,
        6,
        7,
        8,
        9,
        254
      ],
      "time_sec": 6.955582618713379,
      "stability_jitter": {
        "fe_mean": 0.04876432226895953,
        "fe_std": 3.5103939129237395e-05,
        "fe_min": 0.048697011145897556,
        "fe_max": 0.04884025142623111,
        "fe_original": 0.04884025142623111
      },
      "stability_convergence": {
        "fe_last_mean": 0.04884025142623111,
        "fe_last_std": 0.0,
        "fe_improvement": 0.0008836419477921062,
        "fe_first": 0.047956609478439,
        "fe_last": 0.04884025142623111
      }
    },
    "PA3": {
      "fe_best": 0.04908096924615294,
      "thresholds": [
        4,
        5,
        13,
        15,
        16,
        115,
        116,
        119,
        120,
        123
      ],
      "time_sec": 6.736759662628174,
      "stability_jitter": {
        "fe_mean": 0.04847255131053685,
        "fe_std": 0.00040806792332697246,
        "fe_min": 0.04755893926165033,
        "fe_max": 0.04908211413798658,
        "fe_original": 0.04908096924615294
      },
      "stability_convergence": {
        "fe_last_mean": 0.04908096924615295,
        "fe_last_std": 6.938893903907228e-18,
        "fe_improvement": 0.0017752556635082864,
        "fe_first": 0.047305713582644654,
        "fe_last": 0.04908096924615294
      }
    },
    "PA4": {
      "fe_best": 0.048833775849812855,
      "thresholds": [
        1,
        2,
        3,
        4,
        7,
        8,
        12,
        15,
        16,
        115
      ],
      "time_sec": 7.00168776512146,
      "stability_jitter": {
        "fe_mean": 0.04880248545346827,
        "fe_std": 2.173181457228478e-05,
        "fe_min": 0.04875786096222457,
        "fe_max": 0.048833775849812855,
        "fe_original": 0.048833775849812855
      },
      "stability_convergence": {
        "fe_last_mean": 0.048833775849812855,
        "fe_last_std": 0.0,
        "fe_improvement": 0.000877166371373854,
        "fe_first": 0.047956609478439,
        "fe_last": 0.048833775849812855
      }
    },
    "PA5": {
      "fe_best": 0.048837402265847145,
      "thresholds": [
        1,
        2,
        3,
        5,
        8,
        9,
        11,
        14,
        15,
        118
      ],
      "time_sec": 8.92289113998413,
      "stability_jitter": {
        "fe_mean": 0.048799286018470604,
        "fe_std": 2.3788225018104447e-05,
        "fe_min": 0.04874857239997625,
        "fe_max": 0.048837402265847145,
        "fe_original": 0.048837402265847145
      },
      "stability_convergence": {
        "fe_last_mean": 0.0488372059942479,
        "fe_last_std": 3.9254319848802677e-07,
        "fe_improvement": 0.0007063370022965809,
        "fe_first": 0.048131065263550564,
        "fe_last": 0.048837402265847145
      }
    }
  }
}