{
  "image_index": 79,
  "image_path": "dataset/BDS500/images/val\\43074.jpg",
  "k": 10,
  "strategies": {
    "PA1": {
      "fe_best": 0.04914087761501541,
      "thresholds": [
        1,
        2,
        3,
        6,
        10,
        27,
        250,
        251,
        252,
        254
      ],
      "time_sec": 3.4203310012817383,
      "stability_jitter": {
        "fe_mean": 0.04907875229693632,
        "fe_std": 3.894898621650105e-05,
        "fe_min": 0.04896164896548003,
        "fe_max": 0.04914087761501541,
        "fe_original": 0.04914087761501541
      },
      "stability_convergence": {
        "fe_last_mean": 0.04914087761501541,
        "fe_last_std": 0.0,
        "fe_improvement": 0.0029014759169472062,
        "fe_first": 0.04623940169806821,
        "fe_last": 0.04914087761501541
      }
    },
    "PA2": {
      "fe_best": 0.05252882411699835,
      "thresholds": [
        245,
        246,
        247,
        248,
        249,
        250,
        251,
        252,
        253,
        254
      ],
      "time_sec": 3.326427698135376,
      "stability_jitter": {
        "fe_mean": 0.05248414068111965,
        "fe_std": 6.13395190924266e-05,
        "fe_min": 0.0523624594865386,
        "fe_max": 0.05252882411699835,
        "fe_original": 0.05252882411699835
      },
      "stability_convergence": {
        "fe_last_mean": 0.05252882411699835,
        "fe_last_std": 0.0,
        "fe_improvement": 0.006209739833563599,
        "fe_first": 0.04631908428343475,
        "fe_last": 0.05252882411699835
      }
    },
    "PA3": {
      "fe_best": 0.04914316394773292,
      "thresholds": [
        1,
        2,
        3,
        5,
        8,
        9,
        28,
        249,
        250,
        254
      ],
      "time_sec": 6.1263463497161865,
      "stability_jitter": {
        "fe_mean": 0.04907157919838406,
        "fe_std": 3.432802003856125e-05,
        "fe_min": 0.04898575241485188,
        "fe_max": 0.04914316394773292,
        "fe_original": 0.04914316394773292
      },
      "stability_convergence": {
        "fe_last_mean": 0.049143163947732924,
        "fe_last_std": 6.938893903907228e-18,
        "fe_improvement": 0.0029037622496647097,
        "fe_first": 0.04623940169806821,
        "fe_last": 0.04914316394773292
      }
    },
    "PA4": {
      "fe_best": 0.04914040559245993,
      "thresholds": [
        1,
        2,
        3,
        7,
        10,
        27,
        250,
        251,
        253,
        254
      ],
      "time_sec": 3.9425644874572754,
      "stability_jitter": {
        "fe_mean": 0.049065592194665254,
        "fe_std": 4.846211808451682e-05,
        "fe_min": 0.048905125879501125,
        "fe_max": 0.04914040559245993,
        "fe_original": 0.04914040559245993
      },
      "stability_convergence": {
        "fe_last_mean": 0.049140051708936955,
        "fe_last_std": 3.538835229750792e-07,
        "fe_improvement": 0.002821321309025182,
        "fe_first": 0.04631908428343475,
        "fe_last": 0.04914040559245993
      }
    },
    "PA5": {
      "fe_best": 0.04913989952503103,
      "thresholds": [
        1,
        2,
        4,
        6,
        10,
        27,
        250,
        251,
        253,
        254
      ],
      "time_sec": 7.400026798248291,
      "stability_jitter": {
        "fe_mean": 0.04907678076557132,
        "fe_std": 3.885293259638784e-05,
        "fe_min": 0.04896035045330565,
        "fe_max": 0.04913989952503103,
        "fe_original": 0.04913989952503103
      },
      "stability_convergence": {
        "fe_last_mean": 0.04913989952503104,
        "fe_last_std": 6.938893903907228e-18,
        "fe_improvement": 0.0025907524261171502,
        "fe_first": 0.04654914709891388,
        "fe_last": 0.04913989952503103
      }
    }
  }
}