{
  "image_index": 76,
  "image_path": "dataset/BDS500/images/val\\41069.jpg",
  "k": 10,
  "strategies": {
    "PA1": {
      "fe_best": 0.047046605451178586,
      "thresholds": [
        1,
        2,
        3,
        4,
        5,
        6,
        7,
        8,
        9,
        54
      ],
      "time_sec": 5.636658430099487,
      "stability_jitter": {
        "fe_mean": 0.047005660335480016,
        "fe_std": 1.98992054273002e-05,
        "fe_min": 0.04694418237483593,
        "fe_max": 0.047046605451178586,
        "fe_original": 0.047046605451178586
      },
      "stability_convergence": {
        "fe_last_mean": 0.04704660545117858,
        "fe_last_std": 6.938893903907228e-18,
        "fe_improvement": 0.0009701847872224112,
        "fe_first": 0.046076420663956175,
        "fe_last": 0.047046605451178586
      }
    },
    "PA2": {
      "fe_best": 0.047046605451178586,
      "thresholds": [
        1,
        2,
        3,
        4,
        5,
        6,
        7,
        8,
        9,
        54
      ],
      "time_sec": 6.369765043258667,
      "stability_jitter": {
        "fe_mean": 0.047005660335480016,
        "fe_std": 1.98992054273002e-05,
        "fe_min": 0.04694418237483593,
        "fe_max": 0.047046605451178586,
        "fe_original": 0.047046605451178586
      },
      "stability_convergence": {
        "fe_last_mean": 0.04704660545117858,
        "fe_last_std": 6.938893903907228e-18,
        "fe_improvement": 0.0006553104311695923,
        "fe_first": 0.046391295020008994,
        "fe_last": 0.047046605451178586
      }
    },
    "PA3": {
      "fe_best": 0.047046605451178586,
      "thresholds": [
        1,
        2,
        3,
        4,
        5,
        6,
        7,
        8,
        9,
        54
      ],
      "time_sec": 7.4511559009552,
      "stability_jitter": {
        "fe_mean": 0.047005660335480016,
        "fe_std": 1.98992054273002e-05,
        "fe_min": 0.04694418237483593,
        "fe_max": 0.047046605451178586,
        "fe_original": 0.047046605451178586
      },
      "stability_convergence": {
        "fe_last_mean": 0.04704660545117858,
        "fe_last_std": 6.938893903907228e-18,
        "fe_improvement": 0.0009701847872224112,
        "fe_first": 0.046076420663956175,
        "fe_last": 0.047046605451178586
      }
    },
    "PA4": {
      "fe_best": 0.047046605451178586,
      "thresholds": [
        1,
        2,
        3,
        4,
        5,
        6,
        7,
        8,
        9,
        54
      ],
      "time_sec": 5.350072860717773,
      "stability_jitter": {
        "fe_mean": 0.047005660335480016,
        "fe_std": 1.98992054273002e-05,
        "fe_min": 0.04694418237483593,
        "fe_max": 0.047046605451178586,
        "fe_original": 0.047046605451178586
      },
      "stability_convergence": {
        "fe_last_mean": 0.04704660545117858,
        "fe_last_std": 6.938893903907228e-18,
        "fe_improvement": 0.0006553104311695923,
        "fe_first": 0.046391295020008994,
        "fe_last": 0.047046605451178586
      }
    },
    "PA5": {
      "fe_best": 0.04702816876492476,
      "thresholds": [
        1,
        3,
        5,
        6,
        7,
        58,
        247,
        248,
        251,
        252
      ],
      "time_sec": 12.63760495185852,
      "stability_jitter": {
        "fe_mean": 0.04695625270701581,
        "fe_std": 3.483201834173247e-05,
        "fe_min": 0.046882395254951706,
        "fe_max": 0.04702816876492476,
        "fe_original": 0.04702816876492476
      },
      "stability_convergence": {
        "fe_last_mean": 0.04702207973224163,
        "fe_last_std": 3.3756810828923534e-06,
        "fe_improvement": 2.6072226228301965e-05,
        "fe_first": 0.047002096538696456,
        "fe_last": 0.04702816876492476
      }
    }
  }
}