{
  "image_index": 87,
  "image_path": "dataset/BDS500/images/val\\69015.jpg",
  "k": 10,
  "strategies": {
    "PA1": {
      "fe_best": 0.04838384846364765,
      "thresholds": [
        23,
        24,
        27,
        28,
        31,
        32,
        115,
        137,
        158,
        188
      ],
      "time_sec": 5.383347988128662,
      "stability_jitter": {
        "fe_mean": 0.047216206094799165,
        "fe_std": 0.0006755807141098005,
        "fe_min": 0.04561255342574092,
        "fe_max": 0.04838384846364765,
        "fe_original": 0.04838384846364765
      },
      "stability_convergence": {
        "fe_last_mean": 0.04831547438274332,
        "fe_last_std": 3.707534356545259e-05,
        "fe_improvement": 0.0011308209488612511,
        "fe_first": 0.0472530275147864,
        "fe_last": 0.04838384846364765
      }
    },
    "PA2": {
      "fe_best": 0.047977656703820565,
      "thresholds": [
        23,
        24,
        27,
        32,
        35,
        56,
        63,
        136,
        167,
        205
      ],
      "time_sec": 4.115402460098267,
      "stability_jitter": {
        "fe_mean": 0.04709507565533139,
        "fe_std": 0.00032882815484516694,
        "fe_min": 0.04642258642349954,
        "fe_max": 0.047977656703820565,
        "fe_original": 0.047977656703820565
      },
      "stability_convergence": {
        "fe_last_mean": 0.047898583622803505,
        "fe_last_std": 9.70448209344463e-05,
        "fe_improvement": 0.0005678823400103103,
        "fe_first": 0.047409774363810255,
        "fe_last": 0.047977656703820565
      }
    },
    "PA3": {
      "fe_best": 0.04804387804582094,
      "thresholds": [
        1,
        44,
        47,
        48,
        249,
        250,
        251,
        252,
        253,
        254
      ],
      "time_sec": 3.5329811573028564,
      "stability_jitter": {
        "fe_mean": 0.0475867752438344,
        "fe_std": 0.0002595323593901018,
        "fe_min": 0.04719137580179371,
        "fe_max": 0.048121519812714605,
        "fe_original": 0.04804387804582094
      },
      "stability_convergence": {
        "fe_last_mean": 0.04804387804582094,
        "fe_last_std": 0.0,
        "fe_improvement": 0.0007908505310345454,
        "fe_first": 0.0472530275147864,
        "fe_last": 0.04804387804582094
      }
    },
    "PA4": {
      "fe_best": 0.04766739953747247,
      "thresholds": [
        23,
        32,
        107,
        152,
        155,
        204,
        219,
        223,
        229,
        251
      ],
      "time_sec": 3.335606575012207,
      "stability_jitter": {
        "fe_mean": 0.04751641451320365,
        "fe_std": 6.176252269913221e-05,
        "fe_min": 0.04739589997946683,
        "fe_max": 0.04766739953747247,
        "fe_original": 0.04766739953747247
      },
      "stability_convergence": {
        "fe_last_mean": 0.047665727266040306,
        "fe_last_std": 9.521757513697583e-07,
        "fe_improvement": 0.000257625173662214,
        "fe_first": 0.047409774363810255,
        "fe_last": 0.04766739953747247
      }
    },
    "PA5": {
      "fe_best": 0.047938102866157205,
      "thresholds": [
        29,
        32,
        33,
        36,
        57,
        140,
        141,
        168,
        197,
        246
      ],
      "time_sec": 8.367417097091675,
      "stability_jitter": {
        "fe_mean": 0.04727345128537297,
        "fe_std": 0.0002471985743281821,
        "fe_min": 0.04698035014991887,
        "fe_max": 0.047938102866157205,
        "fe_original": 0.047938102866157205
      },
      "stability_convergence": {
        "fe_last_mean": 0.04791916262799225,
        "fe_last_std": 2.204723820682829e-05,
        "fe_improvement": 0.0004456584333224489,
        "fe_first": 0.047492444432834756,
        "fe_last": 0.047938102866157205
      }
    }
  }
}