{
  "image_index": 82,
  "image_path": "dataset/BDS500/images/val\\55073.jpg",
  "k": 10,
  "strategies": {
    "PA1": {
      "fe_best": 0.05045269365992563,
      "thresholds": [
        239,
        242,
        243,
        246,
        247,
        250,
        251,
        252,
        253,
        254
      ],
      "time_sec": 3.273118495941162,
      "stability_jitter": {
        "fe_mean": 0.05008230048564313,
        "fe_std": 0.0001445945829490955,
        "fe_min": 0.04986991339576784,
        "fe_max": 0.05045269365992563,
        "fe_original": 0.05045269365992563
      },
      "stability_convergence": {
        "fe_last_mean": 0.05045269365992563,
        "fe_last_std": 0.0,
        "fe_improvement": 0.004480623003758941,
        "fe_first": 0.04597207065616669,
        "fe_last": 0.05045269365992563
      }
    },
    "PA2": {
      "fe_best": 0.05038602057546586,
      "thresholds": [
        241,
        242,
        245,
        246,
        247,
        250,
        251,
        252,
        253,
        254
      ],
      "time_sec": 5.006891965866089,
      "stability_jitter": {
        "fe_mean": 0.050062993318863394,
        "fe_std": 0.00014756711992810535,
        "fe_min": 0.04975443743609416,
        "fe_max": 0.05038602057546586,
        "fe_original": 0.05038602057546586
      },
      "stability_convergence": {
        "fe_last_mean": 0.05038602057546586,
        "fe_last_std": 0.0,
        "fe_improvement": 0.003336120124087766,
        "fe_first": 0.04704990045137809,
        "fe_last": 0.05038602057546586
      }
    },
    "PA3": {
      "fe_best": 0.05045269365992563,
      "thresholds": [
        239,
        242,
        243,
        246,
        247,
        250,
        251,
        252,
        253,
        254
      ],
      "time_sec": 3.5564162731170654,
      "stability_jitter": {
        "fe_mean": 0.05008230048564313,
        "fe_std": 0.0001445945829490955,
        "fe_min": 0.04986991339576784,
        "fe_max": 0.05045269365992563,
        "fe_original": 0.05045269365992563
      },
      "stability_convergence": {
        "fe_last_mean": 0.05045269365992563,
        "fe_last_std": 0.0,
        "fe_improvement": 0.004480623003758941,
        "fe_first": 0.04597207065616669,
        "fe_last": 0.05045269365992563
      }
    },
    "PA4": {
      "fe_best": 0.05057162212434201,
      "thresholds": [
        239,
        240,
        241,
        244,
        245,
        248,
        249,
        252,
        253,
        254
      ],
      "time_sec": 6.6197662353515625,
      "stability_jitter": {
        "fe_mean": 0.050169695391320844,
        "fe_std": 0.00019311577402766894,
        "fe_min": 0.04984409041520731,
        "fe_max": 0.05057162212434201,
        "fe_original": 0.05057162212434201
      },
      "stability_convergence": {
        "fe_last_mean": 0.0504807259145774,
        "fe_last_std": 7.51974558411959e-05,
        "fe_improvement": 0.003521721672963919,
        "fe_first": 0.04704990045137809,
        "fe_last": 0.05057162212434201
      }
    },
    "PA5": {
      "fe_best": 0.050498569520870236,
      "thresholds": [
        239,
        240,
        243,
        244,
        247,
        248,
        249,
        252,
        253,
        254
      ],
      "time_sec": 8.23782992362976,
      "stability_jitter": {
        "fe_mean": 0.05009847872204158,
        "fe_std": 0.0001774556323011279,
        "fe_min": 0.04976588686962877,
        "fe_max": 0.050498569520870236,
        "fe_original": 0.050498569520870236
      },
      "stability_convergence": {
        "fe_last_mean": 0.05049856952087024,
        "fe_last_std": 6.938893903907228e-18,
        "fe_improvement": 0.00424400749709429,
        "fe_first": 0.046254562023775946,
        "fe_last": 0.050498569520870236
      }
    }
  }
}