{
  "algorithm": "OTSU",
  "mode": "single_image_multi_seed",
  "seed": 45,
  "fe": 31.274235392444833,
  "boundary_dsc": 0.12703421026450062,
  "psnr": 37.591738860271995,
  "ssim": 0.9329480609316011,
  "time": 0.412914514541626,
  "thresholds": [
    53,
    74,
    89,
    101,
    112,
    123,
    133,
    143,
    152,
    162
  ],
  "best_f": -31.273029218181374,
  "objective_name": "FE + light penalties",
  "penalty_mode": "light",
  "summary_stat": {
    "n_runs": 5,
    "n_images": 1,
    "n_seeds": 5,
    "boundary_dsc_mean": 0.12703421026450062,
    "boundary_dsc_sd": 0.0,
    "fe_mean": 31.27423539244483,
    "fe_sd": 3.972054645195637e-15,
    "psnr_mean": 37.591738860271995,
    "psnr_sd": 0.0,
    "ssim_mean": 0.9329480609316011,
    "ssim_sd": 0.0,
    "time_mean": 0.43282055854797363,
    "time_sd": 0.0199726650797381
  }
}