{
  "algorithm": "WOA",
  "thresholds": [
    39,
    62,
    84,
    106,
    127,
    147,
    167,
    187,
    209,
    232
  ],
  "best_f": -36.109084465053286,
  "entropy": 36.109084465053286,
  "time": 14.2378511428833,
  "metrics": {
    "psnr": 32.6126048318953,
    "ssim": 0.890225134536571,
    "boundary_dsc": 0.23654013370775306
  }
}