{
  "algorithm": "GWO",
  "thresholds": [
    33,
    61,
    84,
    107,
    129,
    153,
    178,
    205,
    230
  ],
  "best_f": -33.87969906336924,
  "entropy": 33.87969906336924,
  "time": 2.266359567642212,
  "metrics": {
    "psnr": 27.059117716732604,
    "ssim": 0.8115152873122341,
    "dice": 0.24547653422833893
  }
}