{
  "image_name": "uploaded",
  "timestamp": "2026-04-22T20:55:13.122695",
  "total_time": 121.0112955570221,
  "best_overall_algo": "HYBRID-PA5",
  "best_overall_f": -36.54701642779634,
  "best_overall_entropy": 36.54701642779634,
  "results": {
    "GWO": {
      "entropy": 35.79659562914529,
      "time": 16.65560221672058,
      "metrics": {
        "psnr": 33.110531212923384,
        "ssim": 0.9077508557989156,
        "boundary_dsc": 0.09153243903655313
      }
    },
    "WOA": {
      "entropy": 36.546407135249204,
      "time": 16.427730560302734,
      "metrics": {
        "psnr": 31.587030486031647,
        "ssim": 0.8735696318886901,
        "boundary_dsc": 0.09171533636166991
      }
    },
    "PSO": {
      "entropy": 36.427441543245244,
      "time": 32.61957573890686,
      "metrics": {
        "psnr": 32.643074574449244,
        "ssim": 0.8922428538299398,
        "boundary_dsc": 0.09234071162598262
      }
    },
    "OTSU": {
      "entropy": 35.248717709416326,
      "time": 0.4730043411254883,
      "metrics": {
        "psnr": 34.713246906050486,
        "ssim": 0.9398345523380739,
        "boundary_dsc": 0.092488935173132
      }
    },
    "HYBRID-PA5": {
      "entropy": 36.54701642779634,
      "time": 33.871079444885254,
      "metrics": {
        "psnr": 31.58239185701621,
        "ssim": 0.8745383764473065,
        "boundary_dsc": 0.09227734543882404
      }
    },
    "HYBRID-PA6": {
      "entropy": 36.44471625415121,
      "time": 16.71832847595215,
      "metrics": {
        "psnr": 32.214150300903555,
        "ssim": 0.8861552041450307,
        "boundary_dsc": 0.09235213059147764
      }
    }
  }
}