{
  "algorithm": "GWO",
  "thresholds": [
    7,
    33,
    51,
    70,
    90,
    117,
    145,
    177,
    204,
    229
  ],
  "best_f": -35.92677736654064,
  "entropy": 35.92677736654064,
  "time": 2.2222211360931396,
  "metrics": {
    "psnr": 31.961367816193974,
    "ssim": 0.8900838053417471,
    "dice": 0.23165591226002358
  }
}