{
  "algorithm": "HYBRID-PA1",
  "thresholds": [
    31,
    40,
    55,
    68,
    79,
    92,
    111,
    124,
    139,
    155
  ],
  "best_f": -0.04572987191633069,
  "entropy": 0.04572987191633069,
  "time": 8.236664772033691,
  "metrics": {
    "psnr": 14.894787426818505,
    "ssim": 0.7389893706312718,
    "dice": 0.13335284194581196
  }
}