{
  "config": {
    "eval_mode": "single_image_multi_seed",
    "image_id": "107045",
    "k": 10,
    "seeds": [
      42,
      43,
      44,
      45,
      46,
      47,
      48,
      49,
      50,
      51
    ],
    "n_agents": 30,
    "n_iters": 80,
    "use_penalties": false,
    "penalty_mode": null,
    "n_images": 1,
    "algorithms": [
      "GWO",
      "WOA",
      "PSO",
      "PA5",
      "PA6"
    ],
    "image_path": "dataset/BDS500/images\\test\\107045.jpg",
    "gt_path": "dataset/BDS500/ground_truth\\test\\107045.mat"
  },
  "summary_statistics": {
    "GWO": {
      "n_runs": 10,
      "n_images": 1,
      "n_seeds": 10,
      "dice_mean": 0.15023142272396975,
      "dice_std": 0.0065181588594772875,
      "dice_min": 0.13713436861702646,
      "dice_max": 0.161390757093947,
      "iou_mean": 0.08122975624282903,
      "iou_std": 0.003809084393399718,
      "fe_mean": 34.81152134605143,
      "fe_std": 1.0546836907498935,
      "psnr_mean": 32.309264791774766,
      "psnr_std": 1.0333586968489947,
      "ssim_mean": 0.9129013385080498,
      "ssim_std": 0.015704495849174827,
      "time_mean": 2.053568434715271,
      "time_std": 0.04030376763484566,
      "conv_mean": 56.7,
      "conv_std": 34.55734364791368
    },
    "WOA": {
      "n_runs": 10,
      "n_images": 1,
      "n_seeds": 10,
      "dice_mean": 0.15355810839886,
      "dice_std": 0.0024881631927448815,
      "dice_min": 0.15080741250205848,
      "dice_max": 0.1579658107132015,
      "iou_mean": 0.0831663006474872,
      "iou_std": 0.0014601486156331606,
      "fe_mean": 35.818754413513695,
      "fe_std": 0.03507520883846521,
      "psnr_mean": 32.694597894606204,
      "psnr_std": 0.6068445643647992,
      "ssim_mean": 0.9166642672827479,
      "ssim_std": 0.01043458288476574,
      "time_mean": 2.1765207767486574,
      "time_std": 0.39599356057299995,
      "conv_mean": 76.5,
      "conv_std": 4.5
    },
    "PSO": {
      "n_runs": 10,
      "n_images": 1,
      "n_seeds": 10,
      "dice_mean": 0.15326692497812044,
      "dice_std": 0.002147811579176379,
      "dice_min": 0.150056186306041,
      "dice_max": 0.1568151060814339,
      "iou_mean": 0.08299501004310536,
      "iou_std": 0.0012594828255181128,
      "fe_mean": 35.776667092023686,
      "fe_std": 0.10686775519752502,
      "psnr_mean": 32.59575649785121,
      "psnr_std": 0.6401664399539562,
      "ssim_mean": 0.9141885189427119,
      "ssim_std": 0.010312194314111867,
      "time_mean": 3.9270028591156008,
      "time_std": 0.09045208872885542,
      "conv_mean": 42.5,
      "conv_std": 5.783597496368502
    },
    "PA5": {
      "n_runs": 10,
      "n_images": 1,
      "n_seeds": 10,
      "dice_mean": 0.15206354519944795,
      "dice_std": 0.0019919544641359313,
      "dice_min": 0.14789327775702404,
      "dice_max": 0.15458435461758963,
      "iou_mean": 0.08228955452790529,
      "iou_std": 0.00116592207789204,
      "fe_mean": 35.8193572809379,
      "fe_std": 0.03777915365261413,
      "psnr_mean": 32.89463820216879,
      "psnr_std": 0.5067991128302083,
      "ssim_mean": 0.9198997590994882,
      "ssim_std": 0.00924850831966125,
      "time_mean": 4.045578789710999,
      "time_std": 0.13276874801539718,
      "conv_mean": 76.1,
      "conv_std": 5.682429058070149
    },
    "PA6": {
      "n_runs": 10,
      "n_images": 1,
      "n_seeds": 10,
      "dice_mean": 0.15349105906424945,
      "dice_std": 0.0025636343879905108,
      "dice_min": 0.14956864678333745,
      "dice_max": 0.1578035264483627,
      "iou_mean": 0.0831270904780804,
      "iou_std": 0.0015044034210908114,
      "fe_mean": 35.752305796674776,
      "fe_std": 0.05471727126456199,
      "psnr_mean": 32.759749347771034,
      "psnr_std": 0.5520344650841322,
      "ssim_mean": 0.9173356269691008,
      "ssim_std": 0.009976570055485611,
      "time_mean": 2.0643780708312987,
      "time_std": 0.09740248161835928,
      "conv_mean": 49.5,
      "conv_std": 10.74476616776745
    }
  },
  "wilcoxon": [
    {
      "base": "PA5",
      "challenger": "GWO",
      "metric": "dice",
      "mean_base": 0.15206354519944795,
      "mean_challenger": 0.15023142272396975,
      "delta_mean": 0.001832122475478204,
      "n": 10,
      "statistic": 16.0,
      "pvalue": 0.275390625,
      "status": "ok"
    },
    {
      "base": "PA5",
      "challenger": "GWO",
      "metric": "iou",
      "mean_base": 0.08228955452790529,
      "mean_challenger": 0.08122975624282903,
      "delta_mean": 0.001059798285076255,
      "n": 10,
      "statistic": 16.0,
      "pvalue": 0.275390625,
      "status": "ok"
    },
    {
      "base": "PA5",
      "challenger": "GWO",
      "metric": "fe",
      "mean_base": 35.8193572809379,
      "mean_challenger": 34.81152134605143,
      "delta_mean": 1.0078359348864723,
      "n": 10,
      "statistic": 0.0,
      "pvalue": 0.001953125,
      "status": "ok"
    },
    {
      "base": "PA5",
      "challenger": "GWO",
      "metric": "psnr",
      "mean_base": 32.89463820216879,
      "mean_challenger": 32.309264791774766,
      "delta_mean": 0.5853734103940269,
      "n": 10,
      "statistic": 16.0,
      "pvalue": 0.275390625,
      "status": "ok"
    },
    {
      "base": "PA5",
      "challenger": "GWO",
      "metric": "ssim",
      "mean_base": 0.9198997590994882,
      "mean_challenger": 0.9129013385080498,
      "delta_mean": 0.0069984205914384034,
      "n": 10,
      "statistic": 21.0,
      "pvalue": 0.556640625,
      "status": "ok"
    },
    {
      "base": "PA5",
      "challenger": "WOA",
      "metric": "dice",
      "mean_base": 0.15206354519944795,
      "mean_challenger": 0.15355810839886,
      "delta_mean": -0.0014945631994120467,
      "n": 10,
      "statistic": 14.0,
      "pvalue": 0.193359375,
      "status": "ok"
    },
    {
      "base": "PA5",
      "challenger": "WOA",
      "metric": "iou",
      "mean_base": 0.08228955452790529,
      "mean_challenger": 0.0831663006474872,
      "delta_mean": -0.0008767461195819115,
      "n": 10,
      "statistic": 14.0,
      "pvalue": 0.193359375,
      "status": "ok"
    },
    {
      "base": "PA5",
      "challenger": "WOA",
      "metric": "fe",
      "mean_base": 35.8193572809379,
      "mean_challenger": 35.818754413513695,
      "delta_mean": 0.0006028674242060106,
      "n": 10,
      "statistic": 27.0,
      "pvalue": 1.0,
      "status": "ok"
    },
    {
      "base": "PA5",
      "challenger": "WOA",
      "metric": "psnr",
      "mean_base": 32.89463820216879,
      "mean_challenger": 32.694597894606204,
      "delta_mean": 0.20004030756258828,
      "n": 10,
      "statistic": 22.0,
      "pvalue": 0.625,
      "status": "ok"
    },
    {
      "base": "PA5",
      "challenger": "WOA",
      "metric": "ssim",
      "mean_base": 0.9198997590994882,
      "mean_challenger": 0.9166642672827479,
      "delta_mean": 0.0032354918167403213,
      "n": 10,
      "statistic": 20.0,
      "pvalue": 0.4921875,
      "status": "ok"
    },
    {
      "base": "PA5",
      "challenger": "PSO",
      "metric": "dice",
      "mean_base": 0.15206354519944795,
      "mean_challenger": 0.15326692497812044,
      "delta_mean": -0.001203379778672492,
      "n": 10,
      "statistic": 16.0,
      "pvalue": 0.275390625,
      "status": "ok"
    },
    {
      "base": "PA5",
      "challenger": "PSO",
      "metric": "iou",
      "mean_base": 0.08228955452790529,
      "mean_challenger": 0.08299501004310536,
      "delta_mean": -0.0007054555152000708,
      "n": 10,
      "statistic": 16.0,
      "pvalue": 0.275390625,
      "status": "ok"
    },
    {
      "base": "PA5",
      "challenger": "PSO",
      "metric": "fe",
      "mean_base": 35.8193572809379,
      "mean_challenger": 35.776667092023686,
      "delta_mean": 0.04269018891421439,
      "n": 10,
      "statistic": 17.0,
      "pvalue": 0.322265625,
      "status": "ok"
    },
    {
      "base": "PA5",
      "challenger": "PSO",
      "metric": "psnr",