{
  "algorithm": "PSO",
  "thresholds": [
    19,
    40,
    61,
    81,
    101,
    122,
    144,
    167,
    192,
    218
  ],
  "best_f": -37.09534576093067,
  "entropy": 37.09534576093067,
  "time": 4.410343408584595,
  "metrics": {
    "psnr": 32.23956423017241,
    "ssim": 0.8691729982893444,
    "dice": 0.18896825069154866
  }
}