{
  "algorithm": "GWO",
  "thresholds": [
    14,
    28,
    41,
    56,
    82,
    109,
    138,
    169,
    200,
    229
  ],
  "best_f": -37.256953426518436,
  "entropy": 37.256953426518436,
  "time": 16.734412670135498,
  "metrics": {
    "psnr": 30.919701774978897,
    "ssim": 0.9317216369385081,
    "boundary_dsc": 0.14317673378076062
  }
}