{
  "algorithm": "PA5",
  "mode": "single_image_multi_seed",
  "seed": 43,
  "thresholds": [
    24,
    48,
    71,
    94,
    117,
    140,
    163,
    186,
    209,
    232
  ],
  "best_f": -37.73601900649417,
  "entropy": 37.747122248864336,
  "time": 30.21401882171631,
  "metrics": {
    "boundary_dsc": 0.14474180173388618,
    "psnr": 32.00178315292574,
    "ssim": 0.8794015808848152,
    "boundary_dsc_mean": 0.1446440488768562,
    "boundary_dsc_sd": 0.00013824341617251764,
    "fe_mean": 37.76972571494491,
    "fe_sd": 0.03196612828779466,
    "psnr_mean": 31.693892126861883,
    "psnr_sd": 0.4354236647924715,
    "ssim_mean": 0.8742618455701441,
    "ssim_sd": 0.007268683389015897,
    "time_mean": 31.03038513660431,
    "time_sd": 1.154516314379155,
    "n_runs": 2
  }
}