{
  "image_index": 5,
  "image_path": "dataset/BDS500/images/val\\106024.jpg",
  "k": 10,
  "strategies": {
    "PA1": {
      "fe_best": 0.047931929058917314,
      "thresholds": [
        1,
        2,
        3,
        4,
        5,
        6,
        9,
        16,
        223,
        224
      ],
      "time_sec": 2.462355136871338
    },
    "PA2": {
      "fe_best": 0.04782268086144847,
      "thresholds": [
        1,
        2,
        4,
        5,
        9,
        11,
        12,
        26,
        219,
        224
      ],
      "time_sec": 2.406536340713501
    },
    "PA3": {
      "fe_best": 0.04778969669991265,
      "thresholds": [
        1,
        2,
        4,
        12,
        13,
        17,
        18,
        26,
        219,
        226
      ],
      "time_sec": 2.428034782409668
    },
    "PA4": {
      "fe_best": 0.047579714429498626,
      "thresholds": [
        1,
        3,
        4,
        5,
        12,
        56,
        59,
        64,
        191,
        254
      ],
      "time_sec": 2.719774007797241
    },
    "PA5": {
      "fe_best": 0.04766438244683684,
      "thresholds": [
        1,
        3,
        4,
        13,
        20,
        33,
        59,
        60,
        203,
        228
      ],
      "time_sec": 5.534048557281494
    }
  }
}