{
  "image_index": 8,
  "image_path": "dataset/BDS500/images/val\\108082.jpg",
  "k": 10,
  "strategies": {
    "PA1": {
      "fe_best": 0.05127539109197637,
      "thresholds": [
        1,
        2,
        10,
        236,
        239,
        240,
        243,
        248,
        251,
        252
      ],
      "time_sec": 2.5353450775146484
    },
    "PA2": {
      "fe_best": 0.05118388359089616,
      "thresholds": [
        1,
        2,
        3,
        4,
        5,
        6,
        7,
        250,
        251,
        254
      ],
      "time_sec": 2.3152143955230713
    },
    "PA3": {
      "fe_best": 0.05122006140458491,
      "thresholds": [
        1,
        2,
        3,
        4,
        5,
        6,
        240,
        248,
        251,
        252
      ],
      "time_sec": 2.486379384994507
    },
    "PA4": {
      "fe_best": 0.051257637326721874,
      "thresholds": [
        1,
        2,
        3,
        4,
        5,
        6,
        247,
        250,
        251,
        254
      ],
      "time_sec": 2.43355131149292
    },
    "PA5": {
      "fe_best": 0.05126908203430214,
      "thresholds": [
        1,
        2,
        3,
        4,
        5,
        6,
        247,
        248,
        251,
        252
      ],
      "time_sec": 4.934284925460815
    }
  }
}