{
  "image_index": 7,
  "image_path": "dataset/BDS500/images/val\\108070.jpg",
  "k": 10,
  "strategies": {
    "PA1": {
      "fe_best": 0.048706836707280945,
      "thresholds": [
        1,
        4,
        6,
        9,
        29,
        246,
        247,
        250,
        251,
        252
      ],
      "time_sec": 2.426910400390625
    },
    "PA2": {
      "fe_best": 0.04885553061183398,
      "thresholds": [
        1,
        2,
        3,
        4,
        5,
        6,
        7,
        30,
        251,
        252
      ],
      "time_sec": 2.5379927158355713
    },
    "PA3": {
      "fe_best": 0.04885553061183398,
      "thresholds": [
        1,
        2,
        3,
        4,
        5,
        6,
        7,
        30,
        251,
        252
      ],
      "time_sec": 2.333369731903076
    },
    "PA4": {
      "fe_best": 0.04881660312242721,
      "thresholds": [
        1,
        2,
        5,
        31,
        245,
        246,
        247,
        250,
        251,
        254
      ],
      "time_sec": 2.4593019485473633
    },
    "PA5": {
      "fe_best": 0.04885553061183398,
      "thresholds": [
        1,
        2,
        3,
        4,
        5,
        6,
        7,
        30,
        251,
        252
      ],
      "time_sec": 4.850031137466431
    }
  }
}