{
  "image_index": 17,
  "image_path": "dataset/BDS500/images/val\\143090.jpg",
  "k": 10,
  "strategies": {
    "PA1": {
      "fe_best": 0.048363711636220184,
      "thresholds": [
        1,
        2,
        3,
        6,
        7,
        82,
        251,
        252,
        253,
        254
      ],
      "time_sec": 2.3444604873657227
    },
    "PA2": {
      "fe_best": 0.04925518594450134,
      "thresholds": [
        245,
        246,
        247,
        248,
        249,
        250,
        251,
        252,
        253,
        254
      ],
      "time_sec": 2.4390995502471924
    },
    "PA3": {
      "fe_best": 0.04833177497743055,
      "thresholds": [
        1,
        2,
        3,
        4,
        5,
        8,
        81,
        252,
        253,
        254
      ],
      "time_sec": 2.3351330757141113
    },
    "PA4": {
      "fe_best": 0.04925518594450134,
      "thresholds": [
        245,
        246,
        247,
        248,
        249,
        250,
        251,
        252,
        253,
        254
      ],
      "time_sec": 2.411216974258423
    },
    "PA5": {
      "fe_best": 0.04827413076196073,
      "thresholds": [
        1,
        2,
        3,
        4,
        5,
        8,
        9,
        80,
        253,
        254
      ],
      "time_sec": 4.8119611740112305
    }
  }
}