{
  "image_index": 11,
  "image_path": "dataset/BDS500/images/val\\12084.jpg",
  "k": 10,
  "strategies": {
    "PA1": {
      "fe_best": 0.0487483096599636,
      "thresholds": [
        1,
        2,
        3,
        4,
        5,
        6,
        7,
        112,
        253,
        254
      ],
      "time_sec": 2.4463019371032715
    },
    "PA2": {
      "fe_best": 0.048852612539937404,
      "thresholds": [
        1,
        2,
        3,
        118,
        249,
        250,
        251,
        252,
        253,
        254
      ],
      "time_sec": 2.5039303302764893
    },
    "PA3": {
      "fe_best": 0.04847585928338805,
      "thresholds": [
        245,
        246,
        247,
        248,
        249,
        250,
        251,
        252,
        253,
        254
      ],
      "time_sec": 2.4097464084625244
    },
    "PA4": {
      "fe_best": 0.0474029277785174,
      "thresholds": [
        62,
        133,
        134,
        141,
        146,
        157,
        178,
        193,
        242,
        244
      ],
      "time_sec": 2.352597713470459
    },
    "PA5": {
      "fe_best": 0.04880705416883424,
      "thresholds": [
        1,
        2,
        5,
        116,
        249,
        250,
        251,
        252,
        253,
        254
      ],
      "time_sec": 4.8128180503845215
    }
  }
}