{
  "image_index": 15,
  "image_path": "dataset/BDS500/images/val\\134035.jpg",
  "k": 10,
  "strategies": {
    "PA1": {
      "fe_best": 0.048537048967266995,
      "thresholds": [
        2,
        4,
        10,
        63,
        231,
        232,
        235,
        236,
        251,
        254
      ],
      "time_sec": 2.3600914478302
    },
    "PA2": {
      "fe_best": 0.048511675323905504,
      "thresholds": [
        1,
        2,
        3,
        4,
        7,
        8,
        61,
        252,
        253,
        254
      ],
      "time_sec": 2.493767023086548
    },
    "PA3": {
      "fe_best": 0.04851363918760008,
      "thresholds": [
        1,
        2,
        3,
        5,
        7,
        60,
        251,
        252,
        253,
        254
      ],
      "time_sec": 2.55011248588562
    },
    "PA4": {
      "fe_best": 0.04839630701484345,
      "thresholds": [
        2,
        6,
        17,
        54,
        245,
        246,
        249,
        250,
        253,
        254
      ],
      "time_sec": 2.4656074047088623
    },
    "PA5": {
      "fe_best": 0.04867455845040876,
      "thresholds": [
        1,
        66,
        225,
        228,
        229,
        232,
        233,
        248,
        253,
        254
      ],
      "time_sec": 5.132518529891968
    }
  }
}