{
  "image_index": 10,
  "image_path": "dataset/BDS500/images/val\\119082.jpg",
  "k": 10,
  "strategies": {
    "PA1": {
      "fe_best": 0.04879923169892578,
      "thresholds": [
        65,
        66,
        73,
        78,
        85,
        90,
        93,
        156,
        251,
        254
      ],
      "time_sec": 2.4778270721435547
    },
    "PA2": {
      "fe_best": 0.04904902247807331,
      "thresholds": [
        1,
        168,
        243,
        244,
        247,
        248,
        251,
        252,
        253,
        254
      ],
      "time_sec": 2.4081223011016846
    },
    "PA3": {
      "fe_best": 0.04976630389283334,
      "thresholds": [
        70,
        177,
        227,
        228,
        231,
        232,
        239,
        248,
        251,
        254
      ],
      "time_sec": 2.3952202796936035
    },
    "PA4": {
      "fe_best": 0.04980732684429533,
      "thresholds": [
        68,
        173,
        234,
        237,
        238,
        244,
        245,
        248,
        249,
        252
      ],
      "time_sec": 2.2529125213623047
    },
    "PA5": {
      "fe_best": 0.04943600105726183,
      "thresholds": [
        65,
        70,
        71,
        74,
        75,
        78,
        243,
        245,
        248,
        254
      ],
      "time_sec": 5.041574954986572
    }
  }
}