{
  "image_index": 14,
  "image_path": "dataset/BDS500/images/val\\130026.jpg",
  "k": 10,
  "strategies": {
    "PA1": {
      "fe_best": 0.04857586481301114,
      "thresholds": [
        1,
        2,
        5,
        7,
        8,
        14,
        247,
        250,
        251,
        254
      ],
      "time_sec": 2.4653379917144775
    },
    "PA2": {
      "fe_best": 0.04839078470078384,
      "thresholds": [
        1,
        2,
        3,
        4,
        5,
        6,
        7,
        11,
        247,
        248
      ],
      "time_sec": 2.272778272628784
    },
    "PA3": {
      "fe_best": 0.04850262007138968,
      "thresholds": [
        1,
        2,
        3,
        19,
        237,
        240,
        243,
        250,
        251,
        254
      ],
      "time_sec": 2.4611053466796875
    },
    "PA4": {
      "fe_best": 0.048435556574444934,
      "thresholds": [
        1,
        2,
        3,
        4,
        5,
        6,
        7,
        14,
        247,
        248
      ],
      "time_sec": 2.4610531330108643
    },
    "PA5": {
      "fe_best": 0.048558579059669524,
      "thresholds": [
        3,
        19,
        231,
        232,
        235,
        240,
        243,
        248,
        251,
        252
      ],
      "time_sec": 4.9361865520477295
    }
  }
}