{
  "image_index": 13,
  "image_path": "dataset/BDS500/images/val\\126007.jpg",
  "k": 10,
  "strategies": {
    "PA1": {
      "fe_best": 0.05208364289458812,
      "thresholds": [
        1,
        2,
        3,
        8,
        10,
        59,
        202,
        245,
        251,
        254
      ],
      "time_sec": 2.3826241493225098
    },
    "PA2": {
      "fe_best": 0.051496083387160614,
      "thresholds": [
        1,
        2,
        3,
        4,
        5,
        6,
        7,
        8,
        146,
        250
      ],
      "time_sec": 2.349461078643799
    },
    "PA3": {
      "fe_best": 0.05208475108057867,
      "thresholds": [
        1,
        11,
        12,
        56,
        205,
        216,
        223,
        226,
        251,
        254
      ],
      "time_sec": 2.3370070457458496
    },
    "PA4": {
      "fe_best": 0.05206559524707838,
      "thresholds": [
        1,
        2,
        11,
        58,
        203,
        218,
        231,
        250,
        251,
        254
      ],
      "time_sec": 2.324700355529785
    },
    "PA5": {
      "fe_best": 0.052030495373890574,
      "thresholds": [
        1,
        2,
        5,
        8,
        9,
        13,
        14,
        53,
        210,
        212
      ],
      "time_sec": 4.878626823425293
    }
  }
}