{
  "image_index": 12,
  "image_path": "dataset/BDS500/images/val\\123074.jpg",
  "k": 10,
  "strategies": {
    "PA1": {
      "fe_best": 0.046890535431789296,
      "thresholds": [
        1,
        3,
        4,
        7,
        9,
        14,
        16,
        18,
        119,
        254
      ],
      "time_sec": 2.4273157119750977
    },
    "PA2": {
      "fe_best": 0.04688880769737739,
      "thresholds": [
        1,
        3,
        4,
        9,
        10,
        11,
        15,
        18,
        119,
        254
      ],
      "time_sec": 2.303410053253174
    },
    "PA3": {
      "fe_best": 0.04688374375969748,
      "thresholds": [
        2,
        3,
        4,
        5,
        6,
        16,
        17,
        120,
        253,
        254
      ],
      "time_sec": 2.1926345825195312
    },
    "PA4": {
      "fe_best": 0.046890535431789296,
      "thresholds": [
        1,
        2,
        4,
        6,
        8,
        9,
        16,
        18,
        119,
        254
      ],
      "time_sec": 2.3210160732269287
    },
    "PA5": {
      "fe_best": 0.04688374375969748,
      "thresholds": [
        1,
        3,
        4,
        5,
        8,
        16,
        17,
        120,
        253,
        254
      ],
      "time_sec": 4.812231063842773
    }
  }
}