{
  "image_index": 27,
  "image_path": "dataset/BDS500/images/val\\163085.jpg",
  "k": 10,
  "strategies": {
    "PA1": {
      "fe_best": 0.04733827903917889,
      "thresholds": [
        1,
        3,
        4,
        7,
        18,
        19,
        90,
        252,
        253,
        254
      ],
      "time_sec": 2.4611825942993164
    },
    "PA2": {
      "fe_best": 0.04738710845047729,
      "thresholds": [
        1,
        4,
        5,
        8,
        9,
        13,
        16,
        18,
        89,
        254
      ],
      "time_sec": 2.420330762863159
    },
    "PA3": {
      "fe_best": 0.047253644737951676,
      "thresholds": [
        1,
        12,
        13,
        16,
        93,
        250,
        251,
        252,
        253,
        254
      ],
      "time_sec": 2.156644105911255
    },
    "PA4": {
      "fe_best": 0.04738635778475997,
      "thresholds": [
        1,
        2,
        5,
        6,
        9,
        20,
        21,
        88,
        253,
        254
      ],
      "time_sec": 2.27543044090271
    },
    "PA5": {
      "fe_best": 0.047330365550617495,
      "thresholds": [
        1,
        3,
        8,
        13,
        20,
        21,
        88,
        252,
        253,
        254
      ],
      "time_sec": 4.640129089355469
    }
  }
}