{
  "image_index": 29,
  "image_path": "dataset/BDS500/images/val\\167083.jpg",
  "k": 10,
  "strategies": {
    "PA1": {
      "fe_best": 0.04772201616265195,
      "thresholds": [
        205,
        212,
        218,
        225,
        242,
        245,
        246,
        250,
        251,
        254
      ],
      "time_sec": 2.4769508838653564
    },
    "PA2": {
      "fe_best": 0.04795432653420677,
      "thresholds": [
        198,
        234,
        235,
        238,
        243,
        246,
        247,
        248,
        251,
        252
      ],
      "time_sec": 2.487605094909668
    },
    "PA3": {
      "fe_best": 0.04675445891490633,
      "thresholds": [
        62,
        119,
        130,
        139,
        154,
        182,
        183,
        194,
        195,
        240
      ],
      "time_sec": 2.5601699352264404
    },
    "PA4": {
      "fe_best": 0.046853033995526164,
      "thresholds": [
        62,
        138,
        152,
        157,
        160,
        161,
        168,
        185,
        251,
        252
      ],
      "time_sec": 2.508082389831543
    },
    "PA5": {
      "fe_best": 0.0469721068586727,
      "thresholds": [
        5,
        113,
        114,
        121,
        122,
        125,
        134,
        137,
        214,
        238
      ],
      "time_sec": 5.055976390838623
    }
  }
}