{
  "image_index": 24,
  "image_path": "dataset/BDS500/images/val\\159008.jpg",
  "k": 10,
  "strategies": {
    "PA1": {
      "fe_best": 0.049162262026926855,
      "thresholds": [
        75,
        76,
        79,
        88,
        94,
        97,
        102,
        105,
        122,
        125
      ],
      "time_sec": 2.3160948753356934
    },
    "PA2": {
      "fe_best": 0.04826571424149769,
      "thresholds": [
        1,
        150,
        198,
        211,
        214,
        219,
        238,
        250,
        252,
        253
      ],
      "time_sec": 2.4841463565826416
    },
    "PA3": {
      "fe_best": 0.048650043239708035,
      "thresholds": [
        81,
        82,
        85,
        86,
        89,
        114,
        127,
        159,
        222,
        252
      ],
      "time_sec": 2.6458723545074463
    },
    "PA4": {
      "fe_best": 0.04883007286075818,
      "thresholds": [
        81,
        92,
        93,
        96,
        97,
        240,
        250,
        251,
        253,
        254
      ],
      "time_sec": 2.474325180053711
    },
    "PA5": {
      "fe_best": 0.048992154041817046,
      "thresholds": [
        81,
        88,
        89,
        92,
        93,
        96,
        101,
        243,
        251,
        252
      ],
      "time_sec": 5.079383134841919
    }
  }
}