{
  "image_index": 26,
  "image_path": "dataset/BDS500/images/val\\16077.jpg",
  "k": 10,
  "strategies": {
    "PA1": {
      "fe_best": 0.04840119720334409,
      "thresholds": [
        1,
        2,
        4,
        9,
        10,
        12,
        15,
        34,
        239,
        240
      ],
      "time_sec": 2.4639170169830322
    },
    "PA2": {
      "fe_best": 0.04848538092752203,
      "thresholds": [
        1,
        2,
        3,
        4,
        5,
        6,
        7,
        10,
        39,
        230
      ],
      "time_sec": 2.524044990539551
    },
    "PA3": {
      "fe_best": 0.048398282782814904,
      "thresholds": [
        1,
        2,
        4,
        5,
        13,
        18,
        29,
        238,
        247,
        250
      ],
      "time_sec": 2.35353946685791
    },
    "PA4": {
      "fe_best": 0.04853300459326523,
      "thresholds": [
        1,
        2,
        7,
        8,
        21,
        30,
        239,
        246,
        247,
        250
      ],
      "time_sec": 2.350757598876953
    },
    "PA5": {
      "fe_best": 0.04847686211511844,
      "thresholds": [
        1,
        3,
        4,
        7,
        10,
        12,
        35,
        240,
        247,
        248
      ],
      "time_sec": 5.046851634979248
    }
  }
}