{
  "image_index": 23,
  "image_path": "dataset/BDS500/images/val\\157055.jpg",
  "k": 10,
  "strategies": {
    "PA1": {
      "fe_best": 0.050551170612706045,
      "thresholds": [
        1,
        2,
        3,
        4,
        5,
        6,
        7,
        17,
        23,
        24
      ],
      "time_sec": 2.313542604446411
    },
    "PA2": {
      "fe_best": 0.050551170612706045,
      "thresholds": [
        2,
        3,
        4,
        5,
        6,
        7,
        10,
        15,
        23,
        24
      ],
      "time_sec": 2.291703701019287
    },
    "PA3": {
      "fe_best": 0.050551170612706045,
      "thresholds": [
        1,
        2,
        3,
        4,
        5,
        8,
        9,
        14,
        23,
        24
      ],
      "time_sec": 2.4503955841064453
    },
    "PA4": {
      "fe_best": 0.050551170612706045,
      "thresholds": [
        1,
        2,
        3,
        4,
        8,
        9,
        10,
        15,
        23,
        24
      ],
      "time_sec": 2.3924922943115234
    },
    "PA5": {
      "fe_best": 0.050551170612706045,
      "thresholds": [
        1,
        2,
        3,
        4,
        6,
        9,
        14,
        16,
        23,
        24
      ],
      "time_sec": 4.723366975784302
    }
  }
}