{
  "image_index": 20,
  "image_path": "dataset/BDS500/images/val\\148026.jpg",
  "k": 10,
  "strategies": {
    "PA1": {
      "fe_best": 0.050346850744326196,
      "thresholds": [
        49,
        52,
        53,
        56,
        65,
        68,
        69,
        78,
        81,
        103
      ],
      "time_sec": 2.452406167984009
    },
    "PA2": {
      "fe_best": 0.04960418132563125,
      "thresholds": [
        53,
        54,
        60,
        68,
        89,
        104,
        107,
        108,
        111,
        112
      ],
      "time_sec": 2.615206003189087
    },
    "PA3": {
      "fe_best": 0.048707171302682886,
      "thresholds": [
        1,
        2,
        3,
        4,
        5,
        6,
        57,
        234,
        253,
        254
      ],
      "time_sec": 2.4546058177948
    },
    "PA4": {
      "fe_best": 0.04851098449195021,
      "thresholds": [
        1,
        83,
        86,
        87,
        239,
        242,
        243,
        250,
        252,
        254
      ],
      "time_sec": 2.294581890106201
    },
    "PA5": {
      "fe_best": 0.049743996034423005,
      "thresholds": [
        2,
        3,
        4,
        5,
        8,
        49,
        52,
        53,
        60,
        105
      ],
      "time_sec": 4.796891212463379
    }
  }
}