{
  "image_index": 21,
  "image_path": "dataset/BDS500/images/val\\148089.jpg",
  "k": 10,
  "strategies": {
    "PA1": {
      "fe_best": 0.04851141891901865,
      "thresholds": [
        203,
        246,
        247,
        248,
        249,
        250,
        251,
        252,
        253,
        254
      ],
      "time_sec": 2.4429380893707275
    },
    "PA2": {
      "fe_best": 0.04678102446652424,
      "thresholds": [
        1,
        2,
        3,
        82,
        107,
        202,
        251,
        252,
        253,
        254
      ],
      "time_sec": 2.4332423210144043
    },
    "PA3": {
      "fe_best": 0.047373867461628937,
      "thresholds": [
        43,
        44,
        47,
        48,
        55,
        104,
        133,
        188,
        253,
        254
      ],
      "time_sec": 2.403106451034546
    },
    "PA4": {
      "fe_best": 0.04790193029480258,
      "thresholds": [
        39,
        40,
        43,
        44,
        47,
        48,
        55,
        84,
        111,
        192
      ],
      "time_sec": 2.14839506149292
    },
    "PA5": {
      "fe_best": 0.04732714766455245,
      "thresholds": [
        5,
        10,
        29,
        227,
        228,
        231,
        237,
        244,
        247,
        254
      ],
      "time_sec": 4.788202285766602
    }
  }
}