{
  "image_index": 39,
  "image_path": "dataset/BDS500/images/val\\210088.jpg",
  "k": 10,
  "strategies": {
    "PA1": {
      "fe_best": 0.04860660368801821,
      "thresholds": [
        2,
        4,
        9,
        18,
        19,
        100,
        251,
        252,
        253,
        254
      ],
      "time_sec": 2.4956588745117188
    },
    "PA2": {
      "fe_best": 0.048839325492591394,
      "thresholds": [
        1,
        2,
        3,
        4,
        5,
        6,
        7,
        110,
        253,
        254
      ],
      "time_sec": 2.4127840995788574
    },
    "PA3": {
      "fe_best": 0.04884270974722657,
      "thresholds": [
        1,
        2,
        3,
        4,
        5,
        6,
        8,
        9,
        108,
        254
      ],
      "time_sec": 2.3211171627044678
    },
    "PA4": {
      "fe_best": 0.048839325492591394,
      "thresholds": [
        1,
        2,
        3,
        4,
        5,
        6,
        7,
        110,
        253,
        254
      ],
      "time_sec": 2.3061325550079346
    },
    "PA5": {
      "fe_best": 0.048839325492591394,
      "thresholds": [
        1,
        2,
        3,
        4,
        5,
        6,
        7,
        110,
        253,
        254
      ],
      "time_sec": 4.714506387710571
    }
  }
}