{
  "image_index": 36,
  "image_path": "dataset/BDS500/images/val\\196073.jpg",
  "k": 10,
  "strategies": {
    "PA1": {
      "fe_best": 0.055174820053833944,
      "thresholds": [
        1,
        2,
        3,
        4,
        5,
        6,
        7,
        71,
        253,
        254
      ],
      "time_sec": 2.3136417865753174
    },
    "PA2": {
      "fe_best": 0.05513086447100765,
      "thresholds": [
        2,
        3,
        4,
        5,
        6,
        7,
        8,
        71,
        253,
        254
      ],
      "time_sec": 2.400728225708008
    },
    "PA3": {
      "fe_best": 0.05527074227289497,
      "thresholds": [
        1,
        2,
        3,
        4,
        5,
        6,
        7,
        8,
        9,
        192
      ],
      "time_sec": 2.4749491214752197
    },
    "PA4": {
      "fe_best": 0.055250592092959405,
      "thresholds": [
        1,
        2,
        3,
        4,
        5,
        6,
        195,
        252,
        253,
        254
      ],
      "time_sec": 2.4064276218414307
    },
    "PA5": {
      "fe_best": 0.0552444255687463,
      "thresholds": [
        1,
        2,
        3,
        4,
        5,
        196,
        251,
        252,
        253,
        254
      ],
      "time_sec": 4.693825006484985
    }
  }
}