{
  "image_index": 34,
  "image_path": "dataset/BDS500/images/val\\189080.jpg",
  "k": 10,
  "strategies": {
    "PA1": {
      "fe_best": 0.052561054638165794,
      "thresholds": [
        1,
        2,
        3,
        4,
        7,
        8,
        11,
        12,
        59,
        254
      ],
      "time_sec": 2.335825204849243
    },
    "PA2": {
      "fe_best": 0.05234572611111008,
      "thresholds": [
        1,
        2,
        3,
        7,
        8,
        15,
        16,
        55,
        253,
        254
      ],
      "time_sec": 2.406956434249878
    },
    "PA3": {
      "fe_best": 0.05251529515800267,
      "thresholds": [
        1,
        3,
        6,
        9,
        10,
        13,
        14,
        16,
        55,
        254
      ],
      "time_sec": 2.1932528018951416
    },
    "PA4": {
      "fe_best": 0.05255787869635381,
      "thresholds": [
        1,
        2,
        4,
        7,
        8,
        11,
        12,
        15,
        56,
        254
      ],
      "time_sec": 2.342355966567993
    },
    "PA5": {
      "fe_best": 0.052561054638165794,
      "thresholds": [
        1,
        2,
        3,
        4,
        7,
        8,
        11,
        12,
        59,
        254
      ],
      "time_sec": 4.791428804397583
    }
  }
}