{
  "image_index": 31,
  "image_path": "dataset/BDS500/images/val\\175032.jpg",
  "k": 10,
  "strategies": {
    "PA1": {
      "fe_best": 0.04708554155435937,
      "thresholds": [
        1,
        2,
        3,
        4,
        5,
        6,
        7,
        8,
        203,
        254
      ],
      "time_sec": 2.469111919403076
    },
    "PA2": {
      "fe_best": 0.0470848810620154,
      "thresholds": [
        1,
        2,
        3,
        4,
        5,
        6,
        7,
        202,
        253,
        254
      ],
      "time_sec": 2.500450849533081
    },
    "PA3": {
      "fe_best": 0.0470848810620154,
      "thresholds": [
        1,
        2,
        3,
        4,
        5,
        6,
        7,
        202,
        253,
        254
      ],
      "time_sec": 2.465078592300415
    },
    "PA4": {
      "fe_best": 0.0470802542687295,
      "thresholds": [
        1,
        3,
        4,
        5,
        6,
        205,
        251,
        252,
        253,
        254
      ],
      "time_sec": 2.386831521987915
    },
    "PA5": {
      "fe_best": 0.047084587934691655,
      "thresholds": [
        1,
        2,
        3,
        4,
        5,
        6,
        205,
        252,
        253,
        254
      ],
      "time_sec": 4.868782043457031
    }
  }
}