{
  "image_index": 43,
  "image_path": "dataset/BDS500/images/val\\220075.jpg",
  "k": 10,
  "strategies": {
    "PA1": {
      "fe_best": 0.04721021724378688,
      "thresholds": [
        1,
        2,
        5,
        16,
        17,
        20,
        181,
        210,
        221,
        230
      ],
      "time_sec": 2.4939730167388916
    },
    "PA2": {
      "fe_best": 0.049345053528457555,
      "thresholds": [
        201,
        215,
        218,
        232,
        243,
        246,
        247,
        248,
        251,
        252
      ],
      "time_sec": 2.421515464782715
    },
    "PA3": {
      "fe_best": 0.047266678677553284,
      "thresholds": [
        1,
        2,
        3,
        4,
        5,
        6,
        7,
        194,
        213,
        234
      ],
      "time_sec": 2.305518865585327
    },
    "PA4": {
      "fe_best": 0.0494690631479584,
      "thresholds": [
        197,
        200,
        201,
        204,
        205,
        208,
        219,
        229,
        232,
        237
      ],
      "time_sec": 2.254258632659912
    },
    "PA5": {
      "fe_best": 0.04737400264269186,
      "thresholds": [
        1,
        6,
        199,
        202,
        203,
        239,
        247,
        248,
        251,
        252
      ],
      "time_sec": 4.803214073181152
    }
  }
}