{
  "image_index": 44,
  "image_path": "dataset/BDS500/images/val\\223061.jpg",
  "k": 10,
  "strategies": {
    "PA1": {
      "fe_best": 0.04911145239273761,
      "thresholds": [
        1,
        2,
        3,
        4,
        5,
        6,
        9,
        10,
        13,
        18
      ],
      "time_sec": 2.3684587478637695
    },
    "PA2": {
      "fe_best": 0.049506570945485426,
      "thresholds": [
        1,
        2,
        6,
        7,
        10,
        11,
        14,
        15,
        18,
        21
      ],
      "time_sec": 2.4065780639648438
    },
    "PA3": {
      "fe_best": 0.04705953470970569,
      "thresholds": [
        40,
        51,
        52,
        59,
        60,
        84,
        87,
        88,
        188,
        254
      ],
      "time_sec": 2.449181318283081
    },
    "PA4": {
      "fe_best": 0.049757712526303566,
      "thresholds": [
        1,
        4,
        5,
        6,
        9,
        10,
        13,
        14,
        17,
        18
      ],
      "time_sec": 2.418724536895752
    },
    "PA5": {
      "fe_best": 0.049568220578383976,
      "thresholds": [
        1,
        2,
        3,
        4,
        7,
        8,
        11,
        12,
        15,
        16
      ],
      "time_sec": 4.79090142250061
    }
  }
}