{
  "image_index": 41,
  "image_path": "dataset/BDS500/images/val\\216081.jpg",
  "k": 10,
  "strategies": {
    "PA1": {
      "fe_best": 0.0486248260361682,
      "thresholds": [
        47,
        66,
        67,
        70,
        75,
        94,
        95,
        98,
        135,
        141
      ],
      "time_sec": 2.3704042434692383
    },
    "PA2": {
      "fe_best": 0.04886083868204959,
      "thresholds": [
        1,
        120,
        243,
        244,
        247,
        248,
        251,
        252,
        253,
        254
      ],
      "time_sec": 2.429292917251587
    },
    "PA3": {
      "fe_best": 0.048564007009537224,
      "thresholds": [
        9,
        12,
        13,
        16,
        17,
        20,
        53,
        80,
        117,
        128
      ],
      "time_sec": 2.4379870891571045
    },
    "PA4": {
      "fe_best": 0.04858610678629732,
      "thresholds": [
        62,
        69,
        70,
        73,
        74,
        85,
        112,
        145,
        168,
        169
      ],
      "time_sec": 2.402221441268921
    },
    "PA5": {
      "fe_best": 0.048870987169182784,
      "thresholds": [
        68,
        71,
        72,
        75,
        80,
        83,
        84,
        132,
        140,
        172
      ],
      "time_sec": 4.899425745010376
    }
  }
}