{
  "image_index": 49,
  "image_path": "dataset/BDS500/images/val\\241004.jpg",
  "k": 10,
  "strategies": {
    "PA1": {
      "fe_best": 0.0457470477251007,
      "thresholds": [
        1,
        2,
        5,
        6,
        7,
        8,
        9,
        51,
        251,
        252
      ],
      "time_sec": 2.442629814147949
    },
    "PA2": {
      "fe_best": 0.0444341469399589,
      "thresholds": [
        4,
        20,
        33,
        37,
        193,
        213,
        226,
        250,
        251,
        254
      ],
      "time_sec": 2.443974256515503
    },
    "PA3": {
      "fe_best": 0.0443154386073952,
      "thresholds": [
        1,
        2,
        4,
        5,
        8,
        31,
        50,
        167,
        251,
        252
      ],
      "time_sec": 2.3959920406341553
    },
    "PA4": {
      "fe_best": 0.04459387941693785,
      "thresholds": [
        3,
        17,
        30,
        58,
        164,
        240,
        247,
        250,
        251,
        254
      ],
      "time_sec": 2.4526515007019043
    },
    "PA5": {
      "fe_best": 0.04523884359847675,
      "thresholds": [
        1,
        2,
        3,
        4,
        5,
        6,
        7,
        8,
        55,
        246
      ],
      "time_sec": 5.146948575973511
    }
  }
}