{
  "image_index": 47,
  "image_path": "dataset/BDS500/images/val\\236037.jpg",
  "k": 10,
  "strategies": {
    "PA1": {
      "fe_best": 0.04631307519108592,
      "thresholds": [
        1,
        2,
        5,
        6,
        8,
        9,
        55,
        250,
        251,
        254
      ],
      "time_sec": 2.4245407581329346
    },
    "PA2": {
      "fe_best": 0.0463227249842658,
      "thresholds": [
        1,
        2,
        3,
        5,
        6,
        7,
        55,
        250,
        251,
        254
      ],
      "time_sec": 2.5586166381835938
    },
    "PA3": {
      "fe_best": 0.04632190977445748,
      "thresholds": [
        1,
        2,
        3,
        4,
        5,
        6,
        7,
        54,
        251,
        252
      ],
      "time_sec": 2.5936028957366943
    },
    "PA4": {
      "fe_best": 0.04626149569189398,
      "thresholds": [
        5,
        12,
        13,
        53,
        244,
        245,
        248,
        250,
        251,
        254
      ],
      "time_sec": 2.600881338119507
    },
    "PA5": {
      "fe_best": 0.04631451099002633,
      "thresholds": [
        1,
        2,
        3,
        4,
        5,
        6,
        57,
        250,
        253,
        254
      ],
      "time_sec": 5.2597010135650635
    }
  }
}