{
  "image_index": 58,
  "image_path": "dataset/BDS500/images/val\\296007.jpg",
  "k": 10,
  "strategies": {
    "PA1": {
      "fe_best": 0.05348147635311583,
      "thresholds": [
        2,
        3,
        5,
        6,
        11,
        12,
        18,
        155,
        198,
        210
      ],
      "time_sec": 2.5168190002441406
    },
    "PA2": {
      "fe_best": 0.05346327589983184,
      "thresholds": [
        1,
        2,
        5,
        6,
        10,
        11,
        18,
        29,
        68,
        193
      ],
      "time_sec": 2.4860012531280518
    },
    "PA3": {
      "fe_best": 0.05348475665844559,
      "thresholds": [
        1,
        4,
        5,
        6,
        7,
        8,
        16,
        26,
        143,
        211
      ],
      "time_sec": 2.4291164875030518
    },
    "PA4": {
      "fe_best": 0.053453570347493484,
      "thresholds": [
        1,
        2,
        3,
        4,
        8,
        14,
        23,
        72,
        191,
        251
      ],
      "time_sec": 2.347015380859375
    },
    "PA5": {
      "fe_best": 0.053459626711360814,
      "thresholds": [
        1,
        3,
        4,
        5,
        9,
        16,
        44,
        50,
        211,
        235
      ],
      "time_sec": 4.817440748214722
    }
  }
}