{
  "image_index": 59,
  "image_path": "dataset/BDS500/images/val\\296059.jpg",
  "k": 10,
  "strategies": {
    "PA1": {
      "fe_best": 0.04824060833180306,
      "thresholds": [
        1,
        4,
        6,
        10,
        11,
        24,
        25,
        88,
        253,
        254
      ],
      "time_sec": 2.530376672744751
    },
    "PA2": {
      "fe_best": 0.04839591156852272,
      "thresholds": [
        2,
        3,
        4,
        5,
        6,
        7,
        96,
        252,
        253,
        254
      ],
      "time_sec": 2.354672908782959
    },
    "PA3": {
      "fe_best": 0.04846090810894364,
      "thresholds": [
        1,
        2,
        3,
        4,
        5,
        6,
        7,
        8,
        91,
        254
      ],
      "time_sec": 2.2858784198760986
    },
    "PA4": {
      "fe_best": 0.04821122272792118,
      "thresholds": [
        1,
        2,
        4,
        5,
        23,
        24,
        87,
        252,
        253,
        254
      ],
      "time_sec": 2.209836959838867
    },
    "PA5": {
      "fe_best": 0.04866808094628176,
      "thresholds": [
        1,
        2,
        3,
        4,
        5,
        6,
        93,
        252,
        253,
        254
      ],
      "time_sec": 4.928312301635742
    }
  }
}