{
  "image_index": 69,
  "image_path": "dataset/BDS500/images/val\\361010.jpg",
  "k": 10,
  "strategies": {
    "PA1": {
      "fe_best": 0.050660824366453236,
      "thresholds": [
        2,
        5,
        6,
        9,
        10,
        13,
        22,
        250,
        251,
        254
      ],
      "time_sec": 2.3202757835388184
    },
    "PA2": {
      "fe_best": 0.050516080056831454,
      "thresholds": [
        1,
        2,
        5,
        8,
        9,
        12,
        13,
        16,
        17,
        254
      ],
      "time_sec": 2.318000316619873
    },
    "PA3": {
      "fe_best": 0.050645785817687645,
      "thresholds": [
        1,
        2,
        3,
        6,
        7,
        10,
        11,
        18,
        251,
        252
      ],
      "time_sec": 2.4172253608703613
    },
    "PA4": {
      "fe_best": 0.050440662665665444,
      "thresholds": [
        1,
        2,
        3,
        6,
        7,
        10,
        23,
        250,
        251,
        254
      ],
      "time_sec": 2.557821035385132
    },
    "PA5": {
      "fe_best": 0.05030524398094371,
      "thresholds": [
        1,
        2,
        3,
        4,
        7,
        8,
        23,
        250,
        251,
        254
      ],
      "time_sec": 4.982212066650391
    }
  }
}