{
  "image_index": 61,
  "image_path": "dataset/BDS500/images/val\\300091.jpg",
  "k": 10,
  "strategies": {
    "PA1": {
      "fe_best": 0.050483792749977635,
      "thresholds": [
        1,
        4,
        8,
        9,
        12,
        73,
        249,
        250,
        253,
        254
      ],
      "time_sec": 2.2954983711242676
    },
    "PA2": {
      "fe_best": 0.05221690574522213,
      "thresholds": [
        245,
        246,
        247,
        248,
        249,
        250,
        251,
        252,
        253,
        254
      ],
      "time_sec": 2.582139730453491
    },
    "PA3": {
      "fe_best": 0.05095105484542277,
      "thresholds": [
        1,
        85,
        243,
        244,
        247,
        248,
        249,
        250,
        251,
        254
      ],
      "time_sec": 2.6180684566497803
    },
    "PA4": {
      "fe_best": 0.05232245188434965,
      "thresholds": [
        243,
        244,
        245,
        246,
        247,
        248,
        249,
        250,
        251,
        252
      ],
      "time_sec": 2.480055093765259
    },
    "PA5": {
      "fe_best": 0.050952912320678084,
      "thresholds": [
        1,
        84,
        244,
        245,
        246,
        248,
        249,
        250,
        251,
        254
      ],
      "time_sec": 5.03273868560791
    }
  }
}