{
  "image_index": 67,
  "image_path": "dataset/BDS500/images/val\\33039.jpg",
  "k": 10,
  "strategies": {
    "PA1": {
      "fe_best": 0.04617555647009393,
      "thresholds": [
        2,
        3,
        6,
        8,
        9,
        12,
        89,
        232,
        235,
        236
      ],
      "time_sec": 2.3973214626312256
    },
    "PA2": {
      "fe_best": 0.04612683199985907,
      "thresholds": [
        1,
        2,
        3,
        4,
        11,
        14,
        15,
        88,
        235,
        236
      ],
      "time_sec": 2.2155568599700928
    },
    "PA3": {
      "fe_best": 0.04610030739414159,
      "thresholds": [
        1,
        2,
        7,
        8,
        10,
        11,
        94,
        244,
        247,
        252
      ],
      "time_sec": 2.249326229095459
    },
    "PA4": {
      "fe_best": 0.045890711832088725,
      "thresholds": [
        1,
        10,
        32,
        59,
        102,
        103,
        106,
        135,
        226,
        234
      ],
      "time_sec": 2.263399600982666
    },
    "PA5": {
      "fe_best": 0.046008726255382174,
      "thresholds": [
        1,
        6,
        13,
        36,
        37,
        40,
        193,
        200,
        201,
        231
      ],
      "time_sec": 4.649543285369873
    }
  }
}