{
  "image_index": 66,
  "image_path": "dataset/BDS500/images/val\\3096.jpg",
  "k": 10,
  "strategies": {
    "PA1": {
      "fe_best": 0.0540089053906011,
      "thresholds": [
        1,
        2,
        3,
        4,
        5,
        6,
        9,
        10,
        11,
        180
      ],
      "time_sec": 2.647498369216919
    },
    "PA2": {
      "fe_best": 0.05405913665838792,
      "thresholds": [
        2,
        3,
        4,
        5,
        6,
        185,
        251,
        252,
        253,
        254
      ],
      "time_sec": 2.399733781814575
    },
    "PA3": {
      "fe_best": 0.05405617903541526,
      "thresholds": [
        1,
        2,
        3,
        4,
        5,
        6,
        7,
        184,
        253,
        254
      ],
      "time_sec": 2.490250825881958
    },
    "PA4": {
      "fe_best": 0.054032577873534875,
      "thresholds": [
        1,
        2,
        3,
        4,
        5,
        8,
        9,
        10,
        181,
        254
      ],
      "time_sec": 2.4453327655792236
    },
    "PA5": {
      "fe_best": 0.0541768107855212,
      "thresholds": [
        1,
        2,
        3,
        4,
        187,
        250,
        251,
        252,
        253,
        254
      ],
      "time_sec": 4.67121958732605
    }
  }
}