{
  "image_index": 68,
  "image_path": "dataset/BDS500/images/val\\351093.jpg",
  "k": 10,
  "strategies": {
    "PA1": {
      "fe_best": 0.042176697472678604,
      "thresholds": [
        57,
        82,
        117,
        118,
        121,
        142,
        173,
        182,
        251,
        254
      ],
      "time_sec": 2.3222382068634033
    },
    "PA2": {
      "fe_best": 0.042070992640935556,
      "thresholds": [
        8,
        62,
        85,
        150,
        165,
        187,
        206,
        244,
        251,
        252
      ],
      "time_sec": 2.401278495788574
    },
    "PA3": {
      "fe_best": 0.041995461160494074,
      "thresholds": [
        44,
        69,
        102,
        107,
        110,
        131,
        178,
        180,
        251,
        254
      ],
      "time_sec": 2.3538286685943604
    },
    "PA4": {
      "fe_best": 0.04206226637496106,
      "thresholds": [
        8,
        52,
        61,
        76,
        93,
        125,
        166,
        250,
        251,
        254
      ],
      "time_sec": 2.329226016998291
    },
    "PA5": {
      "fe_best": 0.04268876066753349,
      "thresholds": [
        46,
        59,
        62,
        67,
        90,
        176,
        182,
        250,
        251,
        254
      ],
      "time_sec": 4.779768705368042
    }
  }
}