{
  "image_index": 64,
  "image_path": "dataset/BDS500/images/val\\304074.jpg",
  "k": 10,
  "strategies": {
    "PA1": {
      "fe_best": 0.04762852831226559,
      "thresholds": [
        1,
        2,
        3,
        4,
        5,
        6,
        38,
        251,
        252,
        254
      ],
      "time_sec": 2.3726091384887695
    },
    "PA2": {
      "fe_best": 0.04763815905233516,
      "thresholds": [
        1,
        2,
        3,
        4,
        5,
        6,
        7,
        38,
        251,
        252
      ],
      "time_sec": 2.400378704071045
    },
    "PA3": {
      "fe_best": 0.047630869018693636,
      "thresholds": [
        1,
        2,
        3,
        4,
        5,
        6,
        7,
        36,
        251,
        252
      ],
      "time_sec": 2.3828165531158447
    },
    "PA4": {
      "fe_best": 0.04761776482498305,
      "thresholds": [
        1,
        2,
        3,
        40,
        247,
        248,
        249,
        250,
        251,
        254
      ],
      "time_sec": 2.324578046798706
    },
    "PA5": {
      "fe_best": 0.04763390479100296,
      "thresholds": [
        1,
        2,
        3,
        4,
        5,
        6,
        7,
        8,
        35,
        254
      ],
      "time_sec": 4.864311456680298
    }
  }
}