{
  "image_index": 60,
  "image_path": "dataset/BDS500/images/val\\299086.jpg",
  "k": 10,
  "strategies": {
    "PA1": {
      "fe_best": 0.04894039797673591,
      "thresholds": [
        1,
        2,
        3,
        4,
        5,
        6,
        7,
        8,
        134,
        254
      ],
      "time_sec": 2.4327991008758545
    },
    "PA2": {
      "fe_best": 0.04893031979821921,
      "thresholds": [
        1,
        2,
        3,
        4,
        5,
        6,
        7,
        8,
        9,
        133
      ],
      "time_sec": 2.2504823207855225
    },
    "PA3": {
      "fe_best": 0.04894039797673591,
      "thresholds": [
        1,
        2,
        3,
        4,
        5,
        6,
        7,
        8,
        134,
        254
      ],
      "time_sec": 2.3812928199768066
    },
    "PA4": {
      "fe_best": 0.04895287914958161,
      "thresholds": [
        1,
        2,
        3,
        4,
        5,
        6,
        136,
        252,
        253,
        254
      ],
      "time_sec": 2.341662645339966
    },
    "PA5": {
      "fe_best": 0.04895716366302404,
      "thresholds": [
        1,
        2,
        3,
        4,
        5,
        137,
        251,
        252,
        253,
        254
      ],
      "time_sec": 4.921995639801025
    }
  }
}