{
  "image_index": 63,
  "image_path": "dataset/BDS500/images/val\\304034.jpg",
  "k": 10,
  "strategies": {
    "PA1": {
      "fe_best": 0.046699217951269016,
      "thresholds": [
        1,
        4,
        5,
        8,
        13,
        24,
        41,
        68,
        253,
        254
      ],
      "time_sec": 2.3310275077819824
    },
    "PA2": {
      "fe_best": 0.04648206418771393,
      "thresholds": [
        1,
        2,
        5,
        18,
        21,
        22,
        87,
        250,
        251,
        252
      ],
      "time_sec": 2.372873544692993
    },
    "PA3": {
      "fe_best": 0.046405665406288515,
      "thresholds": [
        1,
        4,
        29,
        40,
        73,
        246,
        247,
        250,
        251,
        254
      ],
      "time_sec": 2.3723161220550537
    },
    "PA4": {
      "fe_best": 0.04643047536720591,
      "thresholds": [
        1,
        2,
        37,
        38,
        81,
        243,
        244,
        247,
        248,
        254
      ],
      "time_sec": 2.40600323677063
    },
    "PA5": {
      "fe_best": 0.046805527960681,
      "thresholds": [
        24,
        31,
        32,
        35,
        36,
        75,
        248,
        249,
        252,
        253
      ],
      "time_sec": 4.777867794036865
    }
  }
}