{
  "image_index": 75,
  "image_path": "dataset/BDS500/images/val\\41033.jpg",
  "k": 10,
  "strategies": {
    "PA1": {
      "fe_best": 0.049252008726140425,
      "thresholds": [
        1,
        2,
        3,
        7,
        8,
        16,
        17,
        32,
        33,
        36
      ],
      "time_sec": 2.4033780097961426
    },
    "PA2": {
      "fe_best": 0.04921129530584609,
      "thresholds": [
        1,
        2,
        3,
        6,
        7,
        16,
        19,
        20,
        31,
        36
      ],
      "time_sec": 2.443983316421509
    },
    "PA3": {
      "fe_best": 0.04906062461954006,
      "thresholds": [
        1,
        2,
        3,
        4,
        6,
        8,
        10,
        23,
        34,
        35
      ],
      "time_sec": 2.4268393516540527
    },
    "PA4": {
      "fe_best": 0.04918979587070686,
      "thresholds": [
        1,
        2,
        3,
        4,
        9,
        13,
        20,
        25,
        32,
        33
      ],
      "time_sec": 2.439307689666748
    },
    "PA5": {
      "fe_best": 0.04974391482218749,
      "thresholds": [
        1,
        4,
        5,
        15,
        18,
        27,
        30,
        31,
        34,
        35
      ],
      "time_sec": 4.841800928115845
    }
  }
}