{
  "image_index": 73,
  "image_path": "dataset/BDS500/images/val\\38092.jpg",
  "k": 10,
  "strategies": {
    "PA1": {
      "fe_best": 0.04877437289288331,
      "thresholds": [
        1,
        2,
        4,
        6,
        7,
        10,
        19,
        118,
        119,
        122
      ],
      "time_sec": 2.4729714393615723
    },
    "PA2": {
      "fe_best": 0.04883012864025236,
      "thresholds": [
        1,
        2,
        4,
        6,
        9,
        11,
        12,
        14,
        15,
        118
      ],
      "time_sec": 2.4020943641662598
    },
    "PA3": {
      "fe_best": 0.04884025142623111,
      "thresholds": [
        1,
        2,
        3,
        4,
        5,
        6,
        7,
        8,
        9,
        254
      ],
      "time_sec": 2.394827127456665
    },
    "PA4": {
      "fe_best": 0.048830137208338315,
      "thresholds": [
        1,
        2,
        3,
        6,
        7,
        8,
        13,
        15,
        16,
        115
      ],
      "time_sec": 2.350527286529541
    },
    "PA5": {
      "fe_best": 0.04884747052497089,
      "thresholds": [
        1,
        2,
        3,
        4,
        5,
        6,
        7,
        8,
        253,
        254
      ],
      "time_sec": 4.838258266448975
    }
  }
}