{
  "image_index": 71,
  "image_path": "dataset/BDS500/images/val\\376043.jpg",
  "k": 10,
  "strategies": {
    "PA1": {
      "fe_best": 0.046727886795449466,
      "thresholds": [
        1,
        2,
        3,
        4,
        6,
        7,
        8,
        52,
        251,
        252
      ],
      "time_sec": 2.298227071762085
    },
    "PA2": {
      "fe_best": 0.04670671016017834,
      "thresholds": [
        1,
        2,
        3,
        4,
        5,
        6,
        9,
        10,
        173,
        254
      ],
      "time_sec": 2.1973230838775635
    },
    "PA3": {
      "fe_best": 0.04671182945521185,
      "thresholds": [
        1,
        3,
        4,
        5,
        6,
        7,
        8,
        10,
        11,
        174
      ],
      "time_sec": 2.4352641105651855
    },
    "PA4": {
      "fe_best": 0.046691201786256964,
      "thresholds": [
        1,
        2,
        5,
        6,
        7,
        8,
        9,
        10,
        173,
        254
      ],
      "time_sec": 2.494032382965088
    },
    "PA5": {
      "fe_best": 0.046718951522883294,
      "thresholds": [
        1,
        2,
        3,
        4,
        5,
        6,
        9,
        10,
        11,
        174
      ],
      "time_sec": 4.769739627838135
    }
  }
}