{
  "image_index": 77,
  "image_path": "dataset/BDS500/images/val\\42012.jpg",
  "k": 10,
  "strategies": {
    "PA1": {
      "fe_best": 0.048368923987319554,
      "thresholds": [
        1,
        2,
        3,
        4,
        5,
        6,
        7,
        10,
        11,
        50
      ],
      "time_sec": 2.364989995956421
    },
    "PA2": {
      "fe_best": 0.04873351527991579,
      "thresholds": [
        2,
        3,
        4,
        7,
        11,
        12,
        15,
        16,
        19,
        44
      ],
      "time_sec": 2.4136316776275635
    },
    "PA3": {
      "fe_best": 0.051564268619924386,
      "thresholds": [
        239,
        240,
        243,
        246,
        247,
        248,
        250,
        252,
        253,
        254
      ],
      "time_sec": 2.415397882461548
    },
    "PA4": {
      "fe_best": 0.04720200442084724,
      "thresholds": [
        1,
        2,
        4,
        5,
        12,
        53,
        232,
        233,
        253,
        254
      ],
      "time_sec": 2.313904285430908
    },
    "PA5": {
      "fe_best": 0.04735423877491192,
      "thresholds": [
        11,
        12,
        15,
        48,
        226,
        227,
        230,
        235,
        242,
        251
      ],
      "time_sec": 4.802433252334595
    }
  }
}