{
  "image_index": 74,
  "image_path": "dataset/BDS500/images/val\\385039.jpg",
  "k": 10,
  "strategies": {
    "PA1": {
      "fe_best": 0.0495088865416181,
      "thresholds": [
        1,
        2,
        3,
        4,
        115,
        212,
        231,
        232,
        251,
        254
      ],
      "time_sec": 2.434230089187622
    },
    "PA2": {
      "fe_best": 0.04948509117118489,
      "thresholds": [
        1,
        2,
        3,
        8,
        112,
        205,
        243,
        250,
        251,
        254
      ],
      "time_sec": 2.3829362392425537
    },
    "PA3": {
      "fe_best": 0.049441011174883295,
      "thresholds": [
        1,
        3,
        122,
        179,
        186,
        195,
        210,
        211,
        214,
        254
      ],
      "time_sec": 2.387690305709839
    },
    "PA4": {
      "fe_best": 0.049537400875026824,
      "thresholds": [
        1,
        121,
        203,
        204,
        211,
        216,
        227,
        242,
        243,
        254
      ],
      "time_sec": 2.457942008972168
    },
    "PA5": {
      "fe_best": 0.04948977695362394,
      "thresholds": [
        1,
        3,
        4,
        5,
        7,
        112,
        211,
        240,
        243,
        244
      ],
      "time_sec": 4.807451486587524
    }
  }
}