{
  "image_index": 85,
  "image_path": "dataset/BDS500/images/val\\65033.jpg",
  "k": 10,
  "strategies": {
    "PA1": {
      "fe_best": 0.047413990635063526,
      "thresholds": [
        1,
        2,
        3,
        4,
        5,
        7,
        8,
        10,
        251,
        252
      ],
      "time_sec": 2.362126350402832
    },
    "PA2": {
      "fe_best": 0.0474368422619489,
      "thresholds": [
        1,
        2,
        3,
        4,
        5,
        6,
        7,
        12,
        251,
        252
      ],
      "time_sec": 2.2882583141326904
    },
    "PA3": {
      "fe_best": 0.047425536286358455,
      "thresholds": [
        1,
        2,
        3,
        4,
        5,
        7,
        8,
        12,
        251,
        252
      ],
      "time_sec": 2.48685622215271
    },
    "PA4": {
      "fe_best": 0.04748258527833808,
      "thresholds": [
        1,
        2,
        3,
        18,
        243,
        244,
        247,
        250,
        251,
        254
      ],
      "time_sec": 2.4096667766571045
    },
    "PA5": {
      "fe_best": 0.04736750523176083,
      "thresholds": [
        1,
        2,
        3,
        4,
        5,
        6,
        7,
        8,
        13,
        248
      ],
      "time_sec": 4.7670981884002686
    }
  }
}