{
  "image_index": 87,
  "image_path": "dataset/BDS500/images/val\\69015.jpg",
  "k": 10,
  "strategies": {
    "PA1": {
      "fe_best": 0.04798811814712713,
      "thresholds": [
        23,
        26,
        31,
        34,
        39,
        50,
        151,
        162,
        227,
        234
      ],
      "time_sec": 2.3853561878204346
    },
    "PA2": {
      "fe_best": 0.04783619936513692,
      "thresholds": [
        23,
        26,
        39,
        42,
        43,
        161,
        164,
        170,
        229,
        236
      ],
      "time_sec": 2.2427427768707275
    },
    "PA3": {
      "fe_best": 0.048193166665863256,
      "thresholds": [
        1,
        44,
        45,
        48,
        49,
        52,
        141,
        196,
        212,
        254
      ],
      "time_sec": 2.2912769317626953
    },
    "PA4": {
      "fe_best": 0.04842383005992712,
      "thresholds": [
        21,
        28,
        37,
        40,
        45,
        48,
        251,
        252,
        253,
        254
      ],
      "time_sec": 2.3321523666381836
    },
    "PA5": {
      "fe_best": 0.047845226149224845,
      "thresholds": [
        23,
        24,
        27,
        120,
        129,
        132,
        157,
        185,
        252,
        254
      ],
      "time_sec": 4.718863248825073
    }
  }
}