{
  "image_index": 81,
  "image_path": "dataset/BDS500/images/val\\54082.jpg",
  "k": 10,
  "strategies": {
    "PA1": {
      "fe_best": 0.049373943209206524,
      "thresholds": [
        1,
        2,
        3,
        4,
        10,
        12,
        13,
        112,
        253,
        254
      ],
      "time_sec": 2.488381862640381
    },
    "PA2": {
      "fe_best": 0.0494214234980406,
      "thresholds": [
        1,
        2,
        3,
        4,
        6,
        7,
        9,
        10,
        113,
        254
      ],
      "time_sec": 2.4071691036224365
    },
    "PA3": {
      "fe_best": 0.04940303423341813,
      "thresholds": [
        1,
        2,
        5,
        6,
        7,
        8,
        9,
        116,
        253,
        254
      ],
      "time_sec": 2.407390832901001
    },
    "PA4": {
      "fe_best": 0.049419174875646135,
      "thresholds": [
        1,
        3,
        4,
        6,
        7,
        8,
        9,
        10,
        113,
        254
      ],
      "time_sec": 2.3571484088897705
    },
    "PA5": {
      "fe_best": 0.04941554237255355,
      "thresholds": [
        124,
        246,
        247,
        248,
        249,
        250,
        251,
        252,
        253,
        254
      ],
      "time_sec": 5.029618501663208
    }
  }
}