{
  "image_index": 84,
  "image_path": "dataset/BDS500/images/val\\62096.jpg",
  "k": 10,
  "strategies": {
    "PA1": {
      "fe_best": 0.0524140415795886,
      "thresholds": [
        3,
        6,
        10,
        16,
        17,
        35,
        202,
        203,
        218,
        236
      ],
      "time_sec": 2.4238736629486084
    },
    "PA2": {
      "fe_best": 0.05231198833175389,
      "thresholds": [
        3,
        6,
        14,
        18,
        25,
        30,
        199,
        200,
        223,
        234
      ],
      "time_sec": 2.403144121170044
    },
    "PA3": {
      "fe_best": 0.051482351847465115,
      "thresholds": [
        1,
        2,
        4,
        124,
        130,
        162,
        167,
        194,
        231,
        234
      ],
      "time_sec": 2.3581292629241943
    },
    "PA4": {
      "fe_best": 0.05216043360134047,
      "thresholds": [
        57,
        163,
        170,
        179,
        180,
        187,
        202,
        204,
        211,
        234
      ],
      "time_sec": 2.312939405441284
    },
    "PA5": {
      "fe_best": 0.0523388908312095,
      "thresholds": [
        2,
        130,
        138,
        168,
        188,
        213,
        228,
        248,
        251,
        252
      ],
      "time_sec": 4.829265356063843
    }
  }
}