{
  "image_index": 86,
  "image_path": "dataset/BDS500/images/val\\66053.jpg",
  "k": 10,
  "strategies": {
    "PA1": {
      "fe_best": 0.05096546490425309,
      "thresholds": [
        245,
        246,
        247,
        248,
        249,
        250,
        251,
        252,
        253,
        254
      ],
      "time_sec": 2.297287702560425
    },
    "PA2": {
      "fe_best": 0.05096546490425309,
      "thresholds": [
        245,
        246,
        247,
        248,
        249,
        250,
        251,
        252,
        253,
        254
      ],
      "time_sec": 2.44573974609375
    },
    "PA3": {
      "fe_best": 0.05096546490425309,
      "thresholds": [
        245,
        246,
        247,
        248,
        249,
        250,
        251,
        252,
        253,
        254
      ],
      "time_sec": 2.3722288608551025
    },
    "PA4": {
      "fe_best": 0.05096546490425309,
      "thresholds": [
        245,
        246,
        247,
        248,
        249,
        250,
        251,
        252,
        253,
        254
      ],
      "time_sec": 2.3788204193115234
    },
    "PA5": {
      "fe_best": 0.05096546490425309,
      "thresholds": [
        245,
        246,
        247,
        248,
        249,
        250,
        251,
        252,
        253,
        254
      ],
      "time_sec": 4.761597394943237
    }
  }
}