{
  "image_index": 93,
  "image_path": "dataset/BDS500/images/val\\85048.jpg",
  "k": 10,
  "strategies": {
    "PA1": {
      "fe_best": 0.047476333379876216,
      "thresholds": [
        2,
        3,
        9,
        22,
        25,
        26,
        153,
        234,
        235,
        238
      ],
      "time_sec": 2.261033058166504
    },
    "PA2": {
      "fe_best": 0.047308342995174266,
      "thresholds": [
        1,
        2,
        6,
        7,
        12,
        16,
        29,
        146,
        239,
        240
      ],
      "time_sec": 2.2479329109191895
    },
    "PA3": {
      "fe_best": 0.046912340318200234,
      "thresholds": [
        1,
        3,
        108,
        147,
        148,
        151,
        156,
        175,
        243,
        244
      ],
      "time_sec": 2.4442553520202637
    },
    "PA4": {
      "fe_best": 0.04754376256516658,
      "thresholds": [
        60,
        212,
        220,
        225,
        228,
        229,
        232,
        250,
        251,
        254
      ],
      "time_sec": 2.373072862625122
    },
    "PA5": {
      "fe_best": 0.04746445848860435,
      "thresholds": [
        1,
        2,
        5,
        8,
        16,
        25,
        27,
        148,
        239,
        240
      ],
      "time_sec": 4.903228998184204
    }
  }
}