{
  "image_index": 98,
  "image_path": "dataset/BDS500/images/val\\89072.jpg",
  "k": 10,
  "strategies": {
    "PA1": {
      "fe_best": 0.049318677064864036,
      "thresholds": [
        1,
        2,
        7,
        41,
        222,
        225,
        230,
        238,
        242,
        251
      ],
      "time_sec": 2.4152824878692627
    },
    "PA2": {
      "fe_best": 0.049330270989540514,
      "thresholds": [
        1,
        3,
        4,
        5,
        6,
        43,
        222,
        223,
        250,
        254
      ],
      "time_sec": 2.3521740436553955
    },
    "PA3": {
      "fe_best": 0.04931920811095288,
      "thresholds": [
        1,
        2,
        4,
        8,
        14,
        35,
        222,
        223,
        246,
        253
      ],
      "time_sec": 2.2232556343078613
    },
    "PA4": {
      "fe_best": 0.04930847596729513,
      "thresholds": [
        1,
        2,
        4,
        8,
        9,
        10,
        16,
        35,
        220,
        227
      ],
      "time_sec": 2.2688167095184326
    },
    "PA5": {
      "fe_best": 0.04933403919939617,
      "thresholds": [
        1,
        3,
        45,
        220,
        225,
        243,
        246,
        249,
        251,
        254
      ],
      "time_sec": 4.842222213745117
    }
  }
}