{
  "image_index": 99,
  "image_path": "dataset/BDS500/images/val\\97033.jpg",
  "k": 10,
  "strategies": {
    "PA1": {
      "fe_best": 0.04601769771474978,
      "thresholds": [
        1,
        2,
        3,
        4,
        5,
        6,
        7,
        10,
        155,
        244
      ],
      "time_sec": 2.203406572341919
    },
    "PA2": {
      "fe_best": 0.045447626984284915,
      "thresholds": [
        5,
        24,
        37,
        60,
        185,
        201,
        216,
        246,
        251,
        254
      ],
      "time_sec": 2.271091938018799
    },
    "PA3": {
      "fe_best": 0.04668456364877824,
      "thresholds": [
        2,
        3,
        4,
        5,
        6,
        7,
        157,
        240,
        251,
        252
      ],
      "time_sec": 2.314114809036255
    },
    "PA4": {
      "fe_best": 0.04559874193362885,
      "thresholds": [
        6,
        20,
        32,
        65,
        186,
        197,
        198,
        250,
        251,
        254
      ],
      "time_sec": 2.3396434783935547
    },
    "PA5": {
      "fe_best": 0.046395325281683567,
      "thresholds": [
        1,
        2,
        3,
        4,
        7,
        8,
        9,
        156,
        251,
        252
      ],
      "time_sec": 4.699270725250244
    }
  }
}