{
  "image_index": 94,
  "image_path": "dataset/BDS500/images/val\\86000.jpg",
  "k": 10,
  "strategies": {
    "PA1": {
      "fe_best": 0.049159422150178586,
      "thresholds": [
        1,
        2,
        3,
        4,
        5,
        6,
        7,
        8,
        89,
        254
      ],
      "time_sec": 2.433192491531372
    },
    "PA2": {
      "fe_best": 0.049159422150178586,
      "thresholds": [
        1,
        2,
        3,
        4,
        5,
        6,
        7,
        8,
        89,
        254
      ],
      "time_sec": 2.356506586074829
    },
    "PA3": {
      "fe_best": 0.048941394447261394,
      "thresholds": [
        1,
        3,
        4,
        5,
        6,
        26,
        27,
        82,
        253,
        254
      ],
      "time_sec": 2.418858289718628
    },
    "PA4": {
      "fe_best": 0.04884295004390472,
      "thresholds": [
        1,
        2,
        3,
        6,
        20,
        33,
        80,
        252,
        253,
        254
      ],
      "time_sec": 2.5195884704589844
    },
    "PA5": {
      "fe_best": 0.049159422150178586,
      "thresholds": [
        1,
        2,
        3,
        4,
        5,
        6,
        7,
        8,
        89,
        254
      ],
      "time_sec": 5.038559198379517
    }
  }
}