{
  "image_index": 95,
  "image_path": "dataset/BDS500/images/val\\86016.jpg",
  "k": 10,
  "strategies": {
    "PA1": {
      "fe_best": 0.048939253654906076,
      "thresholds": [
        1,
        2,
        3,
        4,
        5,
        6,
        7,
        8,
        9,
        10
      ],
      "time_sec": 2.2718300819396973
    },
    "PA2": {
      "fe_best": 0.048939253654906076,
      "thresholds": [
        1,
        2,
        3,
        4,
        5,
        6,
        7,
        8,
        9,
        10
      ],
      "time_sec": 2.426711082458496
    },
    "PA3": {
      "fe_best": 0.046429515093442154,
      "thresholds": [
        1,
        2,
        24,
        42,
        43,
        208,
        211,
        212,
        215,
        240
      ],
      "time_sec": 2.4461028575897217
    },
    "PA4": {
      "fe_best": 0.048939253654906076,
      "thresholds": [
        1,
        2,
        3,
        4,
        5,
        6,
        7,
        8,
        9,
        10
      ],
      "time_sec": 2.213460922241211
    },
    "PA5": {
      "fe_best": 0.048939253654906076,
      "thresholds": [
        1,
        2,
        3,
        4,
        5,
        6,
        7,
        8,
        9,
        10
      ],
      "time_sec": 4.633983612060547
    }
  }
}