{
  "image_index": 96,
  "image_path": "dataset/BDS500/images/val\\86068.jpg",
  "k": 10,
  "strategies": {
    "PA1": {
      "fe_best": 0.049538531547591094,
      "thresholds": [
        1,
        2,
        3,
        4,
        5,
        6,
        7,
        71,
        253,
        254
      ],
      "time_sec": 2.42329740524292
    },
    "PA2": {
      "fe_best": 0.04953516884673789,
      "thresholds": [
        1,
        2,
        3,
        4,
        5,
        6,
        7,
        8,
        71,
        254
      ],
      "time_sec": 2.357262134552002
    },
    "PA3": {
      "fe_best": 0.04953516884673789,
      "thresholds": [
        1,
        2,
        3,
        4,
        5,
        6,
        7,
        8,
        71,
        254
      ],
      "time_sec": 2.348637819290161
    },
    "PA4": {
      "fe_best": 0.04948630169321361,
      "thresholds": [
        1,
        3,
        5,
        74,
        249,
        250,
        251,
        252,
        253,
        254
      ],
      "time_sec": 2.385499954223633
    },
    "PA5": {
      "fe_best": 0.049538531547591094,
      "thresholds": [
        1,
        2,
        3,
        4,
        5,
        6,
        7,
        71,
        253,
        254
      ],
      "time_sec": 5.075194835662842
    }
  }
}