{
  "algorithm": "OTSU",
  "thresholds": [
    23,
    46,
    70,
    93,
    116,
    139,
    162,
    185,
    209,
    232
  ],
  "best_f": -35.485384096260034,
  "entropy": 35.485384096260034,
  "time": 0.003493785858154297,
  "metrics": {
    "psnr": 31.813728630484533,
    "ssim": 0.9190619183436235,
    "dice": 0.18275336680539506
  }
}