{
  "image_name": "uploaded",
  "timestamp": "2026-04-18T14:10:51.167491",
  "total_time": 18.61475396156311,
  "best_overall_algo": "HYBRID-PA6",
  "best_overall_f": -36.41455332083562,
  "best_overall_entropy": 36.41455332083562,
  "results": {
    "GWO": {
      "entropy": 33.931364365679215,
      "time": 2.0516204833984375,
      "metrics": {
        "psnr": 29.53246015655564,
        "ssim": 0.8226138240910935,
        "dice": 0.2216099962673966
      }
    },
    "WOA": {
      "entropy": 36.404342038388265,
      "time": 2.0067079067230225,
      "metrics": {
        "psnr": 33.20551033153661,
        "ssim": 0.8775340698764059,
        "dice": 0.23344305237217158
      }
    },
    "PSO": {
      "entropy": 36.28690037972796,
      "time": 4.0004401206970215,
      "metrics": {
        "psnr": 32.45318563892704,
        "ssim": 0.8694402277597127,
        "dice": 0.23213328155914276
      }
    },
    "OTSU": {
      "entropy": 35.44330695658944,
      "time": 0.0029981136322021484,
      "metrics": {
        "psnr": 32.48254580585906,
        "ssim": 0.867436236227862,
        "dice": 0.23381281524378852
      }
    },
    "HYBRID-PA5": {
      "entropy": 36.26630975841069,
      "time": 4.2291247844696045,
      "metrics": {
        "psnr": 32.37833541546419,
        "ssim": 0.8683669632311585,
        "dice": 0.24468594584638054
      }
    },
    "HYBRID-PA6": {
      "entropy": 36.41455332083562,
      "time": 2.3363821506500244,
      "metrics": {
        "psnr": 32.94694037207932,
        "ssim": 0.8723921952198394,
        "dice": 0.22069717474264824
      }
    }
  }
}