{
  "algorithm": "HYBRID-PA5",
  "thresholds": [
    7,
    30,
    54,
    80,
    105,
    130,
    154,
    178,
    203,
    229
  ],
  "best_f": -36.84561692601513,
  "entropy": 36.84561692601513,
  "time": 4.821574449539185,
  "metrics": {
    "psnr": 31.34321618447249,
    "ssim": 0.8796413835841612,
    "boundary_dsc": 0.2349977849503196
  }
}