{
  "algorithm": "HYBRID-PA4",
  "thresholds": [
    6,
    18,
    40,
    61,
    83,
    106,
    127,
    151,
    176,
    196
  ],
  "best_f": -0.044573443470999057,
  "entropy": 0.044573443470999057,
  "time": 8.914822340011597,
  "metrics": {
    "psnr": 16.844291544528623,
    "ssim": 0.8129550514130576,
    "dice": 0.14946651532349603
  }
}