{
  "algorithm": "PSO",
  "thresholds": [
    36,
    69,
    93,
    116,
    139,
    162,
    185,
    208,
    231
  ],
  "best_f": -33.94663714686527,
  "entropy": 33.94663714686527,
  "time": 3.7156312465667725,
  "metrics": {
    "psnr": 32.36958394966008,
    "ssim": 0.8667054290672459,
    "dice": 0.2347721007514822
  }
}