{
  "image_name": "uploaded",
  "timestamp": "2026-04-18T13:54:48.306037",
  "total_time": 18.029460668563843,
  "best_overall_algo": "PSO",
  "best_overall_f": -33.94663714686527,
  "best_overall_entropy": 33.94663714686527,
  "results": {
    "GWO": {
      "entropy": 33.866166876698784,
      "time": 2.0809340476989746,
      "metrics": {
        "psnr": 31.234515103413365,
        "ssim": 0.8451489459798256,
        "dice": 0.23729430610164556
      }
    },
    "WOA": {
      "entropy": 33.89472977272007,
      "time": 2.0599844455718994,
      "metrics": {
        "psnr": 31.815855181115612,
        "ssim": 0.8566743423311323,
        "dice": 0.24110139760681168
      }
    },
    "PSO": {
      "entropy": 33.94663714686527,
      "time": 4.005583763122559,
      "metrics": {
        "psnr": 32.36958394966008,
        "ssim": 0.8667054290672459,
        "dice": 0.2347721007514822
      }
    },
    "HYBRID-PA5": {
      "entropy": 33.89728201053598,
      "time": 4.130486488342285,
      "metrics": {
        "psnr": 31.74253864152533,
        "ssim": 0.8543931207384341,
        "dice": 0.2341028756581612
      }
    },
    "HYBRID-PA6": {
      "entropy": 33.935018179646676,
      "time": 2.197265386581421,
      "metrics": {
        "psnr": 32.01325687138937,
        "ssim": 0.8619980133578483,
        "dice": 0.24631782945736433
      }
    }
  }
}