{
  "algorithm": "PSO",
  "thresholds": [
    35,
    63,
    90,
    117,
    144,
    171,
    199,
    227
  ],
  "best_f": -32.68358957118891,
  "entropy": 32.68358957118891,
  "time": 3.5607335567474365,
  "metrics": {
    "psnr": 29.8499551797261,
    "ssim": 0.8520768859058984,
    "dice": 0.2070945710502474
  }
}