{
  "algorithm": "WOA",
  "thresholds": [
    36,
    59,
    76,
    92,
    108,
    123,
    138,
    153,
    168,
    191
  ],
  "best_f": -33.56643882091314,
  "entropy": 33.56643882091314,
  "time": 2.2070436477661133,
  "metrics": {
    "psnr": 35.3699761258835,
    "ssim": 0.8973036754186918,
    "dice": 0.12687636462882096
  }
}