{
  "algorithm": "HYBRID-PA5",
  "thresholds": [
    17,
    51,
    73,
    94,
    115,
    137,
    159,
    182,
    206,
    230
  ],
  "best_f": -36.365815150618914,
  "entropy": 36.365815150618914,
  "time": 31.568538665771484,
  "metrics": {
    "psnr": 31.127500957869792,
    "ssim": 0.8573954500566575,
    "boundary_dsc": 0.21170747659731023
  }
}