{
  "algorithm": "HYBRID-PA5",
  "thresholds": [
    45,
    73,
    93,
    111,
    129,
    148,
    167,
    187,
    209,
    231
  ],
  "best_f": -35.84607174781367,
  "entropy": 35.84607174781367,
  "time": 4.823798656463623,
  "metrics": {
    "psnr": 33.460840537597335,
    "ssim": 0.9291992354803537,
    "dice": 0.15147305666493024
  }
}