{
  "image_name": "uploaded",
  "timestamp": "2026-04-24T16:15:28.745203",
  "total_time": 111.85423684120178,
  "best_overall_algo": "WOA",
  "best_overall_f": -37.2794735973489,
  "best_overall_entropy": 37.2794735973489,
  "results": {
    "GWO": {
      "entropy": 36.80730905695396,
      "time": 15.991850852966309,
      "metrics": {
        "psnr": 31.851916969552512,
        "ssim": 0.9182911683429487,
        "boundary_dsc": 0.16482104729851987
      }
    },
    "WOA": {
      "entropy": 37.2794735973489,
      "time": 15.963070392608643,
      "metrics": {
        "psnr": 31.9636800968258,
        "ssim": 0.9177791509745007,
        "boundary_dsc": 0.163049395710086
      }
    },
    "PSO": {
      "entropy": 37.25554233605934,
      "time": 29.669387102127075,
      "metrics": {
        "psnr": 31.888739090727544,
        "ssim": 0.9162214925214112,
        "boundary_dsc": 0.16453305732599735
      }
    },
    "OTSU": {
      "entropy": 35.8755879628243,
      "time": 0.4490041732788086,
      "metrics": {
        "psnr": 33.68508722993755,
        "ssim": 0.94613009532677,
        "boundary_dsc": 0.1567892216540865
      }
    },
    "HYBRID-PA5": {
      "entropy": 37.26649246522845,
      "time": 30.737993717193604,
      "metrics": {
        "psnr": 31.864030772464083,
        "ssim": 0.9181608660768507,
        "boundary_dsc": 0.16351629985557664
      }
    },
    "HYBRID-PA6": {
      "entropy": 37.06165065628142,
      "time": 15.023798942565918,
      "metrics": {
        "psnr": 32.42806547306786,
        "ssim": 0.9255433990465495,
        "boundary_dsc": 0.16365357898183297
      }
    }
  }
}