{
  "algorithm": "GWO",
  "thresholds": [
    23,
    48,
    74,
    103,
    133,
    163,
    193,
    224
  ],
  "best_f": -32.61945393825099,
  "entropy": 32.61945393825099,
  "time": 1.8865678310394287,
  "metrics": {
    "psnr": 30.51990484627671,
    "ssim": 0.872348949940755,
    "dice": 0.21338536696529034
  }
}