{
  "algorithm": "HYBRID-PA5",
  "thresholds": [
    39,
    67,
    89,
    111,
    132,
    153,
    173,
    193,
    213,
    234
  ],
  "best_f": -36.54701642779634,
  "entropy": 36.54701642779634,
  "time": 33.871079444885254,
  "metrics": {
    "psnr": 31.58239185701621,
    "ssim": 0.8745383764473065,
    "boundary_dsc": 0.09227734543882404
  }
}