{
  "image_index": 5,
  "image_path": "dataset/BDS500/images/val\\106024.jpg",
  "k": 10,
  "strategies": {
    "PA1": {
      "fe_best": 0.04789468928452374,
      "thresholds": [
        1,
        2,
        4,
        7,
        8,
        9,
        11,
        20,
        223,
        224
      ],
      "time_sec": 2.6625123023986816,
      "stability_jitter": {
        "fe_mean": 0.047780024349254886,
        "fe_std": 6.339414860036291e-05,
        "fe_min": 0.04765220232723158,
        "fe_max": 0.04789468928452374,
        "fe_original": 0.04789468928452374
      },
      "stability_convergence": {
        "fe_last_mean": 0.047875821318253874,
        "fe_last_std": 1.2351983377359608e-05,
        "fe_improvement": 0.0013092709406703276,
        "fe_first": 0.046585418343853414,
        "fe_last": 0.04789468928452374
      }
    },
    "PA2": {
      "fe_best": 0.04790197433592802,
      "thresholds": [
        1,
        2,
        4,
        5,
        7,
        8,
        10,
        20,
        223,
        224
      ],
      "time_sec": 2.6659586429595947,
      "stability_jitter": {
        "fe_mean": 0.04779110047619062,
        "fe_std": 6.361340556701235e-05,
        "fe_min": 0.04765384536137383,
        "fe_max": 0.04790197433592802,
        "fe_original": 0.04790197433592802
      },
      "stability_convergence": {
        "fe_last_mean": 0.04790197433592802,
        "fe_last_std": 0.0,
        "fe_improvement": 0.001316555992074607,
        "fe_first": 0.046585418343853414,
        "fe_last": 0.04790197433592802
      }
    },
    "PA3": {
      "fe_best": 0.048199269095070434,
      "thresholds": [
        1,
        2,
        3,
        4,
        5,
        7,
        227,
        228,
        231,
        232
      ],
      "time_sec": 2.518893241882324,
      "stability_jitter": {
        "fe_mean": 0.04756662316230799,
        "fe_std": 0.00032979872941459124,
        "fe_min": 0.04691435675985343,
        "fe_max": 0.048199269095070434,
        "fe_original": 0.048199269095070434
      },
      "stability_convergence": {
        "fe_last_mean": 0.048199269095070434,
        "fe_last_std": 0.0,
        "fe_improvement": 0.0016138507512170192,
        "fe_first": 0.046585418343853414,
        "fe_last": 0.048199269095070434
      }
    },
    "PA4": {
      "fe_best": 0.047650325456041046,
      "thresholds": [
        2,
        4,
        6,
        7,
        19,
        21,
        63,
        66,
        203,
        228
      ],
      "time_sec": 2.625488758087158,
      "stability_jitter": {
        "fe_mean": 0.04756258830368277,
        "fe_std": 5.1920789555661476e-05,
        "fe_min": 0.047464162417691184,
        "fe_max": 0.047650325456041046,
        "fe_original": 0.047650325456041046
      },
      "stability_convergence": {
        "fe_last_mean": 0.047648559762131885,
        "fe_last_std": 1.7656939091566237e-06,
        "fe_improvement": 0.001064907112187631,
        "fe_first": 0.046585418343853414,
        "fe_last": 0.047650325456041046
      }
    },
    "PA5": {
      "fe_best": 0.04766005837611681,
      "thresholds": [
        1,
        2,
        5,
        7,
        12,
        19,
        59,
        60,
        207,
        228
      ],
      "time_sec": 5.116081714630127,
      "stability_jitter": {
        "fe_mean": 0.047555607080059105,
        "fe_std": 5.487074681874769e-05,
        "fe_min": 0.0474437173052997,
        "fe_max": 0.04766005837611681,
        "fe_original": 0.04766005837611681
      },
      "stability_convergence": {
        "fe_last_mean": 0.047653388951283515,
        "fe_last_std": 4.850022924779798e-06,
        "fe_improvement": 0.0010292289931791224,
        "fe_first": 0.04663082938293769,
        "fe_last": 0.04766005837611681
      }
    }
  }
}