{
  "image_index": 2,
  "image_path": "dataset/BDS500/images/val\\102061.jpg",
  "k": 10,
  "strategies": {
    "PA1": {
      "fe_best": 0.04825499750995407,
      "thresholds": [
        1,
        3,
        6,
        12,
        20,
        55,
        225,
        226,
        243,
        246
      ],
      "time_sec": 2.7331159114837646,
      "stability_jitter": {
        "fe_mean": 0.048167261587332214,
        "fe_std": 4.298833897465187e-05,
        "fe_min": 0.048065527655066734,
        "fe_max": 0.04825499750995407,
        "fe_original": 0.04825499750995407
      },
      "stability_convergence": {
        "fe_last_mean": 0.048242630197841196,
        "fe_last_std": 8.096306271488522e-06,
        "fe_improvement": 0.002182374567529989,
        "fe_first": 0.046072622942424084,
        "fe_last": 0.04825499750995407
      }
    },
    "PA2": {
      "fe_best": 0.04797134262106587,
      "thresholds": [
        1,
        2,
        5,
        6,
        7,
        10,
        12,
        13,
        64,
        212
      ],
      "time_sec": 2.5937976837158203,
      "stability_jitter": {
        "fe_mean": 0.04795091875842215,
        "fe_std": 3.5058164200258095e-05,
        "fe_min": 0.04785255727948821,
        "fe_max": 0.047991832810713404,
        "fe_original": 0.04797134262106587
      },
      "stability_convergence": {
        "fe_last_mean": 0.04797134262106588,
        "fe_last_std": 6.938893903907228e-18,
        "fe_improvement": 0.0018987196786417887,
        "fe_first": 0.046072622942424084,
        "fe_last": 0.04797134262106587
      }
    },
    "PA3": {
      "fe_best": 0.048400943874081254,
      "thresholds": [
        1,
        3,
        5,
        6,
        7,
        9,
        66,
        222,
        223,
        226
      ],
      "time_sec": 2.5139927864074707,
      "stability_jitter": {
        "fe_mean": 0.0483173888201354,
        "fe_std": 3.8263537016630094e-05,
        "fe_min": 0.048249741763513224,
        "fe_max": 0.048400943874081254,
        "fe_original": 0.048400943874081254
      },
      "stability_convergence": {
        "fe_last_mean": 0.04840035444724505,
        "fe_last_std": 3.8587044193021313e-07,
        "fe_improvement": 0.00232832093165717,
        "fe_first": 0.046072622942424084,
        "fe_last": 0.048400943874081254
      }
    },
    "PA4": {
      "fe_best": 0.04846589321937755,
      "thresholds": [
        1,
        2,
        9,
        64,
        220,
        229,
        232,
        242,
        243,
        246
      ],
      "time_sec": 2.7274508476257324,
      "stability_jitter": {
        "fe_mean": 0.048339189899497634,
        "fe_std": 6.39948037928464e-05,
        "fe_min": 0.04819552339696956,
        "fe_max": 0.04846589321937755,
        "fe_original": 0.04846589321937755
      },
      "stability_convergence": {
        "fe_last_mean": 0.04843775398663967,
        "fe_last_std": 2.8139232737870584e-05,
        "fe_improvement": 0.002393270276953463,
        "fe_first": 0.046072622942424084,
        "fe_last": 0.04846589321937755
      }
    },
    "PA5": {
      "fe_best": 0.048427773999751365,
      "thresholds": [
        1,
        2,
        3,
        4,
        6,
        7,
        66,
        222,
        223,
        242
      ],
      "time_sec": 5.490708351135254,
      "stability_jitter": {
        "fe_mean": 0.048375773222495824,
        "fe_std": 2.4026264589273946e-05,
        "fe_min": 0.048320001200513815,
        "fe_max": 0.048427773999751365,
        "fe_original": 0.048427773999751365
      },
      "stability_convergence": {
        "fe_last_mean": 0.0484259294040993,
        "fe_last_std": 1.5550462866041284e-06,
        "fe_improvement": 0.002193707238863696,
        "fe_first": 0.04623406676088767,
        "fe_last": 0.048427773999751365
      }
    }
  }
}