{
  "image_index": 7,
  "image_path": "dataset/BDS500/images/val\\108070.jpg",
  "k": 10,
  "strategies": {
    "PA1": {
      "fe_best": 0.04884924248462495,
      "thresholds": [
        1,
        2,
        3,
        4,
        5,
        32,
        249,
        250,
        253,
        254
      ],
      "time_sec": 2.6528358459472656,
      "stability_jitter": {
        "fe_mean": 0.048681604394620874,
        "fe_std": 6.834696423268968e-05,
        "fe_min": 0.048561040712837907,
        "fe_max": 0.04884924248462495,
        "fe_original": 0.04884924248462495
      },
      "stability_convergence": {
        "fe_last_mean": 0.04884924248462495,
        "fe_last_std": 0.0,
        "fe_improvement": 0.0010430559037120646,
        "fe_first": 0.04780618658091289,
        "fe_last": 0.04884924248462495
      }
    },
    "PA2": {
      "fe_best": 0.04871183128875499,
      "thresholds": [
        4,
        35,
        243,
        244,
        245,
        248,
        249,
        250,
        251,
        254
      ],
      "time_sec": 2.585355043411255,
      "stability_jitter": {
        "fe_mean": 0.04857012601827733,
        "fe_std": 0.00010234451468069931,
        "fe_min": 0.04829823594259456,
        "fe_max": 0.048713569897117816,
        "fe_original": 0.04871183128875499
      },
      "stability_convergence": {
        "fe_last_mean": 0.04871183128875499,
        "fe_last_std": 0.0,
        "fe_improvement": 0.0009056447078421015,
        "fe_first": 0.04780618658091289,
        "fe_last": 0.04871183128875499
      }
    },
    "PA3": {
      "fe_best": 0.04868504858680437,
      "thresholds": [
        4,
        37,
        240,
        242,
        243,
        246,
        247,
        248,
        251,
        252
      ],
      "time_sec": 2.725261926651001,
      "stability_jitter": {
        "fe_mean": 0.04841382319170959,
        "fe_std": 0.00013537892038795283,
        "fe_min": 0.048202632431594054,
        "fe_max": 0.04868504858680437,
        "fe_original": 0.04868504858680437
      },
      "stability_convergence": {
        "fe_last_mean": 0.04866855580324299,
        "fe_last_std": 5.497594520460086e-06,
        "fe_improvement": 0.0008788620058914828,
        "fe_first": 0.04780618658091289,
        "fe_last": 0.04868504858680437
      }
    },
    "PA4": {
      "fe_best": 0.04873097639096738,
      "thresholds": [
        5,
        32,
        243,
        244,
        245,
        246,
        247,
        250,
        251,
        254
      ],
      "time_sec": 2.9102039337158203,
      "stability_jitter": {
        "fe_mean": 0.04855629059732483,
        "fe_std": 7.547725652535317e-05,
        "fe_min": 0.0484347160345114,
        "fe_max": 0.04873097639096738,
        "fe_original": 0.04873097639096738
      },
      "stability_convergence": {
        "fe_last_mean": 0.04864654485435469,
        "fe_last_std": 7.438684404186914e-05,
        "fe_improvement": 0.000924789810054491,
        "fe_first": 0.04780618658091289,
        "fe_last": 0.04873097639096738
      }
    },
    "PA5": {
      "fe_best": 0.04887695700986173,
      "thresholds": [
        1,
        2,
        3,
        4,
        5,
        33,
        247,
        250,
        251,
        254
      ],
      "time_sec": 5.358431816101074,
      "stability_jitter": {
        "fe_mean": 0.04864406534188676,
        "fe_std": 0.0001029811834500574,
        "fe_min": 0.04843527515797924,
        "fe_max": 0.04887695700986173,
        "fe_original": 0.04887695700986173
      },
      "stability_convergence": {
        "fe_last_mean": 0.04886032829471966,
        "fe_last_std": 1.3577289058717575e-05,
        "fe_improvement": 0.0010707704289488404,
        "fe_first": 0.04780618658091289,
        "fe_last": 0.04887695700986173
      }
    }
  }
}