{
  "image_index": 8,
  "image_path": "dataset/BDS500/images/val\\108082.jpg",
  "k": 10,
  "strategies": {
    "PA1": {
      "fe_best": 0.05121846485196681,
      "thresholds": [
        1,
        2,
        4,
        5,
        7,
        242,
        243,
        246,
        247,
        250
      ],
      "time_sec": 2.872161865234375,
      "stability_jitter": {
        "fe_mean": 0.05103809460365111,
        "fe_std": 6.491875537846596e-05,
        "fe_min": 0.05092441126777072,
        "fe_max": 0.05121846485196681,
        "fe_original": 0.05121846485196681
      },
      "stability_convergence": {
        "fe_last_mean": 0.05121846485196681,
        "fe_last_std": 0.0,
        "fe_improvement": 0.0009527317611323222,
        "fe_first": 0.050265733090834486,
        "fe_last": 0.05121846485196681
      }
    },
    "PA2": {
      "fe_best": 0.05271707058302219,
      "thresholds": [
        193,
        196,
        213,
        218,
        221,
        230,
        247,
        250,
        251,
        254
      ],
      "time_sec": 2.738762140274048,
      "stability_jitter": {
        "fe_mean": 0.05250722306085498,
        "fe_std": 8.827744005648232e-05,
        "fe_min": 0.05235607469811281,
        "fe_max": 0.05271707058302219,
        "fe_original": 0.05271707058302219
      },
      "stability_convergence": {
        "fe_last_mean": 0.0527170705830222,
        "fe_last_std": 6.938893903907228e-18,
        "fe_improvement": 0.00045662204214845514,
        "fe_first": 0.052260448540873736,
        "fe_last": 0.05271707058302219
      }
    },
    "PA3": {
      "fe_best": 0.05274878004587965,
      "thresholds": [
        179,
        186,
        187,
        190,
        243,
        246,
        247,
        250,
        251,
        254
      ],
      "time_sec": 2.7191996574401855,
      "stability_jitter": {
        "fe_mean": 0.052489291603595375,
        "fe_std": 0.00010020087678440682,
        "fe_min": 0.052337531100052265,
        "fe_max": 0.05274878004587965,
        "fe_original": 0.05274878004587965
      },
      "stability_convergence": {
        "fe_last_mean": 0.052723449292289504,
        "fe_last_std": 9.641274862410133e-06,
        "fe_improvement": 0.0024830469550451637,
        "fe_first": 0.050265733090834486,
        "fe_last": 0.05274878004587965
      }
    },
    "PA4": {
      "fe_best": 0.05270919798482191,
      "thresholds": [
        203,
        207,
        226,
        238,
        243,
        246,
        247,
        250,
        251,
        254
      ],
      "time_sec": 2.6423306465148926,
      "stability_jitter": {
        "fe_mean": 0.05247619311577203,
        "fe_std": 9.40356767398683e-05,
        "fe_min": 0.052304796468667925,
        "fe_max": 0.05270919798482191,
        "fe_original": 0.05270919798482191
      },
      "stability_convergence": {
        "fe_last_mean": 0.05270631234157765,
        "fe_last_std": 2.3561178427146153e-06,
        "fe_improvement": 0.0004487494439481751,
        "fe_first": 0.052260448540873736,
        "fe_last": 0.05270919798482191
      }
    },
    "PA5": {
      "fe_best": 0.05273275902162394,
      "thresholds": [
        193,
        206,
        233,
        242,
        243,
        246,
        247,
        250,
        251,
        254
      ],
      "time_sec": 5.407330751419067,
      "stability_jitter": {
        "fe_mean": 0.05249756374321681,
        "fe_std": 9.028687734046827e-05,
        "fe_min": 0.052351955306916095,
        "fe_max": 0.05273275902162394,
        "fe_original": 0.05273275902162394
      },
      "stability_convergence": {
        "fe_last_mean": 0.05273275902162394,
        "fe_last_std": 0.0,
        "fe_improvement": 0.0016446330414940785,
        "fe_first": 0.051088125980129864,
        "fe_last": 0.05273275902162394
      }
    }
  }
}