{
  "image_index": 3,
  "image_path": "dataset/BDS500/images/val\\103070.jpg",
  "k": 10,
  "strategies": {
    "PA1": {
      "fe_best": 0.047284538176911244,
      "thresholds": [
        1,
        3,
        8,
        9,
        11,
        44,
        195,
        196,
        215,
        250
      ],
      "time_sec": 2.7367136478424072,
      "stability_jitter": {
        "fe_mean": 0.0472462927335515,
        "fe_std": 1.5195621093579854e-05,
        "fe_min": 0.047218344327336806,
        "fe_max": 0.047284538176911244,
        "fe_original": 0.047284538176911244
      },
      "stability_convergence": {
        "fe_last_mean": 0.04728354716895962,
        "fe_last_std": 9.91007951627737e-07,
        "fe_improvement": 0.0004235194238878248,
        "fe_first": 0.04686101875302342,
        "fe_last": 0.047284538176911244
      }
    },
    "PA2": {
      "fe_best": 0.04730341874515652,
      "thresholds": [
        5,
        50,
        189,
        190,
        201,
        209,
        210,
        221,
        233,
        254
      ],
      "time_sec": 2.7072436809539795,
      "stability_jitter": {
        "fe_mean": 0.0472454628724082,
        "fe_std": 2.3384829173867098e-05,
        "fe_min": 0.04720193542448152,
        "fe_max": 0.04730341874515652,
        "fe_original": 0.04730341874515652
      },
      "stability_convergence": {
        "fe_last_mean": 0.04730341874515652,
        "fe_last_std": 0.0,
        "fe_improvement": 0.00043258521926807514,
        "fe_first": 0.046870833525888445,
        "fe_last": 0.04730341874515652
      }
    },
    "PA3": {
      "fe_best": 0.047288396307191054,
      "thresholds": [
        1,
        2,
        3,
        5,
        6,
        7,
        50,
        187,
        194,
        243
      ],
      "time_sec": 2.8681089878082275,
      "stability_jitter": {
        "fe_mean": 0.047238465867403025,
        "fe_std": 2.477870104136884e-05,
        "fe_min": 0.04717870067002319,
        "fe_max": 0.047288396307191054,
        "fe_original": 0.047288396307191054
      },
      "stability_convergence": {
        "fe_last_mean": 0.04728294934537965,
        "fe_last_std": 2.8658331093067385e-06,
        "fe_improvement": 0.000427377554167635,
        "fe_first": 0.04686101875302342,
        "fe_last": 0.047288396307191054
      }
    },
    "PA4": {
      "fe_best": 0.047293122246123614,
      "thresholds": [
        1,
        2,
        55,
        186,
        191,
        194,
        199,
        246,
        247,
        252
      ],
      "time_sec": 3.0499961376190186,
      "stability_jitter": {
        "fe_mean": 0.0472128961405072,
        "fe_std": 3.948978390722221e-05,
        "fe_min": 0.04714985588119776,
        "fe_max": 0.047293122246123614,
        "fe_original": 0.047293122246123614
      },
      "stability_convergence": {
        "fe_last_mean": 0.04728976814418704,
        "fe_last_std": 4.087686227882327e-06,
        "fe_improvement": 0.00042228872023516995,
        "fe_first": 0.046870833525888445,
        "fe_last": 0.047293122246123614
      }
    },
    "PA5": {
      "fe_best": 0.0473017238474568,
      "thresholds": [
        1,
        3,
        4,
        51,
        188,
        189,
        200,
        201,
        212,
        234
      ],
      "time_sec": 5.611275911331177,
      "stability_jitter": {
        "fe_mean": 0.0472423839676121,
        "fe_std": 2.8653158181806942e-05,
        "fe_min": 0.047188262546351264,
        "fe_max": 0.0473017238474568,
        "fe_original": 0.0473017238474568
      },
      "stability_convergence": {
        "fe_last_mean": 0.04728775459017011,
        "fe_last_std": 1.0339839636813663e-05,
        "fe_improvement": 0.00029264782806069645,
        "fe_first": 0.04700907601939611,
        "fe_last": 0.0473017238474568
      }
    }
  }
}