{
  "image_index": 6,
  "image_path": "dataset/BDS500/images/val\\108005.jpg",
  "k": 10,
  "strategies": {
    "PA1": {
      "fe_best": 0.0481181854708497,
      "thresholds": [
        1,
        2,
        3,
        4,
        5,
        6,
        7,
        8,
        9,
        37
      ],
      "time_sec": 2.646064281463623,
      "stability_jitter": {
        "fe_mean": 0.04805365933848605,
        "fe_std": 3.261146492456045e-05,
        "fe_min": 0.04800563505158822,
        "fe_max": 0.0481181854708497,
        "fe_original": 0.0481181854708497
      },
      "stability_convergence": {
        "fe_last_mean": 0.04811818547084969,
        "fe_last_std": 6.938893903907228e-18,
        "fe_improvement": 0.0013896100226332211,
        "fe_first": 0.04672857544821648,
        "fe_last": 0.0481181854708497
      }
    },
    "PA2": {
      "fe_best": 0.047914912096862265,
      "thresholds": [
        1,
        2,
        61,
        241,
        243,
        244,
        247,
        248,
        251,
        252
      ],
      "time_sec": 2.652229070663452,
      "stability_jitter": {
        "fe_mean": 0.04774911351797129,
        "fe_std": 7.826326578994885e-05,
        "fe_min": 0.04757544691336949,
        "fe_max": 0.047914912096862265,
        "fe_original": 0.047914912096862265
      },
      "stability_convergence": {
        "fe_last_mean": 0.047865167678164136,
        "fe_last_std": 2.4877440087128207e-05,
        "fe_improvement": 0.0002605561344132881,
        "fe_first": 0.04765435596244898,
        "fe_last": 0.047914912096862265
      }
    },
    "PA3": {
      "fe_best": 0.04807401867984627,
      "thresholds": [
        4,
        41,
        244,
        245,
        246,
        247,
        248,
        249,
        251,
        252
      ],
      "time_sec": 2.5726089477539062,
      "stability_jitter": {
        "fe_mean": 0.047940968981474784,
        "fe_std": 8.852798240603163e-05,
        "fe_min": 0.04780542286005425,
        "fe_max": 0.04812176315189013,
        "fe_original": 0.04807401867984627
      },
      "stability_convergence": {
        "fe_last_mean": 0.048047039089241954,
        "fe_last_std": 2.181658491423065e-05,
        "fe_improvement": 0.0013454432316297935,
        "fe_first": 0.04672857544821648,
        "fe_last": 0.04807401867984627
      }
    },
    "PA4": {
      "fe_best": 0.04807545033129658,
      "thresholds": [
        4,
        44,
        245,
        246,
        247,
        248,
        249,
        250,
        251,
        254
      ],
      "time_sec": 2.6014444828033447,
      "stability_jitter": {
        "fe_mean": 0.04795479414220883,
        "fe_std": 8.352090039086217e-05,
        "fe_min": 0.04782636349864813,
        "fe_max": 0.04807759428874141,
        "fe_original": 0.04807545033129658
      },
      "stability_convergence": {
        "fe_last_mean": 0.04803284416577893,
        "fe_last_std": 4.051272073341664e-05,
        "fe_improvement": 0.0004210943688476021,
        "fe_first": 0.04765435596244898,
        "fe_last": 0.04807545033129658
      }
    },
    "PA5": {
      "fe_best": 0.048217473260783746,
      "thresholds": [
        1,
        2,
        43,
        246,
        247,
        248,
        249,
        250,
        251,
        254
      ],
      "time_sec": 5.151977777481079,
      "stability_jitter": {
        "fe_mean": 0.04809435598457033,
        "fe_std": 5.465627655857722e-05,
        "fe_min": 0.047984677341658934,
        "fe_max": 0.048217473260783746,
        "fe_original": 0.048217473260783746
      },
      "stability_convergence": {
        "fe_last_mean": 0.04818883146377957,
        "fe_last_std": 2.696609987265669e-05,
        "fe_improvement": 0.0014888978125672664,
        "fe_first": 0.04672857544821648,
        "fe_last": 0.048217473260783746
      }
    }
  }
}