{
  "image_index": 1,
  "image_path": "dataset/BDS500/images/val\\101087.jpg",
  "k": 10,
  "strategies": {
    "PA1": {
      "fe_best": 0.03541933913700316,
      "thresholds": [
        1,
        2,
        6,
        9,
        16,
        20,
        78,
        231,
        251,
        252
      ],
      "time_sec": 2.7349138259887695,
      "stability_jitter": {
        "fe_mean": 0.034647508224832105,
        "fe_std": 0.0005320090489738019,
        "fe_min": 0.03376179791613412,
        "fe_max": 0.035426838801963303,
        "fe_original": 0.03541933913700316
      },
      "stability_convergence": {
        "fe_last_mean": 0.03536729721812541,
        "fe_last_std": 2.4163573693449146e-05,
        "fe_improvement": 0.0011409819035877664,
        "fe_first": 0.034278357233415394,
        "fe_last": 0.03541933913700316
      }
    },
    "PA2": {
      "fe_best": 0.035355211240611494,
      "thresholds": [
        1,
        7,
        9,
        12,
        14,
        86,
        211,
        248,
        251,
        252
      ],
      "time_sec": 2.937033176422119,
      "stability_jitter": {
        "fe_mean": 0.03442478404642977,
        "fe_std": 0.0005958523661711552,
        "fe_min": 0.033327865755037475,
        "fe_max": 0.035355211240611494,
        "fe_original": 0.035355211240611494
      },
      "stability_convergence": {
        "fe_last_mean": 0.035237580621284445,
        "fe_last_std": 0.00010134917885205039,
        "fe_improvement": 0.0010768540071961,
        "fe_first": 0.034278357233415394,
        "fe_last": 0.035355211240611494
      }
    },
    "PA3": {
      "fe_best": 0.0352867251393394,
      "thresholds": [
        1,
        2,
        3,
        4,
        7,
        8,
        19,
        76,
        235,
        246
      ],
      "time_sec": 2.96562123298645,
      "stability_jitter": {
        "fe_mean": 0.035187712991315394,
        "fe_std": 4.710504619883579e-05,
        "fe_min": 0.03511614975123125,
        "fe_max": 0.0352867251393394,
        "fe_original": 0.0352867251393394
      },
      "stability_convergence": {
        "fe_last_mean": 0.03526994441236636,
        "fe_last_std": 1.1354546729832724e-05,
        "fe_improvement": 0.0010083679059240055,
        "fe_first": 0.034278357233415394,
        "fe_last": 0.0352867251393394
      }
    },
    "PA4": {
      "fe_best": 0.03542350437011501,
      "thresholds": [
        5,
        11,
        191,
        198,
        203,
        228,
        247,
        250,
        251,
        254
      ],
      "time_sec": 2.8262226581573486,
      "stability_jitter": {
        "fe_mean": 0.0345972778808462,
        "fe_std": 0.0004527746769049353,
        "fe_min": 0.03368826940068544,
        "fe_max": 0.03542350437011501,
        "fe_original": 0.03542350437011501
      },
      "stability_convergence": {
        "fe_last_mean": 0.035423504370115,
        "fe_last_std": 6.938893903907228e-18,
        "fe_improvement": 0.001145147136699616,
        "fe_first": 0.034278357233415394,
        "fe_last": 0.03542350437011501
      }
    },
    "PA5": {
      "fe_best": 0.0353792817619972,
      "thresholds": [
        3,
        8,
        11,
        36,
        44,
        153,
        247,
        248,
        251,
        252
      ],
      "time_sec": 5.420124053955078,
      "stability_jitter": {
        "fe_mean": 0.03432179274651736,
        "fe_std": 0.0006358235113327564,
        "fe_min": 0.033205353573930396,
        "fe_max": 0.0353792817619972,
        "fe_original": 0.0353792817619972
      },
      "stability_convergence": {
        "fe_last_mean": 0.035353487693998084,
        "fe_last_std": 5.1622113359638084e-05,
        "fe_improvement": 0.0008777124625447483,
        "fe_first": 0.03450156929945245,
        "fe_last": 0.0353792817619972
      }
    }
  }
}