{
  "image_index": 0,
  "image_path": "dataset/BDS500/images/val\\101085.jpg",
  "k": 10,
  "strategies": {
    "PA1": {
      "fe_best": 0.04663031705526985,
      "thresholds": [
        1,
        8,
        9,
        12,
        13,
        48,
        248,
        250,
        251,
        254
      ],
      "time_sec": 2.776535749435425,
      "stability_jitter": {
        "fe_mean": 0.04594963240241801,
        "fe_std": 0.00021312134251451359,
        "fe_min": 0.04548450700743728,
        "fe_max": 0.04663031705526985,
        "fe_original": 0.04663031705526985
      },
      "stability_convergence": {
        "fe_last_mean": 0.046630317055269856,
        "fe_last_std": 6.938893903907228e-18,
        "fe_improvement": 0.0017682794264351903,
        "fe_first": 0.04486203762883466,
        "fe_last": 0.04663031705526985
      }
    },
    "PA2": {
      "fe_best": 0.04642325007390139,
      "thresholds": [
        3,
        60,
        243,
        245,
        246,
        248,
        249,
        250,
        251,
        254
      ],
      "time_sec": 2.4534647464752197,
      "stability_jitter": {
        "fe_mean": 0.046161533540243375,
        "fe_std": 0.00014591743256488297,
        "fe_min": 0.04579434764261797,
        "fe_max": 0.04642325007390139,
        "fe_original": 0.04642325007390139
      },
      "stability_convergence": {
        "fe_last_mean": 0.0464232500739014,
        "fe_last_std": 6.938893903907228e-18,
        "fe_improvement": 0.0007270264851688621,
        "fe_first": 0.04569622358873253,
        "fe_last": 0.04642325007390139
      }
    },
    "PA3": {
      "fe_best": 0.04618042209640279,
      "thresholds": [
        6,
        55,
        238,
        239,
        242,
        246,
        249,
        250,
        251,
        254
      ],
      "time_sec": 2.479884624481201,
      "stability_jitter": {
        "fe_mean": 0.045930303464921086,
        "fe_std": 0.00012546834601156624,
        "fe_min": 0.045717826878626834,
        "fe_max": 0.04618042209640279,
        "fe_original": 0.04618042209640279
      },
      "stability_convergence": {
        "fe_last_mean": 0.04613081592904645,
        "fe_last_std": 5.256818484900047e-05,
        "fe_improvement": 0.0013183844675681289,
        "fe_first": 0.04486203762883466,
        "fe_last": 0.04618042209640279
      }
    },
    "PA4": {
      "fe_best": 0.04640546472435725,
      "thresholds": [
        1,
        2,
        53,
        243,
        245,
        246,
        249,
        250,
        251,
        254
      ],
      "time_sec": 2.4572947025299072,
      "stability_jitter": {
        "fe_mean": 0.0461833860701029,
        "fe_std": 0.00011344885451109055,
        "fe_min": 0.04599915076672608,
        "fe_max": 0.04640546472435725,
        "fe_original": 0.04640546472435725
      },
      "stability_convergence": {
        "fe_last_mean": 0.04633937064493236,
        "fe_last_std": 8.221051285491906e-05,
        "fe_improvement": 0.0007092411356247191,
        "fe_first": 0.04569622358873253,
        "fe_last": 0.04640546472435725
      }
    },
    "PA5": {
      "fe_best": 0.04679389412429796,
      "thresholds": [
        1,
        2,
        5,
        6,
        9,
        10,
        13,
        50,
        251,
        252
      ],
      "time_sec": 5.181623220443726,
      "stability_jitter": {
        "fe_mean": 0.045813072918572825,
        "fe_std": 0.00047828177466976215,
        "fe_min": 0.044534176581659916,
        "fe_max": 0.04679389412429796,
        "fe_original": 0.04679389412429796
      },
      "stability_convergence": {
        "fe_last_mean": 0.04679389412429796,
        "fe_last_std": 0.0,
        "fe_improvement": 0.001931856495463305,
        "fe_first": 0.04486203762883466,
        "fe_last": 0.04679389412429796
      }
    }
  }
}