{
  "image_index": 19,
  "image_path": "dataset/BDS500/images/val\\147091.jpg",
  "k": 10,
  "strategies": {
    "PA1": {
      "fe_best": 0.04986152112076357,
      "thresholds": [
        90,
        93,
        94,
        97,
        98,
        113,
        127,
        250,
        253,
        254
      ],
      "time_sec": 2.641416549682617,
      "stability_jitter": {
        "fe_mean": 0.049439805402318904,
        "fe_std": 0.0001572893923329128,
        "fe_min": 0.049188445668608936,
        "fe_max": 0.04986152112076357,
        "fe_original": 0.04986152112076357
      },
      "stability_convergence": {
        "fe_last_mean": 0.049804489742094976,
        "fe_last_std": 2.7169362904269485e-05,
        "fe_improvement": 0.0017178336504806713,
        "fe_first": 0.0481436874702829,
        "fe_last": 0.04986152112076357
      }
    },
    "PA2": {
      "fe_best": 0.04981803259416791,
      "thresholds": [
        137,
        188,
        239,
        242,
        243,
        246,
        247,
        250,
        251,
        254
      ],
      "time_sec": 2.619215250015259,
      "stability_jitter": {
        "fe_mean": 0.04960155087541309,
        "fe_std": 8.593528618670242e-05,
        "fe_min": 0.04942672936136262,
        "fe_max": 0.04981803259416791,
        "fe_original": 0.04981803259416791
      },
      "stability_convergence": {
        "fe_last_mean": 0.04981803259416791,
        "fe_last_std": 0.0,
        "fe_improvement": 0.0008644769097010535,
        "fe_first": 0.048953555684466854,
        "fe_last": 0.04981803259416791
      }
    },
    "PA3": {
      "fe_best": 0.04993980256832251,
      "thresholds": [
        86,
        87,
        101,
        108,
        109,
        112,
        113,
        116,
        125,
        252
      ],
      "time_sec": 2.6601123809814453,
      "stability_jitter": {
        "fe_mean": 0.04931886239752611,
        "fe_std": 0.000260690186506677,
        "fe_min": 0.048820658122516215,
        "fe_max": 0.04993980256832251,
        "fe_original": 0.04993980256832251
      },
      "stability_convergence": {
        "fe_last_mean": 0.04993980256832252,
        "fe_last_std": 6.938893903907228e-18,
        "fe_improvement": 0.001796115098039612,
        "fe_first": 0.0481436874702829,
        "fe_last": 0.04993980256832251
      }
    },
    "PA4": {
      "fe_best": 0.049745181875113974,
      "thresholds": [
        129,
        196,
        234,
        239,
        242,
        243,
        246,
        248,
        253,
        254
      ],
      "time_sec": 2.8437628746032715,
      "stability_jitter": {
        "fe_mean": 0.049565851377265095,
        "fe_std": 8.553686112231607e-05,
        "fe_min": 0.049424307938085915,
        "fe_max": 0.049745181875113974,
        "fe_original": 0.049745181875113974
      },
      "stability_convergence": {
        "fe_last_mean": 0.0497225949229119,
        "fe_last_std": 3.662211411174044e-05,
        "fe_improvement": 0.0007916261906471198,
        "fe_first": 0.048953555684466854,
        "fe_last": 0.049745181875113974
      }
    },
    "PA5": {
      "fe_best": 0.04972284659261249,
      "thresholds": [
        122,
        205,
        221,
        222,
        225,
        226,
        237,
        238,
        253,
        254
      ],
      "time_sec": 5.663601636886597,
      "stability_jitter": {
        "fe_mean": 0.04945296239089638,
        "fe_std": 0.00014787952327422713,
        "fe_min": 0.049139218896257136,
        "fe_max": 0.04972284659261249,
        "fe_original": 0.04972284659261249
      },
      "stability_convergence": {
        "fe_last_mean": 0.04972284659261249,
        "fe_last_std": 0.0,
        "fe_improvement": 0.0014999018820225432,
        "fe_first": 0.048222944710589945,
        "fe_last": 0.04972284659261249
      }
    }
  }
}