{
  "image_index": 12,
  "image_path": "dataset/BDS500/images/val\\123074.jpg",
  "k": 10,
  "strategies": {
    "PA1": {
      "fe_best": 0.04685417925745895,
      "thresholds": [
        1,
        2,
        5,
        14,
        15,
        122,
        251,
        252,
        253,
        254
      ],
      "time_sec": 2.5765857696533203,
      "stability_jitter": {
        "fe_mean": 0.04682254034729819,
        "fe_std": 1.3469741190568013e-05,
        "fe_min": 0.04679226862852537,
        "fe_max": 0.04685417925745895,
        "fe_original": 0.04685417925745895
      },
      "stability_convergence": {
        "fe_last_mean": 0.04684496243112468,
        "fe_last_std": 4.656358606217747e-06,
        "fe_improvement": 0.0009084981881885279,
        "fe_first": 0.045945681069270425,
        "fe_last": 0.04685417925745895
      }
    },
    "PA2": {
      "fe_best": 0.04668206878752716,
      "thresholds": [
        15,
        128,
        247,
        248,
        249,
        250,
        251,
        252,
        253,
        254
      ],
      "time_sec": 2.6387131214141846,
      "stability_jitter": {
        "fe_mean": 0.046648471721388515,
        "fe_std": 1.5437389884872266e-05,
        "fe_min": 0.046615448460029546,
        "fe_max": 0.04668206878752716,
        "fe_original": 0.04668206878752716
      },
      "stability_convergence": {
        "fe_last_mean": 0.04668206878752716,
        "fe_last_std": 0.0,
        "fe_improvement": 0.0006861108550276079,
        "fe_first": 0.045995957932499554,
        "fe_last": 0.04668206878752716
      }
    },
    "PA3": {
      "fe_best": 0.04668206878752716,
      "thresholds": [
        15,
        128,
        247,
        248,
        249,
        250,
        251,
        252,
        253,
        254
      ],
      "time_sec": 2.626533269882202,
      "stability_jitter": {
        "fe_mean": 0.046648471721388515,
        "fe_std": 1.5437389884872266e-05,
        "fe_min": 0.046615448460029546,
        "fe_max": 0.04668206878752716,
        "fe_original": 0.04668206878752716
      },
      "stability_convergence": {
        "fe_last_mean": 0.04668206878752716,
        "fe_last_std": 0.0,
        "fe_improvement": 0.0007363877182567369,
        "fe_first": 0.045945681069270425,
        "fe_last": 0.04668206878752716
      }
    },
    "PA4": {
      "fe_best": 0.04683473755202616,
      "thresholds": [
        1,
        2,
        13,
        14,
        125,
        250,
        251,
        252,
        253,
        254
      ],
      "time_sec": 2.5689187049865723,
      "stability_jitter": {
        "fe_mean": 0.046803074624921066,
        "fe_std": 1.6752037959731687e-05,
        "fe_min": 0.046774526450274315,
        "fe_max": 0.04683473755202616,
        "fe_original": 0.04683473755202616
      },
      "stability_convergence": {
        "fe_last_mean": 0.046832729448337676,
        "fe_last_std": 2.459414693692534e-06,
        "fe_improvement": 0.0008387796195266084,
        "fe_first": 0.045995957932499554,
        "fe_last": 0.04683473755202616
      }
    },
    "PA5": {
      "fe_best": 0.04688374375969748,
      "thresholds": [
        1,
        2,
        4,
        5,
        6,
        16,
        17,
        120,
        253,
        254
      ],
      "time_sec": 5.164983749389648,
      "stability_jitter": {
        "fe_mean": 0.046843989838938054,
        "fe_std": 2.4872345408012747e-05,
        "fe_min": 0.04679238732205654,
        "fe_max": 0.04688374375969748,
        "fe_original": 0.04688374375969748
      },
      "stability_convergence": {
        "fe_last_mean": 0.046883743759697484,
        "fe_last_std": 6.938893903907228e-18,
        "fe_improvement": 0.0008312628330462632,
        "fe_first": 0.046052480926651214,
        "fe_last": 0.04688374375969748
      }
    }
  }
}