{
  "image_index": 10,
  "image_path": "dataset/BDS500/images/val\\119082.jpg",
  "k": 10,
  "strategies": {
    "PA1": {
      "fe_best": 0.0489766272074033,
      "thresholds": [
        49,
        52,
        53,
        56,
        63,
        72,
        83,
        84,
        91,
        228
      ],
      "time_sec": 2.589102029800415,
      "stability_jitter": {
        "fe_mean": 0.04826581228156304,
        "fe_std": 0.0002930548406297843,
        "fe_min": 0.047836377454667706,
        "fe_max": 0.0489766272074033,
        "fe_original": 0.0489766272074033
      },
      "stability_convergence": {
        "fe_last_mean": 0.0489766272074033,
        "fe_last_std": 0.0,
        "fe_improvement": 0.001851618295108673,
        "fe_first": 0.047125008912294625,
        "fe_last": 0.0489766272074033
      }
    },
    "PA2": {
      "fe_best": 0.049792692680846656,
      "thresholds": [
        68,
        173,
        232,
        233,
        236,
        239,
        243,
        246,
        251,
        254
      ],
      "time_sec": 2.5849812030792236,
      "stability_jitter": {
        "fe_mean": 0.04964912715875628,
        "fe_std": 5.723628700181446e-05,
        "fe_min": 0.04951473176842672,
        "fe_max": 0.049792692680846656,
        "fe_original": 0.049792692680846656
      },
      "stability_convergence": {
        "fe_last_mean": 0.04979269268084665,
        "fe_last_std": 6.938893903907228e-18,
        "fe_improvement": 0.0018087885792099773,
        "fe_first": 0.04798390410163668,
        "fe_last": 0.049792692680846656
      }
    },
    "PA3": {
      "fe_best": 0.04947110296051664,
      "thresholds": [
        67,
        71,
        78,
        79,
        82,
        83,
        239,
        247,
        250,
        252
      ],
      "time_sec": 2.6484625339508057,
      "stability_jitter": {
        "fe_mean": 0.04900603126938975,
        "fe_std": 0.0002902211052431544,
        "fe_min": 0.04839940719503947,
        "fe_max": 0.04948183581899812,
        "fe_original": 0.04947110296051664
      },
      "stability_convergence": {
        "fe_last_mean": 0.04942791829623424,
        "fe_last_std": 2.0332711769540498e-05,
        "fe_improvement": 0.0023460940482220166,
        "fe_first": 0.047125008912294625,
        "fe_last": 0.04947110296051664
      }
    },
    "PA4": {
      "fe_best": 0.049347566559274775,
      "thresholds": [
        72,
        73,
        76,
        244,
        245,
        248,
        249,
        250,
        251,
        254
      ],
      "time_sec": 2.646602153778076,
      "stability_jitter": {
        "fe_mean": 0.04901459001005665,
        "fe_std": 0.00012535588137324143,
        "fe_min": 0.04874661709249906,
        "fe_max": 0.049347566559274775,
        "fe_original": 0.049347566559274775
      },
      "stability_convergence": {
        "fe_last_mean": 0.04929278332514884,
        "fe_last_std": 8.368277239886202e-05,
        "fe_improvement": 0.0013636624576380957,
        "fe_first": 0.04798390410163668,
        "fe_last": 0.049347566559274775
      }
    },
    "PA5": {
      "fe_best": 0.048389711586757436,
      "thresholds": [
        1,
        156,
        160,
        177,
        224,
        237,
        238,
        244,
        251,
        252
      ],
      "time_sec": 5.235400199890137,
      "stability_jitter": {
        "fe_mean": 0.04812430141949772,
        "fe_std": 0.0001450393415396287,
        "fe_min": 0.04788208169700607,
        "fe_max": 0.048389711586757436,
        "fe_original": 0.048389711586757436
      },
      "stability_convergence": {
        "fe_last_mean": 0.04837567154327546,
        "fe_last_std": 1.2704782148042585e-05,
        "fe_improvement": 0.0008208943938984165,
        "fe_first": 0.04756881719285902,
        "fe_last": 0.048389711586757436
      }
    }
  }
}