{
  "image_index": 11,
  "image_path": "dataset/BDS500/images/val\\12084.jpg",
  "k": 10,
  "strategies": {
    "PA1": {
      "fe_best": 0.0485693222575138,
      "thresholds": [
        1,
        3,
        6,
        7,
        10,
        109,
        251,
        252,
        253,
        254
      ],
      "time_sec": 2.628603219985962,
      "stability_jitter": {
        "fe_mean": 0.04847083592624409,
        "fe_std": 7.624072209165942e-05,
        "fe_min": 0.048314940776413226,
        "fe_max": 0.048657100036463445,
        "fe_original": 0.0485693222575138
      },
      "stability_convergence": {
        "fe_last_mean": 0.04855011521090336,
        "fe_last_std": 1.771141753700151e-05,
        "fe_improvement": 0.0010816390747189902,
        "fe_first": 0.04748768318279481,
        "fe_last": 0.0485693222575138
      }
    },
    "PA2": {
      "fe_best": 0.048852612539937404,
      "thresholds": [
        1,
        2,
        3,
        118,
        249,
        250,
        251,
        252,
        253,
        254
      ],
      "time_sec": 2.534172773361206,
      "stability_jitter": {
        "fe_mean": 0.04879667975613413,
        "fe_std": 4.786870921253641e-05,
        "fe_min": 0.0486679479970182,
        "fe_max": 0.048852612539937404,
        "fe_original": 0.048852612539937404
      },
      "stability_convergence": {
        "fe_last_mean": 0.048852612539937404,
        "fe_last_std": 0.0,
        "fe_improvement": 0.0010281438487516198,
        "fe_first": 0.047824468691185784,
        "fe_last": 0.048852612539937404
      }
    },
    "PA3": {
      "fe_best": 0.04790236978645867,
      "thresholds": [
        2,
        38,
        193,
        194,
        205,
        226,
        250,
        252,
        253,
        254
      ],
      "time_sec": 2.5126430988311768,
      "stability_jitter": {
        "fe_mean": 0.04784746293301961,
        "fe_std": 2.695156938698077e-05,
        "fe_min": 0.04779211811762888,
        "fe_max": 0.04790236978645867,
        "fe_original": 0.04790236978645867
      },
      "stability_convergence": {
        "fe_last_mean": 0.047894049107431086,
        "fe_last_std": 8.69312277445519e-06,
        "fe_improvement": 0.0004146866036638594,
        "fe_first": 0.04748768318279481,
        "fe_last": 0.04790236978645867
      }
    },
    "PA4": {
      "fe_best": 0.048640117017621304,
      "thresholds": [
        9,
        112,
        247,
        248,
        249,
        250,
        251,
        252,
        253,
        254
      ],
      "time_sec": 2.8151230812072754,
      "stability_jitter": {
        "fe_mean": 0.048584630756293094,
        "fe_std": 6.222391900386275e-05,
        "fe_min": 0.04847049944263698,
        "fe_max": 0.048685346239623964,
        "fe_original": 0.048640117017621304
      },
      "stability_convergence": {
        "fe_last_mean": 0.048638940569557185,
        "fe_last_std": 2.352896128224313e-06,
        "fe_improvement": 0.0008156483264355197,
        "fe_first": 0.047824468691185784,
        "fe_last": 0.048640117017621304
      }
    },
    "PA5": {
      "fe_best": 0.048792228600825514,
      "thresholds": [
        1,
        5,
        116,
        248,
        249,
        250,
        251,
        252,
        253,
        254
      ],
      "time_sec": 5.466449022293091,
      "stability_jitter": {
        "fe_mean": 0.048739931515822975,
        "fe_std": 4.53156758550133e-05,
        "fe_min": 0.048624172506925946,
        "fe_max": 0.04882584105862645,
        "fe_original": 0.048792228600825514
      },
      "stability_convergence": {
        "fe_last_mean": 0.04879222860082551,
        "fe_last_std": 6.938893903907228e-18,
        "fe_improvement": 0.0011968600347677452,
        "fe_first": 0.04759536856605777,
        "fe_last": 0.048792228600825514
      }
    }
  }
}