{
  "image_index": 18,
  "image_path": "dataset/BDS500/images/val\\145086.jpg",
  "k": 10,
  "strategies": {
    "PA1": {
      "fe_best": 0.048152333176702374,
      "thresholds": [
        1,
        2,
        3,
        4,
        5,
        6,
        128,
        205,
        208,
        233
      ],
      "time_sec": 2.631286382675171,
      "stability_jitter": {
        "fe_mean": 0.04794453778893276,
        "fe_std": 0.00011438110780454051,
        "fe_min": 0.04775116934157641,
        "fe_max": 0.048152333176702374,
        "fe_original": 0.048152333176702374
      },
      "stability_convergence": {
        "fe_last_mean": 0.048149016267288715,
        "fe_last_std": 3.4434002367675867e-06,
        "fe_improvement": 0.000928160361261969,
        "fe_first": 0.047224172815440404,
        "fe_last": 0.048152333176702374
      }
    },
    "PA2": {
      "fe_best": 0.04840315351210577,
      "thresholds": [
        1,
        2,
        3,
        4,
        135,
        192,
        202,
        210,
        211,
        254
      ],
      "time_sec": 2.5615665912628174,
      "stability_jitter": {
        "fe_mean": 0.04819755069886284,
        "fe_std": 0.00010010697431889222,
        "fe_min": 0.04799608447845193,
        "fe_max": 0.04840315351210577,
        "fe_original": 0.04840315351210577
      },
      "stability_convergence": {
        "fe_last_mean": 0.04840315351210577,
        "fe_last_std": 0.0,
        "fe_improvement": 0.0011789806966653674,
        "fe_first": 0.047224172815440404,
        "fe_last": 0.04840315351210577
      }
    },
    "PA3": {
      "fe_best": 0.048412277385726385,
      "thresholds": [
        1,
        2,
        3,
        4,
        131,
        192,
        199,
        204,
        223,
        230
      ],
      "time_sec": 2.5795881748199463,
      "stability_jitter": {
        "fe_mean": 0.048245166300234205,
        "fe_std": 8.114051982916058e-05,
        "fe_min": 0.048062125182998974,
        "fe_max": 0.048412277385726385,
        "fe_original": 0.048412277385726385
      },
      "stability_convergence": {
        "fe_last_mean": 0.04837436411284591,
        "fe_last_std": 1.924573337857635e-05,
        "fe_improvement": 0.0011881045702859805,
        "fe_first": 0.047224172815440404,
        "fe_last": 0.048412277385726385
      }
    },
    "PA4": {
      "fe_best": 0.04868010606132747,
      "thresholds": [
        1,
        4,
        136,
        139,
        140,
        143,
        188,
        192,
        201,
        229
      ],
      "time_sec": 2.6054749488830566,
      "stability_jitter": {
        "fe_mean": 0.048048061993107086,
        "fe_std": 0.00034703276251013597,
        "fe_min": 0.04741529115394945,
        "fe_max": 0.04868010606132747,
        "fe_original": 0.04868010606132747
      },
      "stability_convergence": {
        "fe_last_mean": 0.04862508684581216,
        "fe_last_std": 3.9866053020503916e-05,
        "fe_improvement": 0.0014559332458870672,
        "fe_first": 0.047224172815440404,
        "fe_last": 0.04868010606132747
      }
    },
    "PA5": {
      "fe_best": 0.04837736009717565,
      "thresholds": [
        1,
        2,
        3,
        4,
        5,
        132,
        197,
        200,
        201,
        232
      ],
      "time_sec": 5.301064491271973,
      "stability_jitter": {
        "fe_mean": 0.04811435353149752,
        "fe_std": 0.00013182721993567142,
        "fe_min": 0.04778796650763727,
        "fe_max": 0.04837736009717565,
        "fe_original": 0.04837736009717565
      },
      "stability_convergence": {
        "fe_last_mean": 0.04834884805669718,
        "fe_last_std": 1.2905468004758476e-05,
        "fe_improvement": 0.0008298903444241834,
        "fe_first": 0.04754746975275147,
        "fe_last": 0.04837736009717565
      }
    }
  }
}