{
  "image_index": 15,
  "image_path": "dataset/BDS500/images/val\\134035.jpg",
  "k": 10,
  "strategies": {
    "PA1": {
      "fe_best": 0.04850771004341592,
      "thresholds": [
        1,
        3,
        5,
        6,
        63,
        250,
        251,
        252,
        253,
        254
      ],
      "time_sec": 2.683842658996582,
      "stability_jitter": {
        "fe_mean": 0.048457725985660186,
        "fe_std": 3.0063489224990705e-05,
        "fe_min": 0.04841360806329813,
        "fe_max": 0.04851021366190769,
        "fe_original": 0.04850771004341592
      },
      "stability_convergence": {
        "fe_last_mean": 0.04850771004341592,
        "fe_last_std": 0.0,
        "fe_improvement": 0.0022235451934104894,
        "fe_first": 0.04628416485000543,
        "fe_last": 0.04850771004341592
      }
    },
    "PA2": {
      "fe_best": 0.04853682684810506,
      "thresholds": [
        1,
        2,
        3,
        4,
        63,
        250,
        251,
        252,
        253,
        254
      ],
      "time_sec": 2.678327798843384,
      "stability_jitter": {
        "fe_mean": 0.04849071041052855,
        "fe_std": 2.4420158062696707e-05,
        "fe_min": 0.04845805095175426,
        "fe_max": 0.04853682684810506,
        "fe_original": 0.04853682684810506
      },
      "stability_convergence": {
        "fe_last_mean": 0.04853682684810506,
        "fe_last_std": 0.0,
        "fe_improvement": 0.0017695463211895787,
        "fe_first": 0.04676728052691548,
        "fe_last": 0.04853682684810506
      }
    },
    "PA3": {
      "fe_best": 0.04853920365643736,
      "thresholds": [
        1,
        2,
        3,
        4,
        5,
        6,
        61,
        252,
        253,
        254
      ],
      "time_sec": 2.5633201599121094,
      "stability_jitter": {
        "fe_mean": 0.04849334102289068,
        "fe_std": 2.150115345421085e-05,
        "fe_min": 0.04845078798221495,
        "fe_max": 0.04853920365643736,
        "fe_original": 0.04853920365643736
      },
      "stability_convergence": {
        "fe_last_mean": 0.048539203656437366,
        "fe_last_std": 6.938893903907228e-18,
        "fe_improvement": 0.002255038806431929,
        "fe_first": 0.04628416485000543,
        "fe_last": 0.04853920365643736
      }
    },
    "PA4": {
      "fe_best": 0.04851770139799144,
      "thresholds": [
        2,
        3,
        4,
        5,
        6,
        7,
        62,
        252,
        253,
        254
      ],
      "time_sec": 2.6269099712371826,
      "stability_jitter": {
        "fe_mean": 0.04846955118389777,
        "fe_std": 2.063229205436207e-05,
        "fe_min": 0.04843912602745272,
        "fe_max": 0.04851770139799144,
        "fe_original": 0.04851770139799144
      },
      "stability_convergence": {
        "fe_last_mean": 0.04851770139799144,
        "fe_last_std": 0.0,
        "fe_improvement": 0.0017504208710759639,
        "fe_first": 0.04676728052691548,
        "fe_last": 0.04851770139799144
      }
    },
    "PA5": {
      "fe_best": 0.05301263543840315,
      "thresholds": [
        245,
        246,
        247,
        248,
        249,
        250,
        251,
        252,
        253,
        254
      ],
      "time_sec": 5.844754457473755,
      "stability_jitter": {
        "fe_mean": 0.05300006509492426,
        "fe_std": 1.7323383673555014e-05,
        "fe_min": 0.05296119572619453,
        "fe_max": 0.05301263543840315,
        "fe_original": 0.05301263543840315
      },
      "stability_convergence": {
        "fe_last_mean": 0.053012635438403156,
        "fe_last_std": 6.938893903907228e-18,
        "fe_improvement": 0.0008456288949041865,
        "fe_first": 0.05216700654349896,
        "fe_last": 0.05301263543840315
      }
    }
  }
}