{
  "image_index": 13,
  "image_path": "dataset/BDS500/images/val\\126007.jpg",
  "k": 10,
  "strategies": {
    "PA1": {
      "fe_best": 0.05197828289089001,
      "thresholds": [
        1,
        2,
        4,
        8,
        26,
        39,
        223,
        228,
        235,
        252
      ],
      "time_sec": 2.558152437210083,
      "stability_jitter": {
        "fe_mean": 0.05183488191327241,
        "fe_std": 7.467362639518183e-05,
        "fe_min": 0.051696108893039786,
        "fe_max": 0.05197828289089001,
        "fe_original": 0.05197828289089001
      },
      "stability_convergence": {
        "fe_last_mean": 0.05197786876757077,
        "fe_last_std": 3.3813027423923663e-07,
        "fe_improvement": 0.003397023608495163,
        "fe_first": 0.048581259282394845,
        "fe_last": 0.05197828289089001
      }
    },
    "PA2": {
      "fe_best": 0.052039740071547526,
      "thresholds": [
        18,
        50,
        210,
        238,
        239,
        242,
        243,
        250,
        251,
        252
      ],
      "time_sec": 2.645937442779541,
      "stability_jitter": {
        "fe_mean": 0.051752527869961575,
        "fe_std": 0.0001689972462773097,
        "fe_min": 0.05122710059216033,
        "fe_max": 0.052039740071547526,
        "fe_original": 0.052039740071547526
      },
      "stability_convergence": {
        "fe_last_mean": 0.052039740071547526,
        "fe_last_std": 0.0,
        "fe_improvement": 0.0022629628369601057,
        "fe_first": 0.04977677723458742,
        "fe_last": 0.052039740071547526
      }
    },
    "PA3": {
      "fe_best": 0.052066062982756144,
      "thresholds": [
        1,
        4,
        7,
        8,
        9,
        60,
        201,
        206,
        209,
        242
      ],
      "time_sec": 2.5965027809143066,
      "stability_jitter": {
        "fe_mean": 0.051997790294506185,
        "fe_std": 4.678209540274298e-05,
        "fe_min": 0.05188430517427076,
        "fe_max": 0.052066062982756144,
        "fe_original": 0.052066062982756144
      },
      "stability_convergence": {
        "fe_last_mean": 0.05205394662463757,
        "fe_last_std": 8.209632323707979e-06,
        "fe_improvement": 0.0034848037003612983,
        "fe_first": 0.048581259282394845,
        "fe_last": 0.052066062982756144
      }
    },
    "PA4": {
      "fe_best": 0.05205463779087667,
      "thresholds": [
        13,
        56,
        203,
        209,
        212,
        218,
        241,
        250,
        251,
        254
      ],
      "time_sec": 2.61727237701416,
      "stability_jitter": {
        "fe_mean": 0.05185573130997608,
        "fe_std": 0.00012023803171582552,
        "fe_min": 0.05150608072606608,
        "fe_max": 0.05207475607642215,
        "fe_original": 0.05205463779087667
      },
      "stability_convergence": {
        "fe_last_mean": 0.052042232553621934,
        "fe_last_std": 1.0128833804088669e-05,
        "fe_improvement": 0.0022778605562892504,
        "fe_first": 0.04977677723458742,
        "fe_last": 0.05205463779087667
      }
    },
    "PA5": {
      "fe_best": 0.05199801876623002,
      "thresholds": [
        1,
        2,
        69,
        190,
        196,
        200,
        213,
        217,
        243,
        250
      ],
      "time_sec": 5.106072902679443,
      "stability_jitter": {
        "fe_mean": 0.05190889131492942,
        "fe_std": 4.096085576245511e-05,
        "fe_min": 0.05182595798587224,
        "fe_max": 0.05199801876623002,
        "fe_original": 0.05199801876623002
      },
      "stability_convergence": {
        "fe_last_mean": 0.05197397911264965,
        "fe_last_std": 1.932704568409608e-05,
        "fe_improvement": 0.002029030833521177,
        "fe_first": 0.04996898793270884,
        "fe_last": 0.05199801876623002
      }
    }
  }
}