{
  "image_index": 23,
  "image_path": "dataset/BDS500/images/val\\157055.jpg",
  "k": 10,
  "strategies": {
    "PA1": {
      "fe_best": 0.050551170612706045,
      "thresholds": [
        1,
        2,
        3,
        4,
        5,
        6,
        7,
        8,
        23,
        24
      ],
      "time_sec": 2.498011589050293,
      "stability_jitter": {
        "fe_mean": 0.05053401312814651,
        "fe_std": 7.897296766655918e-06,
        "fe_min": 0.050520079547327665,
        "fe_max": 0.050551170612706045,
        "fe_original": 0.050551170612706045
      },
      "stability_convergence": {
        "fe_last_mean": 0.050551170612706045,
        "fe_last_std": 0.0,
        "fe_improvement": 0.004737097130930637,
        "fe_first": 0.04581407348177541,
        "fe_last": 0.050551170612706045
      }
    },
    "PA2": {
      "fe_best": 0.050551170612706045,
      "thresholds": [
        1,
        2,
        3,
        4,
        5,
        6,
        8,
        9,
        23,
        24
      ],
      "time_sec": 2.590325355529785,
      "stability_jitter": {
        "fe_mean": 0.05053401312814651,
        "fe_std": 7.897296766655918e-06,
        "fe_min": 0.050520079547327665,
        "fe_max": 0.050551170612706045,
        "fe_original": 0.050551170612706045
      },
      "stability_convergence": {
        "fe_last_mean": 0.050551170612706045,
        "fe_last_std": 0.0,
        "fe_improvement": 0.004737097130930637,
        "fe_first": 0.04581407348177541,
        "fe_last": 0.050551170612706045
      }
    },
    "PA3": {
      "fe_best": 0.04915192849883676,
      "thresholds": [
        1,
        2,
        4,
        5,
        8,
        9,
        10,
        44,
        239,
        240
      ],
      "time_sec": 2.6529884338378906,
      "stability_jitter": {
        "fe_mean": 0.049066480015362235,
        "fe_std": 3.4310570469834716e-05,
        "fe_min": 0.04901083995806623,
        "fe_max": 0.04915192849883676,
        "fe_original": 0.04915192849883676
      },
      "stability_convergence": {
        "fe_last_mean": 0.04914654099620312,
        "fe_last_std": 4.942963094387987e-06,
        "fe_improvement": 0.003337855017061353,
        "fe_first": 0.04581407348177541,
        "fe_last": 0.04915192849883676
      }
    },
    "PA4": {
      "fe_best": 0.04913883099105851,
      "thresholds": [
        1,
        2,
        4,
        5,
        6,
        12,
        42,
        242,
        247,
        250
      ],
      "time_sec": 2.6137423515319824,
      "stability_jitter": {
        "fe_mean": 0.048957803678543396,
        "fe_std": 0.0001043681787449665,
        "fe_min": 0.04870351648265263,
        "fe_max": 0.04913883099105851,
        "fe_original": 0.04913883099105851
      },
      "stability_convergence": {
        "fe_last_mean": 0.049138830991058514,
        "fe_last_std": 6.938893903907228e-18,
        "fe_improvement": 0.0033247575092830994,
        "fe_first": 0.04581407348177541,
        "fe_last": 0.04913883099105851
      }
    },
    "PA5": {
      "fe_best": 0.050551170612706045,
      "thresholds": [
        1,
        2,
        3,
        4,
        6,
        8,
        9,
        11,
        23,
        24
      ],
      "time_sec": 5.458110332489014,
      "stability_jitter": {
        "fe_mean": 0.05053401312814651,
        "fe_std": 7.897296766655918e-06,
        "fe_min": 0.050520079547327665,
        "fe_max": 0.050551170612706045,
        "fe_original": 0.050551170612706045
      },
      "stability_convergence": {
        "fe_last_mean": 0.050551170612706045,
        "fe_last_std": 0.0,
        "fe_improvement": 0.004413475300718318,
        "fe_first": 0.04613769531198773,
        "fe_last": 0.050551170612706045
      }
    }
  }
}