{
  "image_index": 20,
  "image_path": "dataset/BDS500/images/val\\148026.jpg",
  "k": 10,
  "strategies": {
    "PA1": {
      "fe_best": 0.04931857300504175,
      "thresholds": [
        1,
        2,
        3,
        4,
        5,
        6,
        7,
        58,
        75,
        98
      ],
      "time_sec": 2.7171506881713867,
      "stability_jitter": {
        "fe_mean": 0.048832686052787073,
        "fe_std": 0.00023379712866063992,
        "fe_min": 0.04833970951113554,
        "fe_max": 0.04931857300504175,
        "fe_original": 0.04931857300504175
      },
      "stability_convergence": {
        "fe_last_mean": 0.04929627305085819,
        "fe_last_std": 3.4063742680074336e-05,
        "fe_improvement": 0.0022043659087114045,
        "fe_first": 0.047114207096330345,
        "fe_last": 0.04931857300504175
      }
    },
    "PA2": {
      "fe_best": 0.04985020870747665,
      "thresholds": [
        1,
        3,
        4,
        6,
        62,
        63,
        66,
        67,
        82,
        86
      ],
      "time_sec": 2.535238742828369,
      "stability_jitter": {
        "fe_mean": 0.049288245378536134,
        "fe_std": 0.00031013427385903023,
        "fe_min": 0.04868460591395306,
        "fe_max": 0.04985020870747665,
        "fe_original": 0.04985020870747665
      },
      "stability_convergence": {
        "fe_last_mean": 0.04984165783553183,
        "fe_last_std": 1.306167264832889e-05,
        "fe_improvement": 0.0028743003133382683,
        "fe_first": 0.04697590839413838,
        "fe_last": 0.04985020870747665
      }
    },
    "PA3": {
      "fe_best": 0.050460601337417664,
      "thresholds": [
        48,
        51,
        52,
        55,
        56,
        63,
        86,
        87,
        90,
        91
      ],
      "time_sec": 2.579519271850586,
      "stability_jitter": {
        "fe_mean": 0.04942022556831574,
        "fe_std": 0.00031892587306381565,
        "fe_min": 0.048927916225816756,
        "fe_max": 0.050460601337417664,
        "fe_original": 0.050460601337417664
      },
      "stability_convergence": {
        "fe_last_mean": 0.050422976999591196,
        "fe_last_std": 1.8801316213125595e-05,
        "fe_improvement": 0.0033463942410873193,
        "fe_first": 0.047114207096330345,
        "fe_last": 0.050460601337417664
      }
    },
    "PA4": {
      "fe_best": 0.04962504932368175,
      "thresholds": [
        1,
        3,
        4,
        6,
        7,
        46,
        47,
        50,
        75,
        102
      ],
      "time_sec": 2.5209996700286865,
      "stability_jitter": {
        "fe_mean": 0.04912340484647322,
        "fe_std": 0.0002758461424894157,
        "fe_min": 0.048459216471638755,
        "fe_max": 0.04962504932368175,
        "fe_original": 0.04962504932368175
      },
      "stability_convergence": {
        "fe_last_mean": 0.049618059011769425,
        "fe_last_std": 2.0970935736987215e-05,
        "fe_improvement": 0.002649140929543374,
        "fe_first": 0.04697590839413838,
        "fe_last": 0.04962504932368175
      }
    },
    "PA5": {
      "fe_best": 0.04879294245765309,
      "thresholds": [
        1,
        2,
        77,
        80,
        81,
        84,
        85,
        232,
        253,
        254
      ],
      "time_sec": 5.13264274597168,
      "stability_jitter": {
        "fe_mean": 0.0483829292456099,
        "fe_std": 0.0002278160583277007,
        "fe_min": 0.04795370942252614,
        "fe_max": 0.048840052874739845,
        "fe_original": 0.04879294245765309
      },
      "stability_convergence": {
        "fe_last_mean": 0.04879291501030484,
        "fe_last_std": 8.234204474516504e-08,
        "fe_improvement": 0.0012475854665829067,
        "fe_first": 0.04754535699107018,
        "fe_last": 0.04879294245765309
      }
    }
  }
}