{
  "image_index": 22,
  "image_path": "dataset/BDS500/images/val\\156065.jpg",
  "k": 10,
  "strategies": {
    "PA1": {
      "fe_best": 0.04722129111850867,
      "thresholds": [
        73,
        76,
        77,
        80,
        104,
        111,
        124,
        155,
        168,
        215
      ],
      "time_sec": 2.641080141067505,
      "stability_jitter": {
        "fe_mean": 0.04651208907056439,
        "fe_std": 0.0002726682818009168,
        "fe_min": 0.04605351438346042,
        "fe_max": 0.04722129111850867,
        "fe_original": 0.04722129111850867
      },
      "stability_convergence": {
        "fe_last_mean": 0.04722129111850866,
        "fe_last_std": 6.938893903907228e-18,
        "fe_improvement": 0.0004431674806138694,
        "fe_first": 0.0467781236378948,
        "fe_last": 0.04722129111850867
      }
    },
    "PA2": {
      "fe_best": 0.047109807164172963,
      "thresholds": [
        167,
        240,
        241,
        244,
        245,
        248,
        249,
        250,
        252,
        254
      ],
      "time_sec": 2.6172237396240234,
      "stability_jitter": {
        "fe_mean": 0.047094939571221774,
        "fe_std": 6.4634004351269565e-06,
        "fe_min": 0.047081654098763824,
        "fe_max": 0.047109807164172963,
        "fe_original": 0.047109807164172963
      },
      "stability_convergence": {
        "fe_last_mean": 0.047109807164172963,
        "fe_last_std": 0.0,
        "fe_improvement": 0.00026887237989808854,
        "fe_first": 0.046840934784274875,
        "fe_last": 0.047109807164172963
      }
    },
    "PA3": {
      "fe_best": 0.04710620870074439,
      "thresholds": [
        167,
        244,
        246,
        247,
        248,
        249,
        251,
        252,
        253,
        254
      ],
      "time_sec": 2.767859935760498,
      "stability_jitter": {
        "fe_mean": 0.047095662166355946,
        "fe_std": 6.620375057504949e-06,
        "fe_min": 0.04708302833019563,
        "fe_max": 0.04710817967091314,
        "fe_original": 0.04710620870074439
      },
      "stability_convergence": {
        "fe_last_mean": 0.04710514125196853,
        "fe_last_std": 1.090701130154894e-06,
        "fe_improvement": 0.0003280850628495924,
        "fe_first": 0.0467781236378948,
        "fe_last": 0.04710620870074439
      }
    },
    "PA4": {
      "fe_best": 0.04702490142278356,
      "thresholds": [
        97,
        100,
        101,
        184,
        225,
        236,
        245,
        252,
        253,
        254
      ],
      "time_sec": 2.7187583446502686,
      "stability_jitter": {
        "fe_mean": 0.046670274699405045,
        "fe_std": 0.00014547689626447143,
        "fe_min": 0.04645201085020724,
        "fe_max": 0.04702490142278356,
        "fe_original": 0.04702490142278356
      },
      "stability_convergence": {
        "fe_last_mean": 0.047017787921777944,
        "fe_last_std": 2.8493494469854267e-06,
        "fe_improvement": 0.0001839666385086841,
        "fe_first": 0.046840934784274875,
        "fe_last": 0.04702490142278356
      }
    },
    "PA5": {
      "fe_best": 0.04710959501387407,
      "thresholds": [
        169,
        240,
        241,
        244,
        246,
        247,
        249,
        252,
        253,
        254
      ],
      "time_sec": 5.127366781234741,
      "stability_jitter": {
        "fe_mean": 0.047093864005361266,
        "fe_std": 6.933455284212334e-06,
        "fe_min": 0.047083199432279677,
        "fe_max": 0.04710959501387407,
        "fe_original": 0.04710959501387407
      },
      "stability_convergence": {
        "fe_last_mean": 0.0471077626562798,
        "fe_last_std": 7.025676867285429e-07,
        "fe_improvement": 3.4079281784171744e-05,
        "fe_first": 0.0470755157320899,
        "fe_last": 0.04710959501387407
      }
    }
  }
}