{
  "image_index": 21,
  "image_path": "dataset/BDS500/images/val\\148089.jpg",
  "k": 10,
  "strategies": {
    "PA1": {
      "fe_best": 0.04939869457059204,
      "thresholds": [
        1,
        2,
        3,
        4,
        6,
        7,
        10,
        11,
        14,
        15
      ],
      "time_sec": 2.6318132877349854,
      "stability_jitter": {
        "fe_mean": 0.04791948407261627,
        "fe_std": 0.000892119433287121,
        "fe_min": 0.045696917011495156,
        "fe_max": 0.04939869457059204,
        "fe_original": 0.04939869457059204
      },
      "stability_convergence": {
        "fe_last_mean": 0.04934774498859143,
        "fe_last_std": 4.160015950319402e-05,
        "fe_improvement": 0.003123877074297461,
        "fe_first": 0.04627481749629458,
        "fe_last": 0.04939869457059204
      }
    },
    "PA2": {
      "fe_best": 0.04851435937749601,
      "thresholds": [
        199,
        246,
        247,
        248,
        249,
        250,
        251,
        252,
        253,
        254
      ],
      "time_sec": 2.6690218448638916,
      "stability_jitter": {
        "fe_mean": 0.04850138701961438,
        "fe_std": 1.3362900770132822e-05,
        "fe_min": 0.04846449925257659,
        "fe_max": 0.04851435937749601,
        "fe_original": 0.04851435937749601
      },
      "stability_convergence": {
        "fe_last_mean": 0.048514359377496,
        "fe_last_std": 6.938893903907228e-18,
        "fe_improvement": 0.00063483780157194,
        "fe_first": 0.04787952157592407,
        "fe_last": 0.04851435937749601
      }
    },
    "PA3": {
      "fe_best": 0.04851141891901865,
      "thresholds": [
        203,
        246,
        247,
        248,
        249,
        250,
        251,
        252,
        253,
        254
      ],
      "time_sec": 2.6613450050354004,
      "stability_jitter": {
        "fe_mean": 0.04850310113075069,
        "fe_std": 9.087347064665411e-06,
        "fe_min": 0.048472363144184245,
        "fe_max": 0.04851141891901865,
        "fe_original": 0.04851141891901865
      },
      "stability_convergence": {
        "fe_last_mean": 0.04851141891901865,
        "fe_last_std": 0.0,
        "fe_improvement": 0.0022366014227240757,
        "fe_first": 0.04627481749629458,
        "fe_last": 0.04851141891901865
      }
    },
    "PA4": {
      "fe_best": 0.04851435937749601,
      "thresholds": [
        199,
        246,
        247,
        248,
        249,
        250,
        251,
        252,
        253,
        254
      ],
      "time_sec": 2.626316547393799,
      "stability_jitter": {
        "fe_mean": 0.04850138701961438,
        "fe_std": 1.3362900770132822e-05,
        "fe_min": 0.04846449925257659,
        "fe_max": 0.04851435937749601,
        "fe_original": 0.04851435937749601
      },
      "stability_convergence": {
        "fe_last_mean": 0.04851200701071412,
        "fe_last_std": 1.1761833909412765e-06,
        "fe_improvement": 0.00063483780157194,
        "fe_first": 0.04787952157592407,
        "fe_last": 0.04851435937749601
      }
    },
    "PA5": {
      "fe_best": 0.04851435937749601,
      "thresholds": [
        199,
        246,
        247,
        248,
        249,
        250,
        251,
        252,
        253,
        254
      ],
      "time_sec": 5.330869436264038,
      "stability_jitter": {
        "fe_mean": 0.04850138701961438,
        "fe_std": 1.3362900770132822e-05,
        "fe_min": 0.04846449925257659,
        "fe_max": 0.04851435937749601,
        "fe_original": 0.04851435937749601
      },
      "stability_convergence": {
        "fe_last_mean": 0.048514359377496,
        "fe_last_std": 6.938893903907228e-18,
        "fe_improvement": 0.0016120798694821276,
        "fe_first": 0.04690227950801388,
        "fe_last": 0.04851435937749601
      }
    }
  }
}