{
  "image_index": 32,
  "image_path": "dataset/BDS500/images/val\\175043.jpg",
  "k": 10,
  "strategies": {
    "PA1": {
      "fe_best": 0.04664840976113467,
      "thresholds": [
        1,
        2,
        3,
        4,
        5,
        6,
        26,
        241,
        242,
        254
      ],
      "time_sec": 2.5785255432128906,
      "stability_jitter": {
        "fe_mean": 0.046607389147098686,
        "fe_std": 2.286543304424639e-05,
        "fe_min": 0.046554267793190364,
        "fe_max": 0.04664840976113467,
        "fe_original": 0.04664840976113467
      },
      "stability_convergence": {
        "fe_last_mean": 0.04663721134368492,
        "fe_last_std": 6.869678377604689e-06,
        "fe_improvement": 0.00018756695810934199,
        "fe_first": 0.04646084280302533,
        "fe_last": 0.04664840976113467
      }
    },
    "PA2": {
      "fe_best": 0.046684255190896355,
      "thresholds": [
        1,
        3,
        4,
        32,
        227,
        228,
        235,
        236,
        247,
        254
      ],
      "time_sec": 2.432029962539673,
      "stability_jitter": {
        "fe_mean": 0.04663683952063356,
        "fe_std": 2.6813382322467026e-05,
        "fe_min": 0.04656260023763505,
        "fe_max": 0.046684255190896355,
        "fe_original": 0.046684255190896355
      },
      "stability_convergence": {
        "fe_last_mean": 0.04667908407705824,
        "fe_last_std": 3.6547584523894935e-06,
        "fe_improvement": 0.0001902648068286758,
        "fe_first": 0.04649399038406768,
        "fe_last": 0.046684255190896355
      }
    },
    "PA3": {
      "fe_best": 0.0467043888248584,
      "thresholds": [
        3,
        33,
        228,
        229,
        236,
        237,
        245,
        246,
        253,
        254
      ],
      "time_sec": 2.962367057800293,
      "stability_jitter": {
        "fe_mean": 0.046649796933748634,
        "fe_std": 2.8053837932875488e-05,
        "fe_min": 0.046612430384034356,
        "fe_max": 0.04670872902642988,
        "fe_original": 0.0467043888248584
      },
      "stability_convergence": {
        "fe_last_mean": 0.04669642864943076,
        "fe_last_std": 5.186152889110973e-06,
        "fe_improvement": 0.00024354602183307428,
        "fe_first": 0.04646084280302533,
        "fe_last": 0.0467043888248584
      }
    },
    "PA4": {
      "fe_best": 0.04670361149588529,
      "thresholds": [
        3,
        35,
        228,
        229,
        232,
        233,
        241,
        249,
        250,
        253
      ],
      "time_sec": 3.270979881286621,
      "stability_jitter": {
        "fe_mean": 0.04664532499337606,
        "fe_std": 3.201580110160266e-05,
        "fe_min": 0.046586291194055135,
        "fe_max": 0.046703889128381665,
        "fe_original": 0.04670361149588529
      },
      "stability_convergence": {
        "fe_last_mean": 0.046699262608326506,
        "fe_last_std": 4.351381260612892e-06,
        "fe_improvement": 0.00020962111181761084,
        "fe_first": 0.04649399038406768,
        "fe_last": 0.04670361149588529
      }
    },
    "PA5": {
      "fe_best": 0.04672339433240629,
      "thresholds": [
        1,
        33,
        236,
        237,
        241,
        246,
        249,
        250,
        253,
        254
      ],
      "time_sec": 5.450987100601196,
      "stability_jitter": {
        "fe_mean": 0.04667281192135973,
        "fe_std": 2.2833603656132927e-05,
        "fe_min": 0.04664003818478775,
        "fe_max": 0.04672339433240629,
        "fe_original": 0.04672339433240629
      },
      "stability_convergence": {
        "fe_last_mean": 0.04671982916942398,
        "fe_last_std": 3.65170205825092e-06,
        "fe_improvement": 0.00026255152938096243,
        "fe_first": 0.04646084280302533,
        "fe_last": 0.04672339433240629
      }
    }
  }
}