{
  "image_index": 38,
  "image_path": "dataset/BDS500/images/val\\208001.jpg",
  "k": 10,
  "strategies": {
    "PA1": {
      "fe_best": 0.04794528671821227,
      "thresholds": [
        1,
        2,
        5,
        24,
        177,
        184,
        189,
        200,
        211,
        222
      ],
      "time_sec": 4.274935722351074,
      "stability_jitter": {
        "fe_mean": 0.04787115177347722,
        "fe_std": 3.410127063917167e-05,
        "fe_min": 0.04780603437576157,
        "fe_max": 0.04794528671821227,
        "fe_original": 0.04794528671821227
      },
      "stability_convergence": {
        "fe_last_mean": 0.04794528671821228,
        "fe_last_std": 6.938893903907228e-18,
        "fe_improvement": 0.001231133249197748,
        "fe_first": 0.04671415346901452,
        "fe_last": 0.04794528671821227
      }
    },
    "PA2": {
      "fe_best": 0.047945769476015455,
      "thresholds": [
        1,
        5,
        10,
        20,
        179,
        188,
        191,
        192,
        206,
        210
      ],
      "time_sec": 3.6849870681762695,
      "stability_jitter": {
        "fe_mean": 0.04785495009432992,
        "fe_std": 4.4471253227505874e-05,
        "fe_min": 0.047778667738740836,
        "fe_max": 0.04795220188837306,
        "fe_original": 0.047945769476015455
      },
      "stability_convergence": {
        "fe_last_mean": 0.047921352902836736,
        "fe_last_std": 2.0854899859933056e-05,
        "fe_improvement": 0.0012316160070009324,
        "fe_first": 0.04671415346901452,
        "fe_last": 0.047945769476015455
      }
    },
    "PA3": {
      "fe_best": 0.047863079963468703,
      "thresholds": [
        1,
        2,
        7,
        22,
        180,
        183,
        196,
        199,
        251,
        254
      ],
      "time_sec": 3.436465263366699,
      "stability_jitter": {
        "fe_mean": 0.047811131591193,
        "fe_std": 4.826834771015123e-05,
        "fe_min": 0.047707557676687586,
        "fe_max": 0.0478907689164056,
        "fe_original": 0.047863079963468703
      },
      "stability_convergence": {
        "fe_last_mean": 0.04786304210535469,
        "fe_last_std": 3.0911020653229054e-08,
        "fe_improvement": 0.0011489264944541805,
        "fe_first": 0.04671415346901452,
        "fe_last": 0.047863079963468703
      }
    },
    "PA4": {
      "fe_best": 0.047838329581824775,
      "thresholds": [
        1,
        2,
        9,
        20,
        181,
        184,
        205,
        252,
        253,
        254
      ],
      "time_sec": 3.931919574737549,
      "stability_jitter": {
        "fe_mean": 0.047784116131966696,
        "fe_std": 3.469306619170084e-05,
        "fe_min": 0.04770991773129065,
        "fe_max": 0.047838329581824775,
        "fe_original": 0.047838329581824775
      },
      "stability_convergence": {
        "fe_last_mean": 0.047838329581824775,
        "fe_last_std": 0.0,
        "fe_improvement": 0.0011241761128102518,
        "fe_first": 0.04671415346901452,
        "fe_last": 0.047838329581824775
      }
    },
    "PA5": {
      "fe_best": 0.05136310526473642,
      "thresholds": [
        239,
        240,
        243,
        244,
        245,
        248,
        249,
        252,
        253,
        254
      ],
      "time_sec": 7.061318635940552,
      "stability_jitter": {
        "fe_mean": 0.0509964736952657,
        "fe_std": 0.00016462856476305237,
        "fe_min": 0.0507149981163953,
        "fe_max": 0.05136310526473642,
        "fe_original": 0.05136310526473642
      },
      "stability_convergence": {
        "fe_last_mean": 0.05132508373072375,
        "fe_last_std": 3.265238124589689e-05,
        "fe_improvement": 0.004636739107136703,
        "fe_first": 0.046726366157599716,
        "fe_last": 0.05136310526473642
      }
    }
  }
}