{
  "image_index": 30,
  "image_path": "dataset/BDS500/images/val\\170057.jpg",
  "k": 10,
  "strategies": {
    "PA1": {
      "fe_best": 0.04695840262655025,
      "thresholds": [
        1,
        2,
        4,
        8,
        9,
        10,
        95,
        250,
        251,
        254
      ],
      "time_sec": 2.594665765762329,
      "stability_jitter": {
        "fe_mean": 0.04691920895378294,
        "fe_std": 1.7216045488415744e-05,
        "fe_min": 0.0468844023956456,
        "fe_max": 0.04695840262655025,
        "fe_original": 0.04695840262655025
      },
      "stability_convergence": {
        "fe_last_mean": 0.04695840262655025,
        "fe_last_std": 0.0,
        "fe_improvement": 0.0009247062193960404,
        "fe_first": 0.04603369640715421,
        "fe_last": 0.04695840262655025
      }
    },
    "PA2": {
      "fe_best": 0.0469596913371501,
      "thresholds": [
        11,
        102,
        243,
        244,
        249,
        250,
        251,
        252,
        253,
        254
      ],
      "time_sec": 2.542440176010132,
      "stability_jitter": {
        "fe_mean": 0.04693426993883343,
        "fe_std": 1.459185714193387e-05,
        "fe_min": 0.04691432133113118,
        "fe_max": 0.0469596913371501,
        "fe_original": 0.0469596913371501
      },
      "stability_convergence": {
        "fe_last_mean": 0.0469596913371501,
        "fe_last_std": 0.0,
        "fe_improvement": 0.0005997602286209255,
        "fe_first": 0.04635993110852917,
        "fe_last": 0.0469596913371501
      }
    },
    "PA3": {
      "fe_best": 0.04699340196864207,
      "thresholds": [
        1,
        2,
        5,
        6,
        105,
        238,
        239,
        247,
        250,
        251
      ],
      "time_sec": 2.5385000705718994,
      "stability_jitter": {
        "fe_mean": 0.0469657122520378,
        "fe_std": 1.3575135029251321e-05,
        "fe_min": 0.04694694191968904,
        "fe_max": 0.04699340196864207,
        "fe_original": 0.04699340196864207
      },
      "stability_convergence": {
        "fe_last_mean": 0.04698823180027303,
        "fe_last_std": 3.6090675214715595e-06,
        "fe_improvement": 0.0009597055614878613,
        "fe_first": 0.04603369640715421,
        "fe_last": 0.04699340196864207
      }
    },
    "PA4": {
      "fe_best": 0.04695396929552903,
      "thresholds": [
        2,
        12,
        97,
        248,
        249,
        250,
        251,
        252,
        253,
        254
      ],
      "time_sec": 2.672168254852295,
      "stability_jitter": {
        "fe_mean": 0.04693396799479638,
        "fe_std": 1.4403953219009126e-05,
        "fe_min": 0.046904470046758226,
        "fe_max": 0.046960818261801776,
        "fe_original": 0.04695396929552903
      },
      "stability_convergence": {
        "fe_last_mean": 0.04695161059541775,
        "fe_last_std": 3.6459656164585317e-06,
        "fe_improvement": 0.0005940381869998582,
        "fe_first": 0.04635993110852917,
        "fe_last": 0.04695396929552903
      }
    },
    "PA5": {
      "fe_best": 0.04697602055688714,
      "thresholds": [
        1,
        2,
        3,
        4,
        7,
        8,
        95,
        252,
        253,
        254
      ],
      "time_sec": 5.6535563468933105,
      "stability_jitter": {
        "fe_mean": 0.04694805576164739,
        "fe_std": 1.0706336169597619e-05,
        "fe_min": 0.04691738090727489,
        "fe_max": 0.04697602055688714,
        "fe_original": 0.04697602055688714
      },
      "stability_convergence": {
        "fe_last_mean": 0.04697602055688714,
        "fe_last_std": 0.0,
        "fe_improvement": 0.0007635543939469788,
        "fe_first": 0.04621246616294016,
        "fe_last": 0.04697602055688714
      }
    }
  }
}