{
  "image_index": 37,
  "image_path": "dataset/BDS500/images/val\\197017.jpg",
  "k": 10,
  "strategies": {
    "PA1": {
      "fe_best": 0.048543819957893586,
      "thresholds": [
        1,
        2,
        238,
        239,
        245,
        246,
        249,
        250,
        253,
        254
      ],
      "time_sec": 3.1435422897338867,
      "stability_jitter": {
        "fe_mean": 0.04850118581324335,
        "fe_std": 4.920386588677845e-05,
        "fe_min": 0.04840074589825672,
        "fe_max": 0.0485592274893287,
        "fe_original": 0.048543819957893586
      },
      "stability_convergence": {
        "fe_last_mean": 0.048543819957893586,
        "fe_last_std": 0.0,
        "fe_improvement": 0.0021043090531502884,
        "fe_first": 0.0464395109047433,
        "fe_last": 0.048543819957893586
      }
    },
    "PA2": {
      "fe_best": 0.048446866220579324,
      "thresholds": [
        1,
        2,
        3,
        4,
        5,
        237,
        238,
        241,
        251,
        254
      ],
      "time_sec": 2.8617210388183594,
      "stability_jitter": {
        "fe_mean": 0.04836170661568558,
        "fe_std": 4.277121102777191e-05,
        "fe_min": 0.04828835748620641,
        "fe_max": 0.048447660517672395,
        "fe_original": 0.048446866220579324
      },
      "stability_convergence": {
        "fe_last_mean": 0.048446866220579324,
        "fe_last_std": 0.0,
        "fe_improvement": 0.0017027861394418309,
        "fe_first": 0.04674408008113749,
        "fe_last": 0.048446866220579324
      }
    },
    "PA3": {
      "fe_best": 0.04736850999982572,
      "thresholds": [
        103,
        132,
        135,
        148,
        184,
        249,
        250,
        251,
        252,
        254
      ],
      "time_sec": 2.9012320041656494,
      "stability_jitter": {
        "fe_mean": 0.0472680206685613,
        "fe_std": 5.6713419636343487e-05,
        "fe_min": 0.04719348850044052,
        "fe_max": 0.04736850999982572,
        "fe_original": 0.04736850999982572
      },
      "stability_convergence": {
        "fe_last_mean": 0.04732330146600851,
        "fe_last_std": 3.224764858551848e-05,
        "fe_improvement": 0.0009289990950824209,
        "fe_first": 0.0464395109047433,
        "fe_last": 0.04736850999982572
      }
    },
    "PA4": {
      "fe_best": 0.04750387701501051,
      "thresholds": [
        108,
        143,
        152,
        173,
        200,
        201,
        204,
        205,
        252,
        254
      ],
      "time_sec": 3.147235870361328,
      "stability_jitter": {
        "fe_mean": 0.04645874308837061,
        "fe_std": 0.0005366615801624797,
        "fe_min": 0.04564505901783232,
        "fe_max": 0.04750387701501051,
        "fe_original": 0.04750387701501051
      },
      "stability_convergence": {
        "fe_last_mean": 0.04742371212987158,
        "fe_last_std": 2.677238812175113e-05,
        "fe_improvement": 0.0007597969338730137,
        "fe_first": 0.04674408008113749,
        "fe_last": 0.04750387701501051
      }
    },
    "PA5": {
      "fe_best": 0.04854794260249179,
      "thresholds": [
        1,
        2,
        5,
        238,
        239,
        244,
        247,
        250,
        251,
        254
      ],
      "time_sec": 7.641395092010498,
      "stability_jitter": {
        "fe_mean": 0.04846172665074378,
        "fe_std": 3.9879828835524426e-05,
        "fe_min": 0.048360333154330803,
        "fe_max": 0.04854794260249179,
        "fe_original": 0.04854794260249179
      },
      "stability_convergence": {
        "fe_last_mean": 0.048537468289134834,
        "fe_last_std": 8.980105083574965e-06,
        "fe_improvement": 0.00185666382506023,
        "fe_first": 0.04669127877743156,
        "fe_last": 0.04854794260249179
      }
    }
  }
}