{
  "image_index": 49,
  "image_path": "dataset/BDS500/images/val\\241004.jpg",
  "k": 10,
  "strategies": {
    "PA1": {
      "fe_best": 0.04499746197088371,
      "thresholds": [
        1,
        3,
        5,
        6,
        11,
        12,
        15,
        54,
        247,
        250
      ],
      "time_sec": 2.983592987060547,
      "stability_jitter": {
        "fe_mean": 0.04461479307837274,
        "fe_std": 0.0002785768831729889,
        "fe_min": 0.04412043079650113,
        "fe_max": 0.045028161882352466,
        "fe_original": 0.04499746197088371
      },
      "stability_convergence": {
        "fe_last_mean": 0.04476442579854982,
        "fe_last_std": 0.0001521523406054609,
        "fe_improvement": 0.0037228563021728805,
        "fe_first": 0.04127460566871083,
        "fe_last": 0.04499746197088371
      }
    },
    "PA2": {
      "fe_best": 0.04523884359847675,
      "thresholds": [
        1,
        2,
        3,
        4,
        5,
        6,
        7,
        8,
        55,
        246
      ],
      "time_sec": 2.6303162574768066,
      "stability_jitter": {
        "fe_mean": 0.04505023997659533,
        "fe_std": 8.295795090960628e-05,
        "fe_min": 0.044891673568099116,
        "fe_max": 0.04523884359847675,
        "fe_original": 0.04523884359847675
      },
      "stability_convergence": {
        "fe_last_mean": 0.04523884359847675,
        "fe_last_std": 0.0,
        "fe_improvement": 0.0038573383459195934,
        "fe_first": 0.041381505252557155,
        "fe_last": 0.04523884359847675
      }
    },
    "PA3": {
      "fe_best": 0.045852532130984225,
      "thresholds": [
        1,
        2,
        4,
        5,
        6,
        7,
        8,
        51,
        251,
        252
      ],
      "time_sec": 2.6536529064178467,
      "stability_jitter": {
        "fe_mean": 0.04438309495789449,
        "fe_std": 0.0009151851588568293,
        "fe_min": 0.04290203878196965,
        "fe_max": 0.045852532130984225,
        "fe_original": 0.045852532130984225
      },
      "stability_convergence": {
        "fe_last_mean": 0.045852532130984225,
        "fe_last_std": 0.0,
        "fe_improvement": 0.004577926462273396,
        "fe_first": 0.04127460566871083,
        "fe_last": 0.045852532130984225
      }
    },
    "PA4": {
      "fe_best": 0.04609349457978483,
      "thresholds": [
        1,
        3,
        5,
        6,
        7,
        8,
        58,
        250,
        251,
        254
      ],
      "time_sec": 2.7019364833831787,
      "stability_jitter": {
        "fe_mean": 0.04467162931764304,
        "fe_std": 0.000821979517369582,
        "fe_min": 0.04278953540762905,
        "fe_max": 0.04609349457978483,
        "fe_original": 0.04609349457978483
      },
      "stability_convergence": {
        "fe_last_mean": 0.04608153252411199,
        "fe_last_std": 5.9810278364214046e-06,
        "fe_improvement": 0.004711989327227675,
        "fe_first": 0.041381505252557155,
        "fe_last": 0.04609349457978483
      }
    },
    "PA5": {
      "fe_best": 0.04422833762382382,
      "thresholds": [
        1,
        3,
        4,
        7,
        17,
        26,
        29,
        50,
        168,
        244
      ],
      "time_sec": 5.401223182678223,
      "stability_jitter": {
        "fe_mean": 0.044129548018230255,
        "fe_std": 6.712971937289335e-05,
        "fe_min": 0.04399673965919575,
        "fe_max": 0.04422833762382382,
        "fe_original": 0.04422833762382382
      },
      "stability_convergence": {
        "fe_last_mean": 0.04421523371661086,
        "fe_last_std": 6.099276772192758e-06,
        "fe_improvement": 0.0023271829009155268,
        "fe_first": 0.04190115472290829,
        "fe_last": 0.04422833762382382
      }
    }
  }
}