{
  "image_index": 41,
  "image_path": "dataset/BDS500/images/val\\216081.jpg",
  "k": 10,
  "strategies": {
    "PA1": {
      "fe_best": 0.048612570788644616,
      "thresholds": [
        55,
        64,
        76,
        79,
        80,
        83,
        112,
        135,
        150,
        163
      ],
      "time_sec": 2.6836023330688477,
      "stability_jitter": {
        "fe_mean": 0.047923934755876196,
        "fe_std": 0.0003517379233203663,
        "fe_min": 0.04734922190163918,
        "fe_max": 0.048612570788644616,
        "fe_original": 0.048612570788644616
      },
      "stability_convergence": {
        "fe_last_mean": 0.048612570788644616,
        "fe_last_std": 0.0,
        "fe_improvement": 0.0009741510967173003,
        "fe_first": 0.047638419691927315,
        "fe_last": 0.048612570788644616
      }
    },
    "PA2": {
      "fe_best": 0.04869964214413881,
      "thresholds": [
        1,
        2,
        121,
        244,
        247,
        248,
        251,
        252,
        253,
        254
      ],
      "time_sec": 2.8652987480163574,
      "stability_jitter": {
        "fe_mean": 0.04842022061674256,
        "fe_std": 0.00015626199881288807,
        "fe_min": 0.04806040055375692,
        "fe_max": 0.04869964214413881,
        "fe_original": 0.04869964214413881
      },
      "stability_convergence": {
        "fe_last_mean": 0.04869964214413881,
        "fe_last_std": 0.0,
        "fe_improvement": 0.0011790536137774865,
        "fe_first": 0.04752058853036133,
        "fe_last": 0.04869964214413881
      }
    },
    "PA3": {
      "fe_best": 0.04868465981440942,
      "thresholds": [
        1,
        2,
        101,
        102,
        105,
        110,
        125,
        147,
        150,
        151
      ],
      "time_sec": 2.979090452194214,
      "stability_jitter": {
        "fe_mean": 0.04794825163408827,
        "fe_std": 0.0003407283901557668,
        "fe_min": 0.047012068962269726,
        "fe_max": 0.04868465981440942,
        "fe_original": 0.04868465981440942
      },
      "stability_convergence": {
        "fe_last_mean": 0.04859836532567163,
        "fe_last_std": 4.632802010759937e-05,
        "fe_improvement": 0.0010462401224821047,
        "fe_first": 0.047638419691927315,
        "fe_last": 0.04868465981440942
      }
    },
    "PA4": {
      "fe_best": 0.048057530402532724,
      "thresholds": [
        63,
        70,
        71,
        86,
        171,
        194,
        211,
        251,
        253,
        254
      ],
      "time_sec": 2.9875478744506836,
      "stability_jitter": {
        "fe_mean": 0.04770681002275857,
        "fe_std": 0.00017514225812270578,
        "fe_min": 0.04715965301246652,
        "fe_max": 0.048057530402532724,
        "fe_original": 0.048057530402532724
      },
      "stability_convergence": {
        "fe_last_mean": 0.048044834614199054,
        "fe_last_std": 6.654441222103003e-06,
        "fe_improvement": 0.0005369418721713967,
        "fe_first": 0.04752058853036133,
        "fe_last": 0.048057530402532724
      }
    },
    "PA5": {
      "fe_best": 0.04871375313137845,
      "thresholds": [
        1,
        2,
        121,
        246,
        247,
        250,
        251,
        252,
        253,
        254
      ],
      "time_sec": 5.445726156234741,
      "stability_jitter": {
        "fe_mean": 0.04843985333813222,
        "fe_std": 0.00015106767774542424,
        "fe_min": 0.0481082084926841,
        "fe_max": 0.04871375313137845,
        "fe_original": 0.04871375313137845
      },
      "stability_convergence": {
        "fe_last_mean": 0.04870449305689561,
        "fe_last_std": 6.173482398034258e-06,
        "fe_improvement": 0.0007659645653183902,
        "fe_first": 0.04794778856606006,
        "fe_last": 0.04871375313137845
      }
    }
  }
}