{
  "image_index": 42,
  "image_path": "dataset/BDS500/images/val\\219090.jpg",
  "k": 10,
  "strategies": {
    "PA1": {
      "fe_best": 0.04840828727551318,
      "thresholds": [
        1,
        3,
        6,
        11,
        42,
        43,
        238,
        250,
        251,
        254
      ],
      "time_sec": 2.603182077407837,
      "stability_jitter": {
        "fe_mean": 0.048317566307907366,
        "fe_std": 3.296892779198299e-05,
        "fe_min": 0.04826449102483323,
        "fe_max": 0.04840828727551318,
        "fe_original": 0.04840828727551318
      },
      "stability_convergence": {
        "fe_last_mean": 0.048408287275513176,
        "fe_last_std": 6.938893903907228e-18,
        "fe_improvement": 0.001570634171694417,
        "fe_first": 0.046837653103818766,
        "fe_last": 0.04840828727551318
      }
    },
    "PA2": {
      "fe_best": 0.04835694083286393,
      "thresholds": [
        1,
        3,
        5,
        8,
        10,
        43,
        46,
        234,
        253,
        254
      ],
      "time_sec": 2.6168360710144043,
      "stability_jitter": {
        "fe_mean": 0.04831032598243247,
        "fe_std": 2.772437011338034e-05,
        "fe_min": 0.04826529596374299,
        "fe_max": 0.048360550740641495,
        "fe_original": 0.04835694083286393
      },
      "stability_convergence": {
        "fe_last_mean": 0.048343257633301086,
        "fe_last_std": 1.5505265666941355e-05,
        "fe_improvement": 0.0007339238918836269,
        "fe_first": 0.047623016940980305,
        "fe_last": 0.04835694083286393
      }
    },
    "PA3": {
      "fe_best": 0.0485495441717601,
      "thresholds": [
        1,
        3,
        4,
        10,
        43,
        44,
        47,
        236,
        251,
        254
      ],
      "time_sec": 2.9169111251831055,
      "stability_jitter": {
        "fe_mean": 0.04828001436515622,
        "fe_std": 0.0001489969503725603,
        "fe_min": 0.048092485109765146,
        "fe_max": 0.0485495441717601,
        "fe_original": 0.0485495441717601
      },
      "stability_convergence": {
        "fe_last_mean": 0.048532737196811074,
        "fe_last_std": 1.3425656220934999e-05,
        "fe_improvement": 0.0017118910679413332,
        "fe_first": 0.046837653103818766,
        "fe_last": 0.0485495441717601
      }
    },
    "PA4": {
      "fe_best": 0.0483910561783894,
      "thresholds": [
        1,
        4,
        5,
        9,
        14,
        41,
        42,
        237,
        251,
        254
      ],
      "time_sec": 2.9538302421569824,
      "stability_jitter": {
        "fe_mean": 0.04831038219576692,
        "fe_std": 4.877571024745605e-05,
        "fe_min": 0.048212140309913054,
        "fe_max": 0.04840347637533371,
        "fe_original": 0.0483910561783894
      },
      "stability_convergence": {
        "fe_last_mean": 0.04839099822900398,
        "fe_last_std": 3.79367778828203e-08,
        "fe_improvement": 0.0007680392374090975,
        "fe_first": 0.047623016940980305,
        "fe_last": 0.0483910561783894
      }
    },
    "PA5": {
      "fe_best": 0.048369965506194365,
      "thresholds": [
        11,
        16,
        39,
        44,
        243,
        247,
        248,
        251,
        252,
        254
      ],
      "time_sec": 5.3358845710754395,
      "stability_jitter": {
        "fe_mean": 0.048249657248494504,
        "fe_std": 4.85535740199731e-05,
        "fe_min": 0.048182593617776555,
        "fe_max": 0.048369965506194365,
        "fe_original": 0.048369965506194365
      },
      "stability_convergence": {
        "fe_last_mean": 0.048369965506194365,
        "fe_last_std": 0.0,
        "fe_improvement": 0.0012812314559777493,
        "fe_first": 0.047088734050216616,
        "fe_last": 0.048369965506194365
      }
    }
  }
}