{
  "image_index": 47,
  "image_path": "dataset/BDS500/images/val\\236037.jpg",
  "k": 10,
  "strategies": {
    "PA1": {
      "fe_best": 0.04628332013353978,
      "thresholds": [
        2,
        5,
        9,
        10,
        11,
        53,
        248,
        249,
        252,
        253
      ],
      "time_sec": 2.6178905963897705,
      "stability_jitter": {
        "fe_mean": 0.046238397420085606,
        "fe_std": 2.4094548958110113e-05,
        "fe_min": 0.046196134708731185,
        "fe_max": 0.04628332013353978,
        "fe_original": 0.04628332013353978
      },
      "stability_convergence": {
        "fe_last_mean": 0.04626796239585297,
        "fe_last_std": 8.217618570322774e-06,
        "fe_improvement": 0.0003984726801775085,
        "fe_first": 0.04588484745336227,
        "fe_last": 0.04628332013353978
      }
    },
    "PA2": {
      "fe_best": 0.04632571882193777,
      "thresholds": [
        3,
        61,
        236,
        237,
        240,
        242,
        243,
        250,
        251,
        252
      ],
      "time_sec": 2.7403643131256104,
      "stability_jitter": {
        "fe_mean": 0.046264736503817114,
        "fe_std": 3.322709235117879e-05,
        "fe_min": 0.046199120633677634,
        "fe_max": 0.04633839717767152,
        "fe_original": 0.04632571882193777
      },
      "stability_convergence": {
        "fe_last_mean": 0.04632571882193777,
        "fe_last_std": 0.0,
        "fe_improvement": 0.00013368009615780801,
        "fe_first": 0.04619203872577996,
        "fe_last": 0.04632571882193777
      }
    },
    "PA3": {
      "fe_best": 0.04625928191518139,
      "thresholds": [
        1,
        2,
        3,
        4,
        12,
        15,
        53,
        250,
        251,
        254
      ],
      "time_sec": 2.7038164138793945,
      "stability_jitter": {
        "fe_mean": 0.04622232383834083,
        "fe_std": 1.8788227342382896e-05,
        "fe_min": 0.04618456375918268,
        "fe_max": 0.04625928191518139,
        "fe_original": 0.04625928191518139
      },
      "stability_convergence": {
        "fe_last_mean": 0.04625928191518138,
        "fe_last_std": 6.938893903907228e-18,
        "fe_improvement": 0.00037443446181911755,
        "fe_first": 0.04588484745336227,
        "fe_last": 0.04625928191518139
      }
    },
    "PA4": {
      "fe_best": 0.04634541968794451,
      "thresholds": [
        1,
        2,
        62,
        241,
        243,
        244,
        247,
        248,
        251,
        254
      ],
      "time_sec": 3.0542335510253906,
      "stability_jitter": {
        "fe_mean": 0.04629243518714857,
        "fe_std": 2.633787775664514e-05,
        "fe_min": 0.046248211467926126,
        "fe_max": 0.04634541968794451,
        "fe_original": 0.04634541968794451
      },
      "stability_convergence": {
        "fe_last_mean": 0.046333439421258824,
        "fe_last_std": 1.3517499540558664e-05,
        "fe_improvement": 0.000153380962164551,
        "fe_first": 0.04619203872577996,
        "fe_last": 0.04634541968794451
      }
    },
    "PA5": {
      "fe_best": 0.046299606010460986,
      "thresholds": [
        2,
        4,
        5,
        6,
        7,
        8,
        9,
        10,
        53,
        254
      ],
      "time_sec": 5.450612545013428,
      "stability_jitter": {
        "fe_mean": 0.0462758203242769,
        "fe_std": 1.2099415724372418e-05,
        "fe_min": 0.04624854776361788,
        "fe_max": 0.046299606010460986,
        "fe_original": 0.046299606010460986
      },
      "stability_convergence": {
        "fe_last_mean": 0.04629960601046099,
        "fe_last_std": 6.938893903907228e-18,
        "fe_improvement": 0.00038635335953488004,
        "fe_first": 0.045913252650926106,
        "fe_last": 0.046299606010460986
      }
    }
  }
}