{
  "image_index": 48,
  "image_path": "dataset/BDS500/images/val\\24077.jpg",
  "k": 10,
  "strategies": {
    "PA1": {
      "fe_best": 0.04599662963563987,
      "thresholds": [
        4,
        37,
        196,
        211,
        220,
        231,
        243,
        246,
        247,
        250
      ],
      "time_sec": 2.617161273956299,
      "stability_jitter": {
        "fe_mean": 0.045208245970696025,
        "fe_std": 0.00031035306754212974,
        "fe_min": 0.04464709386858709,
        "fe_max": 0.04599662963563987,
        "fe_original": 0.04599662963563987
      },
      "stability_convergence": {
        "fe_last_mean": 0.0459764039791276,
        "fe_last_std": 2.514056694273899e-05,
        "fe_improvement": 0.0005794973463018258,
        "fe_first": 0.045417132289338046,
        "fe_last": 0.04599662963563987
      }
    },
    "PA2": {
      "fe_best": 0.04604601866776703,
      "thresholds": [
        4,
        37,
        200,
        210,
        219,
        230,
        239,
        246,
        247,
        250
      ],
      "time_sec": 2.795947551727295,
      "stability_jitter": {
        "fe_mean": 0.045237918101419056,
        "fe_std": 0.0003034021977604777,
        "fe_min": 0.044688162193176215,
        "fe_max": 0.04604601866776703,
        "fe_original": 0.04604601866776703
      },
      "stability_convergence": {
        "fe_last_mean": 0.04604601866776703,
        "fe_last_std": 0.0,
        "fe_improvement": 0.0006288863784289847,
        "fe_first": 0.045417132289338046,
        "fe_last": 0.04604601866776703
      }
    },
    "PA3": {
      "fe_best": 0.04621253914799561,
      "thresholds": [
        3,
        37,
        203,
        208,
        215,
        216,
        223,
        250,
        251,
        254
      ],
      "time_sec": 2.6693525314331055,
      "stability_jitter": {
        "fe_mean": 0.04484257646752691,
        "fe_std": 0.0007248261205207599,
        "fe_min": 0.04323379716896587,
        "fe_max": 0.04621253914799561,
        "fe_original": 0.04621253914799561
      },
      "stability_convergence": {
        "fe_last_mean": 0.0462076265407906,
        "fe_last_std": 1.4737821615025402e-05,
        "fe_improvement": 0.0007954068586575672,
        "fe_first": 0.045417132289338046,
        "fe_last": 0.04621253914799561
      }
    },
    "PA4": {
      "fe_best": 0.04625405867101309,
      "thresholds": [
        4,
        35,
        205,
        218,
        219,
        230,
        243,
        250,
        251,
        254
      ],
      "time_sec": 2.677543878555298,
      "stability_jitter": {
        "fe_mean": 0.044781476230369786,
        "fe_std": 0.0007206663159646172,
        "fe_min": 0.04338601718594774,
        "fe_max": 0.04625405867101309,
        "fe_original": 0.04625405867101309
      },
      "stability_convergence": {
        "fe_last_mean": 0.046254058671013086,
        "fe_last_std": 6.938893903907228e-18,
        "fe_improvement": 0.0008369263816750475,
        "fe_first": 0.045417132289338046,
        "fe_last": 0.04625405867101309
      }
    },
    "PA5": {
      "fe_best": 0.045417132289338046,
      "thresholds": [
        4,
        38,
        210,
        220,
        227,
        236,
        244,
        247,
        248,
        250
      ],
      "time_sec": 5.994787931442261,
      "stability_jitter": {
        "fe_mean": 0.044844280301511455,
        "fe_std": 0.00026980341770311157,
        "fe_min": 0.04445332304930137,
        "fe_max": 0.045417132289338046,
        "fe_original": 0.045417132289338046
      },
      "stability_convergence": {
        "fe_last_mean": 0.04541713228933804,
        "fe_last_std": 6.938893903907228e-18,
        "fe_improvement": 0.0,
        "fe_first": 0.045417132289338046,
        "fe_last": 0.045417132289338046
      }
    }
  }
}