{
  "image_index": 43,
  "image_path": "dataset/BDS500/images/val\\220075.jpg",
  "k": 10,
  "strategies": {
    "PA1": {
      "fe_best": 0.049398997821038834,
      "thresholds": [
        193,
        227,
        236,
        239,
        244,
        246,
        249,
        250,
        253,
        254
      ],
      "time_sec": 2.9656991958618164,
      "stability_jitter": {
        "fe_mean": 0.04904598364409263,
        "fe_std": 0.00019628900061738263,
        "fe_min": 0.04842460213777446,
        "fe_max": 0.049398997821038834,
        "fe_original": 0.049398997821038834
      },
      "stability_convergence": {
        "fe_last_mean": 0.049398997821038834,
        "fe_last_std": 0.0,
        "fe_improvement": 0.0029215587585481317,
        "fe_first": 0.0464774390624907,
        "fe_last": 0.049398997821038834
      }
    },
    "PA2": {
      "fe_best": 0.04946385701354668,
      "thresholds": [
        197,
        202,
        219,
        234,
        241,
        246,
        249,
        250,
        253,
        254
      ],
      "time_sec": 2.5963308811187744,
      "stability_jitter": {
        "fe_mean": 0.04911102817279196,
        "fe_std": 0.00017951355121901554,
        "fe_min": 0.04860804010576829,
        "fe_max": 0.04946385701354668,
        "fe_original": 0.04946385701354668
      },
      "stability_convergence": {
        "fe_last_mean": 0.04946385701354668,
        "fe_last_std": 0.0,
        "fe_improvement": 0.0019233048758729512,
        "fe_first": 0.047540552137673726,
        "fe_last": 0.04946385701354668
      }
    },
    "PA3": {
      "fe_best": 0.0493849129154468,
      "thresholds": [
        198,
        207,
        215,
        220,
        222,
        223,
        243,
        248,
        251,
        252
      ],
      "time_sec": 2.650697946548462,
      "stability_jitter": {
        "fe_mean": 0.04903619534037257,
        "fe_std": 0.00015827610315405217,
        "fe_min": 0.04866842959838191,
        "fe_max": 0.0493849129154468,
        "fe_original": 0.0493849129154468
      },
      "stability_convergence": {
        "fe_last_mean": 0.049307134188614474,
        "fe_last_std": 5.164801452418133e-05,
        "fe_improvement": 0.0029074738529560953,
        "fe_first": 0.0464774390624907,
        "fe_last": 0.0493849129154468
      }
    },
    "PA4": {
      "fe_best": 0.04935800340683055,
      "thresholds": [
        197,
        207,
        210,
        211,
        219,
        222,
        235,
        250,
        251,
        254
      ],
      "time_sec": 2.632514238357544,
      "stability_jitter": {
        "fe_mean": 0.04907754310887783,
        "fe_std": 0.0001548801178026265,
        "fe_min": 0.048717303864796085,
        "fe_max": 0.04935800340683055,
        "fe_original": 0.04935800340683055
      },
      "stability_convergence": {
        "fe_last_mean": 0.04932878738770776,
        "fe_last_std": 1.5033606797632227e-05,
        "fe_improvement": 0.0018174512691568265,
        "fe_first": 0.047540552137673726,
        "fe_last": 0.04935800340683055
      }
    },
    "PA5": {
      "fe_best": 0.049485504980033165,
      "thresholds": [
        199,
        212,
        222,
        237,
        243,
        246,
        247,
        250,
        251,
        254
      ],
      "time_sec": 5.6825032234191895,
      "stability_jitter": {
        "fe_mean": 0.049067632706280395,
        "fe_std": 0.00022487899018481264,
        "fe_min": 0.04858409619326706,
        "fe_max": 0.049485504980033165,
        "fe_original": 0.049485504980033165
      },
      "stability_convergence": {
        "fe_last_mean": 0.04939203577346204,
        "fe_last_std": 3.281645981306894e-05,
        "fe_improvement": 0.0013392717145905286,
        "fe_first": 0.04814623326544264,
        "fe_last": 0.049485504980033165
      }
    }
  }
}