{
  "image_index": 40,
  "image_path": "dataset/BDS500/images/val\\21077.jpg",
  "k": 10,
  "strategies": {
    "PA1": {
      "fe_best": 0.04793294952929986,
      "thresholds": [
        1,
        2,
        4,
        11,
        15,
        16,
        37,
        216,
        217,
        224
      ],
      "time_sec": 2.7565765380859375,
      "stability_jitter": {
        "fe_mean": 0.04786390795612216,
        "fe_std": 3.1068418502747364e-05,
        "fe_min": 0.04780049901668617,
        "fe_max": 0.04793294952929986,
        "fe_original": 0.04793294952929986
      },
      "stability_convergence": {
        "fe_last_mean": 0.04793294952929987,
        "fe_last_std": 6.938893903907228e-18,
        "fe_improvement": 0.0005294948881199232,
        "fe_first": 0.04740345464117994,
        "fe_last": 0.04793294952929986
      }
    },
    "PA2": {
      "fe_best": 0.048351774886495065,
      "thresholds": [
        3,
        42,
        219,
        221,
        226,
        234,
        243,
        246,
        247,
        250
      ],
      "time_sec": 2.656313419342041,
      "stability_jitter": {
        "fe_mean": 0.04708130862151151,
        "fe_std": 0.000604464285659305,
        "fe_min": 0.04588785484825485,
        "fe_max": 0.048351774886495065,
        "fe_original": 0.048351774886495065
      },
      "stability_convergence": {
        "fe_last_mean": 0.048351774886495065,
        "fe_last_std": 0.0,
        "fe_improvement": 0.0009483202453151249,
        "fe_first": 0.04740345464117994,
        "fe_last": 0.048351774886495065
      }
    },
    "PA3": {
      "fe_best": 0.04837222779592118,
      "thresholds": [
        4,
        38,
        225,
        234,
        235,
        238,
        243,
        246,
        247,
        250
      ],
      "time_sec": 2.9026901721954346,
      "stability_jitter": {
        "fe_mean": 0.04705640934530441,
        "fe_std": 0.0006268220356531382,
        "fe_min": 0.04580795901556602,
        "fe_max": 0.04837222779592118,
        "fe_original": 0.04837222779592118
      },
      "stability_convergence": {
        "fe_last_mean": 0.04837222779592119,
        "fe_last_std": 6.938893903907228e-18,
        "fe_improvement": 0.0009687731547412398,
        "fe_first": 0.04740345464117994,
        "fe_last": 0.04837222779592118
      }
    },
    "PA4": {
      "fe_best": 0.04841965161266096,
      "thresholds": [
        4,
        33,
        232,
        236,
        239,
        242,
        243,
        246,
        247,
        250
      ],
      "time_sec": 2.6906049251556396,
      "stability_jitter": {
        "fe_mean": 0.047141328459486195,
        "fe_std": 0.0006743851803474616,
        "fe_min": 0.04593282432167597,
        "fe_max": 0.04841965161266096,
        "fe_original": 0.04841965161266096
      },
      "stability_convergence": {
        "fe_last_mean": 0.04841965161266095,
        "fe_last_std": 6.938893903907228e-18,
        "fe_improvement": 0.0010161969714810176,
        "fe_first": 0.04740345464117994,
        "fe_last": 0.04841965161266096
      }
    },
    "PA5": {
      "fe_best": 0.04805828634340478,
      "thresholds": [
        1,
        4,
        5,
        6,
        7,
        8,
        38,
        219,
        220,
        223
      ],
      "time_sec": 5.393037796020508,
      "stability_jitter": {
        "fe_mean": 0.047990003693253985,
        "fe_std": 3.4984157480401e-05,
        "fe_min": 0.047915954842134706,
        "fe_max": 0.04805828634340478,
        "fe_original": 0.04805828634340478
      },
      "stability_convergence": {
        "fe_last_mean": 0.04804909751112359,
        "fe_last_std": 9.188832281199072e-06,
        "fe_improvement": 0.0006548317022248423,
        "fe_first": 0.04740345464117994,
        "fe_last": 0.04805828634340478
      }
    }
  }
}