{
  "image_index": 53,
  "image_path": "dataset/BDS500/images/val\\260058.jpg",
  "k": 10,
  "strategies": {
    "PA1": {
      "fe_best": 0.04988760176576901,
      "thresholds": [
        1,
        2,
        3,
        4,
        5,
        6,
        7,
        8,
        9,
        10
      ],
      "time_sec": 2.6215200424194336,
      "stability_jitter": {
        "fe_mean": 0.04981321489683156,
        "fe_std": 3.217379723747042e-05,
        "fe_min": 0.04976876204073832,
        "fe_max": 0.04988760176576901,
        "fe_original": 0.04988760176576901
      },
      "stability_convergence": {
        "fe_last_mean": 0.04988760176576901,
        "fe_last_std": 0.0,
        "fe_improvement": 0.003643629826911937,
        "fe_first": 0.04624397193885707,
        "fe_last": 0.04988760176576901
      }
    },
    "PA2": {
      "fe_best": 0.04766993514126945,
      "thresholds": [
        1,
        2,
        3,
        4,
        5,
        6,
        159,
        252,
        253,
        254
      ],
      "time_sec": 2.6401190757751465,
      "stability_jitter": {
        "fe_mean": 0.04761383230183165,
        "fe_std": 3.3852552216059264e-05,
        "fe_min": 0.04755885414926342,
        "fe_max": 0.04766993514126945,
        "fe_original": 0.04766993514126945
      },
      "stability_convergence": {
        "fe_last_mean": 0.04766993514126945,
        "fe_last_std": 0.0,
        "fe_improvement": 0.0014187498532918855,
        "fe_first": 0.046251185287977566,
        "fe_last": 0.04766993514126945
      }
    },
    "PA3": {
      "fe_best": 0.047670208585799165,
      "thresholds": [
        1,
        2,
        3,
        4,
        5,
        6,
        7,
        158,
        253,
        254
      ],
      "time_sec": 2.710906744003296,
      "stability_jitter": {
        "fe_mean": 0.0476253547609932,
        "fe_std": 3.1185486359236725e-05,
        "fe_min": 0.04755593659492843,
        "fe_max": 0.047670208585799165,
        "fe_original": 0.047670208585799165
      },
      "stability_convergence": {
        "fe_last_mean": 0.047670208585799165,
        "fe_last_std": 0.0,
        "fe_improvement": 0.0014262366469420945,
        "fe_first": 0.04624397193885707,
        "fe_last": 0.047670208585799165
      }
    },
    "PA4": {
      "fe_best": 0.04766990926908925,
      "thresholds": [
        1,
        2,
        3,
        4,
        161,
        250,
        251,
        252,
        253,
        254
      ],
      "time_sec": 2.6385531425476074,
      "stability_jitter": {
        "fe_mean": 0.04761825284550921,
        "fe_std": 2.9974388384076257e-05,
        "fe_min": 0.047582239548119125,
        "fe_max": 0.04766990926908925,
        "fe_original": 0.04766990926908925
      },
      "stability_convergence": {
        "fe_last_mean": 0.04766990926908925,
        "fe_last_std": 0.0,
        "fe_improvement": 0.0014187239811116817,
        "fe_first": 0.046251185287977566,
        "fe_last": 0.04766990926908925
      }
    },
    "PA5": {
      "fe_best": 0.04767287807648565,
      "thresholds": [
        1,
        2,
        3,
        4,
        5,
        160,
        251,
        252,
        253,
        254
      ],
      "time_sec": 5.261573553085327,
      "stability_jitter": {
        "fe_mean": 0.04760519397537796,
        "fe_std": 3.052039735214544e-05,
        "fe_min": 0.047557526244950826,
        "fe_max": 0.04767287807648565,
        "fe_original": 0.04767287807648565
      },
      "stability_convergence": {
        "fe_last_mean": 0.04767287807648566,
        "fe_last_std": 6.938893903907228e-18,
        "fe_improvement": 0.00120161165485147,
        "fe_first": 0.04647126642163418,
        "fe_last": 0.04767287807648565
      }
    }
  }
}