{
  "image_index": 50,
  "image_path": "dataset/BDS500/images/val\\241048.jpg",
  "k": 10,
  "strategies": {
    "PA1": {
      "fe_best": 0.042634597445955776,
      "thresholds": [
        1,
        5,
        8,
        9,
        16,
        26,
        62,
        184,
        187,
        188
      ],
      "time_sec": 2.7474892139434814,
      "stability_jitter": {
        "fe_mean": 0.04229319794251114,
        "fe_std": 0.00017922636645968106,
        "fe_min": 0.0418407475275672,
        "fe_max": 0.042634597445955776,
        "fe_original": 0.042634597445955776
      },
      "stability_convergence": {
        "fe_last_mean": 0.042612364836390214,
        "fe_last_std": 9.97891208635996e-06,
        "fe_improvement": 0.0008080793447207135,
        "fe_first": 0.04182651810123506,
        "fe_last": 0.042634597445955776
      }
    },
    "PA2": {
      "fe_best": 0.042576102583560135,
      "thresholds": [
        31,
        65,
        174,
        213,
        214,
        221,
        235,
        242,
        251,
        254
      ],
      "time_sec": 2.819056272506714,
      "stability_jitter": {
        "fe_mean": 0.04216882479095461,
        "fe_std": 0.0001942739186267714,
        "fe_min": 0.0417080971314805,
        "fe_max": 0.042576102583560135,
        "fe_original": 0.042576102583560135
      },
      "stability_convergence": {
        "fe_last_mean": 0.042576102583560135,
        "fe_last_std": 0.0,
        "fe_improvement": 0.000736039643079521,
        "fe_first": 0.041840062940480614,
        "fe_last": 0.042576102583560135
      }
    },
    "PA3": {
      "fe_best": 0.04257378772391626,
      "thresholds": [
        1,
        2,
        3,
        6,
        8,
        9,
        10,
        20,
        59,
        248
      ],
      "time_sec": 2.8401529788970947,
      "stability_jitter": {
        "fe_mean": 0.042527941246444136,
        "fe_std": 2.311649657225434e-05,
        "fe_min": 0.042485611996505,
        "fe_max": 0.04257378772391626,
        "fe_original": 0.04257378772391626
      },
      "stability_convergence": {
        "fe_last_mean": 0.042573787457759235,
        "fe_last_std": 3.2597445377065586e-10,
        "fe_improvement": 0.0007472696226812001,
        "fe_first": 0.04182651810123506,
        "fe_last": 0.04257378772391626
      }
    },
    "PA4": {
      "fe_best": 0.04249452341632902,
      "thresholds": [
        1,
        2,
        3,
        4,
        8,
        14,
        22,
        66,
        179,
        198
      ],
      "time_sec": 2.695049524307251,
      "stability_jitter": {
        "fe_mean": 0.042426310059763994,
        "fe_std": 3.0962115666231556e-05,
        "fe_min": 0.042342641499773924,
        "fe_max": 0.04249452341632902,
        "fe_original": 0.04249452341632902
      },
      "stability_convergence": {
        "fe_last_mean": 0.04249452341632902,
        "fe_last_std": 0.0,
        "fe_improvement": 0.0006544604758484049,
        "fe_first": 0.041840062940480614,
        "fe_last": 0.04249452341632902
      }
    },
    "PA5": {
      "fe_best": 0.04265234638487505,
      "thresholds": [
        1,
        2,
        14,
        31,
        32,
        56,
        187,
        188,
        243,
        248
      ],
      "time_sec": 5.3742876052856445,
      "stability_jitter": {
        "fe_mean": 0.042484405516912335,
        "fe_std": 6.651729417067819e-05,
        "fe_min": 0.042356503077683384,
        "fe_max": 0.04265234638487505,
        "fe_original": 0.04265234638487505
      },
      "stability_convergence": {
        "fe_last_mean": 0.042605713031184635,
        "fe_last_std": 3.464293885218071e-05,
        "fe_improvement": 0.0007738246326786727,
        "fe_first": 0.041878521752196377,
        "fe_last": 0.04265234638487505
      }
    }
  }
}