{
  "image_index": 58,
  "image_path": "dataset/BDS500/images/val\\296007.jpg",
  "k": 10,
  "strategies": {
    "PA1": {
      "fe_best": 0.053464091021304144,
      "thresholds": [
        1,
        3,
        7,
        11,
        18,
        25,
        35,
        58,
        203,
        244
      ],
      "time_sec": 2.811148166656494,
      "stability_jitter": {
        "fe_mean": 0.05340100660866113,
        "fe_std": 5.0588400419723255e-05,
        "fe_min": 0.05329223646368635,
        "fe_max": 0.053464091021304144,
        "fe_original": 0.053464091021304144
      },
      "stability_convergence": {
        "fe_last_mean": 0.05345842760264141,
        "fe_last_std": 2.895484586066188e-06,
        "fe_improvement": 0.0020299387881394237,
        "fe_first": 0.05143415223316472,
        "fe_last": 0.053464091021304144
      }
    },
    "PA2": {
      "fe_best": 0.05346323506651221,
      "thresholds": [
        54,
        113,
        242,
        244,
        245,
        250,
        251,
        252,
        253,
        254
      ],
      "time_sec": 3.113694190979004,
      "stability_jitter": {
        "fe_mean": 0.05341013650682568,
        "fe_std": 2.426910128734344e-05,
        "fe_min": 0.053370069733110787,
        "fe_max": 0.05346323506651221,
        "fe_original": 0.05346323506651221
      },
      "stability_convergence": {
        "fe_last_mean": 0.0534632350665122,
        "fe_last_std": 6.938893903907228e-18,
        "fe_improvement": 0.0024568936230313365,
        "fe_first": 0.051006341443480874,
        "fe_last": 0.05346323506651221
      }
    },
    "PA3": {
      "fe_best": 0.053460633289400955,
      "thresholds": [
        1,
        2,
        17,
        21,
        28,
        30,
        67,
        194,
        252,
        254
      ],
      "time_sec": 2.8815088272094727,
      "stability_jitter": {
        "fe_mean": 0.05338879001109785,
        "fe_std": 4.754148036763227e-05,
        "fe_min": 0.053283955378462165,
        "fe_max": 0.053460633289400955,
        "fe_original": 0.053460633289400955
      },
      "stability_convergence": {
        "fe_last_mean": 0.05346063328940096,
        "fe_last_std": 6.938893903907228e-18,
        "fe_improvement": 0.0020264810562362345,
        "fe_first": 0.05143415223316472,
        "fe_last": 0.053460633289400955
      }
    },
    "PA4": {
      "fe_best": 0.05345191238532633,
      "thresholds": [
        1,
        2,
        17,
        24,
        31,
        45,
        46,
        217,
        225,
        252
      ],
      "time_sec": 2.828282356262207,
      "stability_jitter": {
        "fe_mean": 0.05339079536981868,
        "fe_std": 5.094880582838163e-05,
        "fe_min": 0.05327461458035244,
        "fe_max": 0.05345191238532633,
        "fe_original": 0.05345191238532633
      },
      "stability_convergence": {
        "fe_last_mean": 0.05344936949112426,
        "fe_last_std": 1.2790658365796809e-06,
        "fe_improvement": 0.002445570941845457,
        "fe_first": 0.051006341443480874,
        "fe_last": 0.05345191238532633
      }
    },
    "PA5": {
      "fe_best": 0.053458019710257244,
      "thresholds": [
        1,
        2,
        3,
        4,
        7,
        38,
        55,
        206,
        240,
        248
      ],
      "time_sec": 6.051445245742798,
      "stability_jitter": {
        "fe_mean": 0.05338470444068625,
        "fe_std": 5.723863333562197e-05,
        "fe_min": 0.053244978735182094,
        "fe_max": 0.053458019710257244,
        "fe_original": 0.053458019710257244
      },
      "stability_convergence": {
        "fe_last_mean": 0.05345655829103414,
        "fe_last_std": 1.6088816120350673e-06,
        "fe_improvement": 0.0005775799018986477,
        "fe_first": 0.0528804398083586,
        "fe_last": 0.053458019710257244
      }
    }
  }
}