{
  "image_index": 57,
  "image_path": "dataset/BDS500/images/val\\295087.jpg",
  "k": 10,
  "strategies": {
    "PA1": {
      "fe_best": 0.048799083261453574,
      "thresholds": [
        1,
        2,
        5,
        20,
        249,
        250,
        251,
        252,
        253,
        254
      ],
      "time_sec": 2.817739725112915,
      "stability_jitter": {
        "fe_mean": 0.04877783463039104,
        "fe_std": 1.948540758095336e-05,
        "fe_min": 0.048739679103004224,
        "fe_max": 0.04880565989628533,
        "fe_original": 0.048799083261453574
      },
      "stability_convergence": {
        "fe_last_mean": 0.04879908326145357,
        "fe_last_std": 6.938893903907228e-18,
        "fe_improvement": 0.0010636585572314852,
        "fe_first": 0.04773542470422209,
        "fe_last": 0.048799083261453574
      }
    },
    "PA2": {
      "fe_best": 0.04881197405429931,
      "thresholds": [
        1,
        2,
        3,
        4,
        20,
        250,
        251,
        252,
        253,
        254
      ],
      "time_sec": 2.6096060276031494,
      "stability_jitter": {
        "fe_mean": 0.04878620091156242,
        "fe_std": 1.534211396992597e-05,
        "fe_min": 0.048759376752122593,
        "fe_max": 0.04881197405429931,
        "fe_original": 0.04881197405429931
      },
      "stability_convergence": {
        "fe_last_mean": 0.04881197405429931,
        "fe_last_std": 0.0,
        "fe_improvement": 0.0010522516469927135,
        "fe_first": 0.047759722407306596,
        "fe_last": 0.04881197405429931
      }
    },
    "PA3": {
      "fe_best": 0.04877924671915439,
      "thresholds": [
        4,
        22,
        247,
        248,
        249,
        250,
        251,
        252,
        253,
        254
      ],
      "time_sec": 2.724372386932373,
      "stability_jitter": {
        "fe_mean": 0.04874854556916464,
        "fe_std": 2.4739751439039686e-05,
        "fe_min": 0.04870637021311894,
        "fe_max": 0.04879567235976396,
        "fe_original": 0.04877924671915439
      },
      "stability_convergence": {
        "fe_last_mean": 0.04877924671915439,
        "fe_last_std": 0.0,
        "fe_improvement": 0.0010438220149322983,
        "fe_first": 0.04773542470422209,
        "fe_last": 0.04877924671915439
      }
    },
    "PA4": {
      "fe_best": 0.048812444157725586,
      "thresholds": [
        1,
        2,
        3,
        21,
        249,
        250,
        251,
        252,
        253,
        254
      ],
      "time_sec": 2.7205705642700195,
      "stability_jitter": {
        "fe_mean": 0.048793188670345475,
        "fe_std": 1.5202105071158365e-05,
        "fe_min": 0.04876463198598653,
        "fe_max": 0.048812444157725586,
        "fe_original": 0.048812444157725586
      },
      "stability_convergence": {
        "fe_last_mean": 0.04881244415772558,
        "fe_last_std": 6.938893903907228e-18,
        "fe_improvement": 0.0010527217504189904,
        "fe_first": 0.047759722407306596,
        "fe_last": 0.048812444157725586
      }
    },
    "PA5": {
      "fe_best": 0.04881190163570678,
      "thresholds": [
        24,
        246,
        247,
        248,
        249,
        250,
        251,
        252,
        253,
        254
      ],
      "time_sec": 5.949367046356201,
      "stability_jitter": {
        "fe_mean": 0.04879544489153641,
        "fe_std": 1.8377105284418245e-05,
        "fe_min": 0.0487354099956853,
        "fe_max": 0.04881190163570678,
        "fe_original": 0.04881190163570678
      },
      "stability_convergence": {
        "fe_last_mean": 0.04881190163570677,
        "fe_last_std": 6.938893903907228e-18,
        "fe_improvement": 0.0009758129864264678,
        "fe_first": 0.04783608864928031,
        "fe_last": 0.04881190163570678
      }
    }
  }
}