{
  "image_index": 55,
  "image_path": "dataset/BDS500/images/val\\285079.jpg",
  "k": 10,
  "strategies": {
    "PA1": {
      "fe_best": 0.050232477373045245,
      "thresholds": [
        1,
        4,
        5,
        7,
        11,
        39,
        248,
        250,
        251,
        254
      ],
      "time_sec": 2.7514734268188477,
      "stability_jitter": {
        "fe_mean": 0.05003730148137801,
        "fe_std": 8.808174108995131e-05,
        "fe_min": 0.04988662010477802,
        "fe_max": 0.050232477373045245,
        "fe_original": 0.050232477373045245
      },
      "stability_convergence": {
        "fe_last_mean": 0.05022266846745106,
        "fe_last_std": 4.904452797094283e-06,
        "fe_improvement": 0.002034083127633847,
        "fe_first": 0.0481983942454114,
        "fe_last": 0.050232477373045245
      }
    },
    "PA2": {
      "fe_best": 0.05003187608772701,
      "thresholds": [
        6,
        46,
        243,
        244,
        245,
        246,
        248,
        249,
        251,
        254
      ],
      "time_sec": 2.6638407707214355,
      "stability_jitter": {
        "fe_mean": 0.049885234075477625,
        "fe_std": 0.00011745653563336697,
        "fe_min": 0.04963591874218887,
        "fe_max": 0.05007173577468674,
        "fe_original": 0.05003187608772701
      },
      "stability_convergence": {
        "fe_last_mean": 0.05003187608772701,
        "fe_last_std": 0.0,
        "fe_improvement": 0.000322160739464325,
        "fe_first": 0.049709715348262684,
        "fe_last": 0.05003187608772701
      }
    },
    "PA3": {
      "fe_best": 0.05015265804399546,
      "thresholds": [
        4,
        46,
        242,
        243,
        246,
        247,
        248,
        250,
        251,
        254
      ],
      "time_sec": 2.6938636302948,
      "stability_jitter": {
        "fe_mean": 0.04992722670353659,
        "fe_std": 0.000107944230384843,
        "fe_min": 0.049744536570042346,
        "fe_max": 0.05015265804399546,
        "fe_original": 0.05015265804399546
      },
      "stability_convergence": {
        "fe_last_mean": 0.05007569819256642,
        "fe_last_std": 8.938883588803486e-05,
        "fe_improvement": 0.0019542637985840647,
        "fe_first": 0.0481983942454114,
        "fe_last": 0.05015265804399546
      }
    },
    "PA4": {
      "fe_best": 0.050116146720523745,
      "thresholds": [
        5,
        46,
        242,
        244,
        245,
        246,
        249,
        250,
        251,
        254
      ],
      "time_sec": 2.7925727367401123,
      "stability_jitter": {
        "fe_mean": 0.04991727727227543,
        "fe_std": 0.00010536262061155498,
        "fe_min": 0.04964791464605817,
        "fe_max": 0.050116146720523745,
        "fe_original": 0.050116146720523745
      },
      "stability_convergence": {
        "fe_last_mean": 0.05004400481312371,
        "fe_last_std": 8.430485556715613e-05,
        "fe_improvement": 0.000406431372261061,
        "fe_first": 0.049709715348262684,
        "fe_last": 0.050116146720523745
      }
    },
    "PA5": {
      "fe_best": 0.05037756772047275,
      "thresholds": [
        1,
        2,
        3,
        5,
        6,
        7,
        8,
        42,
        251,
        252
      ],
      "time_sec": 5.699947834014893,
      "stability_jitter": {
        "fe_mean": 0.05017206869620548,
        "fe_std": 9.134901211784629e-05,
        "fe_min": 0.050011958827572194,
        "fe_max": 0.05037756772047275,
        "fe_original": 0.05037756772047275
      },
      "stability_convergence": {
        "fe_last_mean": 0.05037756772047275,
        "fe_last_std": 0.0,
        "fe_improvement": 0.002179173475061351,
        "fe_first": 0.0481983942454114,
        "fe_last": 0.05037756772047275
      }
    }
  }
}