{
  "image_index": 67,
  "image_path": "dataset/BDS500/images/val\\33039.jpg",
  "k": 10,
  "strategies": {
    "PA1": {
      "fe_best": 0.04618636175381545,
      "thresholds": [
        1,
        2,
        5,
        6,
        10,
        12,
        91,
        232,
        235,
        236
      ],
      "time_sec": 2.396704912185669,
      "stability_jitter": {
        "fe_mean": 0.04599581429573726,
        "fe_std": 7.85648959722327e-05,
        "fe_min": 0.04581054790191942,
        "fe_max": 0.04618636175381545,
        "fe_original": 0.04618636175381545
      },
      "stability_convergence": {
        "fe_last_mean": 0.04618636175381545,
        "fe_last_std": 0.0,
        "fe_improvement": 0.0004639378908857031,
        "fe_first": 0.04572242386292975,
        "fe_last": 0.04618636175381545
      }
    },
    "PA2": {
      "fe_best": 0.0459607001842877,
      "thresholds": [
        3,
        4,
        6,
        9,
        18,
        85,
        178,
        199,
        202,
        235
      ],
      "time_sec": 2.2621049880981445,
      "stability_jitter": {
        "fe_mean": 0.045845220933940535,
        "fe_std": 5.1884024010838185e-05,
        "fe_min": 0.04571182874545081,
        "fe_max": 0.0459607001842877,
        "fe_original": 0.0459607001842877
      },
      "stability_convergence": {
        "fe_last_mean": 0.04594602683962272,
        "fe_last_std": 9.6059589464977e-06,
        "fe_improvement": 0.00023827632135795668,
        "fe_first": 0.04572242386292975,
        "fe_last": 0.0459607001842877
      }
    },
    "PA3": {
      "fe_best": 0.04633557969974708,
      "thresholds": [
        2,
        50,
        99,
        102,
        103,
        106,
        107,
        134,
        151,
        210
      ],
      "time_sec": 2.3933937549591064,
      "stability_jitter": {
        "fe_mean": 0.04544998991107178,
        "fe_std": 0.0003898155067759908,
        "fe_min": 0.044748806967309526,
        "fe_max": 0.04633557969974708,
        "fe_original": 0.04633557969974708
      },
      "stability_convergence": {
        "fe_last_mean": 0.04629478948318251,
        "fe_last_std": 5.579867276551737e-05,
        "fe_improvement": 0.0006131558368173348,
        "fe_first": 0.04572242386292975,
        "fe_last": 0.04633557969974708
      }
    },
    "PA4": {
      "fe_best": 0.04615743814690486,
      "thresholds": [
        1,
        2,
        3,
        5,
        7,
        10,
        11,
        90,
        231,
        232
      ],
      "time_sec": 2.416287422180176,
      "stability_jitter": {
        "fe_mean": 0.04606860706570603,
        "fe_std": 4.0689274816374575e-05,
        "fe_min": 0.045998344289367825,
        "fe_max": 0.04615743814690486,
        "fe_original": 0.04615743814690486
      },
      "stability_convergence": {
        "fe_last_mean": 0.04615387355048638,
        "fe_last_std": 1.0693789255451085e-05,
        "fe_improvement": 0.0004350142839751117,
        "fe_first": 0.04572242386292975,
        "fe_last": 0.04615743814690486
      }
    },
    "PA5": {
      "fe_best": 0.046180871784989745,
      "thresholds": [
        1,
        2,
        3,
        6,
        7,
        102,
        223,
        226,
        227,
        230
      ],
      "time_sec": 5.313663005828857,
      "stability_jitter": {
        "fe_mean": 0.045941499574409385,
        "fe_std": 0.00012602055399819234,
        "fe_min": 0.04562524847779587,
        "fe_max": 0.046180871784989745,
        "fe_original": 0.046180871784989745
      },
      "stability_convergence": {
        "fe_last_mean": 0.046163303242016875,
        "fe_last_std": 2.197264579904736e-05,
        "fe_improvement": 0.0004584479220599985,
        "fe_first": 0.04572242386292975,
        "fe_last": 0.046180871784989745
      }
    }
  }
}