{
  "image_index": 68,
  "image_path": "dataset/BDS500/images/val\\351093.jpg",
  "k": 10,
  "strategies": {
    "PA1": {
      "fe_best": 0.04282710528700548,
      "thresholds": [
        67,
        79,
        106,
        138,
        151,
        193,
        247,
        250,
        251,
        254
      ],
      "time_sec": 2.391921043395996,
      "stability_jitter": {
        "fe_mean": 0.040490892486814395,
        "fe_std": 0.0010644367813745835,
        "fe_min": 0.03875140218132312,
        "fe_max": 0.04282710528700548,
        "fe_original": 0.04282710528700548
      },
      "stability_convergence": {
        "fe_last_mean": 0.042827105287005486,
        "fe_last_std": 6.938893903907228e-18,
        "fe_improvement": 0.0016003414731579138,
        "fe_first": 0.041226763813847565,
        "fe_last": 0.04282710528700548
      }
    },
    "PA2": {
      "fe_best": 0.0421607491047634,
      "thresholds": [
        78,
        83,
        147,
        150,
        155,
        162,
        227,
        248,
        251,
        252
      ],
      "time_sec": 2.3409922122955322,
      "stability_jitter": {
        "fe_mean": 0.03962745922692546,
        "fe_std": 0.0012515253608770328,
        "fe_min": 0.03699910003868335,
        "fe_max": 0.0421607491047634,
        "fe_original": 0.0421607491047634
      },
      "stability_convergence": {
        "fe_last_mean": 0.042160749104763404,
        "fe_last_std": 6.938893903907228e-18,
        "fe_improvement": 0.0009693653192623039,
        "fe_first": 0.04119138378550109,
        "fe_last": 0.0421607491047634
      }
    },
    "PA3": {
      "fe_best": 0.04228828881797035,
      "thresholds": [
        49,
        67,
        82,
        135,
        144,
        178,
        206,
        248,
        251,
        252
      ],
      "time_sec": 2.3570914268493652,
      "stability_jitter": {
        "fe_mean": 0.039979026449495005,
        "fe_std": 0.0012482424057771433,
        "fe_min": 0.03723455247495383,
        "fe_max": 0.04228828881797035,
        "fe_original": 0.04228828881797035
      },
      "stability_convergence": {
        "fe_last_mean": 0.04221425380207679,
        "fe_last_std": 4.853583228652338e-05,
        "fe_improvement": 0.0010615250041227861,
        "fe_first": 0.041226763813847565,
        "fe_last": 0.04228828881797035
      }
    },
    "PA4": {
      "fe_best": 0.04195507376211937,
      "thresholds": [
        47,
        48,
        83,
        133,
        142,
        153,
        178,
        193,
        251,
        252
      ],
      "time_sec": 2.4725592136383057,
      "stability_jitter": {
        "fe_mean": 0.04043580386849862,
        "fe_std": 0.0009852324659420685,
        "fe_min": 0.03872544299838177,
        "fe_max": 0.04195507376211937,
        "fe_original": 0.04195507376211937
      },
      "stability_convergence": {
        "fe_last_mean": 0.04194546247824492,
        "fe_last_std": 7.847580421813066e-06,
        "fe_improvement": 0.0007636899766182773,
        "fe_first": 0.04119138378550109,
        "fe_last": 0.04195507376211937
      }
    },
    "PA5": {
      "fe_best": 0.04202693396503031,
      "thresholds": [
        1,
        2,
        91,
        100,
        115,
        116,
        143,
        184,
        251,
        254
      ],
      "time_sec": 5.384958267211914,
      "stability_jitter": {
        "fe_mean": 0.041077224650597384,
        "fe_std": 0.0006316972097045524,
        "fe_min": 0.040078890764223205,
        "fe_max": 0.04202693396503031,
        "fe_original": 0.04202693396503031
      },
      "stability_convergence": {
        "fe_last_mean": 0.04202693396503031,
        "fe_last_std": 0.0,
        "fe_improvement": 0.0006400325084631175,
        "fe_first": 0.04138690145656719,
        "fe_last": 0.04202693396503031
      }
    }
  }
}