{
  "image_index": 69,
  "image_path": "dataset/BDS500/images/val\\361010.jpg",
  "k": 10,
  "strategies": {
    "PA1": {
      "fe_best": 0.05079281880432859,
      "thresholds": [
        1,
        4,
        5,
        8,
        9,
        12,
        13,
        20,
        251,
        252
      ],
      "time_sec": 3.049854040145874,
      "stability_jitter": {
        "fe_mean": 0.049625372459402746,
        "fe_std": 0.0003849158974363233,
        "fe_min": 0.048918060160430515,
        "fe_max": 0.05079281880432859,
        "fe_original": 0.05079281880432859
      },
      "stability_convergence": {
        "fe_last_mean": 0.05077602019939611,
        "fe_last_std": 1.0997268381822274e-05,
        "fe_improvement": 0.002985177069521658,
        "fe_first": 0.047807641734806935,
        "fe_last": 0.05079281880432859
      }
    },
    "PA2": {
      "fe_best": 0.0500735770631883,
      "thresholds": [
        1,
        3,
        6,
        31,
        240,
        244,
        245,
        248,
        251,
        252
      ],
      "time_sec": 4.241475820541382,
      "stability_jitter": {
        "fe_mean": 0.049833697930661766,
        "fe_std": 0.00014603439360455584,
        "fe_min": 0.049544164488020064,
        "fe_max": 0.05010984005914823,
        "fe_original": 0.0500735770631883
      },
      "stability_convergence": {
        "fe_last_mean": 0.05004818529288073,
        "fe_last_std": 1.57239960934094e-05,
        "fe_improvement": 0.0018360498759702679,
        "fe_first": 0.048237527187218035,
        "fe_last": 0.0500735770631883
      }
    },
    "PA3": {
      "fe_best": 0.05007768489518197,
      "thresholds": [
        5,
        32,
        238,
        240,
        241,
        244,
        245,
        250,
        251,
        254
      ],
      "time_sec": 2.718034505844116,
      "stability_jitter": {
        "fe_mean": 0.049884367332241435,
        "fe_std": 8.548750532249644e-05,
        "fe_min": 0.049700462175907796,
        "fe_max": 0.05007768489518197,
        "fe_original": 0.05007768489518197
      },
      "stability_convergence": {
        "fe_last_mean": 0.05001826363760421,
        "fe_last_std": 6.399784501167698e-05,
        "fe_improvement": 0.002270043160375032,
        "fe_first": 0.047807641734806935,
        "fe_last": 0.05007768489518197
      }
    },
    "PA4": {
      "fe_best": 0.0499364834527736,
      "thresholds": [
        1,
        2,
        37,
        235,
        242,
        243,
        244,
        250,
        251,
        254
      ],
      "time_sec": 2.5067152976989746,
      "stability_jitter": {
        "fe_mean": 0.04980999775622933,
        "fe_std": 7.92101477760636e-05,
        "fe_min": 0.04967998311919053,
        "fe_max": 0.0499364834527736,
        "fe_original": 0.0499364834527736
      },
      "stability_convergence": {
        "fe_last_mean": 0.04992413841069608,
        "fe_last_std": 1.0092206859775688e-05,
        "fe_improvement": 0.0016989562655555651,
        "fe_first": 0.048237527187218035,
        "fe_last": 0.0499364834527736
      }
    },
    "PA5": {
      "fe_best": 0.050495392463345425,
      "thresholds": [
        31,
        241,
        243,
        244,
        245,
        246,
        247,
        250,
        251,
        254
      ],
      "time_sec": 5.2445228099823,
      "stability_jitter": {
        "fe_mean": 0.050347988007486466,
        "fe_std": 6.661973370210875e-05,
        "fe_min": 0.05019701215690074,
        "fe_max": 0.050495392463345425,
        "fe_original": 0.050495392463345425
      },
      "stability_convergence": {
        "fe_last_mean": 0.050448765069815084,
        "fe_last_std": 7.231196758237057e-05,
        "fe_improvement": 0.002687750728538489,
        "fe_first": 0.047807641734806935,
        "fe_last": 0.050495392463345425
      }
    }
  }
}