{
  "image_index": 63,
  "image_path": "dataset/BDS500/images/val\\304034.jpg",
  "k": 10,
  "strategies": {
    "PA1": {
      "fe_best": 0.046840518814216206,
      "thresholds": [
        31,
        32,
        35,
        36,
        39,
        48,
        75,
        252,
        253,
        254
      ],
      "time_sec": 3.4972591400146484,
      "stability_jitter": {
        "fe_mean": 0.046211380753203114,
        "fe_std": 0.000341104626105425,
        "fe_min": 0.04528627723920277,
        "fe_max": 0.046840518814216206,
        "fe_original": 0.046840518814216206
      },
      "stability_convergence": {
        "fe_last_mean": 0.04683447420428013,
        "fe_last_std": 1.2089219872146728e-05,
        "fe_improvement": 0.0007322064638027523,
        "fe_first": 0.046108312350413454,
        "fe_last": 0.046840518814216206
      }
    },
    "PA2": {
      "fe_best": 0.04649156173859559,
      "thresholds": [
        1,
        40,
        81,
        244,
        245,
        248,
        249,
        252,
        253,
        254
      ],
      "time_sec": 3.0331339836120605,
      "stability_jitter": {
        "fe_mean": 0.046360606392995767,
        "fe_std": 5.45613391422658e-05,
        "fe_min": 0.04622439287848531,
        "fe_max": 0.04649156173859559,
        "fe_original": 0.04649156173859559
      },
      "stability_convergence": {
        "fe_last_mean": 0.04649156173859559,
        "fe_last_std": 0.0,
        "fe_improvement": 0.0005336829376274971,
        "fe_first": 0.04595787880096809,
        "fe_last": 0.04649156173859559
      }
    },
    "PA3": {
      "fe_best": 0.046505224687003674,
      "thresholds": [
        25,
        92,
        245,
        246,
        249,
        250,
        251,
        252,
        253,
        254
      ],
      "time_sec": 2.9411098957061768,
      "stability_jitter": {
        "fe_mean": 0.046418039685386235,
        "fe_std": 3.590338398367483e-05,
        "fe_min": 0.04636018970464992,
        "fe_max": 0.046505224687003674,
        "fe_original": 0.046505224687003674
      },
      "stability_convergence": {
        "fe_last_mean": 0.046489901642580864,
        "fe_last_std": 1.6167891587491038e-05,
        "fe_improvement": 0.00039691233659022024,
        "fe_first": 0.046108312350413454,
        "fe_last": 0.046505224687003674
      }
    },
    "PA4": {
      "fe_best": 0.046894590821407595,
      "thresholds": [
        21,
        56,
        57,
        60,
        61,
        243,
        246,
        247,
        250,
        251
      ],
      "time_sec": 2.941899299621582,
      "stability_jitter": {
        "fe_mean": 0.04618460591121655,
        "fe_std": 0.00024088853417332084,
        "fe_min": 0.045641788208817514,
        "fe_max": 0.046894590821407595,
        "fe_original": 0.046894590821407595
      },
      "stability_convergence": {
        "fe_last_mean": 0.04684949453191386,
        "fe_last_std": 2.67392101927589e-05,
        "fe_improvement": 0.0009367120204395035,
        "fe_first": 0.04595787880096809,
        "fe_last": 0.046894590821407595
      }
    },
    "PA5": {
      "fe_best": 0.04686910075197569,
      "thresholds": [
        21,
        41,
        58,
        61,
        62,
        65,
        242,
        245,
        250,
        254
      ],
      "time_sec": 6.164119243621826,
      "stability_jitter": {
        "fe_mean": 0.04625662354599477,
        "fe_std": 0.000308884217284248,
        "fe_min": 0.04580095639365737,
        "fe_max": 0.04686910075197569,
        "fe_original": 0.04686910075197569
      },
      "stability_convergence": {
        "fe_last_mean": 0.04686396531811868,
        "fe_last_std": 2.8917536623642003e-06,
        "fe_improvement": 0.0007521765661569341,
        "fe_first": 0.04611692418581875,
        "fe_last": 0.04686910075197569
      }
    }
  }
}