{
  "image_index": 60,
  "image_path": "dataset/BDS500/images/val\\299086.jpg",
  "k": 10,
  "strategies": {
    "PA1": {
      "fe_best": 0.04895287914958161,
      "thresholds": [
        1,
        2,
        3,
        4,
        5,
        6,
        136,
        252,
        253,
        254
      ],
      "time_sec": 3.2201039791107178,
      "stability_jitter": {
        "fe_mean": 0.04883364199691495,
        "fe_std": 5.477910358329061e-05,
        "fe_min": 0.04872927346634537,
        "fe_max": 0.04895287914958161,
        "fe_original": 0.04895287914958161
      },
      "stability_convergence": {
        "fe_last_mean": 0.048952879149581616,
        "fe_last_std": 6.938893903907228e-18,
        "fe_improvement": 0.0014623396283536053,
        "fe_first": 0.047490539521228003,
        "fe_last": 0.04895287914958161
      }
    },
    "PA2": {
      "fe_best": 0.048650032799740055,
      "thresholds": [
        19,
        246,
        247,
        248,
        249,
        250,
        251,
        252,
        253,
        254
      ],
      "time_sec": 3.308377265930176,
      "stability_jitter": {
        "fe_mean": 0.048606913254521454,
        "fe_std": 3.859348735693979e-05,
        "fe_min": 0.04851008293683255,
        "fe_max": 0.048650032799740055,
        "fe_original": 0.048650032799740055
      },
      "stability_convergence": {
        "fe_last_mean": 0.048650032799740055,
        "fe_last_std": 0.0,
        "fe_improvement": 0.0011250997309364894,
        "fe_first": 0.047524933068803565,
        "fe_last": 0.048650032799740055
      }
    },
    "PA3": {
      "fe_best": 0.04864710275987631,
      "thresholds": [
        21,
        246,
        247,
        248,
        249,
        250,
        251,
        252,
        253,
        254
      ],
      "time_sec": 3.2301857471466064,
      "stability_jitter": {
        "fe_mean": 0.04860195854243403,
        "fe_std": 3.724781111245402e-05,
        "fe_min": 0.04854715077742245,
        "fe_max": 0.048650032799740055,
        "fe_original": 0.04864710275987631
      },
      "stability_convergence": {
        "fe_last_mean": 0.0486395507349404,
        "fe_last_std": 1.153596434702062e-05,
        "fe_improvement": 0.0011565632386483088,
        "fe_first": 0.047490539521228003,
        "fe_last": 0.04864710275987631
      }
    },
    "PA4": {
      "fe_best": 0.0488249585340478,
      "thresholds": [
        1,
        2,
        6,
        135,
        249,
        250,
        251,
        252,
        253,
        254
      ],
      "time_sec": 3.144782781600952,
      "stability_jitter": {
        "fe_mean": 0.048798883435194555,
        "fe_std": 6.399403895168768e-05,
        "fe_min": 0.04869163823301362,
        "fe_max": 0.048920548470806006,
        "fe_original": 0.0488249585340478
      },
      "stability_convergence": {
        "fe_last_mean": 0.048824958534047794,
        "fe_last_std": 6.938893903907228e-18,
        "fe_improvement": 0.0013000254652442353,
        "fe_first": 0.047524933068803565,
        "fe_last": 0.0488249585340478
      }
    },
    "PA5": {
      "fe_best": 0.048639222800836227,
      "thresholds": [
        1,
        18,
        247,
        248,
        249,
        250,
        251,
        252,
        253,
        254
      ],
      "time_sec": 6.731821060180664,
      "stability_jitter": {
        "fe_mean": 0.04855550060110009,
        "fe_std": 6.480936409344815e-05,
        "fe_min": 0.04845546231297286,
        "fe_max": 0.048639222800836227,
        "fe_original": 0.048639222800836227
      },
      "stability_convergence": {
        "fe_last_mean": 0.048639222800836227,
        "fe_last_std": 0.0,
        "fe_improvement": 0.001148683279608223,
        "fe_first": 0.047490539521228003,
        "fe_last": 0.048639222800836227
      }
    }
  }
}