{
  "image_index": 64,
  "image_path": "dataset/BDS500/images/val\\304074.jpg",
  "k": 10,
  "strategies": {
    "PA1": {
      "fe_best": 0.047644985278832166,
      "thresholds": [
        1,
        2,
        3,
        4,
        5,
        6,
        37,
        250,
        251,
        254
      ],
      "time_sec": 3.0440897941589355,
      "stability_jitter": {
        "fe_mean": 0.047504830074779285,
        "fe_std": 6.276452057780525e-05,
        "fe_min": 0.047396691423137655,
        "fe_max": 0.047644985278832166,
        "fe_original": 0.047644985278832166
      },
      "stability_convergence": {
        "fe_last_mean": 0.04762000174885994,
        "fe_last_std": 1.6355559603555828e-05,
        "fe_improvement": 0.0006514127858310084,
        "fe_first": 0.04699357249300116,
        "fe_last": 0.047644985278832166
      }
    },
    "PA2": {
      "fe_best": 0.04757104155808193,
      "thresholds": [
        1,
        44,
        245,
        246,
        248,
        249,
        250,
        251,
        252,
        254
      ],
      "time_sec": 2.9649558067321777,
      "stability_jitter": {
        "fe_mean": 0.04745071197782111,
        "fe_std": 7.084574161401593e-05,
        "fe_min": 0.047327332752782864,
        "fe_max": 0.04757104155808193,
        "fe_original": 0.04757104155808193
      },
      "stability_convergence": {
        "fe_last_mean": 0.047571041558081936,
        "fe_last_std": 6.938893903907228e-18,
        "fe_improvement": 0.0004732942782908686,
        "fe_first": 0.04709774727979106,
        "fe_last": 0.04757104155808193
      }
    },
    "PA3": {
      "fe_best": 0.047429785911095805,
      "thresholds": [
        4,
        40,
        247,
        248,
        249,
        250,
        251,
        252,
        253,
        254
      ],
      "time_sec": 2.8270070552825928,
      "stability_jitter": {
        "fe_mean": 0.04738131355436401,
        "fe_std": 6.120937615781203e-05,
        "fe_min": 0.04729108242019893,
        "fe_max": 0.04749796907960596,
        "fe_original": 0.047429785911095805
      },
      "stability_convergence": {
        "fe_last_mean": 0.047429785911095805,
        "fe_last_std": 0.0,
        "fe_improvement": 0.000436213418094647,
        "fe_first": 0.04699357249300116,
        "fe_last": 0.047429785911095805
      }
    },
    "PA4": {
      "fe_best": 0.047477720349123315,
      "thresholds": [
        3,
        42,
        247,
        248,
        249,
        250,
        251,
        252,
        253,
        254
      ],
      "time_sec": 3.0704524517059326,
      "stability_jitter": {
        "fe_mean": 0.04742135814961795,
        "fe_std": 6.735818484990025e-05,
        "fe_min": 0.047327302482155345,
        "fe_max": 0.047542814807701124,
        "fe_original": 0.047477720349123315
      },
      "stability_convergence": {
        "fe_last_mean": 0.04747772034912332,
        "fe_last_std": 6.938893903907228e-18,
        "fe_improvement": 0.00037997306933225394,
        "fe_first": 0.04709774727979106,
        "fe_last": 0.047477720349123315
      }
    },
    "PA5": {
      "fe_best": 0.04760228970136457,
      "thresholds": [
        1,
        2,
        41,
        246,
        247,
        248,
        249,
        250,
        251,
        254
      ],
      "time_sec": 6.38992977142334,
      "stability_jitter": {
        "fe_mean": 0.04750570043751082,
        "fe_std": 4.8784527439645486e-05,
        "fe_min": 0.04738733861450691,
        "fe_max": 0.04760228970136457,
        "fe_original": 0.04760228970136457
      },
      "stability_convergence": {
        "fe_last_mean": 0.04758084983592738,
        "fe_last_std": 1.7645709413749487e-05,
        "fe_improvement": 0.0006087172083634115,
        "fe_first": 0.04699357249300116,
        "fe_last": 0.04760228970136457
      }
    }
  }
}