{
  "image_index": 65,
  "image_path": "dataset/BDS500/images/val\\306005.jpg",
  "k": 10,
  "strategies": {
    "PA1": {
      "fe_best": 0.04960626423039574,
      "thresholds": [
        27,
        28,
        31,
        32,
        47,
        64,
        75,
        108,
        166,
        210
      ],
      "time_sec": 3.3620526790618896,
      "stability_jitter": {
        "fe_mean": 0.04880737566575423,
        "fe_std": 0.0004263200663334266,
        "fe_min": 0.04782681997698809,
        "fe_max": 0.04960626423039574,
        "fe_original": 0.04960626423039574
      },
      "stability_convergence": {
        "fe_last_mean": 0.04956847358796609,
        "fe_last_std": 2.025442624785562e-05,
        "fe_improvement": 0.0005955041352583706,
        "fe_first": 0.04901076009513737,
        "fe_last": 0.04960626423039574
      }
    },
    "PA2": {
      "fe_best": 0.049319854629696055,
      "thresholds": [
        29,
        155,
        184,
        203,
        232,
        242,
        243,
        244,
        247,
        252
      ],
      "time_sec": 3.0600149631500244,
      "stability_jitter": {
        "fe_mean": 0.04913463268271704,
        "fe_std": 7.964538969555374e-05,
        "fe_min": 0.048974485154034506,
        "fe_max": 0.049319854629696055,
        "fe_original": 0.049319854629696055
      },
      "stability_convergence": {
        "fe_last_mean": 0.049319854629696055,
        "fe_last_std": 0.0,
        "fe_improvement": 0.00030909453455868485,
        "fe_first": 0.04901076009513737,
        "fe_last": 0.049319854629696055
      }
    },
    "PA3": {
      "fe_best": 0.049400615052369826,
      "thresholds": [
        29,
        43,
        60,
        91,
        92,
        95,
        132,
        185,
        195,
        208
      ],
      "time_sec": 2.9658355712890625,
      "stability_jitter": {
        "fe_mean": 0.04911700158641351,
        "fe_std": 0.00011778693353679823,
        "fe_min": 0.048949054527873834,
        "fe_max": 0.049400615052369826,
        "fe_original": 0.049400615052369826
      },
      "stability_convergence": {
        "fe_last_mean": 0.04936620314043459,
        "fe_last_std": 1.7615797501427767e-05,
        "fe_improvement": 0.000389854957232455,
        "fe_first": 0.04901076009513737,
        "fe_last": 0.049400615052369826
      }
    },
    "PA4": {
      "fe_best": 0.049337825551121046,
      "thresholds": [
        29,
        164,
        171,
        180,
        203,
        225,
        243,
        246,
        247,
        254
      ],
      "time_sec": 3.0035459995269775,
      "stability_jitter": {
        "fe_mean": 0.049136924164980736,
        "fe_std": 7.262165698214549e-05,
        "fe_min": 0.04900295567959765,
        "fe_max": 0.049337825551121046,
        "fe_original": 0.049337825551121046
      },
      "stability_convergence": {
        "fe_last_mean": 0.04932225519513463,
        "fe_last_std": 1.2713142426730718e-05,
        "fe_improvement": 0.0003270654559836758,
        "fe_first": 0.04901076009513737,
        "fe_last": 0.049337825551121046
      }
    },
    "PA5": {
      "fe_best": 0.04967717488872195,
      "thresholds": [
        30,
        33,
        34,
        41,
        50,
        53,
        54,
        165,
        174,
        248
      ],
      "time_sec": 6.151403903961182,
      "stability_jitter": {
        "fe_mean": 0.048893145956571515,
        "fe_std": 0.00024819891863612955,
        "fe_min": 0.048540645769517124,
        "fe_max": 0.04967717488872195,
        "fe_original": 0.04967717488872195
      },
      "stability_convergence": {
        "fe_last_mean": 0.04966981626148326,
        "fe_last_std": 9.012440971061866e-06,
        "fe_improvement": 0.000570005749901667,
        "fe_first": 0.04910716913882028,
        "fe_last": 0.04967717488872195
      }
    }
  }
}