{
  "image_index": 61,
  "image_path": "dataset/BDS500/images/val\\300091.jpg",
  "k": 10,
  "strategies": {
    "PA1": {
      "fe_best": 0.05079818208643222,
      "thresholds": [
        1,
        3,
        5,
        80,
        246,
        247,
        249,
        250,
        251,
        254
      ],
      "time_sec": 3.136059522628784,
      "stability_jitter": {
        "fe_mean": 0.05069071497462542,
        "fe_std": 0.00011208626441734407,
        "fe_min": 0.05043966518798109,
        "fe_max": 0.05087567806897519,
        "fe_original": 0.05079818208643222
      },
      "stability_convergence": {
        "fe_last_mean": 0.0507966971602282,
        "fe_last_std": 2.969852408038487e-06,
        "fe_improvement": 0.004407424639646662,
        "fe_first": 0.04639075744678556,
        "fe_last": 0.05079818208643222
      }
    },
    "PA2": {
      "fe_best": 0.052301306653000576,
      "thresholds": [
        244,
        245,
        246,
        247,
        248,
        249,
        250,
        251,
        252,
        254
      ],
      "time_sec": 3.227957010269165,
      "stability_jitter": {
        "fe_mean": 0.05216826428137163,
        "fe_std": 6.909129683030336e-05,
        "fe_min": 0.05203209719934361,
        "fe_max": 0.052301306653000576,
        "fe_original": 0.052301306653000576
      },
      "stability_convergence": {
        "fe_last_mean": 0.052301306653000576,
        "fe_last_std": 0.0,
        "fe_improvement": 0.0046781043789478685,
        "fe_first": 0.04762320227405271,
        "fe_last": 0.052301306653000576
      }
    },
    "PA3": {
      "fe_best": 0.05085293761532028,
      "thresholds": [
        1,
        2,
        3,
        6,
        79,
        246,
        247,
        250,
        251,
        254
      ],
      "time_sec": 3.416419267654419,
      "stability_jitter": {
        "fe_mean": 0.050608784398475395,
        "fe_std": 0.00010736826177746248,
        "fe_min": 0.05041881652153066,
        "fe_max": 0.05085293761532028,
        "fe_original": 0.05085293761532028
      },
      "stability_convergence": {
        "fe_last_mean": 0.05083503790033206,
        "fe_last_std": 1.171811412166463e-05,
        "fe_improvement": 0.004462180168534724,
        "fe_first": 0.04639075744678556,
        "fe_last": 0.05085293761532028
      }
    },
    "PA4": {
      "fe_best": 0.05091930789482707,
      "thresholds": [
        1,
        2,
        3,
        4,
        81,
        247,
        248,
        250,
        251,
        254
      ],
      "time_sec": 3.313342809677124,
      "stability_jitter": {
        "fe_mean": 0.050702931244751,
        "fe_std": 8.420418937253101e-05,
        "fe_min": 0.05056031522391817,
        "fe_max": 0.05091930789482707,
        "fe_original": 0.05091930789482707
      },
      "stability_convergence": {
        "fe_last_mean": 0.050843115895913095,
        "fe_last_std": 4.127661771703185e-05,
        "fe_improvement": 0.003296105620774363,
        "fe_first": 0.04762320227405271,
        "fe_last": 0.05091930789482707
      }
    },
    "PA5": {
      "fe_best": 0.052334539209754005,
      "thresholds": [
        242,
        243,
        244,
        246,
        247,
        248,
        249,
        250,
        251,
        254
      ],
      "time_sec": 6.7515785694122314,
      "stability_jitter": {
        "fe_mean": 0.05218921877570721,
        "fe_std": 0.00010523492892641322,
        "fe_min": 0.052006440874890376,
        "fe_max": 0.05237478184480824,
        "fe_original": 0.052334539209754005
      },
      "stability_convergence": {
        "fe_last_mean": 0.05227097151086868,
        "fe_last_std": 4.5365505324939774e-05,
        "fe_improvement": 0.0010197641853382788,
        "fe_first": 0.051314775024415726,
        "fe_last": 0.052334539209754005
      }
    }
  }
}