{
  "image_index": 70,
  "image_path": "dataset/BDS500/images/val\\37073.jpg",
  "k": 10,
  "strategies": {
    "PA1": {
      "fe_best": 0.05663236947569516,
      "thresholds": [
        1,
        2,
        3,
        4,
        5,
        6,
        14,
        252,
        253,
        254
      ],
      "time_sec": 2.540329933166504,
      "stability_jitter": {
        "fe_mean": 0.056527185588847076,
        "fe_std": 4.593706106931339e-05,
        "fe_min": 0.05644238315444238,
        "fe_max": 0.05663236947569516,
        "fe_original": 0.05663236947569516
      },
      "stability_convergence": {
        "fe_last_mean": 0.05663236947569515,
        "fe_last_std": 6.938893903907228e-18,
        "fe_improvement": 0.00322749484361972,
        "fe_first": 0.05340487463207544,
        "fe_last": 0.05663236947569516
      }
    },
    "PA2": {
      "fe_best": 0.0566290773748429,
      "thresholds": [
        20,
        246,
        247,
        248,
        249,
        250,
        251,
        252,
        253,
        254
      ],
      "time_sec": 2.5246968269348145,
      "stability_jitter": {
        "fe_mean": 0.056581172151969866,
        "fe_std": 4.172990463946076e-05,
        "fe_min": 0.05646419502985451,
        "fe_max": 0.0566290773748429,
        "fe_original": 0.0566290773748429
      },
      "stability_convergence": {
        "fe_last_mean": 0.05662907737484289,
        "fe_last_std": 6.938893903907228e-18,
        "fe_improvement": 0.003020849271440973,
        "fe_first": 0.05360822810340193,
        "fe_last": 0.0566290773748429
      }
    },
    "PA3": {
      "fe_best": 0.05663283678240807,
      "thresholds": [
        1,
        2,
        3,
        4,
        5,
        6,
        7,
        8,
        11,
        254
      ],
      "time_sec": 2.4349546432495117,
      "stability_jitter": {
        "fe_mean": 0.05654337332640663,
        "fe_std": 6.029745788327062e-05,
        "fe_min": 0.05642313750350458,
        "fe_max": 0.05663283678240807,
        "fe_original": 0.05663283678240807
      },
      "stability_convergence": {
        "fe_last_mean": 0.05663283678240807,
        "fe_last_std": 0.0,
        "fe_improvement": 0.003227962150332629,
        "fe_first": 0.05340487463207544,
        "fe_last": 0.05663283678240807
      }
    },
    "PA4": {
      "fe_best": 0.0566290773748429,
      "thresholds": [
        20,
        246,
        247,
        248,
        249,
        250,
        251,
        252,
        253,
        254
      ],
      "time_sec": 2.3561158180236816,
      "stability_jitter": {
        "fe_mean": 0.056581172151969866,
        "fe_std": 4.172990463946076e-05,
        "fe_min": 0.05646419502985451,
        "fe_max": 0.0566290773748429,
        "fe_original": 0.0566290773748429
      },
      "stability_convergence": {
        "fe_last_mean": 0.05662907737484289,
        "fe_last_std": 6.938893903907228e-18,
        "fe_improvement": 0.003020849271440973,
        "fe_first": 0.05360822810340193,
        "fe_last": 0.0566290773748429
      }
    },
    "PA5": {
      "fe_best": 0.05709274293547343,
      "thresholds": [
        145,
        245,
        246,
        247,
        248,
        249,
        250,
        251,
        252,
        254
      ],
      "time_sec": 5.156196594238281,
      "stability_jitter": {
        "fe_mean": 0.057064566966152336,
        "fe_std": 2.2598612064437313e-05,
        "fe_min": 0.056984384798681204,
        "fe_max": 0.05709274293547343,
        "fe_original": 0.05709274293547343
      },
      "stability_convergence": {
        "fe_last_mean": 0.05709112753489402,
        "fe_last_std": 1.978453574865892e-06,
        "fe_improvement": 0.0029459081390702316,
        "fe_first": 0.0541468347964032,
        "fe_last": 0.05709274293547343
      }
    }
  }
}