{
  "image_index": 72,
  "image_path": "dataset/BDS500/images/val\\38082.jpg",
  "k": 10,
  "strategies": {
    "PA1": {
      "fe_best": 0.04647674610445557,
      "thresholds": [
        1,
        2,
        3,
        4,
        6,
        11,
        12,
        111,
        253,
        254
      ],
      "time_sec": 2.4939663410186768,
      "stability_jitter": {
        "fe_mean": 0.0464305595740666,
        "fe_std": 2.6853434235913525e-05,
        "fe_min": 0.04637390019210222,
        "fe_max": 0.04647674610445557,
        "fe_original": 0.04647674610445557
      },
      "stability_convergence": {
        "fe_last_mean": 0.046467928318456184,
        "fe_last_std": 1.2004967930948175e-05,
        "fe_improvement": 0.0005075300408251618,
        "fe_first": 0.04596921606363041,
        "fe_last": 0.04647674610445557
      }
    },
    "PA2": {
      "fe_best": 0.0464724963402081,
      "thresholds": [
        1,
        2,
        6,
        7,
        9,
        10,
        13,
        110,
        253,
        254
      ],
      "time_sec": 2.439439296722412,
      "stability_jitter": {
        "fe_mean": 0.046439706478484215,
        "fe_std": 2.862020649580177e-05,
        "fe_min": 0.046362869584250885,
        "fe_max": 0.04647584643240399,
        "fe_original": 0.0464724963402081
      },
      "stability_convergence": {
        "fe_last_mean": 0.046471426649515334,
        "fe_last_std": 8.909645575602338e-07,
        "fe_improvement": 0.0004222941953281739,
        "fe_first": 0.046050202144879926,
        "fe_last": 0.0464724963402081
      }
    },
    "PA3": {
      "fe_best": 0.04639063036882096,
      "thresholds": [
        11,
        14,
        111,
        247,
        248,
        250,
        251,
        252,
        253,
        254
      ],
      "time_sec": 2.4679317474365234,
      "stability_jitter": {
        "fe_mean": 0.04635189779579672,
        "fe_std": 2.9145177364028808e-05,
        "fe_min": 0.046291845354836686,
        "fe_max": 0.04639063036882096,
        "fe_original": 0.04639063036882096
      },
      "stability_convergence": {
        "fe_last_mean": 0.046390383595986275,
        "fe_last_std": 1.61550742060088e-07,
        "fe_improvement": 0.0004214143051905553,
        "fe_first": 0.04596921606363041,
        "fe_last": 0.04639063036882096
      }
    },
    "PA4": {
      "fe_best": 0.046392479340938125,
      "thresholds": [
        1,
        8,
        17,
        104,
        249,
        250,
        251,
        252,
        253,
        254
      ],
      "time_sec": 2.365577459335327,
      "stability_jitter": {
        "fe_mean": 0.04635135166733638,
        "fe_std": 2.7373297481191783e-05,
        "fe_min": 0.046299648279932354,
        "fe_max": 0.046392479340938125,
        "fe_original": 0.046392479340938125
      },
      "stability_convergence": {
        "fe_last_mean": 0.04639247934093813,
        "fe_last_std": 6.938893903907228e-18,
        "fe_improvement": 0.0003422771960581994,
        "fe_first": 0.046050202144879926,
        "fe_last": 0.046392479340938125
      }
    },
    "PA5": {
      "fe_best": 0.048816482596380974,
      "thresholds": [
        245,
        246,
        247,
        248,
        249,
        250,
        251,
        252,
        253,
        254
      ],
      "time_sec": 5.006599187850952,
      "stability_jitter": {
        "fe_mean": 0.04877106810511024,
        "fe_std": 6.12485162152324e-05,
        "fe_min": 0.0486544293483397,
        "fe_max": 0.048816482596380974,
        "fe_original": 0.048816482596380974
      },
      "stability_convergence": {
        "fe_last_mean": 0.04881648259638098,
        "fe_last_std": 6.938893903907228e-18,
        "fe_improvement": 0.0027855881245524503,
        "fe_first": 0.04603089447182852,
        "fe_last": 0.048816482596380974
      }
    }
  }
}