{
  "image_index": 79,
  "image_path": "dataset/BDS500/images/val\\43074.jpg",
  "k": 10,
  "strategies": {
    "PA1": {
      "fe_best": 0.04910312524144247,
      "thresholds": [
        4,
        35,
        240,
        242,
        247,
        250,
        251,
        252,
        253,
        254
      ],
      "time_sec": 2.3787803649902344,
      "stability_jitter": {
        "fe_mean": 0.04906219946158172,
        "fe_std": 2.1683286279441005e-05,
        "fe_min": 0.04900952733297153,
        "fe_max": 0.04910312524144247,
        "fe_original": 0.04910312524144247
      },
      "stability_convergence": {
        "fe_last_mean": 0.049100793917278465,
        "fe_last_std": 1.3046551860454868e-06,
        "fe_improvement": 0.000825307452239056,
        "fe_first": 0.04827781778920341,
        "fe_last": 0.04910312524144247
      }
    },
    "PA2": {
      "fe_best": 0.049118064806025624,
      "thresholds": [
        6,
        31,
        246,
        247,
        249,
        250,
        251,
        252,
        253,
        254
      ],
      "time_sec": 2.3152503967285156,
      "stability_jitter": {
        "fe_mean": 0.04907926948180551,
        "fe_std": 2.562264601889338e-05,
        "fe_min": 0.0490125846344059,
        "fe_max": 0.049118064806025624,
        "fe_original": 0.049118064806025624
      },
      "stability_convergence": {
        "fe_last_mean": 0.04911806480602563,
        "fe_last_std": 6.938893903907228e-18,
        "fe_improvement": 0.0007794271445559844,
        "fe_first": 0.04833863766146964,
        "fe_last": 0.049118064806025624
      }
    },
    "PA3": {
      "fe_best": 0.049118064806025624,
      "thresholds": [
        6,
        31,
        246,
        247,
        249,
        250,
        251,
        252,
        253,
        254
      ],
      "time_sec": 2.4131107330322266,
      "stability_jitter": {
        "fe_mean": 0.04907926948180551,
        "fe_std": 2.562264601889338e-05,
        "fe_min": 0.0490125846344059,
        "fe_max": 0.049118064806025624,
        "fe_original": 0.049118064806025624
      },
      "stability_convergence": {
        "fe_last_mean": 0.049115567871028595,
        "fe_last_std": 3.5389718553343214e-06,
        "fe_improvement": 0.0008402470168222126,
        "fe_first": 0.04827781778920341,
        "fe_last": 0.049118064806025624
      }
    },
    "PA4": {
      "fe_best": 0.04911678455623636,
      "thresholds": [
        1,
        2,
        3,
        34,
        243,
        244,
        247,
        252,
        253,
        254
      ],
      "time_sec": 2.394076347351074,
      "stability_jitter": {
        "fe_mean": 0.04909410341745885,
        "fe_std": 1.7824531955679915e-05,
        "fe_min": 0.04905191993607091,
        "fe_max": 0.04911860491945084,
        "fe_original": 0.04911678455623636
      },
      "stability_convergence": {
        "fe_last_mean": 0.049116001560570985,
        "fe_last_std": 1.5659913307486395e-06,
        "fe_improvement": 0.0007781468947667194,
        "fe_first": 0.04833863766146964,
        "fe_last": 0.04911678455623636
      }
    },
    "PA5": {
      "fe_best": 0.04909446650665476,
      "thresholds": [
        1,
        36,
        241,
        242,
        248,
        250,
        251,
        252,
        253,
        254
      ],
      "time_sec": 4.916665554046631,
      "stability_jitter": {
        "fe_mean": 0.04906477320417183,
        "fe_std": 1.9664531095152215e-05,
        "fe_min": 0.049032253455369934,
        "fe_max": 0.049098242130963976,
        "fe_original": 0.04909446650665476
      },
      "stability_convergence": {
        "fe_last_mean": 0.04909446650665476,
        "fe_last_std": 0.0,
        "fe_improvement": 0.0008166487174513515,
        "fe_first": 0.04827781778920341,
        "fe_last": 0.04909446650665476
      }
    }
  }
}