{
  "image_index": 71,
  "image_path": "dataset/BDS500/images/val\\376043.jpg",
  "k": 10,
  "strategies": {
    "PA1": {
      "fe_best": 0.046668355644405767,
      "thresholds": [
        1,
        8,
        9,
        15,
        18,
        19,
        166,
        250,
        251,
        254
      ],
      "time_sec": 2.448417901992798,
      "stability_jitter": {
        "fe_mean": 0.0465410280998968,
        "fe_std": 5.058059338881926e-05,
        "fe_min": 0.0464595639539976,
        "fe_max": 0.046668355644405767,
        "fe_original": 0.046668355644405767
      },
      "stability_convergence": {
        "fe_last_mean": 0.04666835564440576,
        "fe_last_std": 6.938893903907228e-18,
        "fe_improvement": 0.0009625483633771761,
        "fe_first": 0.04570580728102859,
        "fe_last": 0.046668355644405767
      }
    },
    "PA2": {
      "fe_best": 0.04667453679401451,
      "thresholds": [
        1,
        2,
        3,
        4,
        179,
        245,
        246,
        249,
        251,
        254
      ],
      "time_sec": 2.459613800048828,
      "stability_jitter": {
        "fe_mean": 0.04657368198927266,
        "fe_std": 6.281254102311656e-05,
        "fe_min": 0.04647114763763907,
        "fe_max": 0.04673484139970552,
        "fe_original": 0.04667453679401451
      },
      "stability_convergence": {
        "fe_last_mean": 0.04667453679401451,
        "fe_last_std": 0.0,
        "fe_improvement": 0.0010128996879756602,
        "fe_first": 0.04566163710603885,
        "fe_last": 0.04667453679401451
      }
    },
    "PA3": {
      "fe_best": 0.04662983338245722,
      "thresholds": [
        1,
        2,
        185,
        241,
        244,
        245,
        247,
        250,
        251,
        254
      ],
      "time_sec": 2.4460926055908203,
      "stability_jitter": {
        "fe_mean": 0.046457495938634935,
        "fe_std": 7.638711357078751e-05,
        "fe_min": 0.04631785151106835,
        "fe_max": 0.04662983338245722,
        "fe_original": 0.04662983338245722
      },
      "stability_convergence": {
        "fe_last_mean": 0.046618679375520486,
        "fe_last_std": 2.240588198727718e-05,
        "fe_improvement": 0.0009240261014286308,
        "fe_first": 0.04570580728102859,
        "fe_last": 0.04662983338245722
      }
    },
    "PA4": {
      "fe_best": 0.04663273571025493,
      "thresholds": [
        5,
        62,
        237,
        240,
        241,
        245,
        246,
        249,
        250,
        252
      ],
      "time_sec": 2.3419978618621826,
      "stability_jitter": {
        "fe_mean": 0.046494293005458626,
        "fe_std": 7.6598953639987e-05,
        "fe_min": 0.046349658984280215,
        "fe_max": 0.04663273571025493,
        "fe_original": 0.04663273571025493
      },
      "stability_convergence": {
        "fe_last_mean": 0.046610775686013996,
        "fe_last_std": 2.3159091661709574e-05,
        "fe_improvement": 0.0009710986042160835,
        "fe_first": 0.04566163710603885,
        "fe_last": 0.04663273571025493
      }
    },
    "PA5": {
      "fe_best": 0.04675416632349732,
      "thresholds": [
        1,
        2,
        3,
        4,
        179,
        246,
        247,
        250,
        251,
        254
      ],
      "time_sec": 4.842731237411499,
      "stability_jitter": {
        "fe_mean": 0.046584382827051504,
        "fe_std": 7.275691361527181e-05,
        "fe_min": 0.04645973360196684,
        "fe_max": 0.04675416632349732,
        "fe_original": 0.04675416632349732
      },
      "stability_convergence": {
        "fe_last_mean": 0.04669257072025084,
        "fe_last_std": 3.629017460517991e-05,
        "fe_improvement": 0.0009563515396277117,
        "fe_first": 0.04579781478386961,
        "fe_last": 0.04675416632349732
      }
    }
  }
}