{
  "image_index": 74,
  "image_path": "dataset/BDS500/images/val\\385039.jpg",
  "k": 10,
  "strategies": {
    "PA1": {
      "fe_best": 0.048892048636008344,
      "thresholds": [
        1,
        5,
        7,
        14,
        34,
        175,
        193,
        196,
        197,
        241
      ],
      "time_sec": 2.398054838180542,
      "stability_jitter": {
        "fe_mean": 0.048670787690966,
        "fe_std": 0.00012790989116167128,
        "fe_min": 0.048434229309252425,
        "fe_max": 0.048921662668123804,
        "fe_original": 0.048892048636008344
      },
      "stability_convergence": {
        "fe_last_mean": 0.04888812033799813,
        "fe_last_std": 2.571674712015528e-06,
        "fe_improvement": 0.001368350721830662,
        "fe_first": 0.04752369791417768,
        "fe_last": 0.048892048636008344
      }
    },
    "PA2": {
      "fe_best": 0.04948820107607176,
      "thresholds": [
        1,
        4,
        5,
        7,
        115,
        210,
        243,
        246,
        251,
        254
      ],
      "time_sec": 2.3711278438568115,
      "stability_jitter": {
        "fe_mean": 0.04928214252395602,
        "fe_std": 0.0001110213885931627,
        "fe_min": 0.04905536240308886,
        "fe_max": 0.04948820107607176,
        "fe_original": 0.04948820107607176
      },
      "stability_convergence": {
        "fe_last_mean": 0.04948820107607176,
        "fe_last_std": 0.0,
        "fe_improvement": 0.0011137897455534215,
        "fe_first": 0.04837441133051834,
        "fe_last": 0.04948820107607176
      }
    },
    "PA3": {
      "fe_best": 0.049388734911343206,
      "thresholds": [
        1,
        2,
        3,
        4,
        5,
        6,
        8,
        113,
        207,
        244
      ],
      "time_sec": 2.434715509414673,
      "stability_jitter": {
        "fe_mean": 0.04926208628220038,
        "fe_std": 6.764922310233586e-05,
        "fe_min": 0.049097160493600786,
        "fe_max": 0.049388734911343206,
        "fe_original": 0.049388734911343206
      },
      "stability_convergence": {
        "fe_last_mean": 0.04938014918044716,
        "fe_last_std": 1.0026402018353208e-05,
        "fe_improvement": 0.0018650369971655242,
        "fe_first": 0.04752369791417768,
        "fe_last": 0.049388734911343206
      }
    },
    "PA4": {
      "fe_best": 0.04956382315192511,
      "thresholds": [
        2,
        3,
        6,
        115,
        207,
        244,
        247,
        250,
        251,
        254
      ],
      "time_sec": 2.4114012718200684,
      "stability_jitter": {
        "fe_mean": 0.04937895395357262,
        "fe_std": 6.948307242622706e-05,
        "fe_min": 0.04927099828069041,
        "fe_max": 0.04956382315192511,
        "fe_original": 0.04956382315192511
      },
      "stability_convergence": {
        "fe_last_mean": 0.04950657414071239,
        "fe_last_std": 3.0268359098264056e-05,
        "fe_improvement": 0.0011894118214067703,
        "fe_first": 0.04837441133051834,
        "fe_last": 0.04956382315192511
      }
    },
    "PA5": {
      "fe_best": 0.049544787960595235,
      "thresholds": [
        1,
        2,
        3,
        4,
        116,
        206,
        235,
        238,
        239,
        254
      ],
      "time_sec": 4.86224102973938,
      "stability_jitter": {
        "fe_mean": 0.0493789032513713,
        "fe_std": 9.17322476918762e-05,
        "fe_min": 0.049145423328551444,
        "fe_max": 0.049544787960595235,
        "fe_original": 0.049544787960595235
      },
      "stability_convergence": {
        "fe_last_mean": 0.049518947015190745,
        "fe_last_std": 1.6959390986518072e-05,
        "fe_improvement": 0.0015636408341624525,
        "fe_first": 0.04798114712643278,
        "fe_last": 0.049544787960595235
      }
    }
  }
}