{
  "image_index": 82,
  "image_path": "dataset/BDS500/images/val\\55073.jpg",
  "k": 10,
  "strategies": {
    "PA1": {
      "fe_best": 0.05042071035923737,
      "thresholds": [
        241,
        242,
        243,
        246,
        247,
        250,
        251,
        252,
        253,
        254
      ],
      "time_sec": 3.016451358795166,
      "stability_jitter": {
        "fe_mean": 0.0501173207922797,
        "fe_std": 0.00013639984981608352,
        "fe_min": 0.049828527527763795,
        "fe_max": 0.05042071035923737,
        "fe_original": 0.05042071035923737
      },
      "stability_convergence": {
        "fe_last_mean": 0.05032389700260646,
        "fe_last_std": 7.921233408278552e-05,
        "fe_improvement": 0.003966268285600413,
        "fe_first": 0.046454442073636956,
        "fe_last": 0.05042071035923737
      }
    },
    "PA2": {
      "fe_best": 0.05027988544450013,
      "thresholds": [
        241,
        243,
        244,
        247,
        248,
        250,
        251,
        252,
        253,
        254
      ],
      "time_sec": 2.5045597553253174,
      "stability_jitter": {
        "fe_mean": 0.050038071983731426,
        "fe_std": 0.00010085337009864802,
        "fe_min": 0.04987567976493264,
        "fe_max": 0.05027988544450013,
        "fe_original": 0.05027988544450013
      },
      "stability_convergence": {
        "fe_last_mean": 0.05027988544450013,
        "fe_last_std": 0.0,
        "fe_improvement": 0.002524480923490509,
        "fe_first": 0.04775540452100962,
        "fe_last": 0.05027988544450013
      }
    },
    "PA3": {
      "fe_best": 0.050457182926060766,
      "thresholds": [
        239,
        242,
        243,
        244,
        247,
        248,
        251,
        252,
        253,
        254
      ],
      "time_sec": 2.514058828353882,
      "stability_jitter": {
        "fe_mean": 0.050074760026905925,
        "fe_std": 0.0001731681028015435,
        "fe_min": 0.049844387258867494,
        "fe_max": 0.050457182926060766,
        "fe_original": 0.050457182926060766
      },
      "stability_convergence": {
        "fe_last_mean": 0.05045718292606076,
        "fe_last_std": 6.938893903907228e-18,
        "fe_improvement": 0.00400274085242381,
        "fe_first": 0.046454442073636956,
        "fe_last": 0.050457182926060766
      }
    },
    "PA4": {
      "fe_best": 0.050536932340570495,
      "thresholds": [
        239,
        240,
        243,
        244,
        245,
        248,
        249,
        252,
        253,
        254
      ],
      "time_sec": 2.4398717880249023,
      "stability_jitter": {
        "fe_mean": 0.05012324472074042,
        "fe_std": 0.00017829537532786503,
        "fe_min": 0.049877427597115234,
        "fe_max": 0.050536932340570495,
        "fe_original": 0.050536932340570495
      },
      "stability_convergence": {
        "fe_last_mean": 0.050536932340570495,
        "fe_last_std": 0.0,
        "fe_improvement": 0.0027815278195608764,
        "fe_first": 0.04775540452100962,
        "fe_last": 0.050536932340570495
      }
    },
    "PA5": {
      "fe_best": 0.0505373765098221,
      "thresholds": [
        237,
        238,
        241,
        242,
        243,
        246,
        247,
        250,
        251,
        254
      ],
      "time_sec": 5.183067798614502,
      "stability_jitter": {
        "fe_mean": 0.050085161108740825,
        "fe_std": 0.0002036074597970323,
        "fe_min": 0.04967923577142251,
        "fe_max": 0.0505373765098221,
        "fe_original": 0.0505373765098221
      },
      "stability_convergence": {
        "fe_last_mean": 0.05053737650982211,
        "fe_last_std": 6.938893903907228e-18,
        "fe_improvement": 0.002886116305138582,
        "fe_first": 0.04765126020468352,
        "fe_last": 0.0505373765098221
      }
    }
  }
}