{
  "image_index": 87,
  "image_path": "dataset/BDS500/images/val\\69015.jpg",
  "k": 10,
  "strategies": {
    "PA1": {
      "fe_best": 0.04794732912145595,
      "thresholds": [
        23,
        29,
        30,
        33,
        42,
        49,
        154,
        156,
        195,
        200
      ],
      "time_sec": 2.422905206680298,
      "stability_jitter": {
        "fe_mean": 0.047428076903284246,
        "fe_std": 0.00019311764810232013,
        "fe_min": 0.047117725809817865,
        "fe_max": 0.04794732912145595,
        "fe_original": 0.04794732912145595
      },
      "stability_convergence": {
        "fe_last_mean": 0.047937268145787554,
        "fe_last_std": 4.704655061687829e-06,
        "fe_improvement": 0.0005479749559816824,
        "fe_first": 0.04739935416547427,
        "fe_last": 0.04794732912145595
      }
    },
    "PA2": {
      "fe_best": 0.04793210160479888,
      "thresholds": [
        21,
        23,
        36,
        39,
        40,
        47,
        160,
        161,
        191,
        238
      ],
      "time_sec": 2.3203933238983154,
      "stability_jitter": {
        "fe_mean": 0.04741655623769231,
        "fe_std": 0.00023681853643186838,
        "fe_min": 0.04694980469122116,
        "fe_max": 0.04793210160479888,
        "fe_original": 0.04793210160479888
      },
      "stability_convergence": {
        "fe_last_mean": 0.04793210160479888,
        "fe_last_std": 0.0,
        "fe_improvement": 0.0006737953218863002,
        "fe_first": 0.04725830628291258,
        "fe_last": 0.04793210160479888
      }
    },
    "PA3": {
      "fe_best": 0.0476795865026363,
      "thresholds": [
        23,
        36,
        107,
        152,
        175,
        176,
        195,
        223,
        225,
        254
      ],
      "time_sec": 2.367093324661255,
      "stability_jitter": {
        "fe_mean": 0.04752730724426889,
        "fe_std": 5.804831113103885e-05,
        "fe_min": 0.04740076761881065,
        "fe_max": 0.0476795865026363,
        "fe_original": 0.0476795865026363
      },
      "stability_convergence": {
        "fe_last_mean": 0.04767714143728976,
        "fe_last_std": 2.395286026552344e-06,
        "fe_improvement": 0.0002802323371620258,
        "fe_first": 0.04739935416547427,
        "fe_last": 0.0476795865026363
      }
    },
    "PA4": {
      "fe_best": 0.04764069943219467,
      "thresholds": [
        2,
        41,
        42,
        49,
        154,
        157,
        190,
        199,
        232,
        254
      ],
      "time_sec": 2.715280532836914,
      "stability_jitter": {
        "fe_mean": 0.04714151942918004,
        "fe_std": 0.000295133838074347,
        "fe_min": 0.04635690292941432,
        "fe_max": 0.04764069943219467,
        "fe_original": 0.04764069943219467
      },
      "stability_convergence": {
        "fe_last_mean": 0.04763817035727408,
        "fe_last_std": 2.064981025573166e-06,
        "fe_improvement": 0.0003823931492820884,
        "fe_first": 0.04725830628291258,
        "fe_last": 0.04764069943219467
      }
    },
    "PA5": {
      "fe_best": 0.048199255076907845,
      "thresholds": [
        21,
        32,
        33,
        60,
        249,
        250,
        251,
        252,
        253,
        254
      ],
      "time_sec": 5.052114963531494,
      "stability_jitter": {
        "fe_mean": 0.04791177868161084,
        "fe_std": 0.0001195704123445046,
        "fe_min": 0.047626381310006474,
        "fe_max": 0.048199255076907845,
        "fe_original": 0.048199255076907845
      },
      "stability_convergence": {
        "fe_last_mean": 0.04818017326605276,
        "fe_last_std": 1.724667996112473e-05,
        "fe_improvement": 0.0009409487939952624,
        "fe_first": 0.04725830628291258,
        "fe_last": 0.048199255076907845
      }
    }
  }
}