{
  "image_index": 86,
  "image_path": "dataset/BDS500/images/val\\66053.jpg",
  "k": 10,
  "strategies": {
    "PA1": {
      "fe_best": 0.0479879713022408,
      "thresholds": [
        1,
        2,
        3,
        4,
        5,
        100,
        251,
        252,
        253,
        254
      ],
      "time_sec": 2.4738173484802246,
      "stability_jitter": {
        "fe_mean": 0.04789630621655977,
        "fe_std": 4.365865747856882e-05,
        "fe_min": 0.047808707938384674,
        "fe_max": 0.0479879713022408,
        "fe_original": 0.0479879713022408
      },
      "stability_convergence": {
        "fe_last_mean": 0.0479879713022408,
        "fe_last_std": 0.0,
        "fe_improvement": 0.000997329886887978,
        "fe_first": 0.04699064141535282,
        "fe_last": 0.0479879713022408
      }
    },
    "PA2": {
      "fe_best": 0.04788287634712006,
      "thresholds": [
        1,
        112,
        245,
        248,
        249,
        250,
        251,
        252,
        253,
        254
      ],
      "time_sec": 2.5331053733825684,
      "stability_jitter": {
        "fe_mean": 0.047854565790658665,
        "fe_std": 2.5099461937679017e-05,
        "fe_min": 0.047822748577456,
        "fe_max": 0.047902544724033096,
        "fe_original": 0.04788287634712006
      },
      "stability_convergence": {
        "fe_last_mean": 0.04788287634712006,
        "fe_last_std": 0.0,
        "fe_improvement": 0.0005166586539386425,
        "fe_first": 0.04736621769318142,
        "fe_last": 0.04788287634712006
      }
    },
    "PA3": {
      "fe_best": 0.047995801353074706,
      "thresholds": [
        1,
        3,
        4,
        103,
        248,
        250,
        251,
        252,
        253,
        254
      ],
      "time_sec": 2.676755905151367,
      "stability_jitter": {
        "fe_mean": 0.047939093187954036,
        "fe_std": 2.628077943490204e-05,
        "fe_min": 0.04788410577775135,
        "fe_max": 0.047995801353074706,
        "fe_original": 0.047995801353074706
      },
      "stability_convergence": {
        "fe_last_mean": 0.04799579388857178,
        "fe_last_std": 2.239350877439317e-08,
        "fe_improvement": 0.0010051599377218848,
        "fe_first": 0.04699064141535282,
        "fe_last": 0.047995801353074706
      }
    },
    "PA4": {
      "fe_best": 0.047955447985040964,
      "thresholds": [
        8,
        101,
        247,
        248,
        249,
        250,
        251,
        252,
        253,
        254
      ],
      "time_sec": 2.3767313957214355,
      "stability_jitter": {
        "fe_mean": 0.04790107967013943,
        "fe_std": 3.665049111581521e-05,
        "fe_min": 0.04782651067774626,
        "fe_max": 0.047955447985040964,
        "fe_original": 0.047955447985040964
      },
      "stability_convergence": {
        "fe_last_mean": 0.047955447985040964,
        "fe_last_std": 0.0,
        "fe_improvement": 0.0005892302918595466,
        "fe_first": 0.04736621769318142,
        "fe_last": 0.047955447985040964
      }
    },
    "PA5": {
      "fe_best": 0.05096546490425309,
      "thresholds": [
        245,
        246,
        247,
        248,
        249,
        250,
        251,
        252,
        253,
        254
      ],
      "time_sec": 4.997003793716431,
      "stability_jitter": {
        "fe_mean": 0.050945003184788194,
        "fe_std": 2.837206072278046e-05,
        "fe_min": 0.050883233705844515,
        "fe_max": 0.05096546490425309,
        "fe_original": 0.05096546490425309
      },
      "stability_convergence": {
        "fe_last_mean": 0.05096546490425309,
        "fe_last_std": 0.0,
        "fe_improvement": 0.003635552941293342,
        "fe_first": 0.04732991196295975,
        "fe_last": 0.05096546490425309
      }
    }
  }
}