{
  "image_index": 81,
  "image_path": "dataset/BDS500/images/val\\54082.jpg",
  "k": 10,
  "strategies": {
    "PA1": {
      "fe_best": 0.04935981550295154,
      "thresholds": [
        1,
        2,
        3,
        4,
        11,
        12,
        113,
        252,
        253,
        254
      ],
      "time_sec": 2.3964569568634033,
      "stability_jitter": {
        "fe_mean": 0.0493002315966201,
        "fe_std": 2.8250788344729532e-05,
        "fe_min": 0.049233078278408386,
        "fe_max": 0.04935981550295154,
        "fe_original": 0.04935981550295154
      },
      "stability_convergence": {
        "fe_last_mean": 0.04935065985906926,
        "fe_last_std": 7.47555192607607e-06,
        "fe_improvement": 0.0024626621753944117,
        "fe_first": 0.04689715332755713,
        "fe_last": 0.04935981550295154
      }
    },
    "PA2": {
      "fe_best": 0.049359692611861475,
      "thresholds": [
        1,
        2,
        245,
        246,
        247,
        248,
        249,
        250,
        251,
        254
      ],
      "time_sec": 2.620173454284668,
      "stability_jitter": {
        "fe_mean": 0.04930594368774293,
        "fe_std": 3.59404714429664e-05,
        "fe_min": 0.04921253678564183,
        "fe_max": 0.049359692611861475,
        "fe_original": 0.049359692611861475
      },
      "stability_convergence": {
        "fe_last_mean": 0.049359692611861475,
        "fe_last_std": 0.0,
        "fe_improvement": 0.0023826837249408053,
        "fe_first": 0.04697700888692067,
        "fe_last": 0.049359692611861475
      }
    },
    "PA3": {
      "fe_best": 0.0493470791821878,
      "thresholds": [
        1,
        2,
        3,
        9,
        10,
        115,
        251,
        252,
        253,
        254
      ],
      "time_sec": 2.5560503005981445,
      "stability_jitter": {
        "fe_mean": 0.04929944624890229,
        "fe_std": 2.8452795348699496e-05,
        "fe_min": 0.04924856651143028,
        "fe_max": 0.04935273438709209,
        "fe_original": 0.0493470791821878
      },
      "stability_convergence": {
        "fe_last_mean": 0.049347079182187795,
        "fe_last_std": 6.938893903907228e-18,
        "fe_improvement": 0.0024499258546306704,
        "fe_first": 0.04689715332755713,
        "fe_last": 0.0493470791821878
      }
    },
    "PA4": {
      "fe_best": 0.049359692611861475,
      "thresholds": [
        1,
        2,
        245,
        246,
        247,
        248,
        251,
        252,
        253,
        254
      ],
      "time_sec": 2.5084540843963623,
      "stability_jitter": {
        "fe_mean": 0.0493059591493023,
        "fe_std": 3.592233157332905e-05,
        "fe_min": 0.04921253678564183,
        "fe_max": 0.049359692611861475,
        "fe_original": 0.049359692611861475
      },
      "stability_convergence": {
        "fe_last_mean": 0.04935949893875502,
        "fe_last_std": 5.810193193483971e-07,
        "fe_improvement": 0.0023826837249408053,
        "fe_first": 0.04697700888692067,
        "fe_last": 0.049359692611861475
      }
    },
    "PA5": {
      "fe_best": 0.04942291460098312,
      "thresholds": [
        1,
        2,
        3,
        4,
        5,
        6,
        9,
        10,
        113,
        254
      ],
      "time_sec": 5.370624303817749,
      "stability_jitter": {
        "fe_mean": 0.049377548844409154,
        "fe_std": 3.0597965601522404e-05,
        "fe_min": 0.04931697747709022,
        "fe_max": 0.04942291460098312,
        "fe_original": 0.04942291460098312
      },
      "stability_convergence": {
        "fe_last_mean": 0.04942291460098312,
        "fe_last_std": 0.0,
        "fe_improvement": 0.0025007154438206752,
        "fe_first": 0.04692219915716245,
        "fe_last": 0.04942291460098312
      }
    }
  }
}