{
  "image_index": 84,
  "image_path": "dataset/BDS500/images/val\\62096.jpg",
  "k": 10,
  "strategies": {
    "PA1": {
      "fe_best": 0.05244372208953722,
      "thresholds": [
        1,
        3,
        6,
        7,
        46,
        194,
        197,
        202,
        223,
        234
      ],
      "time_sec": 2.4181461334228516,
      "stability_jitter": {
        "fe_mean": 0.05221414373848431,
        "fe_std": 0.00010242197597640504,
        "fe_min": 0.05198768373748507,
        "fe_max": 0.05244372208953722,
        "fe_original": 0.05244372208953722
      },
      "stability_convergence": {
        "fe_last_mean": 0.05244372208953722,
        "fe_last_std": 0.0,
        "fe_improvement": 0.0018559580828198946,
        "fe_first": 0.05058776400671733,
        "fe_last": 0.05244372208953722
      }
    },
    "PA2": {
      "fe_best": 0.055271438786556056,
      "thresholds": [
        4,
        41,
        231,
        240,
        243,
        244,
        247,
        248,
        251,
        252
      ],
      "time_sec": 2.4570469856262207,
      "stability_jitter": {
        "fe_mean": 0.04827970289541067,
        "fe_std": 0.0028996142088407737,
        "fe_min": 0.042314225865522304,
        "fe_max": 0.055271438786556056,
        "fe_original": 0.055271438786556056
      },
      "stability_convergence": {
        "fe_last_mean": 0.05527143878655606,
        "fe_last_std": 6.938893903907228e-18,
        "fe_improvement": 0.004683674779838727,
        "fe_first": 0.05058776400671733,
        "fe_last": 0.055271438786556056
      }
    },
    "PA3": {
      "fe_best": 0.05454206230501581,
      "thresholds": [
        4,
        42,
        214,
        225,
        235,
        242,
        247,
        250,
        251,
        254
      ],
      "time_sec": 2.631115674972534,
      "stability_jitter": {
        "fe_mean": 0.049123836281794425,
        "fe_std": 0.0026023683275801976,
        "fe_min": 0.043446520245482484,
        "fe_max": 0.05454206230501581,
        "fe_original": 0.05454206230501581
      },
      "stability_convergence": {
        "fe_last_mean": 0.054495892928386955,
        "fe_last_std": 4.6169376628844856e-05,
        "fe_improvement": 0.003954298298298478,
        "fe_first": 0.05058776400671733,
        "fe_last": 0.05454206230501581
      }
    },
    "PA4": {
      "fe_best": 0.052239288835997454,
      "thresholds": [
        1,
        19,
        38,
        182,
        191,
        197,
        206,
        222,
        231,
        234
      ],
      "time_sec": 2.5855424404144287,
      "stability_jitter": {
        "fe_mean": 0.05198759985564082,
        "fe_std": 0.0001236283126890798,
        "fe_min": 0.05177108388335196,
        "fe_max": 0.052239288835997454,
        "fe_original": 0.052239288835997454
      },
      "stability_convergence": {
        "fe_last_mean": 0.052219586497752976,
        "fe_last_std": 1.2898208053275074e-05,
        "fe_improvement": 0.0016515248292801252,
        "fe_first": 0.05058776400671733,
        "fe_last": 0.052239288835997454
      }
    },
    "PA5": {
      "fe_best": 0.05261470928434739,
      "thresholds": [
        1,
        2,
        3,
        7,
        14,
        35,
        215,
        218,
        223,
        234
      ],
      "time_sec": 4.949357986450195,
      "stability_jitter": {
        "fe_mean": 0.05236214066126187,
        "fe_std": 0.00012990995752905333,
        "fe_min": 0.052105591331554985,
        "fe_max": 0.05261916122908894,
        "fe_original": 0.05261470928434739
      },
      "stability_convergence": {
        "fe_last_mean": 0.05258463827984824,
        "fe_last_std": 1.5035502249577395e-05,
        "fe_improvement": 0.00202694527763006,
        "fe_first": 0.05058776400671733,
        "fe_last": 0.05261470928434739
      }
    }
  }
}