{
  "image_index": 98,
  "image_path": "dataset/BDS500/images/val\\89072.jpg",
  "k": 10,
  "strategies": {
    "PA1": {
      "fe_best": 0.04931948617219738,
      "thresholds": [
        1,
        2,
        5,
        13,
        36,
        221,
        224,
        245,
        246,
        253
      ],
      "time_sec": 2.8248088359832764,
      "stability_jitter": {
        "fe_mean": 0.04929660742687071,
        "fe_std": 1.2811757796657444e-05,
        "fe_min": 0.04926245747575855,
        "fe_max": 0.04931948617219738,
        "fe_original": 0.04931948617219738
      },
      "stability_convergence": {
        "fe_last_mean": 0.04931290037103459,
        "fe_last_std": 3.353216230212727e-06,
        "fe_improvement": 0.0005687238867549682,
        "fe_first": 0.04875076228544241,
        "fe_last": 0.04931948617219738
      }
    },
    "PA2": {
      "fe_best": 0.049323149141129494,
      "thresholds": [
        6,
        43,
        218,
        227,
        229,
        238,
        241,
        247,
        253,
        254
      ],
      "time_sec": 2.8473799228668213,
      "stability_jitter": {
        "fe_mean": 0.04929538873376495,
        "fe_std": 1.7725657733895906e-05,
        "fe_min": 0.049255687208243734,
        "fe_max": 0.049323149141129494,
        "fe_original": 0.049323149141129494
      },
      "stability_convergence": {
        "fe_last_mean": 0.049323149141129494,
        "fe_last_std": 0.0,
        "fe_improvement": 0.00048536838024981765,
        "fe_first": 0.048837780760879676,
        "fe_last": 0.049323149141129494
      }
    },
    "PA3": {
      "fe_best": 0.049333104578438106,
      "thresholds": [
        6,
        43,
        222,
        223,
        234,
        239,
        241,
        246,
        253,
        254
      ],
      "time_sec": 3.025031805038452,
      "stability_jitter": {
        "fe_mean": 0.04929919882952093,
        "fe_std": 1.8417238783458772e-05,
        "fe_min": 0.04926368481192939,
        "fe_max": 0.049333104578438106,
        "fe_original": 0.049333104578438106
      },
      "stability_convergence": {
        "fe_last_mean": 0.049327344442740735,
        "fe_last_std": 4.249468736566266e-06,
        "fe_improvement": 0.0005823422929956967,
        "fe_first": 0.04875076228544241,
        "fe_last": 0.049333104578438106
      }
    },
    "PA4": {
      "fe_best": 0.04935754870919774,
      "thresholds": [
        1,
        46,
        221,
        222,
        225,
        228,
        229,
        246,
        249,
        254
      ],
      "time_sec": 3.1458868980407715,
      "stability_jitter": {
        "fe_mean": 0.049314900220020365,
        "fe_std": 1.726313349144973e-05,
        "fe_min": 0.04928443129425882,
        "fe_max": 0.04935754870919774,
        "fe_original": 0.04935754870919774
      },
      "stability_convergence": {
        "fe_last_mean": 0.049352676400257395,
        "fe_last_std": 2.0914959121976477e-06,
        "fe_improvement": 0.0005197679483180673,
        "fe_first": 0.048837780760879676,
        "fe_last": 0.04935754870919774
      }
    },
    "PA5": {
      "fe_best": 0.04932062433533596,
      "thresholds": [
        1,
        2,
        3,
        5,
        8,
        40,
        221,
        224,
        245,
        252
      ],
      "time_sec": 5.697524070739746,
      "stability_jitter": {
        "fe_mean": 0.04929655532776528,
        "fe_std": 1.4716233184209615e-05,
        "fe_min": 0.049265728687899246,
        "fe_max": 0.04932062433533596,
        "fe_original": 0.04932062433533596
      },
      "stability_convergence": {
        "fe_last_mean": 0.049319455335415714,
        "fe_last_std": 9.355225841931982e-07,
        "fe_improvement": 0.0005698620498935519,
        "fe_first": 0.04875076228544241,
        "fe_last": 0.04932062433533596
      }
    }
  }
}