{
  "image_index": 94,
  "image_path": "dataset/BDS500/images/val\\86000.jpg",
  "k": 10,
  "strategies": {
    "PA1": {
      "fe_best": 0.049199389769362147,
      "thresholds": [
        1,
        2,
        3,
        4,
        5,
        6,
        7,
        90,
        253,
        254
      ],
      "time_sec": 2.5884079933166504,
      "stability_jitter": {
        "fe_mean": 0.04907837166244088,
        "fe_std": 6.123048620928672e-05,
        "fe_min": 0.04893324925374959,
        "fe_max": 0.049199389769362147,
        "fe_original": 0.049199389769362147
      },
      "stability_convergence": {
        "fe_last_mean": 0.04919938976936215,
        "fe_last_std": 6.938893903907228e-18,
        "fe_improvement": 0.002776400397743156,
        "fe_first": 0.04642298937161899,
        "fe_last": 0.049199389769362147
      }
    },
    "PA2": {
      "fe_best": 0.048839595065765656,
      "thresholds": [
        1,
        3,
        4,
        6,
        19,
        32,
        79,
        252,
        253,
        254
      ],
      "time_sec": 2.4135751724243164,
      "stability_jitter": {
        "fe_mean": 0.04879362620560409,
        "fe_std": 4.371059516364016e-05,
        "fe_min": 0.048688889333858495,
        "fe_max": 0.04885523173470965,
        "fe_original": 0.048839595065765656
      },
      "stability_convergence": {
        "fe_last_mean": 0.04881933590023703,
        "fe_last_std": 1.3806100754616118e-05,
        "fe_improvement": 0.0024251843405770357,
        "fe_first": 0.04641441072518862,
        "fe_last": 0.048839595065765656
      }
    },
    "PA3": {
      "fe_best": 0.04887676966672401,
      "thresholds": [
        1,
        2,
        3,
        25,
        27,
        84,
        251,
        252,
        253,
        254
      ],
      "time_sec": 2.596116065979004,
      "stability_jitter": {
        "fe_mean": 0.04882215627265526,
        "fe_std": 3.0216700889720892e-05,
        "fe_min": 0.04876652807715636,
        "fe_max": 0.04887842040784057,
        "fe_original": 0.04887676966672401
      },
      "stability_convergence": {
        "fe_last_mean": 0.048863840777934556,
        "fe_last_std": 1.0556393491786333e-05,
        "fe_improvement": 0.0024537802951050194,
        "fe_first": 0.04642298937161899,
        "fe_last": 0.04887676966672401
      }
    },
    "PA4": {
      "fe_best": 0.048971533792251956,
      "thresholds": [
        1,
        2,
        3,
        4,
        5,
        24,
        26,
        27,
        82,
        254
      ],
      "time_sec": 2.5449583530426025,
      "stability_jitter": {
        "fe_mean": 0.048907980989956856,
        "fe_std": 3.527052353802118e-05,
        "fe_min": 0.048841585045138615,
        "fe_max": 0.048971533792251956,
        "fe_original": 0.048971533792251956
      },
      "stability_convergence": {
        "fe_last_mean": 0.048971533792251956,
        "fe_last_std": 0.0,
        "fe_improvement": 0.0025571230670633355,
        "fe_first": 0.04641441072518862,
        "fe_last": 0.048971533792251956
      }
    },
    "PA5": {
      "fe_best": 0.05079700602225424,
      "thresholds": [
        245,
        246,
        247,
        248,
        249,
        250,
        251,
        252,
        253,
        254
      ],
      "time_sec": 4.8759565353393555,
      "stability_jitter": {
        "fe_mean": 0.05075584027305314,
        "fe_std": 5.5406707678958814e-05,
        "fe_min": 0.05064035834823881,
        "fe_max": 0.05079700602225424,
        "fe_original": 0.05079700602225424
      },
      "stability_convergence": {
        "fe_last_mean": 0.050797006022254246,
        "fe_last_std": 6.938893903907228e-18,
        "fe_improvement": 0.004173239710146222,
        "fe_first": 0.04662376631210802,
        "fe_last": 0.05079700602225424
      }
    }
  }
}