{
  "image_index": 95,
  "image_path": "dataset/BDS500/images/val\\86016.jpg",
  "k": 10,
  "strategies": {
    "PA1": {
      "fe_best": 0.048939253654906076,
      "thresholds": [
        1,
        2,
        3,
        4,
        5,
        6,
        7,
        8,
        9,
        10
      ],
      "time_sec": 2.4737823009490967,
      "stability_jitter": {
        "fe_mean": 0.04886335778413288,
        "fe_std": 3.433709317231749e-05,
        "fe_min": 0.04881180839383573,
        "fe_max": 0.048939253654906076,
        "fe_original": 0.048939253654906076
      },
      "stability_convergence": {
        "fe_last_mean": 0.048939253654906076,
        "fe_last_std": 0.0,
        "fe_improvement": 0.0031070631823232053,
        "fe_first": 0.04583219047258287,
        "fe_last": 0.048939253654906076
      }
    },
    "PA2": {
      "fe_best": 0.04657046472931659,
      "thresholds": [
        1,
        2,
        180,
        245,
        246,
        247,
        248,
        250,
        251,
        254
      ],
      "time_sec": 2.493940591812134,
      "stability_jitter": {
        "fe_mean": 0.046522435121574425,
        "fe_std": 2.7247412958611587e-05,
        "fe_min": 0.04646381107127449,
        "fe_max": 0.04657046472931659,
        "fe_original": 0.04657046472931659
      },
      "stability_convergence": {
        "fe_last_mean": 0.04657046472931659,
        "fe_last_std": 0.0,
        "fe_improvement": 0.0007382742567337217,
        "fe_first": 0.04583219047258287,
        "fe_last": 0.04657046472931659
      }
    },
    "PA3": {
      "fe_best": 0.048939253654906076,
      "thresholds": [
        1,
        2,
        3,
        4,
        5,
        6,
        7,
        8,
        9,
        10
      ],
      "time_sec": 2.4800493717193604,
      "stability_jitter": {
        "fe_mean": 0.04886335778413288,
        "fe_std": 3.433709317231749e-05,
        "fe_min": 0.04881180839383573,
        "fe_max": 0.048939253654906076,
        "fe_original": 0.048939253654906076
      },
      "stability_convergence": {
        "fe_last_mean": 0.048939253654906076,
        "fe_last_std": 0.0,
        "fe_improvement": 0.0031070631823232053,
        "fe_first": 0.04583219047258287,
        "fe_last": 0.048939253654906076
      }
    },
    "PA4": {
      "fe_best": 0.04657002873007482,
      "thresholds": [
        1,
        2,
        179,
        246,
        247,
        248,
        249,
        250,
        253,
        254
      ],
      "time_sec": 2.4598288536071777,
      "stability_jitter": {
        "fe_mean": 0.046513532785461435,
        "fe_std": 2.128329556468433e-05,
        "fe_min": 0.04647676835695537,
        "fe_max": 0.04657002873007482,
        "fe_original": 0.04657002873007482
      },
      "stability_convergence": {
        "fe_last_mean": 0.04655906236773051,
        "fe_last_std": 9.194827808996381e-06,
        "fe_improvement": 0.000737838257491949,
        "fe_first": 0.04583219047258287,
        "fe_last": 0.04657002873007482
      }
    },
    "PA5": {
      "fe_best": 0.048939253654906076,
      "thresholds": [
        1,
        2,
        3,
        4,
        5,
        6,
        7,
        8,
        9,
        10
      ],
      "time_sec": 4.88197922706604,
      "stability_jitter": {
        "fe_mean": 0.04886335778413288,
        "fe_std": 3.433709317231749e-05,
        "fe_min": 0.04881180839383573,
        "fe_max": 0.048939253654906076,
        "fe_original": 0.048939253654906076
      },
      "stability_convergence": {
        "fe_last_mean": 0.048939253654906076,
        "fe_last_std": 0.0,
        "fe_improvement": 0.0031070631823232053,
        "fe_first": 0.04583219047258287,
        "fe_last": 0.048939253654906076
      }
    }
  }
}