{
  "image_index": 90,
  "image_path": "dataset/BDS500/images/val\\76053.jpg",
  "k": 10,
  "strategies": {
    "PA1": {
      "fe_best": 0.04743295864004812,
      "thresholds": [
        1,
        4,
        6,
        13,
        18,
        21,
        54,
        193,
        206,
        210
      ],
      "time_sec": 2.9218735694885254,
      "stability_jitter": {
        "fe_mean": 0.04738305831231109,
        "fe_std": 3.1133039866138455e-05,
        "fe_min": 0.04732019273368188,
        "fe_max": 0.04743295864004812,
        "fe_original": 0.04743295864004812
      },
      "stability_convergence": {
        "fe_last_mean": 0.04743228198626814,
        "fe_last_std": 6.766537799865469e-07,
        "fe_improvement": 0.0015735623328535162,
        "fe_first": 0.04585939630719461,
        "fe_last": 0.04743295864004812
      }
    },
    "PA2": {
      "fe_best": 0.047502134341109635,
      "thresholds": [
        1,
        2,
        3,
        59,
        249,
        250,
        251,
        252,
        253,
        254
      ],
      "time_sec": 2.9261789321899414,
      "stability_jitter": {
        "fe_mean": 0.04748360053191666,
        "fe_std": 1.7162282707385323e-05,
        "fe_min": 0.047443377367285516,
        "fe_max": 0.047502134341109635,
        "fe_original": 0.047502134341109635
      },
      "stability_convergence": {
        "fe_last_mean": 0.04750213434110963,
        "fe_last_std": 6.938893903907228e-18,
        "fe_improvement": 0.0006521304450735621,
        "fe_first": 0.04685000389603607,
        "fe_last": 0.047502134341109635
      }
    },
    "PA3": {
      "fe_best": 0.047439478140145694,
      "thresholds": [
        4,
        25,
        54,
        189,
        211,
        242,
        243,
        246,
        247,
        253
      ],
      "time_sec": 3.129162311553955,
      "stability_jitter": {
        "fe_mean": 0.047353108800893544,
        "fe_std": 4.541465871965617e-05,
        "fe_min": 0.04725591170341846,
        "fe_max": 0.047439478140145694,
        "fe_original": 0.047439478140145694
      },
      "stability_convergence": {
        "fe_last_mean": 0.04740556642404776,
        "fe_last_std": 1.993257329895137e-05,
        "fe_improvement": 0.0015800818329510871,
        "fe_first": 0.04585939630719461,
        "fe_last": 0.047439478140145694
      }
    },
    "PA4": {
      "fe_best": 0.04740099181169956,
      "thresholds": [
        3,
        5,
        70,
        177,
        221,
        246,
        249,
        250,
        253,
        254
      ],
      "time_sec": 3.260317087173462,
      "stability_jitter": {
        "fe_mean": 0.04735737746635784,
        "fe_std": 1.7325046544956658e-05,
        "fe_min": 0.047324754962560264,
        "fe_max": 0.04740099181169956,
        "fe_original": 0.04740099181169956
      },
      "stability_convergence": {
        "fe_last_mean": 0.04739842801853207,
        "fe_last_std": 1.281896583743558e-06,
        "fe_improvement": 0.0005509879156634853,
        "fe_first": 0.04685000389603607,
        "fe_last": 0.04740099181169956
      }
    },
    "PA5": {
      "fe_best": 0.04755316689990843,
      "thresholds": [
        1,
        2,
        3,
        4,
        5,
        6,
        7,
        55,
        253,
        254
      ],
      "time_sec": 6.060633659362793,
      "stability_jitter": {
        "fe_mean": 0.04752643074387671,
        "fe_std": 2.2520802117310253e-05,
        "fe_min": 0.047482944686882356,
        "fe_max": 0.04755316689990843,
        "fe_original": 0.04755316689990843
      },
      "stability_convergence": {
        "fe_last_mean": 0.047553166899908426,
        "fe_last_std": 6.938893903907228e-18,
        "fe_improvement": 0.0011982242459831899,
        "fe_first": 0.046354942653925243,
        "fe_last": 0.04755316689990843
      }
    }
  }
}