{
  "algorithm": "GWO",
  "thresholds": [
    45,
    84,
    115,
    146,
    178,
    216
  ],
  "best_f": -25.780656694210684,
  "entropy": 25.780656694210684,
  "time": 1.9286372661590576,
  "metrics": {
    "psnr": 29.15557283308258,
    "ssim": 0.8090222398114774,
    "dice": 0.26291655427772737
  }
}