{
  "algorithm": "WOA",
  "thresholds": [
    32,
    55,
    75,
    95,
    115,
    136,
    157,
    178,
    200,
    221
  ],
  "best_f": -36.526605328301045,
  "entropy": 36.526605328301045,
  "time": 14.537229299545288,
  "metrics": {
    "psnr": 32.57215700847945,
    "ssim": 0.8767485272318355,
    "boundary_dsc": 0.15014288213681692
  }
}