{
  "algorithm": "OTSU",
  "thresholds": [
    23,
    46,
    70,
    93,
    116,
    139,
    162,
    185,
    209,
    232
  ],
  "best_f": -36.95034668487898,
  "entropy": 36.95034668487898,
  "time": 0.003244638442993164,
  "metrics": {
    "psnr": 32.08353350034078,
    "ssim": 0.8814458612077681,
    "dice": 0.1420577195418735
  }
}