{
  "algorithm": "PSO",
  "thresholds": [
    58,
    95,
    132,
    185
  ],
  "best_f": -18.682558537949916,
  "entropy": 18.682558537949916,
  "time": 3.3225929737091064,
  "metrics": {
    "psnr": 28.070384502575955,
    "ssim": 0.7623439204067629,
    "dice": 0.13287757607938142
  }
}