{
  "algorithm": "HYBRID-PA6",
  "thresholds": [
    8,
    25,
    44,
    66,
    91,
    118,
    147,
    174,
    201,
    228
  ],
  "best_f": -37.16821422853359,
  "entropy": 37.16821422853359,
  "time": 2.1621320247650146,
  "metrics": {
    "psnr": 31.142409449410266,
    "ssim": 0.915592173187889,
    "boundary_dsc": 0.2153209109730849
  }
}