{
  "algorithm": "PA5",
  "mode": "single_image_multi_seed",
  "seed": 43,
  "thresholds": [
    21,
    41,
    60,
    79,
    98,
    117,
    136,
    156,
    176,
    198
  ],
  "best_f": -35.62878779498627,
  "entropy": 35.63707493224855,
  "time": 33.11765193939209,
  "metrics": {
    "boundary_dsc": 0.10136579721809996,
    "psnr": 33.39660689764022,
    "ssim": 0.9088291430360153,
    "boundary_dsc_mean": 0.1010829536539523,
    "boundary_dsc_sd": 0.0004365193959529378,
    "fe_mean": 35.63131447106734,
    "fe_sd": 0.01743592008073134,
    "psnr_mean": 33.307107390264306,
    "psnr_sd": 0.06767771630996733,
    "ssim_mean": 0.9070303785285173,
    "ssim_sd": 0.0013426046084347042,
    "time_mean": 33.46244606971741,
    "time_sd": 0.9413058703634419,
    "n_runs": 5
  }
}