{
  "image_name": "uploaded",
  "timestamp": "2026-04-18T14:32:47.299826",
  "total_time": 17.069104194641113,
  "best_overall_algo": "HYBRID-PA6",
  "best_overall_f": -25.80573541140555,
  "best_overall_entropy": 25.80573541140555,
  "results": {
    "GWO": {
      "entropy": 25.785319647845554,
      "time": 1.8043856620788574,
      "metrics": {
        "psnr": 29.11984628718626,
        "ssim": 0.808392383837429,
        "dice": 0.25769378726678205
      }
    },
    "WOA": {
      "entropy": 25.79717324204363,
      "time": 1.7800688743591309,
      "metrics": {
        "psnr": 29.07951794083914,
        "ssim": 0.8087318432773536,
        "dice": 0.25505487472444116
      }
    },
    "PSO": {
      "entropy": 25.798779027632005,
      "time": 3.6837210655212402,
      "metrics": {
        "psnr": 29.163802647721496,
        "ssim": 0.8094188830424974,
        "dice": 0.25115887062789716
      }
    },
    "OTSU": {
      "entropy": 25.726996299092452,
      "time": 0.0035593509674072266,
      "metrics": {
        "psnr": 29.198880028101183,
        "ssim": 0.8123095917662327,
        "dice": 0.26078209480699105
      }
    },
    "HYBRID-PA5": {
      "entropy": 25.789022390105757,
      "time": 3.7849457263946533,
      "metrics": {
        "psnr": 29.40403735506206,
        "ssim": 0.8139868620221303,
        "dice": 0.2523858012266452
      }
    },
    "HYBRID-PA6": {
      "entropy": 25.80573541140555,
      "time": 2.0778074264526367,
      "metrics": {
        "psnr": 28.08704990830298,
        "ssim": 0.773338277225853,
        "dice": 0.20069862135962466
      }
    }
  }
}