{
  "algorithm": "GWO",
  "mode": "single_image_multi_seed",
  "seed": 43,
  "thresholds": [
    9,
    22,
    39,
    60,
    85,
    113,
    141,
    168,
    196,
    224
  ],
  "best_f": -37.05751241289359,
  "entropy": 37.06650847358277,
  "time": 14.651991844177246,
  "metrics": {
    "boundary_dsc": 0.13344316309719934,
    "psnr": 30.725557371637137,
    "ssim": 0.8645712736888285,
    "boundary_dsc_mean": 0.13255556541537042,
    "boundary_dsc_sd": 0.0012552526795733732,
    "fe_mean": 37.035462060826305,
    "fe_sd": 0.04390625798322889,
    "psnr_mean": 31.142187122794294,
    "psnr_sd": 0.5892034445745783,
    "ssim_mean": 0.8733173527084266,
    "ssim_sd": 0.012368823567102363,
    "time_mean": 15.33395528793335,
    "time_sd": 0.964441951202543,
    "n_runs": 2
  }
}