{
  "image_name": "uploaded",
  "timestamp": "2026-04-18T21:01:33.486700",
  "total_time": 8.161954641342163,
  "best_overall_algo": "HYBRID-PA5",
  "best_overall_f": -23.02452434392811,
  "best_overall_entropy": 23.02452434392811,
  "results": {
    "GWO": {
      "entropy": 22.994315541752012,
      "time": 0.8857901096343994,
      "metrics": {
        "psnr": 28.167540308144705,
        "ssim": 0.7909992476940568,
        "dice": 0.24340637046053967
      }
    },
    "WOA": {
      "entropy": 23.007731055860354,
      "time": 0.8829913139343262,
      "metrics": {
        "psnr": 28.12126277361567,
        "ssim": 0.7944078156019484,
        "dice": 0.25984393912080556
      }
    },
    "PSO": {
      "entropy": 23.02301446753821,
      "time": 1.802072525024414,
      "metrics": {
        "psnr": 27.66618008366852,
        "ssim": 0.7785384940299085,
        "dice": 0.2486098177464414
      }
    },
    "OTSU": {
      "entropy": 22.923107061256847,
      "time": 0.001466512680053711,
      "metrics": {
        "psnr": 27.615668913094144,
        "ssim": 0.7844282358718514,
        "dice": 0.26531552280055276
      }
    },
    "HYBRID-PA5": {
      "entropy": 23.02452434392811,
      "time": 1.7854313850402832,
      "metrics": {
        "psnr": 27.731475249072957,
        "ssim": 0.7795976738198868,
        "dice": 0.24507428089769256
      }
    },
    "HYBRID-PA6": {
      "entropy": 23.005573817440066,
      "time": 0.867405891418457,
      "metrics": {
        "psnr": 28.114778482897872,
        "ssim": 0.7926092737422202,
        "dice": 0.25913994989006495
      }
    }
  }
}