{
  "image_name": "uploaded",
  "timestamp": "2026-04-18T16:37:25.548213",
  "total_time": 18.8602557182312,
  "best_overall_algo": "WOA",
  "best_overall_f": -35.91132043295825,
  "best_overall_entropy": 35.91132043295825,
  "results": {
    "GWO": {
      "entropy": 35.496614373496854,
      "time": 2.2355434894561768,
      "metrics": {
        "psnr": 31.897773632804828,
        "ssim": 0.9283599651889477,
        "dice": 0.13680837185559117
      }
    },
    "WOA": {
      "entropy": 35.91132043295825,
      "time": 2.227651596069336,
      "metrics": {
        "psnr": 32.31304791051698,
        "ssim": 0.9274474362052595,
        "dice": 0.13634857678363513
      }
    },
    "PSO": {
      "entropy": 35.68336117132764,
      "time": 4.235399484634399,
      "metrics": {
        "psnr": 31.432731005735562,
        "ssim": 0.9118861545307281,
        "dice": 0.14012814663466308
      }
    },
    "OTSU": {
      "entropy": 35.381004982080476,
      "time": 0.003007650375366211,
      "metrics": {
        "psnr": 31.8040661802951,
        "ssim": 0.9216968243615752,
        "dice": 0.13766228755522117
      }
    },
    "HYBRID-PA5": {
      "entropy": 35.87074510766594,
      "time": 4.393598794937134,
      "metrics": {
        "psnr": 32.52925872147386,
        "ssim": 0.9331638321101637,
        "dice": 0.13698579151585077
      }
    },
    "HYBRID-PA6": {
      "entropy": 35.81045289237388,
      "time": 2.235051155090332,
      "metrics": {
        "psnr": 32.36909429308233,
        "ssim": 0.9293706838061174,
        "dice": 0.13752074219339266
      }
    }
  }
}