{
  "image_name": "uploaded",
  "timestamp": "2026-04-18T14:45:13.498434",
  "total_time": 18.41487741470337,
  "best_overall_algo": "WOA",
  "best_overall_f": -36.404342038388265,
  "best_overall_entropy": 36.404342038388265,
  "results": {
    "GWO": {
      "entropy": 33.931364365679215,
      "time": 2.053187608718872,
      "metrics": {
        "psnr": 29.53246015655564,
        "ssim": 0.8226138240910935,
        "dice": 0.2216099962673966
      }
    },
    "WOA": {
      "entropy": 36.404342038388265,
      "time": 2.005925178527832,
      "metrics": {
        "psnr": 33.20551033153661,
        "ssim": 0.8775340698764059,
        "dice": 0.23344305237217158
      }
    },
    "PSO": {
      "entropy": 36.35023598462296,
      "time": 3.886953115463257,
      "metrics": {
        "psnr": 32.35574631346113,
        "ssim": 0.8621444175257934,
        "dice": 0.22101520193123247
      }
    },
    "OTSU": {
      "entropy": 35.44330695658944,
      "time": 0.0,
      "metrics": {
        "psnr": 32.48254580585906,
        "ssim": 0.867436236227862,
        "dice": 0.23381281524378852
      }
    },
    "HYBRID-PA5": {
      "entropy": 36.26630975841069,
      "time": 4.026072263717651,
      "metrics": {
        "psnr": 32.37833541546419,
        "ssim": 0.8683669632311585,
        "dice": 0.24468594584638054
      }
    },
    "HYBRID-PA6": {
      "entropy": 36.39947090313482,
      "time": 2.2962656021118164,
      "metrics": {
        "psnr": 32.642560246810234,
        "ssim": 0.8651846129812155,
        "dice": 0.21551873357566603
      }
    }
  }
}