{
  "algorithm": "HYBRID-PA6",
  "thresholds": [
    20,
    34,
    49,
    66,
    83,
    101,
    123,
    145,
    167,
    194
  ],
  "best_f": -35.28517121092662,
  "entropy": 35.28517121092662,
  "time": 2.2943389415740967,
  "metrics": {
    "psnr": 34.78094931130258,
    "ssim": 0.950767256397898,
    "boundary_dsc": 0.18628676598256763
  }
}