{
  "algorithm": "HYBRID-PA5",
  "thresholds": [
    20,
    41,
    62,
    84,
    110,
    136,
    162,
    188,
    211,
    233
  ],
  "best_f": -37.31268391400873,
  "entropy": 37.31268391400873,
  "time": 32.37973594665527,
  "metrics": {
    "psnr": 31.960573551202778,
    "ssim": 0.8890182417459288,
    "boundary_dsc": 0.23102584205752585
  }
}