{
  "algorithm": "PSO",
  "thresholds": [
    27,
    52,
    77,
    100,
    122,
    144,
    166,
    187,
    208,
    231
  ],
  "best_f": -37.76336660764111,
  "entropy": 37.76336660764111,
  "time": 15.919506788253784,
  "metrics": {
    "psnr": 31.72714713454845,
    "ssim": 0.9183160965178524,
    "boundary_dsc": 0.21266465922313713
  }
}