{
  "image_index": 6,
  "image_path": "dataset/BDS500/images/val\\108005.jpg",
  "k": 10,
  "strategies": {
    "PA1": {
      "fe_best": 0.04817588950550803,
      "thresholds": [
        1,
        2,
        3,
        4,
        5,
        38,
        249,
        250,
        253,
        254
      ],
      "time_sec": 2.149747133255005
    },
    "PA2": {
      "fe_best": 0.04812318985150108,
      "thresholds": [
        1,
        2,
        3,
        6,
        7,
        39,
        249,
        250,
        253,
        254
      ],
      "time_sec": 2.2861475944519043
    },
    "PA3": {
      "fe_best": 0.04798047149613894,
      "thresholds": [
        5,
        8,
        39,
        246,
        247,
        248,
        249,
        250,
        251,
        254
      ],
      "time_sec": 2.315737247467041
    },
    "PA4": {
      "fe_best": 0.04819547795029545,
      "thresholds": [
        1,
        2,
        3,
        5,
        6,
        40,
        249,
        250,
        251,
        254
      ],
      "time_sec": 2.3613176345825195
    },
    "PA5": {
      "fe_best": 0.04825022721623078,
      "thresholds": [
        1,
        2,
        3,
        4,
        5,
        6,
        39,
        250,
        251,
        254
      ],
      "time_sec": 5.000376462936401
    }
  }
}