{
  "image_index": 8,
  "image_path": "dataset/BDS500/images/val\\108082.jpg",
  "k": 10,
  "strategies": {
    "PA1": {
      "fe_best": 0.05062305120109576,
      "thresholds": [
        2,
        3,
        4,
        20,
        151,
        152,
        179,
        184,
        227,
        242
      ],
      "time_sec": 2.3919854164123535
    },
    "PA2": {
      "fe_best": 0.051257637326721874,
      "thresholds": [
        1,
        2,
        3,
        4,
        5,
        6,
        247,
        250,
        251,
        254
      ],
      "time_sec": 2.3468546867370605
    },
    "PA3": {
      "fe_best": 0.05118370806757669,
      "thresholds": [
        1,
        2,
        3,
        241,
        242,
        245,
        246,
        248,
        251,
        252
      ],
      "time_sec": 2.3565540313720703
    },
    "PA4": {
      "fe_best": 0.05119240876977105,
      "thresholds": [
        3,
        4,
        5,
        6,
        237,
        240,
        241,
        247,
        251,
        252
      ],
      "time_sec": 2.3680477142333984
    },
    "PA5": {
      "fe_best": 0.051324305554571396,
      "thresholds": [
        1,
        2,
        8,
        241,
        243,
        244,
        247,
        248,
        251,
        252
      ],
      "time_sec": 4.674976348876953
    }
  }
}