{
  "image_index": 2,
  "image_path": "dataset/BDS500/images/val\\102061.jpg",
  "k": 10,
  "strategies": {
    "PA1": {
      "fe_best": 0.048386433708458215,
      "thresholds": [
        1,
        3,
        4,
        7,
        11,
        62,
        225,
        226,
        229,
        244
      ],
      "time_sec": 2.5198681354522705
    },
    "PA2": {
      "fe_best": 0.049703774171828634,
      "thresholds": [
        239,
        241,
        242,
        245,
        246,
        248,
        249,
        250,
        253,
        254
      ],
      "time_sec": 2.400989532470703
    },
    "PA3": {
      "fe_best": 0.04848958746220641,
      "thresholds": [
        1,
        4,
        69,
        220,
        228,
        229,
        232,
        233,
        251,
        254
      ],
      "time_sec": 2.3092997074127197
    },
    "PA4": {
      "fe_best": 0.04980309275817254,
      "thresholds": [
        239,
        240,
        243,
        244,
        245,
        248,
        249,
        250,
        251,
        254
      ],
      "time_sec": 2.4895622730255127
    },
    "PA5": {
      "fe_best": 0.04973838797171365,
      "thresholds": [
        238,
        240,
        241,
        242,
        245,
        246,
        249,
        250,
        253,
        254
      ],
      "time_sec": 4.8459553718566895
    }
  }
}