{
  "image_index": 0,
  "image_path": "dataset/BDS500/images/val\\101085.jpg",
  "k": 10,
  "strategies": {
    "PA1": {
      "fe_best": 0.0465738617633327,
      "thresholds": [
        3,
        12,
        15,
        16,
        19,
        24,
        43,
        248,
        251,
        252
      ],
      "time_sec": 2.3041441440582275
    },
    "PA2": {
      "fe_best": 0.04608597517119593,
      "thresholds": [
        1,
        2,
        13,
        14,
        53,
        241,
        242,
        245,
        246,
        247
      ],
      "time_sec": 2.3426012992858887
    },
    "PA3": {
      "fe_best": 0.04604235767786265,
      "thresholds": [
        1,
        2,
        5,
        28,
        39,
        246,
        247,
        250,
        251,
        254
      ],
      "time_sec": 2.35320782661438
    },
    "PA4": {
      "fe_best": 0.04637178973133044,
      "thresholds": [
        5,
        12,
        13,
        48,
        245,
        247,
        248,
        250,
        251,
        254
      ],
      "time_sec": 2.3571743965148926
    },
    "PA5": {
      "fe_best": 0.04541769264326583,
      "thresholds": [
        34,
        51,
        54,
        55,
        66,
        71,
        123,
        137,
        209,
        252
      ],
      "time_sec": 4.725939989089966
    }
  }
}