{
  "image_index": 7,
  "image_path": "dataset/BDS500/images/val\\108070.jpg",
  "k": 10,
  "strategies": {
    "PA1": {
      "fe_best": 0.04880922536888543,
      "thresholds": [
        1,
        2,
        3,
        4,
        5,
        6,
        7,
        28,
        251,
        254
      ],
      "time_sec": 2.2324345111846924
    },
    "PA2": {
      "fe_best": 0.048811525893642786,
      "thresholds": [
        1,
        2,
        3,
        4,
        5,
        6,
        7,
        8,
        28,
        254
      ],
      "time_sec": 2.3816559314727783
    },
    "PA3": {
      "fe_best": 0.04886714853092367,
      "thresholds": [
        1,
        2,
        3,
        4,
        5,
        6,
        33,
        250,
        251,
        254
      ],
      "time_sec": 2.4823122024536133
    },
    "PA4": {
      "fe_best": 0.048707187586593495,
      "thresholds": [
        3,
        6,
        30,
        244,
        245,
        248,
        249,
        250,
        253,
        254
      ],
      "time_sec": 2.2400662899017334
    },
    "PA5": {
      "fe_best": 0.0488515329079151,
      "thresholds": [
        1,
        2,
        36,
        244,
        245,
        246,
        249,
        250,
        251,
        254
      ],
      "time_sec": 4.813937664031982
    }
  }
}