{
  "image_index": 5,
  "image_path": "dataset/BDS500/images/val\\106024.jpg",
  "k": 10,
  "strategies": {
    "PA1": {
      "fe_best": 0.04768463711777472,
      "thresholds": [
        9,
        17,
        26,
        29,
        35,
        38,
        59,
        66,
        203,
        230
      ],
      "time_sec": 2.2869198322296143
    },
    "PA2": {
      "fe_best": 0.04771796823696502,
      "thresholds": [
        1,
        2,
        3,
        41,
        51,
        72,
        209,
        212,
        213,
        228
      ],
      "time_sec": 2.298401117324829
    },
    "PA3": {
      "fe_best": 0.04771177281767125,
      "thresholds": [
        5,
        7,
        12,
        15,
        24,
        51,
        60,
        63,
        203,
        228
      ],
      "time_sec": 2.200916051864624
    },
    "PA4": {
      "fe_best": 0.04788968163408327,
      "thresholds": [
        2,
        4,
        5,
        6,
        10,
        11,
        15,
        16,
        223,
        224
      ],
      "time_sec": 2.44600510597229
    },
    "PA5": {
      "fe_best": 0.04765287994720313,
      "thresholds": [
        1,
        2,
        3,
        4,
        11,
        14,
        56,
        60,
        203,
        228
      ],
      "time_sec": 4.641034841537476
    }
  }
}