{
  "image_index": 3,
  "image_path": "dataset/BDS500/images/val\\103070.jpg",
  "k": 10,
  "strategies": {
    "PA1": {
      "fe_best": 0.047286326129346586,
      "thresholds": [
        2,
        4,
        5,
        11,
        46,
        191,
        193,
        224,
        225,
        228
      ],
      "time_sec": 2.379906177520752
    },
    "PA2": {
      "fe_best": 0.04726497968631074,
      "thresholds": [
        1,
        2,
        6,
        47,
        190,
        199,
        218,
        251,
        252,
        254
      ],
      "time_sec": 2.344683885574341
    },
    "PA3": {
      "fe_best": 0.047295707119899985,
      "thresholds": [
        53,
        188,
        195,
        196,
        207,
        225,
        238,
        250,
        251,
        254
      ],
      "time_sec": 2.386216640472412
    },
    "PA4": {
      "fe_best": 0.04729394438202079,
      "thresholds": [
        5,
        50,
        189,
        196,
        197,
        216,
        238,
        239,
        244,
        251
      ],
      "time_sec": 2.38151478767395
    },
    "PA5": {
      "fe_best": 0.04729850753766429,
      "thresholds": [
        1,
        2,
        53,
        190,
        191,
        198,
        211,
        222,
        240,
        241
      ],
      "time_sec": 4.679299354553223
    }
  }
}