{
  "image_index": 11,
  "image_path": "dataset/BDS500/images/val\\12084.jpg",
  "k": 10,
  "strategies": {
    "PA1": {
      "fe_best": 0.048830366441190015,
      "thresholds": [
        1,
        2,
        3,
        4,
        117,
        250,
        251,
        252,
        253,
        254
      ],
      "time_sec": 2.192741870880127
    },
    "PA2": {
      "fe_best": 0.048635005197134436,
      "thresholds": [
        1,
        2,
        3,
        4,
        10,
        109,
        251,
        252,
        253,
        254
      ],
      "time_sec": 2.503885269165039
    },
    "PA3": {
      "fe_best": 0.04863345153998047,
      "thresholds": [
        1,
        6,
        8,
        111,
        249,
        250,
        251,
        252,
        253,
        254
      ],
      "time_sec": 2.4255757331848145
    },
    "PA4": {
      "fe_best": 0.04880931288790919,
      "thresholds": [
        1,
        2,
        3,
        5,
        116,
        250,
        251,
        252,
        253,
        254
      ],
      "time_sec": 2.428046941757202
    },
    "PA5": {
      "fe_best": 0.04878102075265149,
      "thresholds": [
        1,
        2,
        3,
        4,
        6,
        113,
        251,
        252,
        253,
        254
      ],
      "time_sec": 5.213982105255127
    }
  }
}