{
  "image_index": 18,
  "image_path": "dataset/BDS500/images/val\\145086.jpg",
  "k": 10,
  "strategies": {
    "PA1": {
      "fe_best": 0.04858054356537823,
      "thresholds": [
        70,
        142,
        171,
        174,
        175,
        198,
        204,
        208,
        235,
        236
      ],
      "time_sec": 2.2777693271636963
    },
    "PA2": {
      "fe_best": 0.048582469358856795,
      "thresholds": [
        2,
        134,
        199,
        242,
        243,
        246,
        249,
        250,
        253,
        254
      ],
      "time_sec": 2.378666877746582
    },
    "PA3": {
      "fe_best": 0.04841926965791073,
      "thresholds": [
        71,
        136,
        179,
        180,
        195,
        203,
        213,
        234,
        253,
        254
      ],
      "time_sec": 2.325029134750366
    },
    "PA4": {
      "fe_best": 0.04837872759246802,
      "thresholds": [
        71,
        131,
        132,
        135,
        160,
        168,
        199,
        214,
        253,
        254
      ],
      "time_sec": 2.2416653633117676
    },
    "PA5": {
      "fe_best": 0.048563931884914695,
      "thresholds": [
        1,
        2,
        3,
        135,
        193,
        196,
        197,
        200,
        213,
        228
      ],
      "time_sec": 4.582534551620483
    }
  }
}