{
  "image_index": 13,
  "image_path": "dataset/BDS500/images/val\\126007.jpg",
  "k": 10,
  "strategies": {
    "PA1": {
      "fe_best": 0.052051950802353315,
      "thresholds": [
        2,
        5,
        7,
        10,
        12,
        14,
        53,
        210,
        219,
        240
      ],
      "time_sec": 2.396578311920166
    },
    "PA2": {
      "fe_best": 0.051830483216933274,
      "thresholds": [
        1,
        3,
        5,
        6,
        7,
        8,
        9,
        13,
        59,
        202
      ],
      "time_sec": 2.496748208999634
    },
    "PA3": {
      "fe_best": 0.05208243170258281,
      "thresholds": [
        14,
        57,
        201,
        205,
        206,
        214,
        247,
        250,
        251,
        254
      ],
      "time_sec": 2.3645853996276855
    },
    "PA4": {
      "fe_best": 0.05199844242797255,
      "thresholds": [
        1,
        4,
        69,
        188,
        190,
        211,
        231,
        238,
        251,
        254
      ],
      "time_sec": 2.350428581237793
    },
    "PA5": {
      "fe_best": 0.05207346878366782,
      "thresholds": [
        1,
        2,
        4,
        5,
        8,
        61,
        200,
        207,
        247,
        250
      ],
      "time_sec": 4.652587652206421
    }
  }
}