{
  "image_index": 17,
  "image_path": "dataset/BDS500/images/val\\143090.jpg",
  "k": 10,
  "strategies": {
    "PA1": {
      "fe_best": 0.04816615194554167,
      "thresholds": [
        1,
        2,
        3,
        4,
        5,
        6,
        7,
        8,
        79,
        254
      ],
      "time_sec": 2.3256900310516357
    },
    "PA2": {
      "fe_best": 0.048343882174938305,
      "thresholds": [
        1,
        2,
        3,
        4,
        7,
        80,
        251,
        252,
        253,
        254
      ],
      "time_sec": 2.409769058227539
    },
    "PA3": {
      "fe_best": 0.04834063663996012,
      "thresholds": [
        1,
        2,
        86,
        248,
        249,
        250,
        251,
        252,
        253,
        254
      ],
      "time_sec": 2.2833540439605713
    },
    "PA4": {
      "fe_best": 0.048343813751332884,
      "thresholds": [
        1,
        2,
        3,
        4,
        5,
        83,
        251,
        252,
        253,
        254
      ],
      "time_sec": 2.2379446029663086
    },
    "PA5": {
      "fe_best": 0.04925518594450134,
      "thresholds": [
        245,
        246,
        247,
        248,
        249,
        250,
        251,
        252,
        253,
        254
      ],
      "time_sec": 4.785074710845947
    }
  }
}