{
  "image_index": 12,
  "image_path": "dataset/BDS500/images/val\\123074.jpg",
  "k": 10,
  "strategies": {
    "PA1": {
      "fe_best": 0.046830710536864606,
      "thresholds": [
        1,
        4,
        8,
        11,
        13,
        126,
        249,
        250,
        251,
        254
      ],
      "time_sec": 2.569979429244995
    },
    "PA2": {
      "fe_best": 0.046868982781238105,
      "thresholds": [
        1,
        2,
        3,
        6,
        7,
        15,
        17,
        118,
        253,
        254
      ],
      "time_sec": 2.472484588623047
    },
    "PA3": {
      "fe_best": 0.046811056525110875,
      "thresholds": [
        1,
        2,
        4,
        5,
        7,
        20,
        119,
        252,
        253,
        254
      ],
      "time_sec": 2.299664258956909
    },
    "PA4": {
      "fe_best": 0.046872429521556506,
      "thresholds": [
        1,
        2,
        4,
        5,
        9,
        14,
        17,
        122,
        253,
        254
      ],
      "time_sec": 2.196810483932495
    },
    "PA5": {
      "fe_best": 0.04688374375969748,
      "thresholds": [
        2,
        3,
        4,
        11,
        13,
        16,
        17,
        120,
        253,
        254
      ],
      "time_sec": 4.728428363800049
    }
  }
}