{
  "image_index": 26,
  "image_path": "dataset/BDS500/images/val\\16077.jpg",
  "k": 10,
  "strategies": {
    "PA1": {
      "fe_best": 0.048447626275174155,
      "thresholds": [
        1,
        2,
        3,
        10,
        14,
        16,
        33,
        240,
        247,
        248
      ],
      "time_sec": 2.4410786628723145
    },
    "PA2": {
      "fe_best": 0.04842612879049928,
      "thresholds": [
        1,
        2,
        3,
        4,
        6,
        10,
        11,
        38,
        239,
        240
      ],
      "time_sec": 2.4852147102355957
    },
    "PA3": {
      "fe_best": 0.04870931053659039,
      "thresholds": [
        1,
        9,
        43,
        239,
        240,
        243,
        244,
        247,
        248,
        251
      ],
      "time_sec": 2.257014513015747
    },
    "PA4": {
      "fe_best": 0.048538325479086944,
      "thresholds": [
        1,
        5,
        7,
        41,
        232,
        236,
        238,
        246,
        247,
        250
      ],
      "time_sec": 2.50858998298645
    },
    "PA5": {
      "fe_best": 0.05168541867297318,
      "thresholds": [
        235,
        236,
        239,
        240,
        243,
        246,
        247,
        250,
        251,
        254
      ],
      "time_sec": 5.059940814971924
    }
  }
}