{
  "image_index": 23,
  "image_path": "dataset/BDS500/images/val\\157055.jpg",
  "k": 10,
  "strategies": {
    "PA1": {
      "fe_best": 0.050551170612706045,
      "thresholds": [
        1,
        2,
        3,
        4,
        5,
        6,
        10,
        12,
        23,
        24
      ],
      "time_sec": 2.3808441162109375
    },
    "PA2": {
      "fe_best": 0.050551170612706045,
      "thresholds": [
        1,
        2,
        3,
        4,
        5,
        6,
        10,
        12,
        23,
        24
      ],
      "time_sec": 2.3351540565490723
    },
    "PA3": {
      "fe_best": 0.04938940480845106,
      "thresholds": [
        1,
        3,
        4,
        49,
        236,
        237,
        247,
        248,
        251,
        252
      ],
      "time_sec": 2.372952938079834
    },
    "PA4": {
      "fe_best": 0.050551170612706045,
      "thresholds": [
        1,
        3,
        4,
        5,
        6,
        11,
        16,
        17,
        23,
        24
      ],
      "time_sec": 2.3888561725616455
    },
    "PA5": {
      "fe_best": 0.050551170612706045,
      "thresholds": [
        1,
        2,
        4,
        5,
        7,
        9,
        10,
        18,
        23,
        24
      ],
      "time_sec": 4.882322072982788
    }
  }
}