{
  "image_index": 24,
  "image_path": "dataset/BDS500/images/val\\159008.jpg",
  "k": 10,
  "strategies": {
    "PA1": {
      "fe_best": 0.04865447008463343,
      "thresholds": [
        85,
        86,
        89,
        90,
        93,
        111,
        112,
        115,
        196,
        253
      ],
      "time_sec": 2.7780203819274902
    },
    "PA2": {
      "fe_best": 0.04852401298995553,
      "thresholds": [
        79,
        84,
        95,
        100,
        103,
        144,
        149,
        234,
        237,
        254
      ],
      "time_sec": 2.4847450256347656
    },
    "PA3": {
      "fe_best": 0.04856227682237396,
      "thresholds": [
        83,
        91,
        94,
        107,
        118,
        135,
        146,
        233,
        250,
        254
      ],
      "time_sec": 2.2692320346832275
    },
    "PA4": {
      "fe_best": 0.04917004649727426,
      "thresholds": [
        68,
        80,
        81,
        108,
        115,
        116,
        119,
        120,
        123,
        124
      ],
      "time_sec": 2.3947060108184814
    },
    "PA5": {
      "fe_best": 0.04882421340677888,
      "thresholds": [
        77,
        80,
        93,
        96,
        97,
        104,
        109,
        244,
        245,
        252
      ],
      "time_sec": 4.964942455291748
    }
  }
}