{
  "image_index": 27,
  "image_path": "dataset/BDS500/images/val\\163085.jpg",
  "k": 10,
  "strategies": {
    "PA1": {
      "fe_best": 0.04731474403966148,
      "thresholds": [
        1,
        4,
        9,
        16,
        17,
        92,
        251,
        252,
        253,
        254
      ],
      "time_sec": 2.424694776535034
    },
    "PA2": {
      "fe_best": 0.04727021474236117,
      "thresholds": [
        1,
        2,
        3,
        6,
        12,
        13,
        92,
        252,
        253,
        254
      ],
      "time_sec": 2.510385751724243
    },
    "PA3": {
      "fe_best": 0.04730823652967761,
      "thresholds": [
        1,
        2,
        3,
        6,
        7,
        86,
        251,
        252,
        253,
        254
      ],
      "time_sec": 2.610982656478882
    },
    "PA4": {
      "fe_best": 0.04732768990444226,
      "thresholds": [
        1,
        2,
        3,
        10,
        11,
        22,
        23,
        86,
        253,
        254
      ],
      "time_sec": 2.488558530807495
    },
    "PA5": {
      "fe_best": 0.04730823652967761,
      "thresholds": [
        1,
        2,
        3,
        6,
        7,
        86,
        251,
        252,
        253,
        254
      ],
      "time_sec": 4.929518699645996
    }
  }
}