{
  "image_index": 33,
  "image_path": "dataset/BDS500/images/val\\182053.jpg",
  "k": 10,
  "strategies": {
    "PA1": {
      "fe_best": 0.05082177460395104,
      "thresholds": [
        1,
        2,
        3,
        4,
        5,
        6,
        9,
        10,
        91,
        254
      ],
      "time_sec": 2.418172836303711
    },
    "PA2": {
      "fe_best": 0.05082958713564481,
      "thresholds": [
        1,
        2,
        3,
        4,
        6,
        7,
        10,
        11,
        90,
        254
      ],
      "time_sec": 2.3481645584106445
    },
    "PA3": {
      "fe_best": 0.05071150416445877,
      "thresholds": [
        1,
        2,
        3,
        4,
        5,
        6,
        8,
        9,
        12,
        89
      ],
      "time_sec": 2.4238107204437256
    },
    "PA4": {
      "fe_best": 0.05069873519484054,
      "thresholds": [
        1,
        2,
        5,
        6,
        7,
        8,
        11,
        92,
        253,
        254
      ],
      "time_sec": 2.447700023651123
    },
    "PA5": {
      "fe_best": 0.050817120784491146,
      "thresholds": [
        1,
        2,
        3,
        4,
        5,
        8,
        9,
        12,
        90,
        254
      ],
      "time_sec": 5.097574949264526
    }
  }
}