{
  "image_index": 39,
  "image_path": "dataset/BDS500/images/val\\210088.jpg",
  "k": 10,
  "strategies": {
    "PA1": {
      "fe_best": 0.04874325364236586,
      "thresholds": [
        1,
        3,
        7,
        8,
        9,
        108,
        251,
        252,
        253,
        254
      ],
      "time_sec": 2.3486127853393555
    },
    "PA2": {
      "fe_best": 0.04922218024784018,
      "thresholds": [
        245,
        246,
        247,
        248,
        249,
        250,
        251,
        252,
        253,
        254
      ],
      "time_sec": 2.253546953201294
    },
    "PA3": {
      "fe_best": 0.04885436289420031,
      "thresholds": [
        1,
        2,
        3,
        4,
        5,
        6,
        7,
        8,
        109,
        254
      ],
      "time_sec": 2.4512574672698975
    },
    "PA4": {
      "fe_best": 0.048839325492591394,
      "thresholds": [
        1,
        2,
        3,
        4,
        5,
        6,
        7,
        110,
        253,
        254
      ],
      "time_sec": 2.3865082263946533
    },
    "PA5": {
      "fe_best": 0.04885436289420031,
      "thresholds": [
        1,
        2,
        3,
        4,
        5,
        6,
        7,
        8,
        109,
        254
      ],
      "time_sec": 4.879326343536377
    }
  }
}