{
  "image_index": 31,
  "image_path": "dataset/BDS500/images/val\\175032.jpg",
  "k": 10,
  "strategies": {
    "PA1": {
      "fe_best": 0.04706654778763877,
      "thresholds": [
        1,
        5,
        6,
        7,
        206,
        250,
        251,
        252,
        253,
        254
      ],
      "time_sec": 2.2849104404449463
    },
    "PA2": {
      "fe_best": 0.04716569508290262,
      "thresholds": [
        143,
        172,
        179,
        184,
        191,
        200,
        215,
        229,
        251,
        252
      ],
      "time_sec": 2.281604528427124
    },
    "PA3": {
      "fe_best": 0.04705877588818426,
      "thresholds": [
        1,
        6,
        7,
        206,
        248,
        249,
        250,
        251,
        253,
        254
      ],
      "time_sec": 2.400599718093872
    },
    "PA4": {
      "fe_best": 0.04718711119367896,
      "thresholds": [
        138,
        179,
        182,
        183,
        186,
        191,
        193,
        216,
        226,
        244
      ],
      "time_sec": 2.324211597442627
    },
    "PA5": {
      "fe_best": 0.047157360331942164,
      "thresholds": [
        145,
        176,
        177,
        184,
        201,
        202,
        224,
        231,
        240,
        254
      ],
      "time_sec": 4.639706373214722
    }
  }
}