{
  "image_index": 41,
  "image_path": "dataset/BDS500/images/val\\216081.jpg",
  "k": 10,
  "strategies": {
    "PA1": {
      "fe_best": 0.048617902987622516,
      "thresholds": [
        55,
        68,
        87,
        88,
        91,
        104,
        131,
        144,
        145,
        160
      ],
      "time_sec": 2.463813066482544
    },
    "PA2": {
      "fe_best": 0.04843841896578187,
      "thresholds": [
        60,
        71,
        72,
        75,
        100,
        123,
        132,
        144,
        150,
        151
      ],
      "time_sec": 2.526000499725342
    },
    "PA3": {
      "fe_best": 0.04834504133693265,
      "thresholds": [
        53,
        164,
        194,
        231,
        234,
        235,
        238,
        245,
        246,
        249
      ],
      "time_sec": 2.4467897415161133
    },
    "PA4": {
      "fe_best": 0.04865391258893122,
      "thresholds": [
        58,
        72,
        83,
        84,
        87,
        88,
        95,
        103,
        110,
        124
      ],
      "time_sec": 2.2842016220092773
    },
    "PA5": {
      "fe_best": 0.04872213488200568,
      "thresholds": [
        1,
        2,
        117,
        246,
        247,
        250,
        251,
        252,
        253,
        254
      ],
      "time_sec": 4.57722282409668
    }
  }
}