{
  "image_index": 42,
  "image_path": "dataset/BDS500/images/val\\219090.jpg",
  "k": 10,
  "strategies": {
    "PA1": {
      "fe_best": 0.04836623315794224,
      "thresholds": [
        20,
        21,
        24,
        45,
        60,
        229,
        247,
        248,
        251,
        252
      ],
      "time_sec": 2.428968906402588
    },
    "PA2": {
      "fe_best": 0.04841311471938694,
      "thresholds": [
        1,
        2,
        3,
        6,
        23,
        46,
        47,
        234,
        253,
        254
      ],
      "time_sec": 2.3369884490966797
    },
    "PA3": {
      "fe_best": 0.04828305498450591,
      "thresholds": [
        1,
        30,
        55,
        235,
        245,
        246,
        249,
        250,
        253,
        254
      ],
      "time_sec": 2.3833887577056885
    },
    "PA4": {
      "fe_best": 0.04844046189022591,
      "thresholds": [
        2,
        4,
        5,
        26,
        31,
        38,
        39,
        54,
        231,
        254
      ],
      "time_sec": 2.409898519515991
    },
    "PA5": {
      "fe_best": 0.048736364296617124,
      "thresholds": [
        2,
        3,
        8,
        9,
        11,
        34,
        51,
        54,
        55,
        226
      ],
      "time_sec": 4.698533535003662
    }
  }
}