{
  "image_index": 47,
  "image_path": "dataset/BDS500/images/val\\236037.jpg",
  "k": 10,
  "strategies": {
    "PA1": {
      "fe_best": 0.04629741057234746,
      "thresholds": [
        1,
        2,
        5,
        7,
        9,
        10,
        53,
        250,
        251,
        252
      ],
      "time_sec": 2.460153818130493
    },
    "PA2": {
      "fe_best": 0.04630488228768116,
      "thresholds": [
        1,
        3,
        4,
        6,
        9,
        54,
        249,
        250,
        253,
        254
      ],
      "time_sec": 2.2768495082855225
    },
    "PA3": {
      "fe_best": 0.04661525536419174,
      "thresholds": [
        1,
        2,
        3,
        13,
        126,
        129,
        130,
        133,
        134,
        157
      ],
      "time_sec": 2.2869997024536133
    },
    "PA4": {
      "fe_best": 0.046225386082798386,
      "thresholds": [
        1,
        2,
        147,
        246,
        247,
        248,
        249,
        252,
        253,
        254
      ],
      "time_sec": 2.3736555576324463
    },
    "PA5": {
      "fe_best": 0.04632613724395773,
      "thresholds": [
        1,
        2,
        3,
        4,
        5,
        6,
        7,
        56,
        251,
        252
      ],
      "time_sec": 4.8958423137664795
    }
  }
}