{
  "image_index": 48,
  "image_path": "dataset/BDS500/images/val\\24077.jpg",
  "k": 10,
  "strategies": {
    "PA1": {
      "fe_best": 0.04571432361383259,
      "thresholds": [
        1,
        5,
        6,
        16,
        29,
        205,
        228,
        250,
        251,
        254
      ],
      "time_sec": 2.4188451766967773
    },
    "PA2": {
      "fe_best": 0.045812498738289714,
      "thresholds": [
        42,
        185,
        188,
        189,
        191,
        246,
        249,
        250,
        251,
        254
      ],
      "time_sec": 2.293217420578003
    },
    "PA3": {
      "fe_best": 0.046002521555911016,
      "thresholds": [
        39,
        197,
        200,
        213,
        214,
        217,
        238,
        241,
        251,
        252
      ],
      "time_sec": 2.330845355987549
    },
    "PA4": {
      "fe_best": 0.045575930927394634,
      "thresholds": [
        47,
        188,
        193,
        203,
        208,
        222,
        229,
        238,
        251,
        254
      ],
      "time_sec": 2.474325656890869
    },
    "PA5": {
      "fe_best": 0.04613317766521792,
      "thresholds": [
        1,
        41,
        193,
        214,
        221,
        229,
        247,
        250,
        251,
        254
      ],
      "time_sec": 4.7478272914886475
    }
  }
}