{
  "image_index": 49,
  "image_path": "dataset/BDS500/images/val\\241004.jpg",
  "k": 10,
  "strategies": {
    "PA1": {
      "fe_best": 0.04438656784482336,
      "thresholds": [
        1,
        3,
        4,
        8,
        18,
        39,
        42,
        171,
        251,
        252
      ],
      "time_sec": 2.4119980335235596
    },
    "PA2": {
      "fe_best": 0.046392520393733885,
      "thresholds": [
        1,
        2,
        3,
        4,
        5,
        54,
        249,
        250,
        251,
        254
      ],
      "time_sec": 2.348975658416748
    },
    "PA3": {
      "fe_best": 0.0444239055340053,
      "thresholds": [
        1,
        5,
        13,
        18,
        19,
        36,
        51,
        164,
        251,
        252
      ],
      "time_sec": 2.322073221206665
    },
    "PA4": {
      "fe_best": 0.04440314549315862,
      "thresholds": [
        1,
        3,
        5,
        15,
        32,
        35,
        36,
        55,
        164,
        244
      ],
      "time_sec": 2.31341290473938
    },
    "PA5": {
      "fe_best": 0.04566369040404474,
      "thresholds": [
        1,
        5,
        6,
        7,
        8,
        9,
        10,
        51,
        251,
        252
      ],
      "time_sec": 4.729686260223389
    }
  }
}