{
  "image_index": 43,
  "image_path": "dataset/BDS500/images/val\\220075.jpg",
  "k": 10,
  "strategies": {
    "PA1": {
      "fe_best": 0.047306434991295485,
      "thresholds": [
        1,
        2,
        3,
        4,
        5,
        6,
        197,
        198,
        232,
        236
      ],
      "time_sec": 2.4051334857940674
    },
    "PA2": {
      "fe_best": 0.046881989413434105,
      "thresholds": [
        1,
        2,
        11,
        106,
        186,
        191,
        196,
        215,
        220,
        231
      ],
      "time_sec": 2.487199306488037
    },
    "PA3": {
      "fe_best": 0.046825785883709725,
      "thresholds": [
        16,
        47,
        138,
        139,
        170,
        173,
        174,
        177,
        178,
        231
      ],
      "time_sec": 2.433966875076294
    },
    "PA4": {
      "fe_best": 0.047319862638529095,
      "thresholds": [
        1,
        2,
        3,
        4,
        5,
        6,
        197,
        202,
        223,
        230
      ],
      "time_sec": 2.5208985805511475
    },
    "PA5": {
      "fe_best": 0.04943812942848712,
      "thresholds": [
        199,
        202,
        207,
        214,
        215,
        216,
        219,
        229,
        232,
        233
      ],
      "time_sec": 5.024399518966675
    }
  }
}