{
  "image_index": 46,
  "image_path": "dataset/BDS500/images/val\\229036.jpg",
  "k": 10,
  "strategies": {
    "PA1": {
      "fe_best": 0.04640304001931336,
      "thresholds": [
        1,
        3,
        10,
        14,
        23,
        40,
        59,
        208,
        243,
        248
      ],
      "time_sec": 2.278470516204834
    },
    "PA2": {
      "fe_best": 0.04636532191103912,
      "thresholds": [
        1,
        2,
        3,
        4,
        37,
        40,
        41,
        56,
        213,
        242
      ],
      "time_sec": 2.256241798400879
    },
    "PA3": {
      "fe_best": 0.046314255107105406,
      "thresholds": [
        1,
        4,
        6,
        96,
        167,
        184,
        203,
        239,
        251,
        254
      ],
      "time_sec": 2.3845579624176025
    },
    "PA4": {
      "fe_best": 0.046255805677990675,
      "thresholds": [
        1,
        2,
        4,
        5,
        102,
        149,
        162,
        205,
        210,
        246
      ],
      "time_sec": 2.1673500537872314
    },
    "PA5": {
      "fe_best": 0.04634194695636468,
      "thresholds": [
        1,
        2,
        3,
        4,
        7,
        8,
        19,
        80,
        195,
        246
      ],
      "time_sec": 4.724260568618774
    }
  }
}