{
  "image_index": 57,
  "image_path": "dataset/BDS500/images/val\\295087.jpg",
  "k": 10,
  "strategies": {
    "PA1": {
      "fe_best": 0.04881197405429931,
      "thresholds": [
        1,
        2,
        3,
        4,
        20,
        250,
        251,
        252,
        253,
        254
      ],
      "time_sec": 2.3813316822052
    },
    "PA2": {
      "fe_best": 0.049412425571313735,
      "thresholds": [
        245,
        246,
        247,
        248,
        249,
        250,
        251,
        252,
        253,
        254
      ],
      "time_sec": 2.478968620300293
    },
    "PA3": {
      "fe_best": 0.04880065149576079,
      "thresholds": [
        1,
        2,
        24,
        248,
        249,
        250,
        251,
        252,
        253,
        254
      ],
      "time_sec": 2.2577121257781982
    },
    "PA4": {
      "fe_best": 0.04880622678506522,
      "thresholds": [
        1,
        3,
        21,
        248,
        249,
        250,
        251,
        252,
        253,
        254
      ],
      "time_sec": 2.3729372024536133
    },
    "PA5": {
      "fe_best": 0.04881197405429931,
      "thresholds": [
        1,
        2,
        3,
        4,
        20,
        250,
        251,
        252,
        253,
        254
      ],
      "time_sec": 4.797466993331909
    }
  }
}