{
  "image_index": 55,
  "image_path": "dataset/BDS500/images/val\\285079.jpg",
  "k": 10,
  "strategies": {
    "PA1": {
      "fe_best": 0.050343423597970456,
      "thresholds": [
        1,
        2,
        3,
        47,
        245,
        246,
        249,
        250,
        251,
        254
      ],
      "time_sec": 2.3592429161071777
    },
    "PA2": {
      "fe_best": 0.050287993120234256,
      "thresholds": [
        1,
        2,
        3,
        4,
        5,
        46,
        249,
        250,
        253,
        254
      ],
      "time_sec": 2.4335029125213623
    },
    "PA3": {
      "fe_best": 0.05022607862181351,
      "thresholds": [
        1,
        2,
        6,
        45,
        243,
        244,
        247,
        248,
        251,
        252
      ],
      "time_sec": 2.472041606903076
    },
    "PA4": {
      "fe_best": 0.050213421416278325,
      "thresholds": [
        1,
        3,
        6,
        46,
        244,
        245,
        247,
        250,
        251,
        254
      ],
      "time_sec": 2.2479705810546875
    },
    "PA5": {
      "fe_best": 0.050264240005872235,
      "thresholds": [
        2,
        3,
        48,
        244,
        245,
        246,
        249,
        250,
        251,
        254
      ],
      "time_sec": 5.040694952011108
    }
  }
}