{
  "image_index": 56,
  "image_path": "dataset/BDS500/images/val\\291000.jpg",
  "k": 10,
  "strategies": {
    "PA1": {
      "fe_best": 0.04549329144989493,
      "thresholds": [
        3,
        4,
        10,
        14,
        30,
        33,
        47,
        50,
        175,
        246
      ],
      "time_sec": 2.4745430946350098
    },
    "PA2": {
      "fe_best": 0.04551246505438554,
      "thresholds": [
        1,
        2,
        4,
        10,
        17,
        42,
        47,
        178,
        239,
        246
      ],
      "time_sec": 2.3474433422088623
    },
    "PA3": {
      "fe_best": 0.04568978837220361,
      "thresholds": [
        1,
        21,
        25,
        79,
        118,
        119,
        122,
        123,
        230,
        236
      ],
      "time_sec": 2.4117977619171143
    },
    "PA4": {
      "fe_best": 0.04564671049817781,
      "thresholds": [
        1,
        2,
        3,
        4,
        5,
        6,
        8,
        9,
        147,
        246
      ],
      "time_sec": 2.3090243339538574
    },
    "PA5": {
      "fe_best": 0.045668377492133205,
      "thresholds": [
        1,
        2,
        3,
        4,
        5,
        6,
        7,
        8,
        151,
        244
      ],
      "time_sec": 5.035402059555054
    }
  }
}