{
  "image_index": 52,
  "image_path": "dataset/BDS500/images/val\\253055.jpg",
  "k": 10,
  "strategies": {
    "PA1": {
      "fe_best": 0.04435553647059372,
      "thresholds": [
        1,
        4,
        6,
        17,
        36,
        51,
        53,
        130,
        239,
        242
      ],
      "time_sec": 2.498851776123047
    },
    "PA2": {
      "fe_best": 0.04473636125786115,
      "thresholds": [
        1,
        2,
        3,
        4,
        5,
        6,
        9,
        50,
        243,
        244
      ],
      "time_sec": 2.4076731204986572
    },
    "PA3": {
      "fe_best": 0.044816623800631394,
      "thresholds": [
        54,
        61,
        63,
        210,
        227,
        234,
        247,
        250,
        251,
        254
      ],
      "time_sec": 2.514364719390869
    },
    "PA4": {
      "fe_best": 0.04458582442812298,
      "thresholds": [
        1,
        2,
        4,
        8,
        34,
        36,
        40,
        139,
        247,
        248
      ],
      "time_sec": 2.496201753616333
    },
    "PA5": {
      "fe_best": 0.0445581321403033,
      "thresholds": [
        1,
        4,
        5,
        7,
        9,
        10,
        11,
        12,
        47,
        240
      ],
      "time_sec": 4.978212356567383
    }
  }
}