{
  "image_index": 60,
  "image_path": "dataset/BDS500/images/val\\299086.jpg",
  "k": 10,
  "strategies": {
    "PA1": {
      "fe_best": 0.048947219106091844,
      "thresholds": [
        1,
        2,
        3,
        4,
        5,
        6,
        7,
        135,
        253,
        254
      ],
      "time_sec": 2.3496713638305664
    },
    "PA2": {
      "fe_best": 0.04894039797673591,
      "thresholds": [
        1,
        2,
        3,
        4,
        5,
        6,
        7,
        8,
        134,
        254
      ],
      "time_sec": 2.324233293533325
    },
    "PA3": {
      "fe_best": 0.04896294002184873,
      "thresholds": [
        1,
        141,
        247,
        248,
        249,
        250,
        251,
        252,
        253,
        254
      ],
      "time_sec": 2.3636515140533447
    },
    "PA4": {
      "fe_best": 0.04863721595000291,
      "thresholds": [
        1,
        20,
        247,
        248,
        249,
        250,
        251,
        252,
        253,
        254
      ],
      "time_sec": 2.363921642303467
    },
    "PA5": {
      "fe_best": 0.04862855846146278,
      "thresholds": [
        1,
        2,
        17,
        248,
        249,
        250,
        251,
        252,
        253,
        254
      ],
      "time_sec": 4.809462308883667
    }
  }
}