{
  "image_index": 67,
  "image_path": "dataset/BDS500/images/val\\33039.jpg",
  "k": 10,
  "strategies": {
    "PA1": {
      "fe_best": 0.04595523162665979,
      "thresholds": [
        1,
        6,
        12,
        21,
        23,
        44,
        203,
        208,
        223,
        232
      ],
      "time_sec": 2.4243805408477783
    },
    "PA2": {
      "fe_best": 0.04595877029354563,
      "thresholds": [
        1,
        2,
        3,
        14,
        97,
        162,
        216,
        217,
        220,
        229
      ],
      "time_sec": 2.417724609375
    },
    "PA3": {
      "fe_best": 0.04844025266621744,
      "thresholds": [
        232,
        235,
        240,
        242,
        245,
        246,
        249,
        250,
        253,
        254
      ],
      "time_sec": 2.3549206256866455
    },
    "PA4": {
      "fe_best": 0.04611056992582928,
      "thresholds": [
        1,
        2,
        3,
        4,
        5,
        6,
        10,
        93,
        231,
        232
      ],
      "time_sec": 2.3915352821350098
    },
    "PA5": {
      "fe_best": 0.04625445885834216,
      "thresholds": [
        28,
        53,
        68,
        69,
        72,
        73,
        149,
        178,
        180,
        227
      ],
      "time_sec": 4.747978687286377
    }
  }
}