{
  "image_index": 65,
  "image_path": "dataset/BDS500/images/val\\306005.jpg",
  "k": 10,
  "strategies": {
    "PA1": {
      "fe_best": 0.04960945990432905,
      "thresholds": [
        29,
        32,
        33,
        36,
        65,
        72,
        89,
        128,
        189,
        254
      ],
      "time_sec": 2.3932156562805176
    },
    "PA2": {
      "fe_best": 0.04940759509403578,
      "thresholds": [
        29,
        36,
        37,
        48,
        69,
        89,
        104,
        125,
        185,
        199
      ],
      "time_sec": 2.297520160675049
    },
    "PA3": {
      "fe_best": 0.049649766877618726,
      "thresholds": [
        31,
        32,
        39,
        44,
        47,
        52,
        67,
        72,
        119,
        216
      ],
      "time_sec": 2.217066526412964
    },
    "PA4": {
      "fe_best": 0.049713136130039345,
      "thresholds": [
        31,
        32,
        39,
        46,
        47,
        50,
        51,
        74,
        139,
        198
      ],
      "time_sec": 2.273897647857666
    },
    "PA5": {
      "fe_best": 0.049529537288197575,
      "thresholds": [
        31,
        32,
        35,
        36,
        59,
        63,
        94,
        105,
        106,
        226
      ],
      "time_sec": 4.773227214813232
    }
  }
}