{
  "image_index": 68,
  "image_path": "dataset/BDS500/images/val\\351093.jpg",
  "k": 10,
  "strategies": {
    "PA1": {
      "fe_best": 0.04207965933584751,
      "thresholds": [
        55,
        56,
        59,
        60,
        63,
        120,
        131,
        148,
        170,
        211
      ],
      "time_sec": 2.2524449825286865
    },
    "PA2": {
      "fe_best": 0.04277012816874966,
      "thresholds": [
        77,
        81,
        82,
        205,
        220,
        236,
        247,
        248,
        251,
        252
      ],
      "time_sec": 2.3270039558410645
    },
    "PA3": {
      "fe_best": 0.0420620157517721,
      "thresholds": [
        63,
        64,
        79,
        108,
        151,
        170,
        180,
        181,
        251,
        254
      ],
      "time_sec": 2.5377161502838135
    },
    "PA4": {
      "fe_best": 0.04235637267630479,
      "thresholds": [
        39,
        44,
        67,
        146,
        167,
        217,
        243,
        246,
        251,
        254
      ],
      "time_sec": 2.485714912414551
    },
    "PA5": {
      "fe_best": 0.0424008407568848,
      "thresholds": [
        73,
        100,
        114,
        153,
        192,
        223,
        243,
        250,
        251,
        254
      ],
      "time_sec": 4.854207992553711
    }
  }
}