{
  "image_index": 74,
  "image_path": "dataset/BDS500/images/val\\385039.jpg",
  "k": 10,
  "strategies": {
    "PA1": {
      "fe_best": 0.04949631526726784,
      "thresholds": [
        1,
        2,
        3,
        118,
        201,
        234,
        249,
        250,
        253,
        254
      ],
      "time_sec": 2.342137336730957
    },
    "PA2": {
      "fe_best": 0.0495006010197738,
      "thresholds": [
        1,
        2,
        3,
        4,
        5,
        116,
        211,
        242,
        243,
        254
      ],
      "time_sec": 2.3685879707336426
    },
    "PA3": {
      "fe_best": 0.0495357196700348,
      "thresholds": [
        1,
        2,
        3,
        117,
        208,
        235,
        236,
        247,
        251,
        254
      ],
      "time_sec": 2.4706013202667236
    },
    "PA4": {
      "fe_best": 0.04933033949100209,
      "thresholds": [
        1,
        4,
        15,
        35,
        81,
        230,
        231,
        246,
        251,
        254
      ],
      "time_sec": 2.2981226444244385
    },
    "PA5": {
      "fe_best": 0.049536302634096974,
      "thresholds": [
        1,
        2,
        3,
        5,
        116,
        201,
        239,
        240,
        247,
        252
      ],
      "time_sec": 4.5982794761657715
    }
  }
}