{
  "image_index": 79,
  "image_path": "dataset/BDS500/images/val\\43074.jpg",
  "k": 10,
  "strategies": {
    "PA1": {
      "fe_best": 0.04911873037691027,
      "thresholds": [
        1,
        2,
        4,
        33,
        244,
        248,
        249,
        252,
        253,
        254
      ],
      "time_sec": 2.2215917110443115
    },
    "PA2": {
      "fe_best": 0.04913965817423692,
      "thresholds": [
        1,
        3,
        5,
        6,
        11,
        26,
        251,
        252,
        253,
        254
      ],
      "time_sec": 2.2992746829986572
    },
    "PA3": {
      "fe_best": 0.04914804104483883,
      "thresholds": [
        2,
        3,
        4,
        5,
        6,
        7,
        9,
        10,
        25,
        254
      ],
      "time_sec": 2.3970537185668945
    },
    "PA4": {
      "fe_best": 0.0491439331459431,
      "thresholds": [
        1,
        2,
        6,
        7,
        30,
        247,
        248,
        249,
        253,
        254
      ],
      "time_sec": 2.4484920501708984
    },
    "PA5": {
      "fe_best": 0.04914128575680363,
      "thresholds": [
        1,
        4,
        9,
        28,
        249,
        250,
        251,
        252,
        253,
        254
      ],
      "time_sec": 5.006035566329956
    }
  }
}