{
  "image_index": 71,
  "image_path": "dataset/BDS500/images/val\\376043.jpg",
  "k": 10,
  "strategies": {
    "PA1": {
      "fe_best": 0.046723440789018425,
      "thresholds": [
        1,
        2,
        3,
        4,
        5,
        6,
        7,
        10,
        11,
        174
      ],
      "time_sec": 2.2669081687927246
    },
    "PA2": {
      "fe_best": 0.046754871374469695,
      "thresholds": [
        1,
        2,
        3,
        4,
        5,
        6,
        55,
        248,
        251,
        252
      ],
      "time_sec": 2.2677948474884033
    },
    "PA3": {
      "fe_best": 0.04677819040961602,
      "thresholds": [
        1,
        2,
        3,
        59,
        245,
        246,
        247,
        250,
        251,
        254
      ],
      "time_sec": 2.358267068862915
    },
    "PA4": {
      "fe_best": 0.04671400167992115,
      "thresholds": [
        1,
        2,
        4,
        5,
        6,
        7,
        8,
        50,
        251,
        252
      ],
      "time_sec": 2.4943037033081055
    },
    "PA5": {
      "fe_best": 0.04671813319054437,
      "thresholds": [
        1,
        2,
        3,
        4,
        5,
        6,
        7,
        9,
        10,
        173
      ],
      "time_sec": 5.093670845031738
    }
  }
}