{
  "image_index": 75,
  "image_path": "dataset/BDS500/images/val\\41033.jpg",
  "k": 10,
  "strategies": {
    "PA1": {
      "fe_best": 0.0489795675657413,
      "thresholds": [
        1,
        2,
        3,
        4,
        7,
        8,
        9,
        16,
        33,
        36
      ],
      "time_sec": 2.1659116744995117
    },
    "PA2": {
      "fe_best": 0.04938785532252395,
      "thresholds": [
        1,
        2,
        5,
        12,
        13,
        26,
        29,
        34,
        37,
        38
      ],
      "time_sec": 2.409585475921631
    },
    "PA3": {
      "fe_best": 0.053479130315384205,
      "thresholds": [
        225,
        226,
        233,
        238,
        243,
        249,
        250,
        251,
        253,
        254
      ],
      "time_sec": 2.573803424835205
    },
    "PA4": {
      "fe_best": 0.04793512793205461,
      "thresholds": [
        1,
        2,
        4,
        5,
        9,
        14,
        61,
        210,
        221,
        250
      ],
      "time_sec": 2.48587965965271
    },
    "PA5": {
      "fe_best": 0.049212808577064726,
      "thresholds": [
        1,
        2,
        3,
        6,
        7,
        10,
        15,
        30,
        31,
        34
      ],
      "time_sec": 4.7866926193237305
    }
  }
}