{
  "image_index": 77,
  "image_path": "dataset/BDS500/images/val\\42012.jpg",
  "k": 10,
  "strategies": {
    "PA1": {
      "fe_best": 0.05156254410405303,
      "thresholds": [
        239,
        240,
        242,
        243,
        244,
        246,
        247,
        248,
        249,
        254
      ],
      "time_sec": 2.4331581592559814
    },
    "PA2": {
      "fe_best": 0.05156483958170081,
      "thresholds": [
        239,
        240,
        242,
        243,
        246,
        247,
        248,
        249,
        252,
        254
      ],
      "time_sec": 2.312138080596924
    },
    "PA3": {
      "fe_best": 0.05156339510905239,
      "thresholds": [
        239,
        240,
        247,
        248,
        249,
        250,
        251,
        252,
        253,
        254
      ],
      "time_sec": 2.4342806339263916
    },
    "PA4": {
      "fe_best": 0.05156480282237755,
      "thresholds": [
        239,
        240,
        243,
        245,
        246,
        249,
        251,
        252,
        253,
        254
      ],
      "time_sec": 2.498277425765991
    },
    "PA5": {
      "fe_best": 0.051565451641876064,
      "thresholds": [
        239,
        240,
        243,
        244,
        245,
        248,
        249,
        252,
        253,
        254
      ],
      "time_sec": 4.5991127490997314
    }
  }
}