{
  "image_index": 78,
  "image_path": "dataset/BDS500/images/val\\42049.jpg",
  "k": 10,
  "strategies": {
    "PA1": {
      "fe_best": 0.05783280933829932,
      "thresholds": [
        1,
        2,
        3,
        4,
        5,
        6,
        7,
        8,
        9,
        10
      ],
      "time_sec": 2.3592169284820557
    },
    "PA2": {
      "fe_best": 0.05783280933829932,
      "thresholds": [
        1,
        2,
        3,
        4,
        5,
        6,
        7,
        8,
        9,
        10
      ],
      "time_sec": 2.3471524715423584
    },
    "PA3": {
      "fe_best": 0.05538682636396575,
      "thresholds": [
        5,
        10,
        15,
        201,
        249,
        250,
        251,
        252,
        253,
        254
      ],
      "time_sec": 2.46561861038208
    },
    "PA4": {
      "fe_best": 0.05547721421646571,
      "thresholds": [
        1,
        2,
        3,
        4,
        9,
        10,
        11,
        199,
        253,
        254
      ],
      "time_sec": 2.3581759929656982
    },
    "PA5": {
      "fe_best": 0.05783280933829932,
      "thresholds": [
        1,
        2,
        3,
        4,
        5,
        6,
        7,
        8,
        9,
        10
      ],
      "time_sec": 4.792147874832153
    }
  }
}