{
  "image_index": 80,
  "image_path": "dataset/BDS500/images/val\\45096.jpg",
  "k": 10,
  "strategies": {
    "PA1": {
      "fe_best": 0.05172821664118056,
      "thresholds": [
        104,
        107,
        133,
        156,
        161,
        172,
        173,
        176,
        177,
        232
      ],
      "time_sec": 2.4274864196777344
    },
    "PA2": {
      "fe_best": 0.0517047724295528,
      "thresholds": [
        105,
        116,
        117,
        122,
        125,
        130,
        166,
        193,
        250,
        254
      ],
      "time_sec": 2.4958231449127197
    },
    "PA3": {
      "fe_best": 0.05170211731337262,
      "thresholds": [
        105,
        106,
        129,
        132,
        157,
        172,
        225,
        252,
        253,
        254
      ],
      "time_sec": 2.419674873352051
    },
    "PA4": {
      "fe_best": 0.05178105258969709,
      "thresholds": [
        105,
        152,
        187,
        188,
        191,
        196,
        199,
        200,
        215,
        218
      ],
      "time_sec": 2.5596988201141357
    },
    "PA5": {
      "fe_best": 0.05174297362641841,
      "thresholds": [
        107,
        160,
        172,
        175,
        184,
        198,
        207,
        222,
        227,
        248
      ],
      "time_sec": 5.096551179885864
    }
  }
}