{
  "image_index": 83,
  "image_path": "dataset/BDS500/images/val\\58060.jpg",
  "k": 10,
  "strategies": {
    "PA1": {
      "fe_best": 0.05108663047337545,
      "thresholds": [
        55,
        60,
        63,
        64,
        147,
        158,
        175,
        184,
        203,
        254
      ],
      "time_sec": 2.444490909576416
    },
    "PA2": {
      "fe_best": 0.05110350822691591,
      "thresholds": [
        53,
        56,
        65,
        76,
        81,
        92,
        105,
        134,
        188,
        191
      ],
      "time_sec": 2.3424086570739746
    },
    "PA3": {
      "fe_best": 0.050946405677956,
      "thresholds": [
        53,
        155,
        160,
        167,
        168,
        197,
        232,
        237,
        252,
        253
      ],
      "time_sec": 2.268686294555664
    },
    "PA4": {
      "fe_best": 0.051152336868741474,
      "thresholds": [
        49,
        76,
        77,
        80,
        81,
        132,
        163,
        215,
        217,
        230
      ],
      "time_sec": 2.427424907684326
    },
    "PA5": {
      "fe_best": 0.051474911605265274,
      "thresholds": [
        53,
        64,
        65,
        68,
        69,
        72,
        109,
        126,
        131,
        159
      ],
      "time_sec": 4.709048271179199
    }
  }
}