{
  "image_index": 81,
  "image_path": "dataset/BDS500/images/val\\54082.jpg",
  "k": 10,
  "strategies": {
    "PA1": {
      "fe_best": 0.04935077378862256,
      "thresholds": [
        2,
        3,
        9,
        10,
        11,
        114,
        251,
        252,
        253,
        254
      ],
      "time_sec": 2.2841594219207764
    },
    "PA2": {
      "fe_best": 0.04942067395724245,
      "thresholds": [
        1,
        2,
        3,
        5,
        6,
        7,
        9,
        10,
        113,
        254
      ],
      "time_sec": 2.384289503097534
    },
    "PA3": {
      "fe_best": 0.049370879674445284,
      "thresholds": [
        1,
        2,
        3,
        6,
        7,
        8,
        117,
        252,
        253,
        254
      ],
      "time_sec": 2.2667059898376465
    },
    "PA4": {
      "fe_best": 0.04940303423341813,
      "thresholds": [
        1,
        4,
        5,
        6,
        7,
        8,
        9,
        116,
        253,
        254
      ],
      "time_sec": 2.366318941116333
    },
    "PA5": {
      "fe_best": 0.04930304802997813,
      "thresholds": [
        1,
        2,
        3,
        246,
        247,
        248,
        250,
        252,
        253,
        254
      ],
      "time_sec": 4.715730428695679
    }
  }
}