{
  "image_index": 89,
  "image_path": "dataset/BDS500/images/val\\69040.jpg",
  "k": 10,
  "strategies": {
    "PA1": {
      "fe_best": 0.04725780817045058,
      "thresholds": [
        2,
        5,
        10,
        17,
        74,
        250,
        251,
        252,
        253,
        254
      ],
      "time_sec": 2.505053758621216
    },
    "PA2": {
      "fe_best": 0.047429060209245165,
      "thresholds": [
        1,
        2,
        5,
        6,
        9,
        81,
        251,
        252,
        253,
        254
      ],
      "time_sec": 2.3448829650878906
    },
    "PA3": {
      "fe_best": 0.04725559134169298,
      "thresholds": [
        1,
        12,
        81,
        248,
        249,
        250,
        251,
        252,
        253,
        254
      ],
      "time_sec": 2.3385796546936035
    },
    "PA4": {
      "fe_best": 0.04735518536426311,
      "thresholds": [
        1,
        2,
        3,
        6,
        11,
        78,
        251,
        252,
        253,
        254
      ],
      "time_sec": 2.2727787494659424
    },
    "PA5": {
      "fe_best": 0.050794227610716614,
      "thresholds": [
        245,
        246,
        247,
        248,
        249,
        250,
        251,
        252,
        253,
        254
      ],
      "time_sec": 5.033090829849243
    }
  }
}