{
  "image_index": 98,
  "image_path": "dataset/BDS500/images/val\\89072.jpg",
  "k": 10,
  "strategies": {
    "PA1": {
      "fe_best": 0.0493168841188241,
      "thresholds": [
        1,
        2,
        4,
        9,
        41,
        216,
        229,
        239,
        244,
        254
      ],
      "time_sec": 2.4540493488311768
    },
    "PA2": {
      "fe_best": 0.049995753394257506,
      "thresholds": [
        1,
        2,
        3,
        4,
        5,
        6,
        7,
        8,
        15,
        28
      ],
      "time_sec": 2.519800901412964
    },
    "PA3": {
      "fe_best": 0.049331917917746625,
      "thresholds": [
        1,
        3,
        4,
        6,
        43,
        222,
        223,
        230,
        246,
        253
      ],
      "time_sec": 2.430663585662842
    },
    "PA4": {
      "fe_best": 0.04932268455743426,
      "thresholds": [
        1,
        2,
        7,
        42,
        219,
        226,
        235,
        240,
        246,
        254
      ],
      "time_sec": 2.4557945728302
    },
    "PA5": {
      "fe_best": 0.04933217507154562,
      "thresholds": [
        2,
        3,
        6,
        43,
        222,
        223,
        234,
        241,
        247,
        252
      ],
      "time_sec": 4.801347732543945
    }
  }
}