{
  "image_index": 90,
  "image_path": "dataset/BDS500/images/val\\76053.jpg",
  "k": 10,
  "strategies": {
    "PA1": {
      "fe_best": 0.04744289698289833,
      "thresholds": [
        1,
        3,
        10,
        16,
        25,
        30,
        47,
        198,
        203,
        218
      ],
      "time_sec": 2.3382632732391357
    },
    "PA2": {
      "fe_best": 0.04741686077805559,
      "thresholds": [
        1,
        25,
        32,
        46,
        199,
        202,
        224,
        231,
        252,
        254
      ],
      "time_sec": 2.1796646118164062
    },
    "PA3": {
      "fe_best": 0.04741775164188051,
      "thresholds": [
        6,
        17,
        22,
        53,
        190,
        211,
        228,
        243,
        244,
        247
      ],
      "time_sec": 2.244504928588867
    },
    "PA4": {
      "fe_best": 0.04743694625169453,
      "thresholds": [
        2,
        27,
        28,
        51,
        192,
        211,
        220,
        244,
        251,
        252
      ],
      "time_sec": 2.4441821575164795
    },
    "PA5": {
      "fe_best": 0.04755316689990843,
      "thresholds": [
        1,
        2,
        3,
        4,
        5,
        6,
        7,
        55,
        253,
        254
      ],
      "time_sec": 4.7858216762542725
    }
  }
}