{
  "image_index": 99,
  "image_path": "dataset/BDS500/images/val\\97033.jpg",
  "k": 10,
  "strategies": {
    "PA1": {
      "fe_best": 0.0457141475040662,
      "thresholds": [
        1,
        2,
        3,
        5,
        8,
        9,
        12,
        13,
        36,
        242
      ],
      "time_sec": 2.3616762161254883
    },
    "PA2": {
      "fe_best": 0.046727459547192304,
      "thresholds": [
        77,
        182,
        196,
        199,
        211,
        228,
        239,
        248,
        251,
        252
      ],
      "time_sec": 2.444450616836548
    },
    "PA3": {
      "fe_best": 0.045858875379180694,
      "thresholds": [
        100,
        168,
        169,
        176,
        185,
        202,
        223,
        226,
        251,
        252
      ],
      "time_sec": 2.269007921218872
    },
    "PA4": {
      "fe_best": 0.046913552640064984,
      "thresholds": [
        1,
        2,
        3,
        4,
        5,
        8,
        157,
        250,
        251,
        254
      ],
      "time_sec": 2.366123676300049
    },
    "PA5": {
      "fe_best": 0.04667154583273081,
      "thresholds": [
        1,
        2,
        4,
        7,
        9,
        10,
        155,
        250,
        251,
        254
      ],
      "time_sec": 4.790119886398315
    }
  }
}