{
  "image_index": 95,
  "image_path": "dataset/BDS500/images/val\\86016.jpg",
  "k": 10,
  "strategies": {
    "PA1": {
      "fe_best": 0.048939253654906076,
      "thresholds": [
        1,
        2,
        3,
        4,
        5,
        6,
        7,
        8,
        9,
        10
      ],
      "time_sec": 2.29597544670105
    },
    "PA2": {
      "fe_best": 0.048939253654906076,
      "thresholds": [
        1,
        2,
        3,
        4,
        5,
        6,
        7,
        8,
        9,
        10
      ],
      "time_sec": 2.239780902862549
    },
    "PA3": {
      "fe_best": 0.048939253654906076,
      "thresholds": [
        1,
        2,
        3,
        4,
        5,
        6,
        7,
        8,
        9,
        10
      ],
      "time_sec": 2.2984025478363037
    },
    "PA4": {
      "fe_best": 0.046220783501042154,
      "thresholds": [
        2,
        3,
        4,
        8,
        32,
        45,
        47,
        196,
        231,
        240
      ],
      "time_sec": 2.361264944076538
    },
    "PA5": {
      "fe_best": 0.04656156430577795,
      "thresholds": [
        1,
        2,
        3,
        4,
        5,
        177,
        248,
        250,
        251,
        254
      ],
      "time_sec": 4.7725067138671875
    }
  }
}