{
  "image_index": 97,
  "image_path": "dataset/BDS500/images/val\\87046.jpg",
  "k": 10,
  "strategies": {
    "PA1": {
      "fe_best": 0.046436531061613134,
      "thresholds": [
        1,
        2,
        3,
        7,
        13,
        18,
        24,
        151,
        235,
        238
      ],
      "time_sec": 2.2830820083618164
    },
    "PA2": {
      "fe_best": 0.046026616912921696,
      "thresholds": [
        44,
        127,
        128,
        143,
        148,
        207,
        208,
        231,
        232,
        235
      ],
      "time_sec": 2.20487642288208
    },
    "PA3": {
      "fe_best": 0.04609494613081653,
      "thresholds": [
        44,
        119,
        120,
        123,
        144,
        151,
        184,
        191,
        202,
        235
      ],
      "time_sec": 2.215365171432495
    },
    "PA4": {
      "fe_best": 0.04626863174283499,
      "thresholds": [
        1,
        41,
        170,
        195,
        202,
        219,
        234,
        239,
        251,
        252
      ],
      "time_sec": 2.339574098587036
    },
    "PA5": {
      "fe_best": 0.04640952889143689,
      "thresholds": [
        3,
        7,
        8,
        10,
        11,
        18,
        28,
        149,
        235,
        236
      ],
      "time_sec": 4.644251108169556
    }
  }
}