{
  "algorithm": "OTSU",
  "thresholds": [
    52,
    67,
    80,
    93,
    107,
    122,
    139,
    158,
    187,
    228
  ],
  "best_f": -34.18007294461935,
  "entropy": 34.18007294461935,
  "time": 0.4278872013092041,
  "metrics": {
    "psnr": 34.49095830540217,
    "ssim": 0.958204550590474,
    "boundary_dsc": 0.18240822121560407
  }
}