{
  "algorithm": "PSO",
  "thresholds": [
    35,
    56,
    76,
    90,
    102,
    113,
    122,
    129,
    130,
    141
  ],
  "best_f": -0.04277859794963752,
  "entropy": 0.04277859794963752,
  "time": 42.3881893157959,
  "metrics": {
    "psnr": 12.8571842935189,
    "ssim": 0.7028155291878591,
    "dice": 0.21178701791304574
  }
}