{
  "algorithm": "GWO",
  "thresholds": [
    10,
    23,
    38,
    58,
    82,
    107,
    133,
    162,
    192,
    223
  ],
  "best_f": -37.01742758492019,
  "entropy": 37.01742758492019,
  "time": 8.510221719741821,
  "metrics": {
    "psnr": 31.558424843649206,
    "ssim": 0.9503855631878723,
    "boundary_dsc": 0.15273243015645546
  }
}