{
  "algorithm": "PSO",
  "thresholds": [
    18,
    37,
    57,
    78,
    99,
    120,
    145,
    171,
    198,
    226
  ],
  "best_f": -37.065818865964495,
  "entropy": 37.065818865964495,
  "time": 4.387089729309082,
  "metrics": {
    "psnr": 32.35998004553361,
    "ssim": 0.9217241800550493,
    "boundary_dsc": 0.1718539964843346
  }
}