{
  "algorithm": "WOA",
  "thresholds": [
    23,
    44,
    65,
    84,
    102,
    120,
    138,
    156,
    177,
    205
  ],
  "best_f": -35.46430850258407,
  "entropy": 35.46430850258407,
  "time": 2.247650146484375,
  "metrics": {
    "psnr": 33.399760724217835,
    "ssim": 0.883487993824755,
    "dice": 0.1156241610738255
  }
}