{
  "algorithm": "GWO",
  "thresholds": [
    24,
    41,
    81,
    112,
    132,
    151,
    156,
    189,
    209,
    224
  ],
  "best_f": -35.854433342825494,
  "entropy": 35.854433342825494,
  "time": 2.086989641189575,
  "metrics": {
    "psnr": 30.151307858886497,
    "ssim": 0.8648689008375675,
    "boundary_dsc": 0.1907779319735016
  }
}