{
  "algorithm": "OTSU",
  "thresholds": [
    50,
    73,
    95,
    114,
    134,
    150,
    162,
    174,
    191,
    221
  ],
  "best_f": -35.9025083496151,
  "entropy": 35.9025083496151,
  "time": 0.4719524383544922,
  "metrics": {
    "psnr": 34.15707777124724,
    "ssim": 0.9053914640091814,
    "dice": 0.14757967407883119
  }
}