{
  "algorithm": "WOA",
  "thresholds": [
    49,
    98,
    147,
    201
  ],
  "best_f": -20.542880093866664,
  "entropy": 20.542880093866664,
  "time": 1.7357773780822754,
  "metrics": {
    "psnr": 25.777657207385516,
    "ssim": 0.7841031909201538,
    "dice": 0.18946499793701005
  }
}