{
  "algorithm": "HYBRID-PA5",
  "thresholds": [
    36,
    56,
    75,
    97,
    120,
    143,
    166,
    187,
    209,
    231
  ],
  "best_f": -36.33630077815088,
  "entropy": 36.33630077815088,
  "time": 4.596018552780151,
  "metrics": {
    "psnr": 33.05916019950949,
    "ssim": 0.8775853338376934,
    "dice": 0.23559859154929577
  }
}