{
  "image_name": "uploaded",
  "timestamp": "2026-04-18T10:33:13.084471",
  "total_time": 16.10737657546997,
  "best_overall_algo": "GWO",
  "best_overall_f": -13.022909641171294,
  "best_overall_entropy": 13.022909641171294,
  "results": {
    "GWO": {
      "entropy": 13.022909641171294,
      "time": 1.6099135875701904,
      "metrics": {
        "psnr": 23.622828195959897,
        "ssim": 0.6931329742700242,
        "dice": 0.265012046002091
      }
    },
    "WOA": {
      "entropy": 13.022909641171294,
      "time": 1.5918290615081787,
      "metrics": {
        "psnr": 23.622828195959897,
        "ssim": 0.6931329742700242,
        "dice": 0.265012046002091
      }
    },
    "PSO": {
      "entropy": 13.022909641171294,
      "time": 3.15936279296875,
      "metrics": {
        "psnr": 23.622828195959897,
        "ssim": 0.6931329742700242,
        "dice": 0.265012046002091
      }
    },
    "OTSU": {
      "entropy": 12.91235321502949,
      "time": 0.001994609832763672,
      "metrics": {
        "psnr": 24.342416084794078,
        "ssim": 0.7033603459745731,
        "dice": 0.273093095808654
      }
    },
    "HYBRID-PA5": {
      "entropy": 13.022909641171294,
      "time": 3.6286325454711914,
      "metrics": {
        "psnr": 23.622828195959897,
        "ssim": 0.6931329742700242,
        "dice": 0.265012046002091
      }
    },
    "HYBRID-PA6": {
      "entropy": 13.022909641171294,
      "time": 1.9440052509307861,
      "metrics": {
        "psnr": 23.622828195959897,
        "ssim": 0.6931329742700242,
        "dice": 0.265012046002091
      }
    }
  }
}