{
  "algorithm": "WOA",
  "thresholds": [
    28,
    55,
    81,
    106,
    130,
    152,
    174,
    195,
    215,
    235
  ],
  "best_f": -36.81737048485664,
  "entropy": 36.81737048485664,
  "time": 2.825132369995117,
  "metrics": {
    "psnr": 31.50514940804234,
    "ssim": 0.9329708574814485,
    "dice": 0.11759130647928752
  }
}