{
  "algorithm": "PSO",
  "thresholds": [
    21,
    41,
    62,
    83,
    104,
    126,
    150,
    174,
    200,
    227
  ],
  "best_f": -37.70634530621439,
  "entropy": 37.70634530621439,
  "time": 4.267485618591309,
  "metrics": {
    "psnr": 32.116442679085175,
    "ssim": 0.9308264351811638,
    "dice": 0.1289475475845434
  }
}