{
  "algorithm": "PSO",
  "mode": "single_image_multi_seed",
  "seed": 46,
  "fe": 33.59290669027588,
  "boundary_dsc": 0.126483704974271,
  "psnr": 35.221607735234215,
  "ssim": 0.8966110566962602,
  "time": 27.784103393554688,
  "thresholds": [
    38,
    60,
    76,
    92,
    108,
    123,
    138,
    154,
    170,
    189
  ],
  "best_f": -33.58991702946041,
  "objective_name": "FE + light penalties",
  "penalty_mode": "light",
  "summary_stat": {
    "n_runs": 5,
    "n_images": 1,
    "n_seeds": 5,
    "boundary_dsc_mean": 0.1260250954748556,
    "boundary_dsc_sd": 0.0004896021448252467,
    "fe_mean": 33.43859305008344,
    "fe_sd": 0.15704940156304026,
    "psnr_mean": 34.52589926862207,
    "psnr_sd": 0.6241656136918632,
    "ssim_mean": 0.8827781612039619,
    "ssim_sd": 0.011656770177874705,
    "time_mean": 28.153097295761107,
    "time_sd": 1.3277748706015644
  }
}