{
  "algorithm": "GWO",
  "thresholds": [
    14,
    32,
    54,
    82,
    112,
    142,
    170,
    198,
    227
  ],
  "best_f": -34.8925715291386,
  "entropy": 34.8925715291386,
  "time": 2.1192824840545654,
  "metrics": {
    "psnr": 30.905041785357724,
    "ssim": 0.881735083261388,
    "dice": 0.20236074375271407
  }
}