{
  "algorithm": "OTSU",
  "thresholds": [
    47,
    65,
    80,
    94,
    108,
    123,
    139,
    155,
    171,
    191
  ],
  "best_f": -34.65925064661373,
  "entropy": 34.65925064661373,
  "time": 0.4438960552215576,
  "metrics": {
    "psnr": 34.40842467676812,
    "ssim": 0.9042304912180056,
    "dice": 0.13229254355756231
  }
}