{
  "algorithm": "PSO",
  "thresholds": [
    30,
    55,
    76,
    96,
    116,
    137,
    158,
    182,
    206,
    230
  ],
  "best_f": -36.76837751906381,
  "entropy": 36.76837751906381,
  "time": 4.912929534912109,
  "metrics": {
    "psnr": 32.70138884374993,
    "ssim": 0.95006589843949,
    "boundary_dsc": 0.11316975463194792
  }
}