{
  "algorithm": "HYBRID-PA6",
  "thresholds": [
    21,
    37,
    53,
    70,
    91,
    112,
    138,
    166,
    194,
    223
  ],
  "best_f": -36.76442424104368,
  "entropy": 36.76442424104368,
  "time": 2.118281841278076,
  "metrics": {
    "psnr": 33.151490715073,
    "ssim": 0.8841772480812254,
    "boundary_dsc": 0.15814292602043817
  }
}