{
  "image_name": "uploaded",
  "timestamp": "2026-04-18T11:17:55.092774",
  "total_time": 20.78653597831726,
  "best_overall_algo": "HYBRID-PA5",
  "best_overall_f": -36.40008444929952,
  "best_overall_entropy": 36.40008444929952,
  "results": {
    "GWO": {
      "entropy": 36.140992896997695,
      "time": 2.04939341545105,
      "metrics": {
        "psnr": 30.601698959432404,
        "ssim": 0.8520761731976368,
        "dice": 0.25649295213522794
      }
    },
    "WOA": {
      "entropy": 36.39699199636919,
      "time": 2.4433043003082275,
      "metrics": {
        "psnr": 32.93519458397326,
        "ssim": 0.8749483573695926,
        "dice": 0.2425094645754462
      }
    },
    "PSO": {
      "entropy": 36.37661349653854,
      "time": 4.313109397888184,
      "metrics": {
        "psnr": 33.45407029796941,
        "ssim": 0.8810533881153081,
        "dice": 0.22718440096488876
      }
    },
    "OTSU": {
      "entropy": 35.44330695658944,
      "time": 0.007192134857177734,
      "metrics": {
        "psnr": 32.48254580585906,
        "ssim": 0.867436236227862,
        "dice": 0.23381281524378852
      }
    },
    "HYBRID-PA5": {
      "entropy": 36.40008444929952,
      "time": 4.276658773422241,
      "metrics": {
        "psnr": 33.09904151435356,
        "ssim": 0.8728481751679336,
        "dice": 0.22435047720042417
      }
    },
    "HYBRID-PA6": {
      "entropy": 36.30561498609313,
      "time": 3.5846645832061768,
      "metrics": {
        "psnr": 32.01296805995827,
        "ssim": 0.8601049023331812,
        "dice": 0.2374448487405298
      }
    }
  }
}