{
  "algorithm": "GWO",
  "thresholds": [
    53,
    97,
    136,
    175,
    215
  ],
  "best_f": -23.027515105555267,
  "entropy": 23.027515105555267,
  "time": 2.179378032684326,
  "metrics": {
    "psnr": 27.996641735753784,
    "ssim": 0.7872509231883595,
    "dice": 0.24430092155311056
  }
}