{
  "algorithm": "WOA",
  "thresholds": [
    32,
    57,
    82,
    104,
    126,
    148,
    170,
    192,
    213,
    234
  ],
  "best_f": -36.47681919184093,
  "entropy": 36.47681919184093,
  "time": 2.1679742336273193,
  "metrics": {
    "psnr": 31.880560277593062,
    "ssim": 0.9033310828570632,
    "dice": 0.13806010282444556
  }
}