{
  "algorithm": "HYBRID-PA5",
  "thresholds": [
    20,
    40,
    62,
    84,
    107,
    130,
    153,
    176,
    200,
    224
  ],
  "best_f": -37.36864782121364,
  "entropy": 37.36864782121364,
  "time": 47.34423232078552,
  "metrics": {
    "psnr": 31.342092433800612,
    "ssim": 0.8962778344050676,
    "boundary_dsc": 0.1339388223716582
  }
}