{
  "algorithm": "WOA",
  "fe": 36.39519370430638,
  "entropy": 36.39519370430638,
  "boundary_dsc": 0.22219275271027417,
  "psnr": 33.059136576651206,
  "ssim": 0.8719434406036125,
  "time": 12.93082857131958,
  "thresholds": [
    36,
    64,
    91,
    111,
    131,
    151,
    171,
    192,
    213,
    234
  ],
  "best_f": -36.39519370430638,
  "convergence_iterations": 70,
  "objective_name": "FE + light penalties",
  "penalty_mode": "light",
  "history_length": 80,
  "paths": {
    "segmented": "outputs/runs/20260424_221300__single__uploaded__k10/algorithms/WOA/segmented.png",
    "overlay": "outputs/runs/20260424_221300__single__uploaded__k10/algorithms/WOA/overlay.png",
    "histogram": "outputs/runs/20260424_221300__single__uploaded__k10/algorithms/WOA/histogram.png"
  },
  "metrics": {
    "psnr": 33.059136576651206,
    "ssim": 0.8719434406036125,
    "boundary_dsc": 0.22219275271027417
  }
}