{
  "algorithm": "HYBRID-PA2",
  "thresholds": [
    45,
    56,
    71,
    80,
    91,
    110,
    123,
    134,
    149,
    158
  ],
  "best_f": -0.045549090888304514,
  "entropy": 0.045549090888304514,
  "time": 8.466914176940918,
  "metrics": {
    "psnr": 13.515755651717015,
    "ssim": 0.7319751713424404,
    "dice": 0.14744196759910935
  }
}