{
  "algorithm": "OTSU",
  "thresholds": [
    23,
    46,
    70,
    93,
    116,
    139,
    162,
    185,
    209,
    232
  ],
  "best_f": -37.42202483692165,
  "entropy": 37.42202483692165,
  "time": 0.0,
  "metrics": {
    "psnr": 31.90135290997769,
    "ssim": 0.8896196094601938,
    "dice": 0.113621239186018
  }
}