{
  "image_name": "uploaded",
  "timestamp": "2026-04-22T22:30:56.096986",
  "total_time": 131.2009837627411,
  "best_overall_algo": "HYBRID-PA5",
  "best_overall_f": -35.90851508883018,
  "best_overall_entropy": 35.90851508883018,
  "results": {
    "GWO": {
      "entropy": 35.56333509576115,
      "time": 17.868408679962158,
      "metrics": {
        "psnr": 32.208977837390904,
        "ssim": 0.9096283877467083,
        "boundary_dsc": 0.1494298700263137
      }
    },
    "WOA": {
      "entropy": 35.859148495623316,
      "time": 17.38605785369873,
      "metrics": {
        "psnr": 33.16667028491449,
        "ssim": 0.9257988661005861,
        "boundary_dsc": 0.1509921081197375
      }
    },
    "PSO": {
      "entropy": 35.84130510622838,
      "time": 36.98873805999756,
      "metrics": {
        "psnr": 33.10082022945397,
        "ssim": 0.9221402049030111,
        "boundary_dsc": 0.1537874488777567
      }
    },
    "OTSU": {
      "entropy": 34.63465770503929,
      "time": 0.4557948112487793,
      "metrics": {
        "psnr": 35.18895174212808,
        "ssim": 0.954870968606799,
        "boundary_dsc": 0.14831178129556707
      }
    },
    "HYBRID-PA5": {
      "entropy": 35.90851508883018,
      "time": 36.26181769371033,
      "metrics": {
        "psnr": 33.117316395526714,
        "ssim": 0.9223291488825458,
        "boundary_dsc": 0.15278638837225322
      }
    },
    "HYBRID-PA6": {
      "entropy": 35.655941112786905,
      "time": 18.13431167602539,
      "metrics": {
        "psnr": 33.18731368630982,
        "ssim": 0.9310651646602908,
        "boundary_dsc": 0.1502070007362151
      }
    }
  }
}