{
  "algorithm": "HYBRID-PA6",
  "thresholds": [
    37,
    59,
    76,
    93,
    110,
    132,
    156,
    180,
    205,
    230
  ],
  "best_f": -36.20611611371062,
  "entropy": 36.20611611371062,
  "time": 2.5243916511535645,
  "metrics": {
    "psnr": 25.832288689022192,
    "ssim": 0.8223035269794533,
    "dice": 0.2368011323425336
  }
}