{
  "config": {
    "eval_mode": "single_image_multi_seed",
    "image_id": "100007",
    "k": 10,
    "seeds": [
      42,
      43,
      44,
      45,
      46
    ],
    "n_agents": 30,
    "n_iters": 80,
    "use_penalties": false,
    "penalty_mode": null,
    "n_images": 1,
    "algorithms": [
      "GWO",
      "WOA",
      "PSO",
      "PA5",
      "PA6"
    ],
    "image_path": "dataset/BDS500/images\\test\\100007.jpg",
    "gt_path": "dataset/BDS500/ground_truth\\test\\100007.mat"
  },
  "summary_statistics": {
    "GWO": {
      "n_runs": 5,
      "n_images": 1,
      "n_seeds": 5,
      "dice_mean": 0.23372519542866907,
      "dice_std": 0.0162232233998477,
      "dice_min": 0.20967137323503687,
      "dice_max": 0.2513636703280281,
      "iou_mean": 0.13242194060161588,
      "iou_std": 0.010376794982564953,
      "fe_mean": 35.16307823504821,
      "fe_std": 1.0450809410634276,
      "psnr_mean": 31.12625070741121,
      "psnr_std": 0.9480275162344153,
      "ssim_mean": 0.8489538026151597,
      "ssim_std": 0.015739308233377495,
      "time_mean": 2.124379539489746,
      "time_std": 0.07754263176413621,
      "conv_mean": 57.8,
      "conv_std": 30.400000000000002
    },
    "WOA": {
      "n_runs": 5,
      "n_images": 1,
      "n_seeds": 5,
      "dice_mean": 0.22244636814564123,
      "dice_std": 0.005137679532387888,
      "dice_min": 0.2151348402932636,
      "dice_max": 0.22853588420220902,
      "iou_mean": 0.1251512575907184,
      "iou_std": 0.003251341378596597,
      "fe_mean": 36.298876384823615,
      "fe_std": 0.08465033110068439,
      "psnr_mean": 33.26229473976663,
      "psnr_std": 0.1581268491567038,
      "ssim_mean": 0.8770805579168724,
      "ssim_std": 0.0037071248154469764,
      "time_mean": 2.1082483768463134,
      "time_std": 0.11077824434328071,
      "conv_mean": 77.2,
      "conv_std": 4.621688003316537
    },
    "PSO": {
      "n_runs": 5,
      "n_images": 1,
      "n_seeds": 5,
      "dice_mean": 0.22352828418145337,
      "dice_std": 0.015746424026222425,
      "dice_min": 0.20015995232793363,
      "dice_max": 0.24497955141489539,
      "iou_mean": 0.12591541760142494,
      "iou_std": 0.009964047292274526,
      "fe_mean": 36.3206748516901,
      "fe_std": 0.026486205785100504,
      "psnr_mean": 32.716175061553244,
      "psnr_std": 0.22681733794011544,
      "ssim_mean": 0.8696709132614984,
      "ssim_std": 0.0037808837401966523,
      "time_mean": 4.01512131690979,
      "time_std": 0.15811956322120171,
      "conv_mean": 40.4,
      "conv_std": 4.409081537009721
    },
    "PA5": {
      "n_runs": 5,
      "n_images": 1,
      "n_seeds": 5,
      "dice_mean": 0.2315336549501085,
      "dice_std": 0.004849057480724599,
      "dice_min": 0.2223768576967046,
      "dice_max": 0.23674783240745548,
      "iou_mean": 0.13093189368801814,
      "iou_std": 0.003091851965988138,
      "fe_mean": 36.392506240788094,
      "fe_std": 0.023780080013221974,
      "psnr_mean": 33.103233205692575,
      "psnr_std": 0.054199319484486336,
      "ssim_mean": 0.874649226778943,
      "ssim_std": 0.002025388183055333,
      "time_mean": 4.162000751495361,
      "time_std": 0.19568043935537424,
      "conv_mean": 68.8,
      "conv_std": 11.63443165779919
    },
    "PA6": {
      "n_runs": 5,
      "n_images": 1,
      "n_seeds": 5,
      "dice_mean": 0.22857887297915291,
      "dice_std": 0.012827157288447733,
      "dice_min": 0.2129211865220313,
      "dice_max": 0.24815241207709735,
      "iou_mean": 0.12909633999490266,
      "iou_std": 0.008194542002158843,
      "fe_mean": 36.24416384227266,
      "fe_std": 0.036199463951041955,
      "psnr_mean": 32.68897345509551,
      "psnr_std": 0.47754154234886786,
      "ssim_mean": 0.8706098749207383,
      "ssim_std": 0.007440360318840329,
      "time_mean": 2.1044610023498533,
      "time_std": 0.10591131842283898,
      "conv_mean": 60.0,
      "conv_std": 15.962455951387932
    }
  },
  "wilcoxon": [
    {
      "base": "PA5",
      "challenger": "GWO",
      "metric": "dice",
      "mean_base": 0.2315336549501085,
      "mean_challenger": 0.23372519542866907,
      "delta_mean": -0.002191540478560572,
      "n": 5,
      "statistic": 6.0,
      "pvalue": 0.8125,
      "status": "ok"
    },
    {
      "base": "PA5",
      "challenger": "GWO",
      "metric": "iou",
      "mean_base": 0.13093189368801814,
      "mean_challenger": 0.13242194060161588,
      "delta_mean": -0.0014900469135977479,
      "n": 5,
      "statistic": 6.0,
      "pvalue": 0.8125,
      "status": "ok"
    },
    {
      "base": "PA5",
      "challenger": "GWO",
      "metric": "fe",
      "mean_base": 36.392506240788094,
      "mean_challenger": 35.16307823504821,
      "delta_mean": 1.2294280057398836,
      "n": 5,
      "statistic": 0.0,
      "pvalue": 0.0625,
      "status": "ok"
    },
    {
      "base": "PA5",
      "challenger": "GWO",
      "metric": "psnr",
      "mean_base": 33.103233205692575,
      "mean_challenger": 31.12625070741121,
      "delta_mean": 1.976982498281366,
      "n": 5,
      "statistic": 0.0,
      "pvalue": 0.0625,
      "status": "ok"
    },
    {
      "base": "PA5",
      "challenger": "GWO",
      "metric": "ssim",
      "mean_base": 0.874649226778943,
      "mean_challenger": 0.8489538026151597,
      "delta_mean": 0.02569542416378323,
      "n": 5,
      "statistic": 0.0,
      "pvalue": 0.0625,
      "status": "ok"
    },
    {
      "base": "PA5",
      "challenger": "WOA",
      "metric": "dice",
      "mean_base": 0.2315336549501085,
      "mean_challenger": 0.22244636814564123,
      "delta_mean": 0.00908728680446727,
      "n": 5,
      "statistic": 2.0,
      "pvalue": 0.1875,
      "status": "ok"
    },
    {
      "base": "PA5",
      "challenger": "WOA",
      "metric": "iou",
      "mean_base": 0.13093189368801814,
      "mean_challenger": 0.1251512575907184,
      "delta_mean": 0.0057806360972997295,
      "n": 5,
      "statistic": 2.0,
      "pvalue": 0.1875,
      "status": "ok"
    },
    {
      "base": "PA5",
      "challenger": "WOA",
      "metric": "fe",
      "mean_base": 36.392506240788094,
      "mean_challenger": 36.298876384823615,
      "delta_mean": 0.0936298559644797,
      "n": 5,
      "statistic": 0.0,
      "pvalue": 0.0625,
      "status": "ok"
    },
    {
      "base": "PA5",
      "challenger": "WOA",
      "metric": "psnr",
      "mean_base": 33.103233205692575,
      "mean_challenger": 33.26229473976663,
      "delta_mean": -0.15906153407405554,
      "n": 5,
      "statistic": 2.0,
      "pvalue": 0.1875,
      "status": "ok"
    },
    {
      "base": "PA5",
      "challenger": "WOA",
      "metric": "ssim",
      "mean_base": 0.874649226778943,
      "mean_challenger": 0.8770805579168724,
      "delta_mean": -0.002431331137929482,
      "n": 5,
      "statistic": 3.0,
      "pvalue": 0.3125,
      "status": "ok"
    },
    {
      "base": "PA5",
      "challenger": "PSO",
      "metric": "dice",
      "mean_base": 0.2315336549501085,
      "mean_challenger": 0.22352828418145337,
      "delta_mean": 0.008005370768655123,
      "n": 5,
      "statistic": 5.0,
      "pvalue": 0.625,
      "status": "ok"
    },
    {
      "base": "PA5",
      "challenger": "PSO",
      "metric": "iou",
      "mean_base": 0.13093189368801814,
      "mean_challenger": 0.12591541760142494,
      "delta_mean": 0.005016476086593197,
      "n": 5,
      "statistic": 5.0,
      "pvalue": 0.625,
      "status": "ok"
    },
    {
      "base": "PA5",
      "challenger": "PSO",
      "metric": "fe",
      "mean_base": 36.392506240788094,
      "mean_challenger": 36.3206748516901,
      "delta_mean": 0.07183138909799425,
      "n": 5,
      "statistic": 0.0,
      "pvalue": 0.0625,
      "status": "ok"
    },
    {
      "base": "PA5",
      "challenger": "PSO",
      "metric": "psnr",
      "mean_base": 33.103233205692575,
      "mean_challenger": 32.716175061553244,
      "delta_mean": 0.38705814413933126,
      "n": 5,