{
  "algorithm": "PSO",
  "thresholds": [
    46,
    71,
    87,
    103,
    120,
    137,
    156,
    176,
    202,
    228
  ],
  "best_f": -35.6707222331014,
  "entropy": 35.6707222331014,
  "time": 4.174618244171143,
  "metrics": {
    "psnr": 33.96129492853595,
    "ssim": 0.9332184260942208,
    "boundary_dsc": 0.12205283741719211
  }
}