{
  "image_name": "uploaded",
  "timestamp": "2026-04-24T14:44:36.525549",
  "total_time": 104.647940158844,
  "best_overall_algo": "HYBRID-PA5",
  "best_overall_f": -35.83087270240953,
  "best_overall_entropy": 35.83087270240953,
  "results": {
    "GWO": {
      "entropy": 35.09547798987095,
      "time": 14.545390367507935,
      "metrics": {
        "psnr": 31.968830397538476,
        "ssim": 0.8604848161625638,
        "boundary_dsc": 0.2194765672550213
      }
    },
    "WOA": {
      "entropy": 35.73086041074882,
      "time": 14.344253778457642,
      "metrics": {
        "psnr": 33.280759181661765,
        "ssim": 0.8779547963403702,
        "boundary_dsc": 0.20198251681599086
      }
    },
    "PSO": {
      "entropy": 35.36818819979808,
      "time": 28.36652636528015,
      "metrics": {
        "psnr": 32.644559868472854,
        "ssim": 0.882253485791269,
        "boundary_dsc": 0.20894909125772124
      }
    },
    "OTSU": {
      "entropy": 34.20641448487255,
      "time": 0.43410325050354004,
      "metrics": {
        "psnr": 34.622214219151736,
        "ssim": 0.9134762798479181,
        "boundary_dsc": 0.18989463320870595
      }
    },
    "HYBRID-PA5": {
      "entropy": 35.83087270240953,
      "time": 29.156768321990967,
      "metrics": {
        "psnr": 32.10566625596456,
        "ssim": 0.8382898706222723,
        "boundary_dsc": 0.22321211630355553
      }
    },
    "HYBRID-PA6": {
      "entropy": 35.65444332049342,
      "time": 13.92058777809143,
      "metrics": {
        "psnr": 31.41037983873253,
        "ssim": 0.8287560781499761,
        "boundary_dsc": 0.2196124862002208
      }
    }
  }
}