{
  "algorithm": "OTSU",
  "thresholds": [
    23,
    46,
    70,
    93,
    116,
    139,
    162,
    185,
    209,
    232
  ],
  "best_f": -37.22636605538481,
  "entropy": 37.22636605538481,
  "time": 0.006719112396240234,
  "metrics": {
    "psnr": 31.800142522848684,
    "ssim": 0.9174530353822468,
    "dice": 0.17616155200021175
  }
}