{
  "algorithm": "OTSU",
  "thresholds": [
    53,
    74,
    89,
    101,
    112,
    123,
    133,
    143,
    152,
    162
  ],
  "best_f": -31.274235392444833,
  "entropy": 31.274235392444833,
  "time": 0.4198639392852783,
  "metrics": {
    "psnr": 37.591738860271995,
    "ssim": 0.9329480609316011,
    "dice": 0.12703421026450062
  }
}