{
  "algorithm": "WOA",
  "thresholds": [
    37,
    63,
    86,
    108,
    129,
    150,
    171,
    192,
    213,
    234
  ],
  "best_f": -37.196650763575384,
  "entropy": 37.196650763575384,
  "time": 2.2283530235290527,
  "metrics": {
    "psnr": 31.88008141559827,
    "ssim": 0.934427687616905,
    "boundary_dsc": 0.15219764053794976
  }
}