{
  "algorithm": "HYBRID-PA1",
  "thresholds": [
    68,
    85,
    96,
    113,
    124,
    146,
    171,
    204,
    235,
    250
  ],
  "best_f": -0.037559913846339436,
  "entropy": 0.037559913846339436,
  "time": 21.3132586479187,
  "metrics": {
    "psnr": 18.756032981570016,
    "ssim": 0.7889515809637767,
    "dice": 0.2279223643581826
  }
}