{
  "algorithm": "GWO",
  "thresholds": [
    12,
    25,
    38,
    54,
    75,
    102,
    130,
    158,
    187,
    219
  ],
  "best_f": -35.99004369319968,
  "entropy": 35.99004369319968,
  "time": 8.637921333312988,
  "metrics": {
    "psnr": 30.70884500182953,
    "ssim": 0.8877590699406579,
    "boundary_dsc": 0.32930081920365784
  }
}