{
  "algorithm": "PSO",
  "thresholds": [
    47,
    94,
    122,
    150,
    178,
    206,
    231
  ],
  "best_f": -28.639955239985,
  "entropy": 28.639955239985,
  "time": 3.604461431503296,
  "metrics": {
    "psnr": 29.532848203928694,
    "ssim": 0.8163362614144878,
    "dice": 0.23086259573933787
  }
}