{
  "algorithm": "PSO",
  "thresholds": [
    16,
    36,
    57,
    79,
    102,
    128,
    155,
    182,
    207,
    232
  ],
  "best_f": -38.02092464248547,
  "entropy": 38.02092464248547,
  "time": 4.694312810897827,
  "metrics": {
    "psnr": 31.350084627969423,
    "ssim": 0.9188642310392175,
    "dice": 0.1915921915921916
  }
}