{
  "algorithm": "PSO",
  "thresholds": [
    37,
    54,
    71,
    90,
    110,
    132,
    154,
    177,
    202,
    227
  ],
  "best_f": -35.972911157300224,
  "entropy": 35.972911157300224,
  "time": 4.553582668304443,
  "metrics": {
    "psnr": 32.89820792923677,
    "ssim": 0.8727264385864226,
    "dice": 0.10122857634178498
  }
}