{
  "algorithm": "HYBRID-PA6",
  "thresholds": [
    40,
    67,
    88,
    109,
    130,
    152,
    174,
    195,
    216,
    236
  ],
  "best_f": -35.90191260813803,
  "entropy": 35.90191260813803,
  "time": 2.2301149368286133,
  "metrics": {
    "psnr": 32.29604899968799,
    "ssim": 0.9267206878703402,
    "dice": 0.13719671183001642
  }
}