{
  "image_name": "uploaded",
  "timestamp": "2026-04-18T21:01:10.987750",
  "total_time": 15.730040550231934,
  "best_overall_algo": "PSO",
  "best_overall_f": -23.02991018461534,
  "best_overall_entropy": 23.02991018461534,
  "results": {
    "GWO": {
      "entropy": 23.01586706960466,
      "time": 1.7338273525238037,
      "metrics": {
        "psnr": 28.216287481234147,
        "ssim": 0.7939697977449661,
        "dice": 0.25423255577835874
      }
    },
    "WOA": {
      "entropy": 23.01902119299244,
      "time": 1.7637238502502441,
      "metrics": {
        "psnr": 27.98873540191222,
        "ssim": 0.7905959543960952,
        "dice": 0.25324792261583184
      }
    },
    "PSO": {
      "entropy": 23.02991018461534,
      "time": 3.419421672821045,
      "metrics": {
        "psnr": 27.758178344928073,
        "ssim": 0.7804164077997164,
        "dice": 0.2430997043664809
      }
    },
    "OTSU": {
      "entropy": 22.923107061256847,
      "time": 0.0020122528076171875,
      "metrics": {
        "psnr": 27.615668913094144,
        "ssim": 0.7844282358718514,
        "dice": 0.26531552280055276
      }
    },
    "HYBRID-PA5": {
      "entropy": 23.026302567070854,
      "time": 3.4961862564086914,
      "metrics": {
        "psnr": 27.728627515784552,
        "ssim": 0.7800872085730096,
        "dice": 0.24375848741251435
      }
    },
    "HYBRID-PA6": {
      "entropy": 23.014244774607068,
      "time": 1.749964714050293,
      "metrics": {
        "psnr": 27.58920944788196,
        "ssim": 0.7787072269803867,
        "dice": 0.25313290020931306
      }
    }
  }
}