{
  "image_name": "uploaded",
  "timestamp": "2026-04-24T11:26:12.603116",
  "total_time": 103.41535425186157,
  "best_overall_algo": "HYBRID-PA5",
  "best_overall_f": -37.17386497853298,
  "best_overall_entropy": 37.17386497853298,
  "results": {
    "GWO": {
      "entropy": 36.27832370198573,
      "time": 14.403331279754639,
      "metrics": {
        "psnr": 32.30137844867948,
        "ssim": 0.9423210950244073,
        "boundary_dsc": 0.2001524003048006
      }
    },
    "WOA": {
      "entropy": 37.11379641141464,
      "time": 13.956998109817505,
      "metrics": {
        "psnr": 32.76430136848128,
        "ssim": 0.9396130719634576,
        "boundary_dsc": 0.19765485597756818
      }
    },
    "PSO": {
      "entropy": 37.13243246401242,
      "time": 28.27219557762146,
      "metrics": {
        "psnr": 32.35706058433716,
        "ssim": 0.9343165759505397,
        "boundary_dsc": 0.20029583896070488
      }
    },
    "OTSU": {
      "entropy": 36.62227979419968,
      "time": 0.4718658924102783,
      "metrics": {
        "psnr": 33.38669492947298,
        "ssim": 0.9533989099308754,
        "boundary_dsc": 0.19852878177745684
      }
    },
    "HYBRID-PA5": {
      "entropy": 37.17386497853298,
      "time": 28.779178142547607,
      "metrics": {
        "psnr": 32.55152468003586,
        "ssim": 0.9382882394757398,
        "boundary_dsc": 0.19880018930914953
      }
    },
    "HYBRID-PA6": {
      "entropy": 36.77420253640361,
      "time": 13.926449537277222,
      "metrics": {
        "psnr": 32.72002353908215,
        "ssim": 0.9472687473639976,
        "boundary_dsc": 0.19294169438466052
      }
    }
  }
}