{
  "image_name": "uploaded",
  "timestamp": "2026-04-24T16:21:27.232226",
  "total_time": 103.37910962104797,
  "best_overall_algo": "HYBRID-PA5",
  "best_overall_f": -37.84709246976878,
  "best_overall_entropy": 37.84709246976878,
  "results": {
    "GWO": {
      "entropy": 36.984290256721295,
      "time": 14.163596153259277,
      "metrics": {
        "psnr": 31.15326386404966,
        "ssim": 0.8950251249326311,
        "boundary_dsc": 0.20237676675339286
      }
    },
    "WOA": {
      "entropy": 37.82306272608857,
      "time": 14.074683904647827,
      "metrics": {
        "psnr": 31.928762314062325,
        "ssim": 0.8866073196979383,
        "boundary_dsc": 0.22416284862089111
      }
    },
    "PSO": {
      "entropy": 37.826796131453044,
      "time": 27.42334008216858,
      "metrics": {
        "psnr": 31.860506010798733,
        "ssim": 0.8858404715114375,
        "boundary_dsc": 0.22452363818403678
      }
    },
    "OTSU": {
      "entropy": 37.400968004888576,
      "time": 0.48488807678222656,
      "metrics": {
        "psnr": 32.42077655582628,
        "ssim": 0.9036980755176794,
        "boundary_dsc": 0.21616827541351938
      }
    },
    "HYBRID-PA5": {
      "entropy": 37.84709246976878,
      "time": 29.11625361442566,
      "metrics": {
        "psnr": 32.06136346896268,
        "ssim": 0.8890192157425253,
        "boundary_dsc": 0.22024710798861366
      }
    },
    "HYBRID-PA6": {
      "entropy": 37.72209617933955,
      "time": 14.358665466308594,
      "metrics": {
        "psnr": 32.04782775965227,
        "ssim": 0.890154937970866,
        "boundary_dsc": 0.21929627465959645
      }
    }
  }
}