{
  "algorithm": "HYBRID-PA6",
  "thresholds": [
    15,
    32,
    53,
    73,
    93,
    120,
    147,
    173,
    200,
    227
  ],
  "best_f": -37.4413610396662,
  "entropy": 37.4413610396662,
  "time": 2.153752565383911,
  "metrics": {
    "psnr": 31.698313383072282,
    "ssim": 0.927683677428598,
    "dice": 0.1327034571612626
  }
}