{
  "image_name": "uploaded",
  "timestamp": "2026-04-19T19:13:39.378133",
  "total_time": 17.767737865447998,
  "best_overall_algo": "WOA",
  "best_overall_f": -33.56643882091314,
  "best_overall_entropy": 33.56643882091314,
  "results": {
    "GWO": {
      "entropy": 33.3454834845874,
      "time": 2.163172960281372,
      "metrics": {
        "psnr": 33.831285037195286,
        "ssim": 0.8767309846713991,
        "dice": 0.1282109916914399
      }
    },
    "WOA": {
      "entropy": 33.56643882091314,
      "time": 2.00567364692688,
      "metrics": {
        "psnr": 35.3699761258835,
        "ssim": 0.8973036754186918,
        "dice": 0.12687636462882096
      }
    },
    "PSO": {
      "entropy": 33.527888898781065,
      "time": 3.9681010246276855,
      "metrics": {
        "psnr": 35.001109591643676,
        "ssim": 0.8898205289280181,
        "dice": 0.1220019600089404
      }
    },
    "HYBRID-PA5": {
      "entropy": 33.560738414557676,
      "time": 4.0032408237457275,
      "metrics": {
        "psnr": 35.15981794170051,
        "ssim": 0.8954728497690616,
        "dice": 0.12645025811532068
      }
    },
    "HYBRID-PA6": {
      "entropy": 33.329399284296215,
      "time": 2.0042219161987305,
      "metrics": {
        "psnr": 33.834002255169075,
        "ssim": 0.8746502815035401,
        "dice": 0.1265891896107948
      }
    }
  }
}