{
  "image_name": "uploaded",
  "timestamp": "2026-04-19T18:24:04.338431",
  "total_time": 18.290630340576172,
  "best_overall_algo": "WOA",
  "best_overall_f": -36.298984280627785,
  "best_overall_entropy": 36.298984280627785,
  "results": {
    "GWO": {
      "entropy": 34.77559232228927,
      "time": 2.3825879096984863,
      "metrics": {
        "psnr": 29.937079529216803,
        "ssim": 0.8008651928602406,
        "dice": 0.17753318555886774
      }
    },
    "WOA": {
      "entropy": 36.298984280627785,
      "time": 2.0331573486328125,
      "metrics": {
        "psnr": 31.500230724594722,
        "ssim": 0.814693569629611,
        "dice": 0.16909210402779082
      }
    },
    "PSO": {
      "entropy": 36.204312839136854,
      "time": 3.9765677452087402,
      "metrics": {
        "psnr": 33.36944411188471,
        "ssim": 0.8559925642586383,
        "dice": 0.1605213097502732
      }
    },
    "OTSU": {
      "entropy": 35.50116295176764,
      "time": 0.0021347999572753906,
      "metrics": {
        "psnr": 31.806496826290143,
        "ssim": 0.8209939115361345,
        "dice": 0.1678417413922924
      }
    },
    "HYBRID-PA5": {
      "entropy": 36.281004253384836,
      "time": 4.098300218582153,
      "metrics": {
        "psnr": 31.39988399787965,
        "ssim": 0.8201946257357311,
        "dice": 0.16774254346699335
      }
    },
    "HYBRID-PA6": {
      "entropy": 36.28061548058317,
      "time": 2.0828635692596436,
      "metrics": {
        "psnr": 32.05125057048613,
        "ssim": 0.8300008622855463,
        "dice": 0.16847874127110404
      }
    }
  }
}