{
  "algorithm": "HYBRID-PA5",
  "thresholds": [
    46,
    88,
    120,
    152,
    185,
    220
  ],
  "best_f": -25.789022390105757,
  "entropy": 25.789022390105757,
  "time": 3.7849457263946533,
  "metrics": {
    "psnr": 29.40403735506206,
    "ssim": 0.8139868620221303,
    "dice": 0.2523858012266452
  }
}