{
  "algorithm": "HYBRID-PA5",
  "thresholds": [
    47,
    75,
    96,
    117,
    137,
    157,
    177,
    197,
    217,
    236
  ],
  "best_f": -36.720114511134696,
  "entropy": 36.720114511134696,
  "time": 4.745849370956421,
  "metrics": {
    "psnr": 32.32431958921063,
    "ssim": 0.9233710329477264,
    "dice": 0.09059631835521324
  }
}