{
  "algorithm": "WOA",
  "thresholds": [
    39,
    65,
    90,
    114,
    135,
    156,
    177,
    198,
    217,
    236
  ],
  "best_f": -36.554339740546325,
  "entropy": 36.554339740546325,
  "time": 2.3007524013519287,
  "metrics": {
    "psnr": 31.540523341713428,
    "ssim": 0.8722552401176029,
    "dice": 0.09143387420336531
  }
}