{
  "algorithm": "WOA",
  "thresholds": [
    46,
    92,
    133,
    169,
    205,
    230
  ],
  "best_f": -25.81264027387548,
  "entropy": 25.81264027387548,
  "time": 2.011448860168457,
  "metrics": {
    "psnr": 28.03445606089334,
    "ssim": 0.7906747247590229,
    "dice": 0.22947538952684995
  }
}