{
  "algorithm": "GWO",
  "thresholds": [
    42,
    79,
    100,
    113,
    124,
    150,
    159,
    172,
    208,
    235
  ],
  "best_f": -34.77559232228927,
  "entropy": 34.77559232228927,
  "time": 2.3825879096984863,
  "metrics": {
    "psnr": 29.937079529216803,
    "ssim": 0.8008651928602406,
    "dice": 0.17753318555886774
  }
}