{
  "image_name": "uploaded",
  "timestamp": "2026-04-18T15:09:16.948975",
  "total_time": 18.34294366836548,
  "best_overall_algo": "HYBRID-PA6",
  "best_overall_f": -34.52477746092068,
  "best_overall_entropy": 34.52477746092068,
  "results": {
    "GWO": {
      "entropy": 33.75573044643785,
      "time": 2.0718088150024414,
      "metrics": {
        "psnr": 31.119325540687733,
        "ssim": 0.9426447556431277,
        "dice": 0.22437698650329357
      }
    },
    "WOA": {
      "entropy": 34.45933910202302,
      "time": 2.024650812149048,
      "metrics": {
        "psnr": 31.576419718377238,
        "ssim": 0.9453438199992615,
        "dice": 0.2240767451977013
      }
    },
    "PSO": {
      "entropy": 34.35019017919212,
      "time": 3.8514044284820557,
      "metrics": {
        "psnr": 31.627608002545298,
        "ssim": 0.9445725560121175,
        "dice": 0.2314181013620964
      }
    },
    "OTSU": {
      "entropy": 34.51140644712954,
      "time": 0.0,
      "metrics": {
        "psnr": 31.660005915273402,
        "ssim": 0.9463802427957871,
        "dice": 0.2254449420140085
      }
    },
    "HYBRID-PA5": {
      "entropy": 34.5065013863269,
      "time": 4.3186728954315186,
      "metrics": {
        "psnr": 31.777163816390676,
        "ssim": 0.9463075573519399,
        "dice": 0.22588823752108023
      }
    },
    "HYBRID-PA6": {
      "entropy": 34.52477746092068,
      "time": 2.5609047412872314,
      "metrics": {
        "psnr": 31.72209668151133,
        "ssim": 0.9463089164716887,
        "dice": 0.22573099415204678
      }
    }
  }
}