{
  "algorithm": "HYBRID-PA6",
  "thresholds": [
    36,
    61,
    82,
    102,
    123,
    144,
    165,
    186,
    207,
    230
  ],
  "best_f": -36.58577503656259,
  "entropy": 36.58577503656259,
  "time": 2.075191020965576,
  "metrics": {
    "psnr": 32.77501391651186,
    "ssim": 0.9051283585775386,
    "dice": 0.17339216195172594
  }
}