{
  "algorithm": "HYBRID-PA5",
  "thresholds": [
    52,
    81,
    102,
    122,
    141,
    160,
    179,
    198,
    217,
    236
  ],
  "best_f": -36.1254385131972,
  "entropy": 36.1254385131972,
  "time": 4.273355960845947,
  "metrics": {
    "psnr": 32.724529076716244,
    "ssim": 0.8976081258764568,
    "boundary_dsc": 0.16951038127138832
  }
}