{
  "algorithm": "WOA",
  "thresholds": [
    19,
    43,
    68,
    93,
    118,
    144,
    170,
    195,
    220,
    245
  ],
  "best_f": -36.75625508537589,
  "entropy": 36.75625508537589,
  "time": 14.663896799087524,
  "metrics": {
    "psnr": 31.886042272640488,
    "ssim": 0.9307720847374388,
    "boundary_dsc": 0.12181406262642609
  }
}