{
  "algorithm": "HYBRID-PA5",
  "thresholds": [
    31,
    62,
    83,
    103,
    124,
    145,
    167,
    189,
    211,
    233
  ],
  "best_f": -37.20537990081924,
  "entropy": 37.20537990081924,
  "time": 4.1706321239471436,
  "metrics": {
    "psnr": 31.251959174999833,
    "ssim": 0.9232982594621088,
    "boundary_dsc": 0.15187401037271617
  }
}