{
  "algorithm": "WOA",
  "thresholds": [
    25,
    50,
    76,
    102,
    123,
    144,
    165,
    186,
    209,
    232
  ],
  "best_f": -37.89174613959913,
  "entropy": 37.89174613959913,
  "time": 2.6247904300689697,
  "metrics": {
    "psnr": 31.887076177840235,
    "ssim": 0.8887645403396047,
    "boundary_dsc": 0.07182738022674631
  }
}