{
  "algorithm": "WOA",
  "thresholds": [
    50,
    95,
    135,
    175,
    215
  ],
  "best_f": -23.029874992450672,
  "entropy": 23.029874992450672,
  "time": 1.6890640258789062,
  "metrics": {
    "psnr": 27.81822412425604,
    "ssim": 0.7819426561852482,
    "dice": 0.2421301222328913
  }
}