{
  "image_name": "uploaded",
  "timestamp": "2026-04-18T14:35:07.442960",
  "total_time": 17.73998498916626,
  "best_overall_algo": "WOA",
  "best_overall_f": -36.404342038388265,
  "best_overall_entropy": 36.404342038388265,
  "results": {
    "GWO": {
      "entropy": 33.931364365679215,
      "time": 1.965357780456543,
      "metrics": {
        "psnr": 29.53246015655564,
        "ssim": 0.8226138240910935,
        "dice": 0.2216099962673966
      }
    },
    "WOA": {
      "entropy": 36.404342038388265,
      "time": 1.9983785152435303,
      "metrics": {
        "psnr": 33.20551033153661,
        "ssim": 0.8775340698764059,
        "dice": 0.23344305237217158
      }
    },
    "PSO": {
      "entropy": 36.28690037972796,
      "time": 3.9290413856506348,
      "metrics": {
        "psnr": 32.45318563892704,
        "ssim": 0.8694402277597127,
        "dice": 0.23213328155914276
      }
    },
    "OTSU": {
      "entropy": 35.44330695658944,
      "time": 0.0,
      "metrics": {
        "psnr": 32.48254580585906,
        "ssim": 0.867436236227862,
        "dice": 0.23381281524378852
      }
    },
    "HYBRID-PA5": {
      "entropy": 36.26630975841069,
      "time": 3.9820220470428467,
      "metrics": {
        "psnr": 32.37833541546419,
        "ssim": 0.8683669632311585,
        "dice": 0.24468594584638054
      }
    },
    "HYBRID-PA6": {
      "entropy": 36.39947090313482,
      "time": 2.18774151802063,
      "metrics": {
        "psnr": 32.642560246810234,
        "ssim": 0.8651846129812155,
        "dice": 0.21551873357566603
      }
    }
  }
}