{
  "algorithm": "HYBRID-PA5",
  "thresholds": [
    24,
    43,
    62,
    80,
    98,
    116,
    134,
    152,
    170,
    193
  ],
  "best_f": -35.54803291172817,
  "entropy": 35.54803291172817,
  "time": 4.602114915847778,
  "metrics": {
    "psnr": 33.744055861641435,
    "ssim": 0.9325433519395944,
    "boundary_dsc": 0.18671527687357006
  }
}