{
  "algorithm": "GWO",
  "thresholds": [
    30,
    45,
    59,
    76,
    99,
    123,
    148,
    173,
    200,
    229
  ],
  "best_f": -36.10791899919718,
  "entropy": 36.10791899919718,
  "time": 2.709307909011841,
  "metrics": {
    "psnr": 32.36285749682176,
    "ssim": 0.8501335810080611,
    "dice": 0.14827624502229061
  }
}