{
  "image_name": "uploaded",
  "timestamp": "2026-04-18T22:03:20.795659",
  "total_time": 19.996150493621826,
  "best_overall_algo": "WOA",
  "best_overall_f": -37.3811730677496,
  "best_overall_entropy": 37.3811730677496,
  "results": {
    "GWO": {
      "entropy": 36.40790120690116,
      "time": 2.377140522003174,
      "metrics": {
        "psnr": 29.507806652620157,
        "ssim": 0.8481419197722934,
        "dice": 0.1752304353885051
      }
    },
    "WOA": {
      "entropy": 37.3811730677496,
      "time": 2.2132229804992676,
      "metrics": {
        "psnr": 31.880204127289538,
        "ssim": 0.8590206322526523,
        "dice": 0.19388249163210744
      }
    },
    "PSO": {
      "entropy": 37.2270869463099,
      "time": 4.544577121734619,
      "metrics": {
        "psnr": 31.492211987169426,
        "ssim": 0.8532194218951369,
        "dice": 0.20340881094761362
      }
    },
    "OTSU": {
      "entropy": 37.32327731686907,
      "time": 0.003671407699584961,
      "metrics": {
        "psnr": 32.05582175934414,
        "ssim": 0.8618334008086992,
        "dice": 0.18910962429233144
      }
    },
    "HYBRID-PA5": {
      "entropy": 37.26468795058631,
      "time": 4.627211809158325,
      "metrics": {
        "psnr": 31.785270090097768,
        "ssim": 0.8572461425218539,
        "dice": 0.19311852799207888
      }
    },
    "HYBRID-PA6": {
      "entropy": 36.99020463131593,
      "time": 2.3369855880737305,
      "metrics": {
        "psnr": 29.689005351018643,
        "ssim": 0.846577175664925,
        "dice": 0.16676930182433994
      }
    }
  }
}