{
  "algorithm": "GWO",
  "thresholds": [
    13,
    26,
    42,
    63,
    85,
    111,
    138,
    166,
    194,
    222
  ],
  "best_f": -36.35990377576113,
  "entropy": 36.35990377576113,
  "time": 2.1678080558776855,
  "metrics": {
    "psnr": 32.13571010828932,
    "ssim": 0.863881296396734,
    "boundary_dsc": 0.16540413326469075
  }
}