{
  "algorithm": "OTSU",
  "thresholds": [
    70,
    86,
    100,
    113,
    125,
    138,
    152,
    169,
    191,
    220
  ],
  "best_f": -34.63465770503929,
  "entropy": 34.63465770503929,
  "time": 0.4557948112487793,
  "metrics": {
    "psnr": 35.18895174212808,
    "ssim": 0.954870968606799,
    "boundary_dsc": 0.14831178129556707
  }
}