{
  "algorithm": "WOA",
  "thresholds": [
    16,
    42,
    67,
    92,
    117,
    140,
    163,
    186,
    209,
    232
  ],
  "best_f": -37.3811730677496,
  "entropy": 37.3811730677496,
  "time": 2.4514451026916504,
  "metrics": {
    "psnr": 31.880204127289538,
    "ssim": 0.8590206322526523,
    "dice": 0.19388249163210744
  }
}