{
  "algorithm": "OTSU",
  "thresholds": [
    21,
    39,
    57,
    76,
    95,
    116,
    139,
    163,
    188,
    212
  ],
  "best_f": -36.62913724759925,
  "entropy": 36.62913724759925,
  "time": 0.4780411720275879,
  "metrics": {
    "psnr": 32.9369797351196,
    "ssim": 0.9120762179261694,
    "boundary_dsc": 0.225430521707996
  }
}