{
  "image_index": 1,
  "image_path": "dataset/BDS500/images/val\\101087.jpg",
  "k": 10,
  "strategies": {
    "PA1": {
      "fe_best": 0.035271914151371875,
      "thresholds": [
        1,
        4,
        10,
        27,
        31,
        34,
        75,
        226,
        251,
        254
      ],
      "time_sec": 2.412046432495117
    },
    "PA2": {
      "fe_best": 0.0355193160438171,
      "thresholds": [
        5,
        27,
        80,
        222,
        223,
        238,
        239,
        250,
        251,
        254
      ],
      "time_sec": 2.490407943725586
    },
    "PA3": {
      "fe_best": 0.03500167930104829,
      "thresholds": [
        1,
        2,
        3,
        4,
        6,
        119,
        150,
        210,
        231,
        248
      ],
      "time_sec": 2.463142156600952
    },
    "PA4": {
      "fe_best": 0.03515334739812427,
      "thresholds": [
        44,
        92,
        163,
        196,
        217,
        220,
        243,
        246,
        251,
        254
      ],
      "time_sec": 2.497154951095581
    },
    "PA5": {
      "fe_best": 0.03541278984155657,
      "thresholds": [
        1,
        2,
        3,
        4,
        6,
        19,
        74,
        236,
        251,
        252
      ],
      "time_sec": 4.95436429977417
    }
  }
}