{
  "image_index": 4,
  "image_path": "dataset/BDS500/images/val\\105025.jpg",
  "k": 10,
  "strategies": {
    "PA1": {
      "fe_best": 0.04021204523538659,
      "thresholds": [
        1,
        2,
        6,
        12,
        21,
        26,
        53,
        54,
        183,
        242
      ],
      "time_sec": 2.4152469635009766
    },
    "PA2": {
      "fe_best": 0.040750394377866345,
      "thresholds": [
        19,
        84,
        137,
        160,
        181,
        232,
        233,
        244,
        251,
        252
      ],
      "time_sec": 2.425856351852417
    },
    "PA3": {
      "fe_best": 0.04074499417645226,
      "thresholds": [
        19,
        61,
        77,
        90,
        121,
        205,
        227,
        250,
        251,
        254
      ],
      "time_sec": 2.3874948024749756
    },
    "PA4": {
      "fe_best": 0.040397015246020414,
      "thresholds": [
        4,
        33,
        80,
        93,
        151,
        158,
        191,
        242,
        251,
        254
      ],
      "time_sec": 2.329867124557495
    },
    "PA5": {
      "fe_best": 0.04059528577565992,
      "thresholds": [
        1,
        2,
        65,
        67,
        68,
        136,
        177,
        250,
        251,
        254
      ],
      "time_sec": 4.892991542816162
    }
  }
}