{
  "image_index": 8,
  "image_path": "dataset/BDS500/images/val\\108082.jpg",
  "k": 10,
  "strategies": {
    "PA1": {
      "fe_best": 0.05126908203430214,
      "thresholds": [
        1,
        2,
        3,
        4,
        5,
        6,
        247,
        248,
        251,
        252
      ],
      "time_sec": 2.4799954891204834
    },
    "PA2": {
      "fe_best": 0.051197088843897266,
      "thresholds": [
        1,
        2,
        3,
        4,
        245,
        246,
        249,
        250,
        253,
        254
      ],
      "time_sec": 2.371171236038208
    },
    "PA3": {
      "fe_best": 0.051259619164974776,
      "thresholds": [
        1,
        2,
        3,
        4,
        8,
        242,
        247,
        250,
        251,
        254
      ],
      "time_sec": 2.2595016956329346
    },
    "PA4": {
      "fe_best": 0.05062712638118021,
      "thresholds": [
        4,
        21,
        148,
        153,
        156,
        166,
        181,
        198,
        205,
        243
      ],
      "time_sec": 2.3961400985717773
    },
    "PA5": {
      "fe_best": 0.05133094374932635,
      "thresholds": [
        1,
        10,
        239,
        242,
        243,
        246,
        247,
        250,
        251,
        254
      ],
      "time_sec": 5.019293546676636
    }
  }
}