{
  "image_index": 5,
  "image_path": "dataset/BDS500/images/val\\106024.jpg",
  "k": 10,
  "strategies": {
    "PA1": {
      "fe_best": 0.04764666567219118,
      "thresholds": [
        1,
        2,
        12,
        23,
        24,
        39,
        55,
        68,
        203,
        228
      ],
      "time_sec": 2.341547966003418
    },
    "PA2": {
      "fe_best": 0.0473865721349958,
      "thresholds": [
        1,
        2,
        3,
        4,
        5,
        7,
        8,
        9,
        19,
        212
      ],
      "time_sec": 2.358503580093384
    },
    "PA3": {
      "fe_best": 0.04768800527364419,
      "thresholds": [
        1,
        2,
        3,
        9,
        23,
        57,
        60,
        65,
        203,
        228
      ],
      "time_sec": 2.3634040355682373
    },
    "PA4": {
      "fe_best": 0.047883485857916505,
      "thresholds": [
        1,
        2,
        3,
        5,
        8,
        11,
        12,
        20,
        223,
        224
      ],
      "time_sec": 2.330289125442505
    },
    "PA5": {
      "fe_best": 0.04771388254265596,
      "thresholds": [
        1,
        2,
        5,
        10,
        16,
        51,
        58,
        59,
        207,
        228
      ],
      "time_sec": 4.880631685256958
    }
  }
}