{
  "image_index": 7,
  "image_path": "dataset/BDS500/images/val\\108070.jpg",
  "k": 10,
  "strategies": {
    "PA1": {
      "fe_best": 0.048755767951963,
      "thresholds": [
        2,
        3,
        7,
        31,
        244,
        245,
        247,
        248,
        251,
        252
      ],
      "time_sec": 2.3424277305603027
    },
    "PA2": {
      "fe_best": 0.048891849672378945,
      "thresholds": [
        1,
        2,
        3,
        4,
        5,
        6,
        31,
        250,
        251,
        254
      ],
      "time_sec": 2.4531664848327637
    },
    "PA3": {
      "fe_best": 0.04878313722604056,
      "thresholds": [
        1,
        5,
        7,
        29,
        245,
        246,
        247,
        250,
        251,
        254
      ],
      "time_sec": 2.4641010761260986
    },
    "PA4": {
      "fe_best": 0.0487286034530075,
      "thresholds": [
        1,
        6,
        31,
        243,
        244,
        247,
        248,
        251,
        252,
        254
      ],
      "time_sec": 2.3916845321655273
    },
    "PA5": {
      "fe_best": 0.048868203255808866,
      "thresholds": [
        1,
        3,
        4,
        32,
        245,
        246,
        247,
        250,
        251,
        254
      ],
      "time_sec": 4.9814612865448
    }
  }
}