{
  "image_index": 2,
  "image_path": "dataset/BDS500/images/val\\102061.jpg",
  "k": 10,
  "strategies": {
    "PA1": {
      "fe_best": 0.048469847430995854,
      "thresholds": [
        3,
        5,
        7,
        10,
        63,
        222,
        223,
        238,
        247,
        250
      ],
      "time_sec": 2.738030195236206
    },
    "PA2": {
      "fe_best": 0.048411253262946936,
      "thresholds": [
        1,
        2,
        4,
        6,
        8,
        9,
        64,
        221,
        223,
        242
      ],
      "time_sec": 2.7902772426605225
    },
    "PA3": {
      "fe_best": 0.04844529948431711,
      "thresholds": [
        1,
        2,
        13,
        61,
        224,
        226,
        237,
        246,
        251,
        254
      ],
      "time_sec": 2.901297092437744
    },
    "PA4": {
      "fe_best": 0.04845078460538366,
      "thresholds": [
        11,
        60,
        226,
        229,
        230,
        238,
        243,
        246,
        247,
        254
      ],
      "time_sec": 3.2361159324645996
    },
    "PA5": {
      "fe_best": 0.04839133871172022,
      "thresholds": [
        1,
        2,
        4,
        5,
        7,
        12,
        63,
        220,
        227,
        248
      ],
      "time_sec": 5.691836833953857
    }
  }
}