{
  "image_index": 18,
  "image_path": "dataset/BDS500/images/val\\145086.jpg",
  "k": 10,
  "strategies": {
    "PA1": {
      "fe_best": 0.04860212036490451,
      "thresholds": [
        80,
        109,
        112,
        113,
        116,
        149,
        202,
        222,
        223,
        254
      ],
      "time_sec": 2.367994785308838
    },
    "PA2": {
      "fe_best": 0.048548638708384294,
      "thresholds": [
        1,
        2,
        3,
        131,
        194,
        202,
        215,
        230,
        231,
        234
      ],
      "time_sec": 2.472046375274658
    },
    "PA3": {
      "fe_best": 0.04856117964139099,
      "thresholds": [
        1,
        2,
        3,
        134,
        191,
        206,
        207,
        210,
        211,
        254
      ],
      "time_sec": 2.3878896236419678
    },
    "PA4": {
      "fe_best": 0.04850186630537286,
      "thresholds": [
        75,
        122,
        195,
        196,
        198,
        230,
        231,
        234,
        251,
        254
      ],
      "time_sec": 2.4089834690093994
    },
    "PA5": {
      "fe_best": 0.04852732328972273,
      "thresholds": [
        1,
        138,
        194,
        195,
        206,
        207,
        213,
        226,
        253,
        254
      ],
      "time_sec": 4.994633674621582
    }
  }
}