{
  "image_index": 16,
  "image_path": "dataset/BDS500/images/val\\14037.jpg",
  "k": 10,
  "strategies": {
    "PA1": {
      "fe_best": 0.05120155149997273,
      "thresholds": [
        1,
        2,
        137,
        248,
        249,
        250,
        251,
        252,
        253,
        254
      ],
      "time_sec": 2.3902299404144287
    },
    "PA2": {
      "fe_best": 0.050559657281658926,
      "thresholds": [
        49,
        66,
        69,
        70,
        81,
        162,
        177,
        210,
        231,
        238
      ],
      "time_sec": 2.4124906063079834
    },
    "PA3": {
      "fe_best": 0.0512233934252857,
      "thresholds": [
        46,
        47,
        50,
        55,
        62,
        91,
        234,
        235,
        242,
        243
      ],
      "time_sec": 2.478499412536621
    },
    "PA4": {
      "fe_best": 0.05058060675248434,
      "thresholds": [
        49,
        72,
        73,
        76,
        77,
        164,
        176,
        249,
        253,
        254
      ],
      "time_sec": 2.457871198654175
    },
    "PA5": {
      "fe_best": 0.05144893707278943,
      "thresholds": [
        1,
        2,
        8,
        51,
        194,
        195,
        206,
        207,
        218,
        233
      ],
      "time_sec": 4.965599775314331
    }
  }
}