{
  "image_index": 11,
  "image_path": "dataset/BDS500/images/val\\12084.jpg",
  "k": 10,
  "strategies": {
    "PA1": {
      "fe_best": 0.04866756157635291,
      "thresholds": [
        1,
        2,
        9,
        110,
        249,
        250,
        251,
        252,
        253,
        254
      ],
      "time_sec": 2.3684699535369873
    },
    "PA2": {
      "fe_best": 0.04872258107307456,
      "thresholds": [
        1,
        5,
        6,
        113,
        249,
        250,
        251,
        252,
        253,
        254
      ],
      "time_sec": 2.3697197437286377
    },
    "PA3": {
      "fe_best": 0.048691969159275136,
      "thresholds": [
        1,
        5,
        6,
        7,
        112,
        250,
        251,
        252,
        253,
        254
      ],
      "time_sec": 2.3914058208465576
    },
    "PA4": {
      "fe_best": 0.047918738249404395,
      "thresholds": [
        43,
        188,
        189,
        192,
        221,
        233,
        242,
        248,
        253,
        254
      ],
      "time_sec": 2.3007285594940186
    },
    "PA5": {
      "fe_best": 0.048830366441190015,
      "thresholds": [
        1,
        2,
        3,
        4,
        117,
        250,
        251,
        252,
        253,
        254
      ],
      "time_sec": 5.092966794967651
    }
  }
}