{
  "image_index": 17,
  "image_path": "dataset/BDS500/images/val\\143090.jpg",
  "k": 10,
  "strategies": {
    "PA1": {
      "fe_best": 0.04925518594450134,
      "thresholds": [
        245,
        246,
        247,
        248,
        249,
        250,
        251,
        252,
        253,
        254
      ],
      "time_sec": 2.4502978324890137
    },
    "PA2": {
      "fe_best": 0.04925518594450134,
      "thresholds": [
        245,
        246,
        247,
        248,
        249,
        250,
        251,
        252,
        253,
        254
      ],
      "time_sec": 2.5109987258911133
    },
    "PA3": {
      "fe_best": 0.048370334238128546,
      "thresholds": [
        1,
        2,
        3,
        4,
        83,
        250,
        251,
        252,
        253,
        254
      ],
      "time_sec": 2.354325771331787
    },
    "PA4": {
      "fe_best": 0.04925518594450134,
      "thresholds": [
        245,
        246,
        247,
        248,
        249,
        250,
        251,
        252,
        253,
        254
      ],
      "time_sec": 2.404542922973633
    },
    "PA5": {
      "fe_best": 0.04925518594450134,
      "thresholds": [
        245,
        246,
        247,
        248,
        249,
        250,
        251,
        252,
        253,
        254
      ],
      "time_sec": 4.880196809768677
    }
  }
}