{
  "image_index": 13,
  "image_path": "dataset/BDS500/images/val\\126007.jpg",
  "k": 10,
  "strategies": {
    "PA1": {
      "fe_best": 0.052007467791137726,
      "thresholds": [
        3,
        4,
        9,
        15,
        17,
        19,
        46,
        217,
        227,
        250
      ],
      "time_sec": 2.3739402294158936
    },
    "PA2": {
      "fe_best": 0.0520517526715302,
      "thresholds": [
        1,
        2,
        3,
        4,
        5,
        10,
        13,
        56,
        205,
        244
      ],
      "time_sec": 2.3920154571533203
    },
    "PA3": {
      "fe_best": 0.05195291280251521,
      "thresholds": [
        1,
        2,
        71,
        186,
        196,
        211,
        212,
        226,
        239,
        252
      ],
      "time_sec": 2.4379851818084717
    },
    "PA4": {
      "fe_best": 0.05205856332591337,
      "thresholds": [
        14,
        55,
        206,
        207,
        212,
        219,
        232,
        246,
        251,
        254
      ],
      "time_sec": 2.357621192932129
    },
    "PA5": {
      "fe_best": 0.05206039924405394,
      "thresholds": [
        1,
        3,
        4,
        5,
        8,
        17,
        52,
        209,
        211,
        242
      ],
      "time_sec": 4.844987630844116
    }
  }
}