{
  "image_index": 12,
  "image_path": "dataset/BDS500/images/val\\123074.jpg",
  "k": 10,
  "strategies": {
    "PA1": {
      "fe_best": 0.04687805810859994,
      "thresholds": [
        1,
        2,
        3,
        6,
        8,
        10,
        13,
        14,
        121,
        254
      ],
      "time_sec": 2.4164912700653076
    },
    "PA2": {
      "fe_best": 0.04683945220461962,
      "thresholds": [
        1,
        2,
        5,
        8,
        11,
        15,
        122,
        251,
        253,
        254
      ],
      "time_sec": 2.4090914726257324
    },
    "PA3": {
      "fe_best": 0.04677200837188718,
      "thresholds": [
        1,
        2,
        8,
        9,
        128,
        249,
        250,
        251,
        253,
        254
      ],
      "time_sec": 2.4136204719543457
    },
    "PA4": {
      "fe_best": 0.046890535431789296,
      "thresholds": [
        1,
        2,
        4,
        8,
        13,
        14,
        16,
        18,
        119,
        254
      ],
      "time_sec": 2.4621920585632324
    },
    "PA5": {
      "fe_best": 0.046890535431789296,
      "thresholds": [
        1,
        2,
        3,
        5,
        9,
        15,
        16,
        18,
        119,
        254
      ],
      "time_sec": 4.883974313735962
    }
  }
}