{
  "image_index": 21,
  "image_path": "dataset/BDS500/images/val\\148089.jpg",
  "k": 10,
  "strategies": {
    "PA1": {
      "fe_best": 0.048450820868481195,
      "thresholds": [
        223,
        228,
        231,
        232,
        239,
        240,
        251,
        252,
        253,
        254
      ],
      "time_sec": 2.4099841117858887
    },
    "PA2": {
      "fe_best": 0.04851435937749601,
      "thresholds": [
        199,
        246,
        247,
        248,
        249,
        250,
        251,
        252,
        253,
        254
      ],
      "time_sec": 2.3864023685455322
    },
    "PA3": {
      "fe_best": 0.04851435937749601,
      "thresholds": [
        199,
        246,
        247,
        248,
        249,
        250,
        251,
        252,
        253,
        254
      ],
      "time_sec": 2.389418125152588
    },
    "PA4": {
      "fe_best": 0.04851141891901865,
      "thresholds": [
        203,
        246,
        247,
        248,
        249,
        250,
        251,
        252,
        253,
        254
      ],
      "time_sec": 2.471158504486084
    },
    "PA5": {
      "fe_best": 0.04851435937749601,
      "thresholds": [
        199,
        246,
        247,
        248,
        249,
        250,
        251,
        252,
        253,
        254
      ],
      "time_sec": 4.9837493896484375
    }
  }
}