{
  "image_index": 29,
  "image_path": "dataset/BDS500/images/val\\167083.jpg",
  "k": 10,
  "strategies": {
    "PA1": {
      "fe_best": 0.046750673396221305,
      "thresholds": [
        1,
        3,
        122,
        133,
        134,
        137,
        174,
        209,
        223,
        238
      ],
      "time_sec": 2.3897337913513184
    },
    "PA2": {
      "fe_best": 0.047748189020779847,
      "thresholds": [
        205,
        231,
        235,
        236,
        240,
        242,
        245,
        246,
        251,
        254
      ],
      "time_sec": 2.3786544799804688
    },
    "PA3": {
      "fe_best": 0.04795907360188957,
      "thresholds": [
        210,
        220,
        223,
        224,
        227,
        246,
        247,
        250,
        251,
        254
      ],
      "time_sec": 2.4080536365509033
    },
    "PA4": {
      "fe_best": 0.04783295562666147,
      "thresholds": [
        213,
        224,
        229,
        234,
        245,
        246,
        249,
        250,
        251,
        254
      ],
      "time_sec": 2.3876821994781494
    },
    "PA5": {
      "fe_best": 0.04795813157741351,
      "thresholds": [
        219,
        226,
        227,
        230,
        239,
        246,
        247,
        250,
        251,
        254
      ],
      "time_sec": 5.029577732086182
    }
  }
}