{
  "image_index": 23,
  "image_path": "dataset/BDS500/images/val\\157055.jpg",
  "k": 10,
  "strategies": {
    "PA1": {
      "fe_best": 0.050551170612706045,
      "thresholds": [
        1,
        3,
        4,
        6,
        7,
        8,
        13,
        22,
        23,
        24
      ],
      "time_sec": 2.4027950763702393
    },
    "PA2": {
      "fe_best": 0.049301969904620074,
      "thresholds": [
        1,
        2,
        3,
        4,
        5,
        46,
        239,
        248,
        251,
        252
      ],
      "time_sec": 2.3630478382110596
    },
    "PA3": {
      "fe_best": 0.049487459178139584,
      "thresholds": [
        1,
        48,
        238,
        239,
        243,
        246,
        247,
        250,
        251,
        254
      ],
      "time_sec": 2.446014881134033
    },
    "PA4": {
      "fe_best": 0.04909424438647203,
      "thresholds": [
        20,
        38,
        241,
        242,
        245,
        246,
        248,
        249,
        251,
        252
      ],
      "time_sec": 2.4189138412475586
    },
    "PA5": {
      "fe_best": 0.04932953527648052,
      "thresholds": [
        56,
        236,
        238,
        241,
        242,
        245,
        246,
        249,
        251,
        252
      ],
      "time_sec": 4.950159072875977
    }
  }
}