{
  "image_index": 20,
  "image_path": "dataset/BDS500/images/val\\148026.jpg",
  "k": 10,
  "strategies": {
    "PA1": {
      "fe_best": 0.04784691534975573,
      "thresholds": [
        89,
        95,
        108,
        115,
        120,
        143,
        150,
        159,
        210,
        254
      ],
      "time_sec": 2.336876392364502
    },
    "PA2": {
      "fe_best": 0.0491994829949515,
      "thresholds": [
        1,
        9,
        64,
        73,
        76,
        85,
        88,
        89,
        111,
        119
      ],
      "time_sec": 2.3365814685821533
    },
    "PA3": {
      "fe_best": 0.04825980917897292,
      "thresholds": [
        92,
        163,
        172,
        175,
        176,
        179,
        205,
        252,
        253,
        254
      ],
      "time_sec": 2.358783721923828
    },
    "PA4": {
      "fe_best": 0.04812652540599059,
      "thresholds": [
        1,
        246,
        247,
        248,
        249,
        250,
        251,
        252,
        253,
        254
      ],
      "time_sec": 2.3405909538269043
    },
    "PA5": {
      "fe_best": 0.04876653137744479,
      "thresholds": [
        1,
        2,
        9,
        54,
        237,
        248,
        249,
        252,
        253,
        254
      ],
      "time_sec": 4.9147984981536865
    }
  }
}