{
  "image_index": 38,
  "image_path": "dataset/BDS500/images/val\\208001.jpg",
  "k": 10,
  "strategies": {
    "PA1": {
      "fe_best": 0.04793969877502169,
      "thresholds": [
        1,
        3,
        28,
        175,
        184,
        195,
        206,
        210,
        217,
        218
      ],
      "time_sec": 2.4048449993133545
    },
    "PA2": {
      "fe_best": 0.04792547203879887,
      "thresholds": [
        1,
        2,
        4,
        6,
        7,
        24,
        179,
        187,
        218,
        219
      ],
      "time_sec": 2.390117883682251
    },
    "PA3": {
      "fe_best": 0.047943810314228424,
      "thresholds": [
        1,
        2,
        6,
        23,
        178,
        183,
        207,
        210,
        211,
        222
      ],
      "time_sec": 2.4320077896118164
    },
    "PA4": {
      "fe_best": 0.04795551006042435,
      "thresholds": [
        1,
        2,
        3,
        7,
        24,
        179,
        186,
        187,
        190,
        254
      ],
      "time_sec": 2.394354820251465
    },
    "PA5": {
      "fe_best": 0.04795867174796838,
      "thresholds": [
        2,
        4,
        8,
        23,
        176,
        179,
        180,
        199,
        204,
        214
      ],
      "time_sec": 5.055349349975586
    }
  }
}