{
  "image_index": 32,
  "image_path": "dataset/BDS500/images/val\\175043.jpg",
  "k": 10,
  "strategies": {
    "PA1": {
      "fe_best": 0.0466582511665669,
      "thresholds": [
        1,
        2,
        3,
        4,
        5,
        24,
        249,
        250,
        253,
        254
      ],
      "time_sec": 2.322619676589966
    },
    "PA2": {
      "fe_best": 0.04670565667229786,
      "thresholds": [
        1,
        2,
        30,
        241,
        242,
        245,
        246,
        249,
        253,
        254
      ],
      "time_sec": 2.3950905799865723
    },
    "PA3": {
      "fe_best": 0.04668446818535506,
      "thresholds": [
        1,
        4,
        32,
        231,
        233,
        242,
        249,
        250,
        253,
        254
      ],
      "time_sec": 2.3400330543518066
    },
    "PA4": {
      "fe_best": 0.04669133010458197,
      "thresholds": [
        1,
        2,
        3,
        4,
        33,
        228,
        229,
        236,
        251,
        252
      ],
      "time_sec": 2.3923161029815674
    },
    "PA5": {
      "fe_best": 0.04671704187505907,
      "thresholds": [
        1,
        2,
        34,
        229,
        230,
        237,
        238,
        241,
        244,
        253
      ],
      "time_sec": 4.914842844009399
    }
  }
}