{
  "image_index": 37,
  "image_path": "dataset/BDS500/images/val\\197017.jpg",
  "k": 10,
  "strategies": {
    "PA1": {
      "fe_best": 0.05127337419729551,
      "thresholds": [
        1,
        2,
        3,
        4,
        5,
        6,
        7,
        8,
        9,
        10
      ],
      "time_sec": 2.3496577739715576
    },
    "PA2": {
      "fe_best": 0.048535544803958205,
      "thresholds": [
        1,
        240,
        241,
        244,
        246,
        247,
        251,
        252,
        253,
        254
      ],
      "time_sec": 2.4267737865448
    },
    "PA3": {
      "fe_best": 0.04855544950209975,
      "thresholds": [
        1,
        240,
        241,
        242,
        245,
        247,
        248,
        251,
        252,
        254
      ],
      "time_sec": 2.4089717864990234
    },
    "PA4": {
      "fe_best": 0.047736242014770086,
      "thresholds": [
        53,
        214,
        245,
        246,
        247,
        248,
        249,
        252,
        253,
        254
      ],
      "time_sec": 2.400861978530884
    },
    "PA5": {
      "fe_best": 0.04855448524902517,
      "thresholds": [
        1,
        240,
        241,
        244,
        246,
        247,
        249,
        250,
        253,
        254
      ],
      "time_sec": 4.921442985534668
    }
  }
}