{
  "image_index": 34,
  "image_path": "dataset/BDS500/images/val\\189080.jpg",
  "k": 10,
  "strategies": {
    "PA1": {
      "fe_best": 0.05253586049444835,
      "thresholds": [
        1,
        2,
        3,
        4,
        5,
        8,
        9,
        12,
        59,
        254
      ],
      "time_sec": 2.4550328254699707
    },
    "PA2": {
      "fe_best": 0.052371775169288835,
      "thresholds": [
        1,
        5,
        8,
        9,
        12,
        16,
        17,
        56,
        253,
        254
      ],
      "time_sec": 2.396580696105957
    },
    "PA3": {
      "fe_best": 0.05242148633850453,
      "thresholds": [
        1,
        3,
        7,
        8,
        11,
        12,
        15,
        56,
        253,
        254
      ],
      "time_sec": 2.4748237133026123
    },
    "PA4": {
      "fe_best": 0.052541179271224724,
      "thresholds": [
        1,
        2,
        4,
        5,
        6,
        9,
        10,
        13,
        58,
        254
      ],
      "time_sec": 2.4509029388427734
    },
    "PA5": {
      "fe_best": 0.05253586049444835,
      "thresholds": [
        1,
        2,
        3,
        4,
        5,
        8,
        9,
        12,
        59,
        254
      ],
      "time_sec": 4.993678331375122
    }
  }
}