{
  "image_index": 30,
  "image_path": "dataset/BDS500/images/val\\170057.jpg",
  "k": 10,
  "strategies": {
    "PA1": {
      "fe_best": 0.04694319206561068,
      "thresholds": [
        1,
        3,
        5,
        8,
        11,
        12,
        93,
        252,
        253,
        254
      ],
      "time_sec": 2.437157392501831
    },
    "PA2": {
      "fe_best": 0.046973413806237777,
      "thresholds": [
        1,
        2,
        3,
        4,
        5,
        6,
        9,
        94,
        253,
        254
      ],
      "time_sec": 2.392709970474243
    },
    "PA3": {
      "fe_best": 0.04700527565750551,
      "thresholds": [
        1,
        2,
        3,
        110,
        235,
        236,
        237,
        248,
        249,
        252
      ],
      "time_sec": 2.397118330001831
    },
    "PA4": {
      "fe_best": 0.04670376785638166,
      "thresholds": [
        97,
        244,
        245,
        246,
        247,
        250,
        251,
        252,
        253,
        254
      ],
      "time_sec": 2.4802920818328857
    },
    "PA5": {
      "fe_best": 0.04697847825209395,
      "thresholds": [
        3,
        5,
        9,
        100,
        245,
        246,
        249,
        250,
        251,
        254
      ],
      "time_sec": 5.04006552696228
    }
  }
}