{
  "image_index": 31,
  "image_path": "dataset/BDS500/images/val\\175032.jpg",
  "k": 10,
  "strategies": {
    "PA1": {
      "fe_best": 0.04708554155435937,
      "thresholds": [
        1,
        2,
        3,
        4,
        5,
        6,
        7,
        8,
        203,
        254
      ],
      "time_sec": 2.4148435592651367
    },
    "PA2": {
      "fe_best": 0.0470848810620154,
      "thresholds": [
        1,
        2,
        3,
        4,
        5,
        6,
        7,
        202,
        253,
        254
      ],
      "time_sec": 2.41005802154541
    },
    "PA3": {
      "fe_best": 0.0470848810620154,
      "thresholds": [
        1,
        2,
        3,
        4,
        5,
        6,
        7,
        202,
        253,
        254
      ],
      "time_sec": 2.3853681087493896
    },
    "PA4": {
      "fe_best": 0.047084587934691655,
      "thresholds": [
        1,
        2,
        3,
        4,
        5,
        6,
        205,
        252,
        253,
        254
      ],
      "time_sec": 2.3776698112487793
    },
    "PA5": {
      "fe_best": 0.0470848810620154,
      "thresholds": [
        1,
        2,
        3,
        4,
        5,
        6,
        7,
        202,
        253,
        254
      ],
      "time_sec": 4.9011311531066895
    }
  }
}