{
  "image_index": 35,
  "image_path": "dataset/BDS500/images/val\\19021.jpg",
  "k": 10,
  "strategies": {
    "PA1": {
      "fe_best": 0.04876399125691736,
      "thresholds": [
        1,
        3,
        4,
        5,
        6,
        7,
        8,
        10,
        235,
        240
      ],
      "time_sec": 2.477130889892578
    },
    "PA2": {
      "fe_best": 0.048788757093159114,
      "thresholds": [
        1,
        2,
        3,
        4,
        5,
        6,
        7,
        8,
        239,
        240
      ],
      "time_sec": 2.4580814838409424
    },
    "PA3": {
      "fe_best": 0.04882122030338944,
      "thresholds": [
        1,
        2,
        5,
        6,
        8,
        9,
        236,
        238,
        251,
        254
      ],
      "time_sec": 2.4334816932678223
    },
    "PA4": {
      "fe_best": 0.04880777407866026,
      "thresholds": [
        1,
        2,
        3,
        4,
        5,
        6,
        8,
        241,
        251,
        252
      ],
      "time_sec": 2.4240736961364746
    },
    "PA5": {
      "fe_best": 0.04889325602460809,
      "thresholds": [
        1,
        2,
        3,
        4,
        6,
        246,
        247,
        250,
        251,
        254
      ],
      "time_sec": 4.985300540924072
    }
  }
}