{
  "image_index": 41,
  "image_path": "dataset/BDS500/images/val\\216081.jpg",
  "k": 10,
  "strategies": {
    "PA1": {
      "fe_best": 0.04860396357641732,
      "thresholds": [
        65,
        68,
        69,
        76,
        77,
        84,
        121,
        128,
        168,
        180
      ],
      "time_sec": 2.405045986175537
    },
    "PA2": {
      "fe_best": 0.04832527131049907,
      "thresholds": [
        50,
        53,
        54,
        65,
        73,
        80,
        105,
        113,
        140,
        165
      ],
      "time_sec": 2.3874289989471436
    },
    "PA3": {
      "fe_best": 0.0491872832774508,
      "thresholds": [
        63,
        76,
        83,
        88,
        91,
        92,
        95,
        100,
        155,
        164
      ],
      "time_sec": 2.409952402114868
    },
    "PA4": {
      "fe_best": 0.04828223031557909,
      "thresholds": [
        53,
        180,
        184,
        193,
        196,
        197,
        205,
        252,
        253,
        254
      ],
      "time_sec": 2.4439499378204346
    },
    "PA5": {
      "fe_best": 0.04853309366192733,
      "thresholds": [
        1,
        2,
        3,
        118,
        247,
        248,
        251,
        252,
        253,
        254
      ],
      "time_sec": 4.926140069961548
    }
  }
}