{
  "image_index": 49,
  "image_path": "dataset/BDS500/images/val\\241004.jpg",
  "k": 10,
  "strategies": {
    "PA1": {
      "fe_best": 0.045612000794136284,
      "thresholds": [
        1,
        2,
        3,
        4,
        5,
        6,
        7,
        54,
        247,
        250
      ],
      "time_sec": 2.3856258392333984
    },
    "PA2": {
      "fe_best": 0.04613558019996139,
      "thresholds": [
        1,
        2,
        4,
        5,
        6,
        9,
        52,
        250,
        251,
        254
      ],
      "time_sec": 2.3943231105804443
    },
    "PA3": {
      "fe_best": 0.04460547018762848,
      "thresholds": [
        1,
        2,
        3,
        4,
        15,
        68,
        157,
        248,
        251,
        252
      ],
      "time_sec": 2.4051406383514404
    },
    "PA4": {
      "fe_best": 0.04439443629149177,
      "thresholds": [
        1,
        2,
        6,
        10,
        22,
        45,
        173,
        246,
        251,
        254
      ],
      "time_sec": 2.432990312576294
    },
    "PA5": {
      "fe_best": 0.0459542488276663,
      "thresholds": [
        1,
        2,
        3,
        4,
        5,
        6,
        7,
        52,
        251,
        252
      ],
      "time_sec": 5.229361534118652
    }
  }
}