{
  "image_index": 43,
  "image_path": "dataset/BDS500/images/val\\220075.jpg",
  "k": 10,
  "strategies": {
    "PA1": {
      "fe_best": 0.049357421890548196,
      "thresholds": [
        193,
        204,
        223,
        232,
        241,
        248,
        249,
        252,
        253,
        254
      ],
      "time_sec": 2.3809404373168945
    },
    "PA2": {
      "fe_best": 0.04929905497106121,
      "thresholds": [
        200,
        205,
        219,
        220,
        221,
        222,
        225,
        226,
        233,
        238
      ],
      "time_sec": 2.381643772125244
    },
    "PA3": {
      "fe_best": 0.049394723724730014,
      "thresholds": [
        196,
        202,
        217,
        218,
        221,
        238,
        240,
        248,
        251,
        252
      ],
      "time_sec": 2.4742531776428223
    },
    "PA4": {
      "fe_best": 0.04939981049669622,
      "thresholds": [
        190,
        208,
        219,
        238,
        244,
        245,
        248,
        249,
        252,
        253
      ],
      "time_sec": 2.3274662494659424
    },
    "PA5": {
      "fe_best": 0.049380586319090425,
      "thresholds": [
        197,
        202,
        213,
        218,
        227,
        237,
        244,
        249,
        252,
        253
      ],
      "time_sec": 4.86212158203125
    }
  }
}