{
  "image_index": 44,
  "image_path": "dataset/BDS500/images/val\\223061.jpg",
  "k": 10,
  "strategies": {
    "PA1": {
      "fe_best": 0.04955292565615782,
      "thresholds": [
        1,
        4,
        5,
        6,
        9,
        14,
        17,
        18,
        21,
        22
      ],
      "time_sec": 2.3889572620391846
    },
    "PA2": {
      "fe_best": 0.04968496462776669,
      "thresholds": [
        1,
        2,
        3,
        6,
        7,
        10,
        11,
        14,
        15,
        18
      ],
      "time_sec": 2.4575400352478027
    },
    "PA3": {
      "fe_best": 0.04718343648940003,
      "thresholds": [
        1,
        2,
        5,
        10,
        29,
        30,
        201,
        250,
        251,
        254
      ],
      "time_sec": 2.390103578567505
    },
    "PA4": {
      "fe_best": 0.04968602121613463,
      "thresholds": [
        1,
        2,
        5,
        6,
        9,
        10,
        13,
        18,
        21,
        22
      ],
      "time_sec": 2.364435911178589
    },
    "PA5": {
      "fe_best": 0.04988051417297601,
      "thresholds": [
        1,
        4,
        5,
        8,
        9,
        12,
        13,
        16,
        17,
        20
      ],
      "time_sec": 4.916463851928711
    }
  }
}