{
  "image_index": 52,
  "image_path": "dataset/BDS500/images/val\\253055.jpg",
  "k": 10,
  "strategies": {
    "PA1": {
      "fe_best": 0.04423258234616616,
      "thresholds": [
        3,
        9,
        23,
        43,
        50,
        60,
        67,
        120,
        243,
        244
      ],
      "time_sec": 2.623255968093872
    },
    "PA2": {
      "fe_best": 0.04431403693726771,
      "thresholds": [
        1,
        2,
        8,
        14,
        15,
        72,
        216,
        244,
        247,
        248
      ],
      "time_sec": 2.4598822593688965
    },
    "PA3": {
      "fe_best": 0.04461085297718564,
      "thresholds": [
        103,
        168,
        212,
        215,
        222,
        227,
        243,
        248,
        251,
        252
      ],
      "time_sec": 2.6177477836608887
    },
    "PA4": {
      "fe_best": 0.04485076984431398,
      "thresholds": [
        1,
        2,
        4,
        6,
        7,
        8,
        9,
        162,
        247,
        250
      ],
      "time_sec": 2.612759828567505
    },
    "PA5": {
      "fe_best": 0.04459736380343413,
      "thresholds": [
        1,
        2,
        3,
        4,
        5,
        6,
        7,
        8,
        49,
        240
      ],
      "time_sec": 4.858401298522949
    }
  }
}