{
  "image_index": 50,
  "image_path": "dataset/BDS500/images/val\\241048.jpg",
  "k": 10,
  "strategies": {
    "PA1": {
      "fe_best": 0.04260233848229688,
      "thresholds": [
        1,
        2,
        4,
        8,
        29,
        59,
        187,
        190,
        231,
        242
      ],
      "time_sec": 2.4324820041656494
    },
    "PA2": {
      "fe_best": 0.042555844240318705,
      "thresholds": [
        1,
        2,
        3,
        5,
        7,
        9,
        10,
        59,
        251,
        254
      ],
      "time_sec": 2.4235715866088867
    },
    "PA3": {
      "fe_best": 0.04265705361517955,
      "thresholds": [
        2,
        11,
        75,
        170,
        195,
        196,
        227,
        250,
        251,
        254
      ],
      "time_sec": 2.4134883880615234
    },
    "PA4": {
      "fe_best": 0.04263740740390618,
      "thresholds": [
        1,
        2,
        3,
        9,
        10,
        25,
        26,
        54,
        251,
        252
      ],
      "time_sec": 2.408977746963501
    },
    "PA5": {
      "fe_best": 0.04263496695169955,
      "thresholds": [
        1,
        3,
        14,
        23,
        27,
        61,
        183,
        194,
        199,
        246
      ],
      "time_sec": 4.945029973983765
    }
  }
}