{
  "image_index": 51,
  "image_path": "dataset/BDS500/images/val\\253027.jpg",
  "k": 10,
  "strategies": {
    "PA1": {
      "fe_best": 0.048714982170066985,
      "thresholds": [
        2,
        5,
        12,
        21,
        30,
        42,
        247,
        250,
        251,
        254
      ],
      "time_sec": 2.3961100578308105
    },
    "PA2": {
      "fe_best": 0.04862726813278491,
      "thresholds": [
        1,
        2,
        3,
        5,
        6,
        7,
        10,
        61,
        230,
        242
      ],
      "time_sec": 2.3743197917938232
    },
    "PA3": {
      "fe_best": 0.04881036911865269,
      "thresholds": [
        1,
        2,
        6,
        65,
        223,
        232,
        243,
        244,
        251,
        252
      ],
      "time_sec": 2.371206045150757
    },
    "PA4": {
      "fe_best": 0.048552854957520666,
      "thresholds": [
        1,
        2,
        3,
        4,
        5,
        8,
        9,
        10,
        55,
        238
      ],
      "time_sec": 2.3463640213012695
    },
    "PA5": {
      "fe_best": 0.04884674120595029,
      "thresholds": [
        4,
        72,
        215,
        220,
        226,
        238,
        239,
        250,
        251,
        254
      ],
      "time_sec": 4.999242544174194
    }
  }
}