{
  "image_index": 54,
  "image_path": "dataset/BDS500/images/val\\271035.jpg",
  "k": 10,
  "strategies": {
    "PA1": {
      "fe_best": 0.048702806307790364,
      "thresholds": [
        2,
        3,
        7,
        15,
        24,
        41,
        192,
        198,
        223,
        234
      ],
      "time_sec": 2.386021137237549
    },
    "PA2": {
      "fe_best": 0.0485736267329624,
      "thresholds": [
        1,
        2,
        3,
        4,
        5,
        6,
        7,
        8,
        40,
        254
      ],
      "time_sec": 3.0204179286956787
    },
    "PA3": {
      "fe_best": 0.048382494339005745,
      "thresholds": [
        2,
        12,
        29,
        32,
        42,
        55,
        74,
        75,
        238,
        254
      ],
      "time_sec": 3.5640430450439453
    },
    "PA4": {
      "fe_best": 0.048696362819296984,
      "thresholds": [
        2,
        4,
        5,
        6,
        9,
        20,
        46,
        189,
        203,
        234
      ],
      "time_sec": 2.8727071285247803
    },
    "PA5": {
      "fe_best": 0.0485736267329624,
      "thresholds": [
        1,
        2,
        3,
        4,
        5,
        6,
        7,
        8,
        40,
        254
      ],
      "time_sec": 4.902203559875488
    }
  }
}