{
  "algorithm": "HYBRID-PA6",
  "thresholds": [
    46,
    92,
    133,
    174,
    215
  ],
  "best_f": -23.01746909146153,
  "entropy": 23.01746909146153,
  "time": 2.0815625190734863,
  "metrics": {
    "psnr": 27.630977122664437,
    "ssim": 0.777705737936921,
    "dice": 0.251442815726014
  }
}