{
  "algorithm": "OTSU",
  "thresholds": [
    23,
    46,
    70,
    93,
    116,
    139,
    162,
    185,
    209,
    232
  ],
  "best_f": -29.881370419770086,
  "entropy": 29.881370419770086,
  "time": 0.0074651241302490234,
  "metrics": {
    "psnr": 31.977705873528286,
    "ssim": 0.8384691972700039,
    "dice": 0.12670189896094589
  }
}