{
  "algorithm": "GWO",
  "thresholds": [
    19,
    32,
    44,
    58,
    80,
    102,
    124,
    147,
    173,
    204
  ],
  "best_f": -34.878374914299215,
  "entropy": 34.878374914299215,
  "time": 2.292283535003662,
  "metrics": {
    "psnr": 33.23615343103129,
    "ssim": 0.8837033469768626,
    "dice": 0.1121649046943188
  }
}