{
  "algorithm": "HYBRID-PA5",
  "thresholds": [
    19,
    39,
    60,
    81,
    102,
    123,
    145,
    168,
    191,
    215
  ],
  "best_f": -36.64112748768231,
  "entropy": 36.64112748768231,
  "time": 30.172703504562378,
  "metrics": {
    "psnr": 33.24961710720979,
    "ssim": 0.8827606763578382,
    "boundary_dsc": 0.1521556035163447
  }
}