{
  "algorithm": "PSO",
  "thresholds": [
    28,
    51,
    68,
    85,
    102,
    118,
    134,
    153,
    184,
    215
  ],
  "best_f": -35.36818819979808,
  "entropy": 35.36818819979808,
  "time": 28.36652636528015,
  "metrics": {
    "psnr": 32.644559868472854,
    "ssim": 0.882253485791269,
    "boundary_dsc": 0.20894909125772124
  }
}