{
  "algorithm": "HYBRID-PA5",
  "thresholds": [
    42,
    66,
    90,
    114,
    138,
    162,
    186,
    209,
    232
  ],
  "best_f": -33.49378401322193,
  "entropy": 33.49378401322193,
  "time": 4.405855178833008,
  "metrics": {
    "psnr": 31.54535946993118,
    "ssim": 0.9187828453313069,
    "dice": 0.1382130483579759
  }
}