{
  "algorithm": "HYBRID-PA5",
  "thresholds": [
    39,
    76,
    109,
    142,
    173,
    204,
    231
  ],
  "best_f": -28.59699672725995,
  "entropy": 28.59699672725995,
  "time": 3.8785200119018555,
  "metrics": {
    "psnr": 29.51725071783467,
    "ssim": 0.8129965598497475,
    "dice": 0.23321167113230237
  }
}