{
  "algorithm": "HYBRID-PA6",
  "thresholds": [
    35,
    60,
    83,
    106,
    129,
    152,
    174,
    196,
    217,
    236
  ],
  "best_f": -36.39947090313482,
  "entropy": 36.39947090313482,
  "time": 2.18774151802063,
  "metrics": {
    "psnr": 32.642560246810234,
    "ssim": 0.8651846129812155,
    "dice": 0.21551873357566603
  }
}