{
  "algorithm": "GWO",
  "thresholds": [
    34,
    58,
    82,
    109,
    137,
    167,
    197,
    226
  ],
  "best_f": -31.179096981425886,
  "entropy": 31.179096981425886,
  "time": 1.9992060661315918,
  "metrics": {
    "psnr": 30.489063150640334,
    "ssim": 0.8288854139026445,
    "dice": 0.21704781704781706
  }
}