{
  "algorithm": "GWO",
  "thresholds": [
    29,
    49,
    68,
    86,
    109,
    133,
    157,
    181,
    205,
    230
  ],
  "best_f": -35.98126858846959,
  "entropy": 35.98126858846959,
  "time": 2.255237579345703,
  "metrics": {
    "psnr": 32.639768677403474,
    "ssim": 0.9268754638992651,
    "boundary_dsc": 0.05128862077398768
  }
}