{
  "algorithm": "PSO",
  "mode": "single_image_multi_seed",
  "seed": 44,
  "thresholds": [
    18,
    36,
    54,
    73,
    92,
    112,
    132,
    152,
    173,
    197
  ],
  "best_f": -35.631473394057274,
  "entropy": 35.638953361783564,
  "time": 31.31116271018982,
  "metrics": {
    "boundary_dsc": 0.10195208849800057,
    "psnr": 33.43904379680119,
    "ssim": 0.9094251015689618,
    "boundary_dsc_mean": 0.09937391234739817,
    "boundary_dsc_sd": 0.001863572486251711,
    "fe_mean": 35.502075542675385,
    "fe_sd": 0.08940257285371757,
    "psnr_mean": 33.012324561997424,
    "psnr_sd": 0.5890255069294155,
    "ssim_mean": 0.9014934015343574,
    "ssim_sd": 0.010633135276027035,
    "time_mean": 32.04357523918152,
    "time_sd": 0.6327491279674133,
    "n_runs": 5
  }
}