{
  "algorithm": "WOA",
  "thresholds": [
    25,
    42,
    65,
    82,
    97,
    118,
    137,
    154,
    173,
    194
  ],
  "best_f": -0.04584994607680418,
  "entropy": 0.04584994607680418,
  "time": 8.576625347137451,
  "metrics": {
    "psnr": 21.232162111732457,
    "ssim": 0.8734705165123092,
    "dice": 0.13755361884659903
  }
}