{
  "image_name": "uploaded",
  "timestamp": "2026-04-19T18:21:40.022442",
  "total_time": 18.749536991119385,
  "best_overall_algo": "HYBRID-PA5",
  "best_overall_f": -37.42908985818155,
  "best_overall_entropy": 37.42908985818155,
  "results": {
    "GWO": {
      "entropy": 36.09884382695741,
      "time": 2.1564502716064453,
      "metrics": {
        "psnr": 31.15087880764107,
        "ssim": 0.895685718301849,
        "dice": 0.10908259502715062
      }
    },
    "WOA": {
      "entropy": 37.00906259528967,
      "time": 2.0791633129119873,
      "metrics": {
        "psnr": 31.337113010303185,
        "ssim": 0.8809154536841035,
        "dice": 0.11438080840042658
      }
    },
    "PSO": {
      "entropy": 37.383605843859534,
      "time": 4.551034212112427,
      "metrics": {
        "psnr": 31.968604420836396,
        "ssim": 0.8918579510540294,
        "dice": 0.1142080683284424
      }
    },
    "OTSU": {
      "entropy": 37.42202483692165,
      "time": 0.0020170211791992188,
      "metrics": {
        "psnr": 31.90135290997769,
        "ssim": 0.8896196094601938,
        "dice": 0.113621239186018
      }
    },
    "HYBRID-PA5": {
      "entropy": 37.42908985818155,
      "time": 4.285035133361816,
      "metrics": {
        "psnr": 31.439519647328286,
        "ssim": 0.8797152514931649,
        "dice": 0.11030174417911516
      }
    },
    "HYBRID-PA6": {
      "entropy": 37.06125770591777,
      "time": 2.030921220779419,
      "metrics": {
        "psnr": 32.154204496456586,
        "ssim": 0.9103792348411712,
        "dice": 0.11465010097462464
      }
    }
  }
}