{
  "algorithm": "GWO",
  "thresholds": [
    21,
    36,
    51,
    67,
    85,
    107,
    135,
    169,
    202,
    230
  ],
  "best_f": -36.62674312498493,
  "entropy": 36.62674312498493,
  "time": 2.373894453048706,
  "metrics": {
    "psnr": 30.719562320585826,
    "ssim": 0.9184613388421601,
    "dice": 0.21812976360892947
  }
}