{
  "algorithm": "HYBRID-PA5",
  "thresholds": [
    24,
    48,
    73,
    99,
    125,
    151,
    177,
    201,
    224,
    247
  ],
  "best_f": -35.68368728740387,
  "entropy": 35.68368728740387,
  "time": 32.801812410354614,
  "metrics": {
    "psnr": 32.63476455658743,
    "ssim": 0.9244875010924576,
    "boundary_dsc": 0.30005727376861396
  }
}