{
  "algorithm": "HYBRID-PA6",
  "thresholds": [
    32,
    54,
    76,
    93,
    111,
    129,
    155,
    183,
    210,
    234
  ],
  "best_f": -36.84311350517583,
  "entropy": 36.84311350517583,
  "time": 2.252474784851074,
  "metrics": {
    "psnr": 31.850395926986018,
    "ssim": 0.887329663013424,
    "boundary_dsc": 0.2821191391621311
  }
}