{
  "algorithm": "HYBRID-PA5",
  "thresholds": [
    33,
    55,
    74,
    93,
    113,
    136,
    159,
    183,
    208,
    232
  ],
  "best_f": -36.26630975841069,
  "entropy": 36.26630975841069,
  "time": 3.916857957839966,
  "metrics": {
    "psnr": 32.37833541546419,
    "ssim": 0.8683669632311585,
    "dice": 0.24468594584638054
  }
}