{
  "algorithm": "HYBRID-PA6",
  "thresholds": [
    47,
    70,
    89,
    108,
    128,
    148,
    169,
    191,
    213,
    234
  ],
  "best_f": -36.66933214828274,
  "entropy": 36.66933214828274,
  "time": 2.23089599609375,
  "metrics": {
    "psnr": 32.72882765832325,
    "ssim": 0.9302625673609004,
    "dice": 0.0943367331311832
  }
}