{
  "algorithm": "GWO",
  "thresholds": [
    11,
    24,
    38,
    53,
    77,
    103,
    133,
    165,
    196,
    227
  ],
  "best_f": -36.64223604307523,
  "entropy": 36.64223604307523,
  "time": 14.268381595611572,
  "metrics": {
    "psnr": 30.87999458891423,
    "ssim": 0.8946345513860956,
    "boundary_dsc": 0.3082180675255996
  }
}