{
  "algorithm": "GWO",
  "thresholds": [
    39,
    60,
    75,
    90,
    107,
    128,
    148,
    173,
    199,
    225
  ],
  "best_f": -36.11603452561667,
  "entropy": 36.11603452561667,
  "time": 2.359415292739868,
  "metrics": {
    "psnr": 32.26430145066121,
    "ssim": 0.867661974777597,
    "dice": 0.16820884898858862
  }
}