{
  "algorithm": "PSO",
  "thresholds": [
    28,
    50,
    72,
    94,
    116,
    137,
    161,
    185,
    208,
    231
  ],
  "best_f": -37.16181430321878,
  "entropy": 37.16181430321878,
  "time": 4.214022159576416,
  "metrics": {
    "psnr": 32.224118859000505,
    "ssim": 0.8958825768104753,
    "boundary_dsc": 0.2277575742833165
  }
}