{
  "algorithm": "GWO",
  "thresholds": [
    81,
    96,
    110,
    129,
    138,
    145,
    154,
    157,
    166,
    174
  ],
  "best_f": -0.04619112987601598,
  "entropy": 0.04619112987601598,
  "time": 16.937108516693115,
  "metrics": {
    "psnr": 14.506232396311017,
    "ssim": 0.6187570816335043,
    "dice": 0.24054001427922372
  }
}