{
  "algorithm": "WOA",
  "thresholds": [
    50,
    90,
    119,
    148,
    177,
    216
  ],
  "best_f": -25.79717324204363,
  "entropy": 25.79717324204363,
  "time": 1.7800688743591309,
  "metrics": {
    "psnr": 29.07951794083914,
    "ssim": 0.8087318432773536,
    "dice": 0.25505487472444116
  }
}