{
  "algorithm": "WOA",
  "thresholds": [
    15,
    42,
    69,
    96,
    123,
    147,
    171,
    192,
    213,
    234
  ],
  "best_f": -37.9889496440065,
  "entropy": 37.9889496440065,
  "time": 2.588590145111084,
  "metrics": {
    "psnr": 31.122020405561827,
    "ssim": 0.9128314916514155,
    "dice": 0.18922281863346138
  }
}