{
  "algorithm": "WOA",
  "thresholds": [
    33,
    55,
    77,
    99,
    121,
    145,
    169,
    192,
    213,
    234
  ],
  "best_f": -37.164036684928064,
  "entropy": 37.164036684928064,
  "time": 2.6154725551605225,
  "metrics": {
    "psnr": 31.045730550937986,
    "ssim": 0.8918451924108032,
    "dice": 0.17033143029412318
  }
}