{
  "algorithm": "HYBRID-PA5",
  "thresholds": [
    38,
    66,
    88,
    110,
    131,
    152,
    174,
    196,
    218,
    240
  ],
  "best_f": -35.579146356668204,
  "entropy": 35.579146356668204,
  "time": 4.217263221740723,
  "metrics": {
    "psnr": 32.278659464138826,
    "ssim": 0.8909064398945077,
    "dice": 0.1751323915942667
  }
}