{
  "algorithm": "WOA",
  "thresholds": [
    23,
    50,
    77,
    104,
    130,
    155,
    180,
    205,
    230
  ],
  "best_f": -35.321158592357406,
  "entropy": 35.321158592357406,
  "time": 1.9238131046295166,
  "metrics": {
    "psnr": 31.239028359636304,
    "ssim": 0.8853269822455226,
    "dice": 0.20201801313740095
  }
}