{
  "algorithm": "HYBRID-PA4",
  "thresholds": [
    12,
    29,
    40,
    61,
    76,
    97,
    121,
    144,
    170,
    191
  ],
  "best_f": -0.04499527416009802,
  "entropy": 0.04499527416009802,
  "time": 8.26811695098877,
  "metrics": {
    "psnr": 16.769758698387353,
    "ssim": 0.8399314389561483,
    "dice": 0.13841933824789987
  }
}