{
  "algorithm": "HYBRID-PA5",
  "thresholds": [
    29,
    53,
    74,
    95,
    116,
    139,
    163,
    188,
    211,
    233
  ],
  "best_f": -36.01311295189829,
  "entropy": 36.01311295189829,
  "time": 4.318448066711426,
  "metrics": {
    "psnr": 35.71387369998393,
    "ssim": 0.9458261787966612,
    "dice": 0.2405089551206694
  }
}