{
  "algorithm": "GWO",
  "thresholds": [
    37,
    58,
    76,
    93,
    111,
    131,
    151,
    173,
    206,
    230
  ],
  "best_f": -36.140992896997695,
  "entropy": 36.140992896997695,
  "time": 2.3743066787719727,
  "metrics": {
    "psnr": 24.752358046759376,
    "ssim": 0.8254205240087064,
    "dice": 0.25649295213522794
  }
}