{
  "algorithm": "HYBRID-PA5",
  "thresholds": [
    25,
    49,
    74,
    101,
    128,
    154,
    180,
    206,
    232
  ],
  "best_f": -34.5065013863269,
  "entropy": 34.5065013863269,
  "time": 4.3186728954315186,
  "metrics": {
    "psnr": 31.777163816390676,
    "ssim": 0.9463075573519399,
    "dice": 0.22588823752108023
  }
}