{
  "image_name": "uploaded",
  "timestamp": "2026-04-18T09:07:24.598435",
  "total_time": 18.387553691864014,
  "best_overall_algo": "PSO",
  "best_overall_f": -28.639955239985,
  "best_overall_entropy": 28.639955239985,
  "results": {
    "GWO": {
      "entropy": 28.567095517614923,
      "time": 2.0954670906066895,
      "metrics": {
        "psnr": 23.846747647534063,
        "ssim": 0.7810467020349984,
        "dice": 0.24567964921330926
      }
    },
    "WOA": {
      "entropy": 28.635623762182064,
      "time": 2.0324292182922363,
      "metrics": {
        "psnr": 22.110389342179253,
        "ssim": 0.7562743539634992,
        "dice": 0.23749892786688395
      }
    },
    "PSO": {
      "entropy": 28.639955239985,
      "time": 4.0318872928619385,
      "metrics": {
        "psnr": 21.267211278161643,
        "ssim": 0.7414779637836201,
        "dice": 0.23086259573933787
      }
    },
    "OTSU": {
      "entropy": 28.608239469064465,
      "time": 0.0021295547485351562,
      "metrics": {
        "psnr": 24.499927980798624,
        "ssim": 0.7718451191899379,
        "dice": 0.23668043528400395
      }
    },
    "HYBRID-PA5": {
      "entropy": 28.59699672725995,
      "time": 4.208549976348877,
      "metrics": {
        "psnr": 24.067707012146112,
        "ssim": 0.7554427538000266,
        "dice": 0.23321167113230237
      }
    },
    "HYBRID-PA6": {
      "entropy": 28.611252195300132,
      "time": 2.101268768310547,
      "metrics": {
        "psnr": 21.930184425356206,
        "ssim": 0.7556659704746168,
        "dice": 0.24109972244683872
      }
    }
  }
}