{
  "algorithm": "HYBRID-PA6",
  "thresholds": [
    34,
    62,
    88,
    112,
    133,
    152,
    173,
    193,
    213,
    234
  ],
  "best_f": -36.200447850403975,
  "entropy": 36.200447850403975,
  "time": 2.119231939315796,
  "metrics": {
    "psnr": 32.443949577799245,
    "ssim": 0.9267553587801631,
    "dice": 0.1772506481509074
  }
}