{
  "algorithm": "OTSU",
  "thresholds": [
    30,
    51,
    73,
    97,
    119,
    147,
    174,
    192,
    207,
    221
  ],
  "best_f": -36.1475222518191,
  "entropy": 36.1475222518191,
  "time": 0.46793580055236816,
  "metrics": {
    "psnr": 33.12266127185515,
    "ssim": 0.9052691751859768,
    "boundary_dsc": 0.3452494619131617
  }
}