{
  "algorithm": "OTSU",
  "thresholds": [
    24,
    43,
    61,
    79,
    98,
    118,
    140,
    164,
    190,
    221
  ],
  "best_f": -37.4366852875211,
  "entropy": 37.4366852875211,
  "time": 0.4789245128631592,
  "metrics": {
    "psnr": 32.26591412260984,
    "ssim": 0.9343963024406149,
    "boundary_dsc": 0.20718585023033725
  }
}