{
  "image_name": "uploaded",
  "timestamp": "2026-04-21T16:45:55.958893",
  "total_time": 56.39953970909119,
  "best_overall_algo": "WOA",
  "best_overall_f": -37.8056689563703,
  "best_overall_entropy": 37.8056689563703,
  "results": {
    "GWO": {
      "entropy": 36.47717973024556,
      "time": 8.44036054611206,
      "metrics": {
        "psnr": 30.60688766264616,
        "ssim": 0.9069126820608484,
        "boundary_dsc": 0.12899568270027473
      }
    },
    "WOA": {
      "entropy": 37.8056689563703,
      "time": 9.232903718948364,
      "metrics": {
        "psnr": 31.708756606490397,
        "ssim": 0.912755222170504,
        "boundary_dsc": 0.12881448610906643
      }
    },
    "PSO": {
      "entropy": 37.802928471485245,
      "time": 16.996370553970337,
      "metrics": {
        "psnr": 31.518161685012018,
        "ssim": 0.9100729256883034,
        "boundary_dsc": 0.12643016938318952
      }
    },
    "OTSU": {
      "entropy": 37.656745356428424,
      "time": 0.4792747497558594,
      "metrics": {
        "psnr": 31.848870119938503,
        "ssim": 0.9175811690861913,
        "boundary_dsc": 0.12781554462579492
      }
    },
    "HYBRID-PA5": {
      "entropy": 37.75448225419929,
      "time": 8.955323219299316,
      "metrics": {
        "psnr": 31.581033916350577,
        "ssim": 0.9123557178847299,
        "boundary_dsc": 0.12853126823317243
      }
    },
    "HYBRID-PA6": {
      "entropy": 37.43378179317393,
      "time": 8.93588376045227,
      "metrics": {
        "psnr": 31.642192391676886,
        "ssim": 0.9169296607312324,
        "boundary_dsc": 0.1313577734677223
      }
    }
  }
}