{
  "algorithm": "HYBRID-PA6",
  "thresholds": [
    35,
    59,
    81,
    102,
    123,
    145,
    167,
    189,
    211,
    233
  ],
  "best_f": -36.439681585105546,
  "entropy": 36.439681585105546,
  "time": 2.223054885864258,
  "metrics": {
    "psnr": 33.0977807812328,
    "ssim": 0.8758462255966543,
    "dice": 0.23996894519532766
  }
}