{
  "algorithm": "WOA",
  "mode": "single_image_multi_seed",
  "seed": 45,
  "thresholds": [
    23,
    46,
    69,
    92,
    115,
    138,
    161,
    184,
    207,
    229
  ],
  "best_f": -37.0646633566189,
  "entropy": 37.065032323812936,
  "time": 14.87674331665039,
  "metrics": {
    "boundary_dsc": 0.1969298883087553,
    "psnr": 31.662758126524913,
    "ssim": 0.9130059498072224,
    "boundary_dsc_mean": 0.19603945655752197,
    "boundary_dsc_sd": 0.001424344078187791,
    "fe_mean": 36.99084607482112,
    "fe_sd": 0.05068050121658057,
    "psnr_mean": 31.805732019704028,
    "psnr_sd": 0.3213295763290288,
    "ssim_mean": 0.9175921919170793,
    "ssim_sd": 0.006135679117012701,
    "time_mean": 14.70176010131836,
    "time_sd": 0.44124921547871937,
    "n_runs": 5
  }
}