{
  "algorithm": "PSO",
  "thresholds": [
    17,
    34,
    54,
    77,
    101,
    125,
    153,
    180,
    206,
    230
  ],
  "best_f": -37.49790111158921,
  "entropy": 37.49790111158921,
  "time": 4.0490875244140625,
  "metrics": {
    "psnr": 31.71688252273468,
    "ssim": 0.9246429158511461,
    "boundary_dsc": 0.2131726394488522
  }
}