{
  "algorithm": "GWO",
  "thresholds": [
    9,
    21,
    37,
    56,
    82,
    109,
    137,
    165,
    193,
    223
  ],
  "best_f": -36.984290256721295,
  "entropy": 36.984290256721295,
  "time": 14.163596153259277,
  "metrics": {
    "psnr": 31.15326386404966,
    "ssim": 0.8950251249326311,
    "boundary_dsc": 0.20237676675339286
  }
}