{
  "algorithm": "OTSU",
  "thresholds": [
    26,
    51,
    76,
    102,
    128,
    153,
    178,
    204,
    230
  ],
  "best_f": -35.36404211518,
  "entropy": 35.36404211518,
  "time": 0.008331060409545898,
  "metrics": {
    "psnr": 31.298151368482795,
    "ssim": 0.8840816112533432,
    "dice": 0.2028021911465834
  }
}