{
  "algorithm": "GWO",
  "thresholds": [
    55,
    98,
    136,
    175,
    215
  ],
  "best_f": -23.01866843982506,
  "entropy": 23.01866843982506,
  "time": 1.7309050559997559,
  "metrics": {
    "psnr": 28.128474697219282,
    "ssim": 0.791219727289185,
    "dice": 0.2510464496816256
  }
}