{
  "algorithm": "GWO",
  "thresholds": [
    7,
    21,
    34,
    48,
    68,
    90,
    115,
    142,
    171,
    201
  ],
  "best_f": -35.59643604163805,
  "entropy": 35.59643604163805,
  "time": 2.4419236183166504,
  "metrics": {
    "psnr": 31.72522123404933,
    "ssim": 0.9243801667585756,
    "dice": 0.16046838127669744
  }
}