{
  "algorithm": "HYBRID-PA5",
  "thresholds": [
    29,
    58,
    79,
    100,
    121,
    142,
    163,
    185,
    208,
    231
  ],
  "best_f": -37.225107492238216,
  "entropy": 37.225107492238216,
  "time": 4.886917352676392,
  "metrics": {
    "psnr": 32.04897925933804,
    "ssim": 0.9030854980386624,
    "dice": 0.15853585358535854
  }
}