{
  "algorithm": "PSO",
  "thresholds": [
    25,
    44,
    63,
    81,
    100,
    119,
    141,
    164,
    189,
    215
  ],
  "best_f": -36.92349108119508,
  "entropy": 36.92349108119508,
  "time": 3.952113389968872,
  "metrics": {
    "psnr": 33.0185330365626,
    "ssim": 0.9465222934256677,
    "dice": 0.21023130170521695
  }
}