{
  "algorithm": "WOA",
  "thresholds": [
    44,
    88,
    132,
    173,
    214
  ],
  "best_f": -23.915497403948716,
  "entropy": 23.915497403948716,
  "time": 1.8819770812988281,
  "metrics": {
    "psnr": 26.756607160835976,
    "ssim": 0.8203387627490061,
    "dice": 0.11279319331595891
  }
}