{
  "algorithm": "HYBRID-PA6",
  "thresholds": [
    28,
    54,
    78,
    97,
    117,
    136,
    157,
    178,
    202,
    227
  ],
  "best_f": -36.22838046580296,
  "entropy": 36.22838046580296,
  "time": 2.31252384185791,
  "metrics": {
    "psnr": 31.887899203390685,
    "ssim": 0.9189357058604498,
    "dice": 0.09396540787414893
  }
}