{
  "algorithm": "PSO",
  "thresholds": [
    38,
    69,
    100,
    127,
    154,
    180,
    208,
    232
  ],
  "best_f": -31.345147660115213,
  "entropy": 31.345147660115213,
  "time": 3.5411293506622314,
  "metrics": {
    "psnr": 30.985609054818973,
    "ssim": 0.8454430038932861,
    "dice": 0.24848259630868327
  }
}