{
  "algorithm": "PSO",
  "thresholds": [
    19,
    37,
    55,
    73,
    91,
    109,
    127,
    148,
    169,
    193
  ],
  "best_f": -35.501615093575275,
  "entropy": 35.501615093575275,
  "time": 4.282244443893433,
  "metrics": {
    "psnr": 34.17703018338142,
    "ssim": 0.9406344879647898,
    "boundary_dsc": 0.1855091301325968
  }
}