{
  "algorithm": "OTSU",
  "thresholds": [
    23,
    46,
    70,
    93,
    116,
    139,
    162,
    185,
    209,
    232
  ],
  "best_f": -35.83488445012949,
  "entropy": 35.83488445012949,
  "time": 0.0020132064819335938,
  "metrics": {
    "psnr": 31.99809824732018,
    "ssim": 0.890000499371261,
    "dice": 0.17511175706326662
  }
}