{
  "algorithm": "OTSU",
  "thresholds": [
    39,
    53,
    69,
    85,
    101,
    118,
    135,
    153,
    173,
    196
  ],
  "best_f": -35.511587534643816,
  "entropy": 35.511587534643816,
  "time": 0.44747304916381836,
  "metrics": {
    "psnr": 33.80379673960639,
    "ssim": 0.9594577941288843,
    "boundary_dsc": 0.25039786974714895
  }
}