{
  "algorithm": "HYBRID-PA6",
  "thresholds": [
    34,
    61,
    88,
    112,
    135,
    158,
    183,
    208,
    232
  ],
  "best_f": -33.935018179646676,
  "entropy": 33.935018179646676,
  "time": 2.197265386581421,
  "metrics": {
    "psnr": 32.01325687138937,
    "ssim": 0.8619980133578483,
    "dice": 0.24631782945736433
  }
}