{
  "algorithm": "OTSU",
  "thresholds": [
    23,
    46,
    70,
    93,
    116,
    139,
    162,
    185,
    209,
    232
  ],
  "best_f": -36.194571031347515,
  "entropy": 36.194571031347515,
  "time": 0.003547191619873047,
  "metrics": {
    "psnr": 31.8648806766298,
    "ssim": 0.9048681025658831,
    "dice": 0.13773301998149665
  }
}