{
  "algorithm": "OTSU",
  "thresholds": [
    23,
    46,
    70,
    93,
    116,
    139,
    162,
    185,
    209,
    232
  ],
  "best_f": -35.75366362433539,
  "entropy": 35.75366362433539,
  "time": 0.0014426708221435547,
  "metrics": {
    "psnr": 32.02360830330577,
    "ssim": 0.8566773393676379,
    "dice": 0.1598144419238906
  }
}