{
  "algorithm": "PA6",
  "mode": "single_image_multi_seed",
  "seed": 42,
  "thresholds": [
    18,
    39,
    63,
    87,
    113,
    139,
    165,
    189,
    212,
    234
  ],
  "best_f": -37.65827766113982,
  "entropy": 37.67022528073784,
  "time": 15.568856239318848,
  "metrics": {
    "boundary_dsc": 0.13982581629904528,
    "psnr": 31.144727924836722,
    "ssim": 0.8646874806807863,
    "boundary_dsc_mean": 0.1360028533901145,
    "boundary_dsc_sd": 0.005406485994259204,
    "fe_mean": 37.57523159875397,
    "fe_sd": 0.13434135340133932,
    "psnr_mean": 31.38371155165605,
    "psnr_sd": 0.3379738862330019,
    "ssim_mean": 0.8734666943147578,
    "ssim_sd": 0.012415682988133352,
    "time_mean": 14.996033906936646,
    "time_sd": 0.8100931112850992,
    "n_runs": 2
  }
}