{
  "algorithm": "GWO",
  "thresholds": [
    63,
    89,
    107,
    130,
    135,
    142,
    163,
    202,
    223,
    243
  ],
  "best_f": -34.264144283187825,
  "entropy": 34.264144283187825,
  "time": 2.223824977874756,
  "metrics": {
    "psnr": 29.882469645880356,
    "ssim": 0.8580578840027254,
    "dice": 0.29127725856697817
  }
}