{
  "algorithm": "HYBRID-PA6",
  "thresholds": [
    47,
    91,
    118,
    146,
    176,
    207,
    231
  ],
  "best_f": -28.611252195300132,
  "entropy": 28.611252195300132,
  "time": 2.261143922805786,
  "metrics": {
    "psnr": 29.44766230695607,
    "ssim": 0.817453970322528,
    "dice": 0.24109972244683872
  }
}