{
  "algorithm": "HYBRID-PA5",
  "thresholds": [
    40,
    64,
    87,
    109,
    130,
    150,
    169,
    190,
    211,
    232
  ],
  "best_f": -36.6218245894297,
  "entropy": 36.6218245894297,
  "time": 4.436664819717407,
  "metrics": {
    "psnr": 32.60890397653792,
    "ssim": 0.9011455489945164,
    "dice": 0.17515219464149123
  }
}