{
  "algorithm": "HYBRID-PA5",
  "thresholds": [
    21,
    43,
    66,
    90,
    114,
    134,
    157,
    183,
    209,
    232
  ],
  "best_f": -37.687148046983225,
  "entropy": 37.687148046983225,
  "time": 8.636412143707275,
  "metrics": {
    "psnr": 31.814473494513727,
    "ssim": 0.9504328053806754,
    "boundary_dsc": 0.1512836050309632
  }
}