{
  "algorithm": "HYBRID-PA5",
  "thresholds": [
    44,
    66,
    88,
    110,
    132,
    153,
    174,
    195,
    215,
    235
  ],
  "best_f": -36.50261460535568,
  "entropy": 36.50261460535568,
  "time": 4.851445198059082,
  "metrics": {
    "psnr": 32.36829349513285,
    "ssim": 0.8562377191788266,
    "dice": 0.13192643595934306
  }
}