{
  "algorithm": "HYBRID-PA6",
  "thresholds": [
    46,
    69,
    88,
    107,
    128,
    149,
    171,
    193,
    214,
    235
  ],
  "best_f": -36.11323939714293,
  "entropy": 36.11323939714293,
  "time": 15.298491954803467,
  "metrics": {
    "psnr": 32.683402633133696,
    "ssim": 0.8914248414677863,
    "boundary_dsc": 0.23886370853662056
  }
}