{
  "algorithm": "WOA",
  "thresholds": [
    45,
    57,
    68,
    84,
    105,
    122,
    129,
    142,
    149,
    162
  ],
  "best_f": -0.043275209096836645,
  "entropy": 0.043275209096836645,
  "time": 22.008545398712158,
  "metrics": {
    "psnr": 17.005471017423012,
    "ssim": 0.7366519379729034,
    "dice": 0.22996319708511131
  }
}