{
  "algorithm": "PSO",
  "thresholds": [
    22,
    45,
    68,
    92,
    117,
    143,
    165,
    186,
    209,
    232
  ],
  "best_f": -38.008891908258114,
  "entropy": 38.008891908258114,
  "time": 4.0273597240448,
  "metrics": {
    "psnr": 31.568685018122324,
    "ssim": 0.9360530990160478,
    "dice": 0.13966147385883512
  }
}