{
  "algorithm": "WOA",
  "thresholds": [
    49,
    111,
    150,
    189,
    228
  ],
  "best_f": -23.396828746343857,
  "entropy": 23.396828746343857,
  "time": 1.8181252479553223,
  "metrics": {
    "psnr": 25.9014303397227,
    "ssim": 0.7277856963507726,
    "dice": 0.18785321977234737
  }
}