{
  "algorithm": "GWO",
  "thresholds": [
    33,
    43,
    53,
    63,
    79,
    99,
    124,
    149,
    179,
    215
  ],
  "best_f": -34.56211254677609,
  "entropy": 34.56211254677609,
  "time": 1.0410990715026855,
  "metrics": {
    "psnr": 30.398365131673767,
    "ssim": 0.8389141106534012,
    "dice": 0.2592171512100049
  }
}