{
  "algorithm": "HYBRID-PA6",
  "thresholds": [
    49,
    71,
    94,
    117,
    137,
    158,
    177,
    196,
    215,
    235
  ],
  "best_f": -35.847594191399715,
  "entropy": 35.847594191399715,
  "time": 2.172280788421631,
  "metrics": {
    "psnr": 32.57046562731406,
    "ssim": 0.9159154323053545,
    "boundary_dsc": 0.10988269323477423
  }
}