{
  "algorithm": "GWO",
  "thresholds": [
    11,
    22,
    37,
    57,
    84,
    111,
    137,
    163,
    193,
    223
  ],
  "best_f": -36.83671448368279,
  "entropy": 36.83671448368279,
  "time": 2.052576780319214,
  "metrics": {
    "psnr": 31.501160231461903,
    "ssim": 0.8997065919467636,
    "dice": 0.28184391940787384
  }
}