{
  "algorithm": "PSO",
  "thresholds": [
    26,
    42,
    57,
    75,
    96,
    118,
    140,
    164,
    188,
    213
  ],
  "best_f": -36.065042795723144,
  "entropy": 36.065042795723144,
  "time": 4.0823047161102295,
  "metrics": {
    "psnr": 30.323817569809513,
    "ssim": 0.8752187798197882,
    "dice": 0.26225091872739786
  }
}