{
  "config": {
    "eval_mode": "single_image_multi_seed",
    "image_id": "101027",
    "k": 10,
    "seeds": [
      42,
      43,
      44,
      45,
      46
    ],
    "n_agents": 30,
    "n_iters": 80,
    "use_penalties": false,
    "penalty_mode": null,
    "n_images": 1,
    "algorithms": [
      "GWO",
      "WOA",
      "PSO",
      "OTSU",
      "PA5",
      "PA6"
    ],
    "image_path": "dataset/BDS500/images\\test\\101027.jpg",
    "gt_path": "dataset/BDS500/ground_truth\\test\\101027.mat"
  },
  "summary_statistics": {
    "GWO": {
      "n_runs": 5,
      "n_images": 1,
      "n_seeds": 5,
      "dice_mean": 0.11576037456131134,
      "dice_std": 0.0035034699317057173,
      "dice_min": 0.10908259502715062,
      "dice_max": 0.11862562893794479,
      "iou_mean": 0.06143978313766113,
      "iou_std": 0.0019693076825728277,
      "fe_mean": 36.50610332702679,
      "fe_std": 0.2722469759129557,
      "psnr_mean": 31.600639490050828,
      "psnr_std": 0.3399274011281564,
      "ssim_mean": 0.8991976745944606,
      "ssim_std": 0.007216490866313978,
      "time_mean": 2.3912599086761475,
      "time_std": 0.24709030418385472,
      "conv_mean": 64.0,
      "conv_std": 31.003225638633154
    },
    "WOA": {
      "n_runs": 5,
      "n_images": 1,
      "n_seeds": 5,
      "dice_mean": 0.11331558950354843,
      "dice_std": 0.0009279176072027418,
      "dice_min": 0.11179626811884359,
      "dice_max": 0.11438080840042658,
      "iou_mean": 0.06006095800874367,
      "iou_std": 0.0005212219904018472,
      "fe_mean": 37.32830631556213,
      "fe_std": 0.16086084889802826,
      "psnr_mean": 31.86285072692063,
      "psnr_std": 0.3155060381880046,
      "ssim_mean": 0.8908127992373556,
      "ssim_std": 0.006932131808248302,
      "time_mean": 2.2434021472930907,
      "time_std": 0.14333763980119205,
      "conv_mean": 71.8,
      "conv_std": 7.984985911070851
    },
    "PSO": {
      "n_runs": 5,
      "n_images": 1,
      "n_seeds": 5,
      "dice_mean": 0.11240228813861468,
      "dice_std": 0.002724098742454098,
      "dice_min": 0.10776814550399456,
      "dice_max": 0.11520765007628453,
      "iou_mean": 0.05955000295025242,
      "iou_std": 0.0015275414278632072,
      "fe_mean": 37.325618721041145,
      "fe_std": 0.07688356524313075,
      "psnr_mean": 31.407496958599644,
      "psnr_std": 0.4216539243504731,
      "ssim_mean": 0.8798578243472495,
      "ssim_std": 0.0084338123145166,
      "time_mean": 4.290886497497558,
      "time_std": 0.27730413429522194,
      "conv_mean": 42.2,
      "conv_std": 5.67097875150313
    },
    "PA5": {
      "n_runs": 5,
      "n_images": 1,
      "n_seeds": 5,
      "dice_mean": 0.11326764235948114,
      "dice_std": 0.0017967485969328835,
      "dice_min": 0.11085466831636052,
      "dice_max": 0.11562021439509954,
      "iou_mean": 0.060034723952796944,
      "iou_std": 0.0010095483898835047,
      "fe_mean": 37.347470337203404,
      "fe_std": 0.13766022950429552,
      "psnr_mean": 31.638385207125474,
      "psnr_std": 0.3067744736037901,
      "ssim_mean": 0.8859062934698045,
      "ssim_std": 0.008106527156463247,
      "time_mean": 4.585536766052246,
      "time_std": 0.35449407877934436,
      "conv_mean": 79.0,
      "conv_std": 2.0
    },
    "PA6": {
      "n_runs": 5,
      "n_images": 1,
      "n_seeds": 5,
      "dice_mean": 0.11383531323888021,
      "dice_std": 0.0020930215916980703,
      "dice_min": 0.11097214873250276,
      "dice_max": 0.1166672426305422,
      "iou_mean": 0.06035410202784267,
      "iou_std": 0.0011766281061241447,
      "fe_mean": 37.1992663943041,
      "fe_std": 0.21509427173958182,
      "psnr_mean": 31.71912817891549,
      "psnr_std": 0.26367917634336097,
      "ssim_mean": 0.8894018382332718,
      "ssim_std": 0.008079882418792943,
      "time_mean": 2.3046779155731203,
      "time_std": 0.15085944347495106,
      "conv_mean": 79.0,
      "conv_std": 0.6324555320336759
    }
  },
  "wilcoxon": [
    {
      "base": "PA5",
      "challenger": "GWO",
      "metric": "dice",
      "mean_base": 0.11326764235948114,
      "mean_challenger": 0.11576037456131134,
      "delta_mean": -0.002492732201830203,
      "n": 5,
      "statistic": 2.0,
      "pvalue": 0.1875,
      "status": "ok"
    },
    {
      "base": "PA5",
      "challenger": "GWO",
      "metric": "iou",
      "mean_base": 0.060034723952796944,
      "mean_challenger": 0.06143978313766113,
      "delta_mean": -0.0014050591848641866,
      "n": 5,
      "statistic": 2.0,
      "pvalue": 0.1875,
      "status": "ok"
    },
    {
      "base": "PA5",
      "challenger": "GWO",
      "metric": "fe",
      "mean_base": 37.347470337203404,
      "mean_challenger": 36.50610332702679,
      "delta_mean": 0.8413670101766115,
      "n": 5,
      "statistic": 0.0,
      "pvalue": 0.0625,
      "status": "ok"
    },
    {
      "base": "PA5",
      "challenger": "GWO",
      "metric": "psnr",
      "mean_base": 31.638385207125474,
      "mean_challenger": 31.600639490050828,
      "delta_mean": 0.037745717074646024,
      "n": 5,
      "statistic": 6.0,
      "pvalue": 0.8125,
      "status": "ok"
    },
    {
      "base": "PA5",
      "challenger": "GWO",
      "metric": "ssim",
      "mean_base": 0.8859062934698045,
      "mean_challenger": 0.8991976745944606,
      "delta_mean": -0.01329138112465611,
      "n": 5,
      "statistic": 0.0,
      "pvalue": 0.0625,
      "status": "ok"
    },
    {
      "base": "PA5",
      "challenger": "WOA",
      "metric": "dice",
      "mean_base": 0.11326764235948114,
      "mean_challenger": 0.11331558950354843,
      "delta_mean": -4.794714406729239e-05,
      "n": 5,
      "statistic": 5.0,
      "pvalue": 0.625,
      "status": "ok"
    },
    {
      "base": "PA5",
      "challenger": "WOA",
      "metric": "iou",
      "mean_base": 0.060034723952796944,
      "mean_challenger": 0.06006095800874367,
      "delta_mean": -2.6234055946726398e-05,
      "n": 5,
      "statistic": 5.0,
      "pvalue": 0.625,
      "status": "ok"
    },
    {
      "base": "PA5",
      "challenger": "WOA",
      "metric": "fe",
      "mean_base": 37.347470337203404,
      "mean_challenger": 37.32830631556213,
      "delta_mean": 0.01916402164127362,
      "n": 5,
      "statistic": 7.0,
      "pvalue": 1.0,
      "status": "ok"
    },
    {
      "base": "PA5",
      "challenger": "WOA",
      "metric": "psnr",
      "mean_base": 31.638385207125474,
      "mean_challenger": 31.86285072692063,
      "delta_mean": -0.2244655197951566,
      "n": 5,
      "statistic": 6.0,
      "pvalue": 0.8125,
      "status": "ok"
    },
    {
      "base": "PA5",
      "challenger": "WOA",
      "metric": "ssim",
      "mean_base": 0.8859062934698045,
      "mean_challenger": 0.8908127992373556,
      "delta_mean": -0.004906505767551028,
      "n": 5,
      "statistic": 6.0,
      "pvalue": 0.8125,
      "status": "ok"
    },
    {
      "base": "PA5",
      "challenger": "PSO",
      "metric": "dice",
      "mean_base": 0.11326764235948114,
      "mean_challenger": 0.11240228813861468,
      "delta_mean": 0.0008653542208664627,
      "n": 5,
      "statistic": 4.0,
      "pvalue": 0.4375,
      "status": "ok"
    },
    {
      "base": "PA5",
      "challenger": "PSO",
      "metric": "iou",
      "mean_base": 0.060034723952796944,
      "mean_challenger": 0.05955000295025242,
      "delta_mean": 0.0004847210025445206,
      "n": 5,
      "statistic": 4.0,
      "pvalue": 0.4375,
      "status": "ok"
    },
    {
      "base": "PA5",
      "challenger": "PSO",
      "metric": "fe",
      "mean_base": 37.347470337203404,
      "mean_challenger": 37.325618721041145,
      "delta_mean": 0.021851616162258836,
      "n": 5,
      "statistic": 6.0,
      "pvalue": 0.8125,
      "status": "ok"
    },
    {
      "base": "PA5",
      "challenger": "PSO",
      "metric": "psnr",
      "mean_base": 31.638385207125474,
      "mean_challenger": 31.407496958599644,