{
  "image_name": "uploaded",
  "timestamp": "2026-04-19T19:15:10.073861",
  "total_time": 20.868711948394775,
  "best_overall_algo": "HYBRID-PA5",
  "best_overall_f": -36.462014720734985,
  "best_overall_entropy": 36.462014720734985,
  "results": {
    "GWO": {
      "entropy": 36.11603452561667,
      "time": 2.359415292739868,
      "metrics": {
        "psnr": 32.26430145066121,
        "ssim": 0.867661974777597,
        "dice": 0.16820884898858862
      }
    },
    "WOA": {
      "entropy": 36.43648083769091,
      "time": 2.5596923828125,
      "metrics": {
        "psnr": 32.06388546315371,
        "ssim": 0.8559079727140578,
        "dice": 0.16009593030369773
      }
    },
    "PSO": {
      "entropy": 36.45862254801781,
      "time": 5.069879770278931,
      "metrics": {
        "psnr": 32.0256332792267,
        "ssim": 0.8583212862166083,
        "dice": 0.15799260994517836
      }
    },
    "HYBRID-PA5": {
      "entropy": 36.462014720734985,
      "time": 4.563957691192627,
      "metrics": {
        "psnr": 32.124204298353945,
        "ssim": 0.8600346754593421,
        "dice": 0.16020400867513526
      }
    },
    "HYBRID-PA6": {
      "entropy": 36.37521336881653,
      "time": 2.5077171325683594,
      "metrics": {
        "psnr": 31.691299815536418,
        "ssim": 0.8568029026044418,
        "dice": 0.15916410571604178
      }
    }
  }
}