{
  "algorithm": "WOA",
  "mode": "single_image_multi_seed",
  "seed": 42,
  "thresholds": [
    32,
    57,
    78,
    99,
    120,
    141,
    163,
    185,
    207,
    231
  ],
  "best_f": -37.623359121098936,
  "entropy": 37.63407046820085,
  "time": 15.06022334098816,
  "metrics": {
    "boundary_dsc": 0.13479113633518341,
    "psnr": 32.45300909549576,
    "ssim": 0.8894545663749076,
    "boundary_dsc_mean": 0.13252367585697622,
    "boundary_dsc_sd": 0.003206673360425579,
    "fe_mean": 37.631786314452995,
    "fe_sd": 0.0032302812087566316,
    "psnr_mean": 31.870347909356234,
    "psnr_sd": 0.8240073517069082,
    "ssim_mean": 0.878662392471232,
    "ssim_sd": 0.015262438702067093,
    "time_mean": 14.883776068687439,
    "time_sd": 0.24953412553141707,
    "n_runs": 2
  }
}