{
  "algorithm": "OTSU",
  "thresholds": [
    50,
    68,
    85,
    102,
    119,
    136,
    155,
    178,
    205,
    236
  ],
  "best_f": -35.01059789623181,
  "entropy": 35.01059789623181,
  "time": 0.4421107769012451,
  "metrics": {
    "psnr": 33.43396192488261,
    "ssim": 0.916236827415592,
    "boundary_dsc": 0.16824210100240483
  }
}