{
  "algorithm": "PSO",
  "thresholds": [
    21,
    42,
    65,
    89,
    113,
    137,
    162,
    186,
    209,
    232
  ],
  "best_f": -37.383605843859534,
  "entropy": 37.383605843859534,
  "time": 4.551034212112427,
  "metrics": {
    "psnr": 31.968604420836396,
    "ssim": 0.8918579510540294,
    "dice": 0.1142080683284424
  }
}