{
  "algorithm": "PSO",
  "thresholds": [
    69,
    82,
    95,
    106,
    119,
    136,
    143,
    152,
    159,
    168
  ],
  "best_f": -0.044827870446665655,
  "entropy": 0.044827870446665655,
  "time": 31.59815263748169,
  "metrics": {
    "psnr": 15.248382223171946,
    "ssim": 0.5819294829776721,
    "dice": 0.09277109612768747
  }
}