{
  "algorithm": "GWO",
  "thresholds": [
    13,
    27,
    43,
    61,
    82,
    105,
    130,
    157,
    187,
    218
  ],
  "best_f": -36.15230306254836,
  "entropy": 36.15230306254836,
  "time": 2.4013419151306152,
  "metrics": {
    "psnr": 30.959629137555478,
    "ssim": 0.9063288008963339,
    "dice": 0.15519341881475943
  }
}