{
  "algorithm": "HYBRID-PA5",
  "thresholds": [
    41,
    61,
    81,
    101,
    122,
    143,
    164,
    184,
    204,
    224
  ],
  "best_f": -36.350289071717924,
  "entropy": 36.350289071717924,
  "time": 4.0800604820251465,
  "metrics": {
    "psnr": 30.81605159803892,
    "ssim": 0.8712267638289232,
    "dice": 0.26013037350246654
  }
}