{
  "mode": "single_image_multi_seed",
  "image_name": "202000.jpg",
  "timestamp": "2026-04-24T16:53:43.186457",
  "total_time": 215.09468984603882,
  "best_overall_algo": "OTSU",
  "best_overall_f": null,
  "best_overall_entropy": 36.27217412279007,
  "n_seeds": 2,
  "total_runs": 12,
  "results": {
    "GWO": {
      "boundary_dsc_mean": 0.13255556541537042,
      "boundary_dsc_sd": 0.0012552526795733732,
      "fe_mean": 37.035462060826305,
      "fe_sd": 0.04390625798322889,
      "psnr_mean": 31.142187122794294,
      "psnr_sd": 0.5892034445745783,
      "ssim_mean": 0.8733173527084266,
      "ssim_sd": 0.012368823567102363,
      "time_mean": 15.33395528793335,
      "time_sd": 0.964441951202543,
      "n_runs": 2
    },
    "WOA": {
      "boundary_dsc_mean": 0.13252367585697622,
      "boundary_dsc_sd": 0.003206673360425579,
      "fe_mean": 37.631786314452995,
      "fe_sd": 0.0032302812087566316,
      "psnr_mean": 31.870347909356234,
      "psnr_sd": 0.8240073517069082,
      "ssim_mean": 0.878662392471232,
      "ssim_sd": 0.015262438702067093,
      "time_mean": 14.883776068687439,
      "time_sd": 0.24953412553141707,
      "n_runs": 2
    },
    "PSO": {
      "boundary_dsc_mean": 0.14401537705581408,
      "boundary_dsc_sd": 0.0018190162015667012,
      "fe_mean": 37.68960440321251,
      "fe_sd": 0.05700700105675062,
      "psnr_mean": 32.17789447350424,
      "psnr_sd": 0.23334035955587143,
      "ssim_mean": 0.8853802073277017,
      "ssim_sd": 0.0015932798990669417,
      "time_mean": 30.691590189933777,
      "time_sd": 0.5059633068918223,
      "n_runs": 2
    },
    "OTSU": {
      "boundary_dsc_mean": 0.14757250862727536,
      "boundary_dsc_sd": 0.0,
      "fe_mean": 36.27217412279007,
      "fe_sd": 0.0,
      "psnr_mean": 34.31789538070628,
      "psnr_sd": 0.0,
      "ssim_mean": 0.9185351867533492,
      "ssim_sd": 0.0,
      "time_mean": 0.46313226222991943,
      "time_sd": 0.005472852572836612,
      "n_runs": 2
    },
    "PA5": {
      "boundary_dsc_mean": 0.1446440488768562,
      "boundary_dsc_sd": 0.00013824341617251764,
      "fe_mean": 37.76972571494491,
      "fe_sd": 0.03196612828779466,
      "psnr_mean": 31.693892126861883,
      "psnr_sd": 0.4354236647924715,
      "ssim_mean": 0.8742618455701441,
      "ssim_sd": 0.007268683389015897,
      "time_mean": 31.03038513660431,
      "time_sd": 1.154516314379155,
      "n_runs": 2
    },
    "PA6": {
      "boundary_dsc_mean": 0.1360028533901145,
      "boundary_dsc_sd": 0.005406485994259204,
      "fe_mean": 37.57523159875397,
      "fe_sd": 0.13434135340133932,
      "psnr_mean": 31.38371155165605,
      "psnr_sd": 0.3379738862330019,
      "ssim_mean": 0.8734666943147578,
      "ssim_sd": 0.012415682988133352,
      "time_mean": 14.996033906936646,
      "time_sd": 0.8100931112850992,
      "n_runs": 2
    }
  },
  "summary_statistics": {
    "GWO": {
      "n_runs": 2,
      "n_images": 1,
      "n_seeds": 2,
      "boundary_dsc_mean": 0.13255556541537042,
      "boundary_dsc_sd": 0.0012552526795733732,
      "fe_mean": 37.035462060826305,
      "fe_sd": 0.04390625798322889,
      "psnr_mean": 31.142187122794294,
      "psnr_sd": 0.5892034445745783,
      "ssim_mean": 0.8733173527084266,
      "ssim_sd": 0.012368823567102363,
      "time_mean": 15.33395528793335,
      "time_sd": 0.964441951202543
    },
    "WOA": {
      "n_runs": 2,
      "n_images": 1,
      "n_seeds": 2,
      "boundary_dsc_mean": 0.13252367585697622,
      "boundary_dsc_sd": 0.003206673360425579,
      "fe_mean": 37.631786314452995,
      "fe_sd": 0.0032302812087566316,
      "psnr_mean": 31.870347909356234,
      "psnr_sd": 0.8240073517069082,
      "ssim_mean": 0.878662392471232,
      "ssim_sd": 0.015262438702067093,
      "time_mean": 14.883776068687439,
      "time_sd": 0.24953412553141707
    },
    "PSO": {
      "n_runs": 2,
      "n_images": 1,
      "n_seeds": 2,
      "boundary_dsc_mean": 0.14401537705581408,
      "boundary_dsc_sd": 0.0018190162015667012,
      "fe_mean": 37.68960440321251,
      "fe_sd": 0.05700700105675062,
      "psnr_mean": 32.17789447350424,
      "psnr_sd": 0.23334035955587143,
      "ssim_mean": 0.8853802073277017,
      "ssim_sd": 0.0015932798990669417,
      "time_mean": 30.691590189933777,
      "time_sd": 0.5059633068918223
    },
    "OTSU": {
      "n_runs": 2,
      "n_images": 1,
      "n_seeds": 2,
      "boundary_dsc_mean": 0.14757250862727536,
      "boundary_dsc_sd": 0.0,
      "fe_mean": 36.27217412279007,
      "fe_sd": 0.0,
      "psnr_mean": 34.31789538070628,
      "psnr_sd": 0.0,
      "ssim_mean": 0.9185351867533492,
      "ssim_sd": 0.0,
      "time_mean": 0.46313226222991943,
      "time_sd": 0.005472852572836612
    },
    "PA5": {
      "n_runs": 2,
      "n_images": 1,
      "n_seeds": 2,
      "boundary_dsc_mean": 0.1446440488768562,
      "boundary_dsc_sd": 0.00013824341617251764,
      "fe_mean": 37.76972571494491,
      "fe_sd": 0.03196612828779466,
      "psnr_mean": 31.693892126861883,
      "psnr_sd": 0.4354236647924715,
      "ssim_mean": 0.8742618455701441,
      "ssim_sd": 0.007268683389015897,
      "time_mean": 31.03038513660431,
      "time_sd": 1.154516314379155
    },
    "PA6": {
      "n_runs": 2,
      "n_images": 1,
      "n_seeds": 2,
      "boundary_dsc_mean": 0.1360028533901145,
      "boundary_dsc_sd": 0.005406485994259204,
      "fe_mean": 37.57523159875397,
      "fe_sd": 0.13434135340133932,
      "psnr_mean": 31.38371155165605,
      "psnr_sd": 0.3379738862330019,
      "ssim_mean": 0.8734666943147578,
      "ssim_sd": 0.012415682988133352,
      "time_mean": 14.996033906936646,
      "time_sd": 0.8100931112850992
    }
  },
  "wilcoxon": [
    {
      "base": "PA5",
      "challenger": "GWO",
      "metric": "boundary_dsc",
      "mean_base": 0.1446440488768562,
      "mean_challenger": 0.13255556541537042,
      "delta_mean": 0.012088483461485777,
      "n": 2,
      "statistic": 0.0,
      "pvalue": 0.5,
      "status": "ok"
    },
    {
      "base": "PA5",
      "challenger": "GWO",
      "metric": "fe",
      "mean_base": 37.76972571494491,
      "mean_challenger": 37.035462060826305,
      "delta_mean": 0.7342636541186067,
      "n": 2,
      "statistic": 0.0,
      "pvalue": 0.5,
      "status": "ok"
    },
    {
      "base": "PA5",
      "challenger": "GWO",
      "metric": "psnr",
      "mean_base": 31.693892126861883,
      "mean_challenger": 31.142187122794294,
      "delta_mean": 0.551705004067589,
      "n": 2,
      "statistic": 1.0,
      "pvalue": 1.0,
      "status": "ok"
    },
    {
      "base": "PA5",
      "challenger": "GWO",
      "metric": "ssim",
      "mean_base": 0.8742618455701441,
      "mean_challenger": 0.8733173527084266,
      "delta_mean": 0.0009444928617174941,
      "n": 2,
      "statistic": 1.0,
      "pvalue": 1.0,
      "status": "ok"
    },
    {
      "base": "PA5",
      "challenger": "WOA",
      "metric": "boundary_dsc",
      "mean_base": 0.1446440488768562,
      "mean_challenger": 0.13252367585697622,
      "delta_mean": 0.012120373019879976,
      "n": 2,
      "statistic": 0.0,
      "pvalue": 0.5,
      "status": "ok"
    },
    {
      "base": "PA5",
      "challenger": "WOA",
      "metric": "fe",
      "mean_base": 37.76972571494491,
      "mean_challenger": 37.631786314452995,
      "delta_mean": 0.13793940049191633,
      "n": 2,
      "statistic": 0.0,
      "pvalue": 0.5,
      "status": "ok"
    },
    {
      "base": "PA5",
      "challenger": "WOA",
      "metric": "psnr",
      "mean_base": 31.693892126861883,
      "mean_challenger": 31.870347909356234,
      "delta_mean": -0.1764557824943509,
      "n": 2,
      "statistic": 1.0,
      "pvalue": 1.0,
      "status": "ok"
    },
    {
      "base": "PA5",
      "challenger": "WOA",
      "metric": "ssim",
      "mean_base": 0.8742618455701441,
      "mean_challenger": 0.878662392471232,
      "delta_mean": -0.004400546901087932,
      "n": 2,
      "statistic": 1.0,