{
  "algorithm": "HYBRID-PA2",
  "thresholds": [
    23,
    40,
    63,
    82,
    103,
    126,
    149,
    174,
    208,
    230
  ],
  "best_f": -0.044522414672861055,
  "entropy": 0.044522414672861055,
  "time": 18.467477798461914,
  "metrics": {
    "psnr": 26.208913664631723,
    "ssim": 0.8657426132185462,
    "dice": 0.3115473782863908
  }
}