{
  "algorithm": "HYBRID-PA6",
  "thresholds": [
    23,
    46,
    67,
    89,
    110,
    132,
    152,
    173,
    198,
    224
  ],
  "best_f": -37.30000036379541,
  "entropy": 37.30000036379541,
  "time": 14.946512222290039,
  "metrics": {
    "psnr": 32.100205970312736,
    "ssim": 0.8897207821346466,
    "boundary_dsc": 0.22863770296533134
  }
}