{
  "config": {
    "eval_mode": "single_image_multi_seed",
    "image_id": "8068",
    "k": 10,
    "seeds": [
      42,
      43,
      44,
      45,
      46,
      47,
      48,
      49,
      50,
      51
    ],
    "n_agents": 30,
    "n_iters": 80,
    "use_penalties": true,
    "penalty_mode": "light",
    "n_images": 1,
    "algorithms": [
      "GWO",
      "WOA",
      "PSO",
      "OTSU",
      "PA5",
      "PA6"
    ],
    "image_path": "dataset/BDS500/images\\test\\8068.jpg",
    "gt_path": "dataset/BDS500/ground_truth\\test\\8068.mat"
  },
  "summary_statistics": {
    "GWO": {
      "n_runs": 10,
      "n_images": 1,
      "n_seeds": 10,
      "boundary_dsc_mean": 0.1699635432649166,
      "boundary_dsc_sd": 0.007267059263677814,
      "fe_mean": 36.1705545100085,
      "fe_sd": 0.4118556659501237,
      "psnr_mean": 31.912648742707102,
      "psnr_sd": 0.46150956261985504,
      "ssim_mean": 0.854601146942908,
      "ssim_sd": 0.011135050939145371,
      "time_mean": 8.204439163208008,
      "time_sd": 0.36225253952442726
    },
    "WOA": {
      "n_runs": 10,
      "n_images": 1,
      "n_seeds": 10,
      "boundary_dsc_mean": 0.1849201793987844,
      "boundary_dsc_sd": 0.01559557105900824,
      "fe_mean": 36.72619958268122,
      "fe_sd": 0.1378226594028363,
      "psnr_mean": 32.022017946207015,
      "psnr_sd": 1.0111661362908413,
      "ssim_mean": 0.8403282423010399,
      "ssim_sd": 0.02128941842508406,
      "time_mean": 8.122887897491456,
      "time_sd": 0.3251093871785702
    },
    "PSO": {
      "n_runs": 10,
      "n_images": 1,
      "n_seeds": 10,
      "boundary_dsc_mean": 0.17559865561369475,
      "boundary_dsc_sd": 0.003729106966788896,
      "fe_mean": 36.77315139415095,
      "fe_sd": 0.09030998875327503,
      "psnr_mean": 32.34507795233721,
      "psnr_sd": 0.5440506462944403,
      "ssim_mean": 0.8474534193542516,
      "ssim_sd": 0.015911281111561957,
      "time_mean": 15.896367692947388,
      "time_sd": 0.5835339412669638
    },
    "OTSU": {
      "n_runs": 10,
      "n_images": 1,
      "n_seeds": 10,
      "boundary_dsc_mean": 0.13626615497488576,
      "boundary_dsc_sd": 2.925694557147251e-17,
      "fe_mean": 35.20386365536554,
      "fe_sd": 0.0,
      "psnr_mean": 34.408441388643205,
      "psnr_sd": 0.0,
      "ssim_mean": 0.9085420764487854,
      "ssim_sd": 1.1702778228589004e-16,
      "time_mean": 0.48254928588867185,
      "time_sd": 0.022175453158790437
    },
    "PA5": {
      "n_runs": 10,
      "n_images": 1,
      "n_seeds": 10,
      "boundary_dsc_mean": 0.17347063713412694,
      "boundary_dsc_sd": 0.007027205485365537,
      "fe_mean": 36.770265940577744,
      "fe_sd": 0.14296057491684358,
      "psnr_mean": 32.42361660594985,
      "psnr_sd": 0.4415446701128251,
      "ssim_mean": 0.8536895664564564,
      "ssim_sd": 0.01173661266571445,
      "time_mean": 8.542827463150024,
      "time_sd": 0.3417146595375621
    },
    "PA6": {
      "n_runs": 10,
      "n_images": 1,
      "n_seeds": 10,
      "boundary_dsc_mean": 0.17005298775017016,
      "boundary_dsc_sd": 0.008208883755442821,
      "fe_mean": 36.60609881429578,
      "fe_sd": 0.12846647568184666,
      "psnr_mean": 32.35175072870741,
      "psnr_sd": 0.42620906307432915,
      "ssim_mean": 0.8558277224297282,
      "ssim_sd": 0.011952964271869674,
      "time_mean": 8.270136046409608,
      "time_sd": 0.276311789429578
    }
  },
  "wilcoxon": [
    {
      "base": "PA5",
      "challenger": "GWO",
      "metric": "boundary_dsc",
      "mean_base": 0.17347063713412694,
      "mean_challenger": 0.1699635432649166,
      "delta_mean": 0.0035070938692103315,
      "n": 10,
      "statistic": 18.0,
      "pvalue": 0.375,
      "status": "ok"
    },
    {
      "base": "PA5",
      "challenger": "GWO",
      "metric": "fe",
      "mean_base": 36.770265940577744,
      "mean_challenger": 36.1705545100085,
      "delta_mean": 0.5997114305692435,
      "n": 10,
      "statistic": 0.0,
      "pvalue": 0.001953125,
      "status": "ok"
    },
    {
      "base": "PA5",
      "challenger": "GWO",
      "metric": "psnr",
      "mean_base": 32.42361660594985,
      "mean_challenger": 31.912648742707102,
      "delta_mean": 0.510967863242751,
      "n": 10,
      "statistic": 7.0,
      "pvalue": 0.037109375,
      "status": "ok"
    },
    {
      "base": "PA5",
      "challenger": "GWO",
      "metric": "ssim",
      "mean_base": 0.8536895664564564,
      "mean_challenger": 0.854601146942908,
      "delta_mean": -0.0009115804864515686,
      "n": 10,
      "statistic": 26.0,
      "pvalue": 0.921875,
      "status": "ok"
    },
    {
      "base": "PA5",
      "challenger": "WOA",
      "metric": "boundary_dsc",
      "mean_base": 0.17347063713412694,
      "mean_challenger": 0.1849201793987844,
      "delta_mean": -0.01144954226465747,
      "n": 10,
      "statistic": 7.0,
      "pvalue": 0.037109375,
      "status": "ok"
    },
    {
      "base": "PA5",
      "challenger": "WOA",
      "metric": "fe",
      "mean_base": 36.770265940577744,
      "mean_challenger": 36.72619958268122,
      "delta_mean": 0.04406635789652569,
      "n": 10,
      "statistic": 21.0,
      "pvalue": 0.556640625,
      "status": "ok"
    },
    {
      "base": "PA5",
      "challenger": "WOA",
      "metric": "psnr",
      "mean_base": 32.42361660594985,
      "mean_challenger": 32.022017946207015,
      "delta_mean": 0.40159865974283804,
      "n": 10,
      "statistic": 18.0,
      "pvalue": 0.375,
      "status": "ok"
    },
    {
      "base": "PA5",
      "challenger": "WOA",
      "metric": "ssim",
      "mean_base": 0.8536895664564564,
      "mean_challenger": 0.8403282423010399,
      "delta_mean": 0.013361324155416576,
      "n": 10,
      "statistic": 14.0,
      "pvalue": 0.193359375,
      "status": "ok"
    },
    {
      "base": "PA5",
      "challenger": "PSO",
      "metric": "boundary_dsc",
      "mean_base": 0.17347063713412694,
      "mean_challenger": 0.17559865561369475,
      "delta_mean": -0.0021280184795678114,
      "n": 10,
      "statistic": 22.0,
      "pvalue": 0.625,
      "status": "ok"
    },
    {
      "base": "PA5",
      "challenger": "PSO",
      "metric": "fe",
      "mean_base": 36.770265940577744,
      "mean_challenger": 36.77315139415095,
      "delta_mean": -0.0028854535732065756,
      "n": 10,
      "statistic": 26.0,
      "pvalue": 0.921875,
      "status": "ok"
    },
    {
      "base": "PA5",
      "challenger": "PSO",
      "metric": "psnr",
      "mean_base": 32.42361660594985,
      "mean_challenger": 32.34507795233721,
      "delta_mean": 0.07853865361263956,
      "n": 10,
      "statistic": 25.0,
      "pvalue": 0.845703125,
      "status": "ok"
    },
    {
      "base": "PA5",
      "challenger": "PSO",
      "metric": "ssim",
      "mean_base": 0.8536895664564564,
      "mean_challenger": 0.8474534193542516,
      "delta_mean": 0.006236147102204881,
      "n": 10,
      "statistic": 18.0,
      "pvalue": 0.375,
      "status": "ok"
    },
    {
      "base": "PA5",
      "challenger": "OTSU",
      "metric": "boundary_dsc",
      "mean_base": 0.17347063713412694,
      "mean_challenger": 0.13626615497488576,
      "delta_mean": 0.03720448215924119,
      "n": 10,
      "statistic": 0.0,
      "pvalue": 0.001953125,
      "status": "ok"
    },
    {
      "base": "PA5",
      "challenger": "OTSU",
      "metric": "fe",
      "mean_base": 36.770265940577744,
      "mean_challenger": 35.20386365536554,
      "delta_mean": 1.566402285212206,
      "n": 10,
      "statistic": 0.0,
      "pvalue": 0.001953125,
      "status": "ok"
    },
    {
      "base": "PA5",
      "challenger": "OTSU",
      "metric": "psnr",
      "mean_base": 32.42361660594985,
      "mean_challenger": 34.408441388643205,
      "delta_mean": -1.9848247826933516,
      "n": 10,
      "statistic": 0.0,
      "pvalue": 0.001953125,
      "status": "ok"
    },
    {
      "base": "PA5",
      "challenger": "OTSU",