{
  "algorithm": "PSO",
  "thresholds": [
    33,
    64,
    95,
    125,
    155,
    181,
    207,
    232
  ],
  "best_f": -30.77681347705766,
  "entropy": 30.77681347705766,
  "time": 4.163198232650757,
  "metrics": {
    "psnr": 34.27612351707246,
    "ssim": 0.9352916815502161,
    "dice": 0.24954945404431253
  }
}