{
  "algorithm": "PSO",
  "thresholds": [
    25,
    48,
    70,
    93,
    117,
    140,
    163,
    186,
    209,
    232
  ],
  "best_f": -37.90591792869755,
  "entropy": 37.90591792869755,
  "time": 3.9699440002441406,
  "metrics": {
    "psnr": 32.007764494182084,
    "ssim": 0.8965726375139906,
    "boundary_dsc": 0.20285619901913451
  }
}