{
  "algorithm": "HYBRID-PA5",
  "thresholds": [
    32,
    55,
    77,
    98,
    119,
    141,
    163,
    186,
    209,
    232
  ],
  "best_f": -37.68130137574971,
  "entropy": 37.68130137574971,
  "time": 4.279242515563965,
  "metrics": {
    "psnr": 31.48961022503576,
    "ssim": 0.9078636984921648,
    "dice": 0.2487732438016529
  }
}