{
  "image_name": "uploaded",
  "timestamp": "2026-04-19T23:59:49.556531",
  "total_time": 20.920114755630493,
  "best_overall_algo": "HYBRID-PA5",
  "best_overall_f": -37.92798861918269,
  "best_overall_entropy": 37.92798861918269,
  "results": {
    "GWO": {
      "entropy": 36.23542180336299,
      "time": 2.3709850311279297,
      "metrics": {
        "psnr": 31.18646717953022,
        "ssim": 0.8907489478282038,
        "boundary_dsc": 0.07792925108583766
      }
    },
    "WOA": {
      "entropy": 37.89174613959913,
      "time": 2.6247904300689697,
      "metrics": {
        "psnr": 31.887076177840235,
        "ssim": 0.8887645403396047,
        "boundary_dsc": 0.07182738022674631
      }
    },
    "PSO": {
      "entropy": 37.92279999406863,
      "time": 4.518446445465088,
      "metrics": {
        "psnr": 32.10931916935458,
        "ssim": 0.8946695969973595,
        "boundary_dsc": 0.07606388111550709
      }
    },
    "OTSU": {
      "entropy": 37.61487155609491,
      "time": 0.5277533531188965,
      "metrics": {
        "psnr": 32.263867960467174,
        "ssim": 0.9020313719242709,
        "boundary_dsc": 0.0732424422050978
      }
    },
    "HYBRID-PA5": {
      "entropy": 37.92798861918269,
      "time": 4.976865768432617,
      "metrics": {
        "psnr": 32.06775754953987,
        "ssim": 0.8944907699563148,
        "boundary_dsc": 0.07451701931922723
      }
    },
    "HYBRID-PA6": {
      "entropy": 37.43229655819272,
      "time": 2.1228737831115723,
      "metrics": {
        "psnr": 31.73050598601893,
        "ssim": 0.8895515899587996,
        "boundary_dsc": 0.07550931406142919
      }
    }
  }
}