{
  "image_name": "uploaded",
  "timestamp": "2026-04-21T16:48:33.434306",
  "total_time": 54.08287167549133,
  "best_overall_algo": "HYBRID-PA5",
  "best_overall_f": -35.644331750293865,
  "best_overall_entropy": 35.644331750293865,
  "results": {
    "GWO": {
      "entropy": 35.20994921927482,
      "time": 8.181770324707031,
      "metrics": {
        "psnr": 32.913423686574944,
        "ssim": 0.9376558919508116,
        "boundary_dsc": 0.19054887980863203
      }
    },
    "WOA": {
      "entropy": 35.53808614997132,
      "time": 8.391849279403687,
      "metrics": {
        "psnr": 32.112274387598426,
        "ssim": 0.923140932301097,
        "boundary_dsc": 0.19329438908251928
      }
    },
    "PSO": {
      "entropy": 35.41893677178406,
      "time": 16.686825275421143,
      "metrics": {
        "psnr": 33.00333473132224,
        "ssim": 0.936059893655402,
        "boundary_dsc": 0.18775297522122247
      }
    },
    "OTSU": {
      "entropy": 34.18007294461935,
      "time": 0.4278872013092041,
      "metrics": {
        "psnr": 34.49095830540217,
        "ssim": 0.958204550590474,
        "boundary_dsc": 0.18240822121560407
      }
    },
    "HYBRID-PA5": {
      "entropy": 35.644331750293865,
      "time": 8.606622219085693,
      "metrics": {
        "psnr": 32.09820694016725,
        "ssim": 0.9228311236955229,
        "boundary_dsc": 0.19196964036415834
      }
    },
    "HYBRID-PA6": {
      "entropy": 35.50463941267304,
      "time": 8.389544486999512,
      "metrics": {
        "psnr": 32.037164733453,
        "ssim": 0.9212920708436688,
        "boundary_dsc": 0.19022899567082607
      }
    }
  }
}