{
  "algorithm": "GWO",
  "thresholds": [
    53,
    75,
    92,
    108,
    126,
    144,
    165,
    186,
    209,
    232
  ],
  "best_f": -35.949614375711874,
  "entropy": 35.949614375711874,
  "time": 8.557627201080322,
  "metrics": {
    "psnr": 32.94679457907026,
    "ssim": 0.8993540330258675,
    "boundary_dsc": 0.17343669989163182
  }
}