{
  "image_name": "uploaded",
  "timestamp": "2026-04-21T16:44:02.482127",
  "total_time": 52.192129135131836,
  "best_overall_algo": "WOA",
  "best_overall_f": -35.97177156608523,
  "best_overall_entropy": 35.97177156608523,
  "results": {
    "GWO": {
      "entropy": 35.05897032009192,
      "time": 8.309452295303345,
      "metrics": {
        "psnr": 30.546688514267863,
        "ssim": 0.8575849220043288,
        "boundary_dsc": 0.1791014492753623
      }
    },
    "WOA": {
      "entropy": 35.97177156608523,
      "time": 7.8466784954071045,
      "metrics": {
        "psnr": 31.796239414936572,
        "ssim": 0.8685154068570594,
        "boundary_dsc": 0.19408524904214558
      }
    },
    "PSO": {
      "entropy": 35.73497312624535,
      "time": 16.21714687347412,
      "metrics": {
        "psnr": 31.947920929185752,
        "ssim": 0.8740865456648513,
        "boundary_dsc": 0.18998222130798278
      }
    },
    "OTSU": {
      "entropy": 34.979306925216264,
      "time": 0.4562973976135254,
      "metrics": {
        "psnr": 33.4416161060773,
        "ssim": 0.9058251157185009,
        "boundary_dsc": 0.18166096765318554
      }
    },
    "HYBRID-PA5": {
      "entropy": 35.734393645802456,
      "time": 8.034354209899902,
      "metrics": {
        "psnr": 31.29326049562942,
        "ssim": 0.8608986972533651,
        "boundary_dsc": 0.19063894139886578
      }
    },
    "HYBRID-PA6": {
      "entropy": 35.55259405327349,
      "time": 8.18587040901184,
      "metrics": {
        "psnr": 32.5367973241556,
        "ssim": 0.8827929716824465,
        "boundary_dsc": 0.18597054433837404
      }
    }
  }
}