{
  "algorithm": "HYBRID-PA6",
  "thresholds": [
    42,
    76,
    104,
    132,
    160,
    188,
    216
  ],
  "best_f": -28.348648416525172,
  "entropy": 28.348648416525172,
  "time": 1.9501395225524902,
  "metrics": {
    "psnr": 29.557066905627643,
    "ssim": 0.8904690606472775,
    "dice": 0.13598762381556048
  }
}