{
  "algorithm": "GWO",
  "thresholds": [
    45,
    84,
    115,
    146,
    178,
    216
  ],
  "best_f": -25.780656694210684,
  "entropy": 25.780656694210684,
  "time": 2.0068087577819824,
  "metrics": {
    "psnr": 22.974433689313912,
    "ssim": 0.7586336180639088,
    "dice": 0.26291655427772737
  }
}