{
  "algorithm": "WOA",
  "thresholds": [
    45,
    67,
    89,
    107,
    125,
    146,
    167,
    188,
    209,
    230
  ],
  "best_f": -35.859148495623316,
  "entropy": 35.859148495623316,
  "time": 17.38605785369873,
  "metrics": {
    "psnr": 33.16667028491449,
    "ssim": 0.9257988661005861,
    "boundary_dsc": 0.1509921081197375
  }
}