{
  "image_index": 15,
  "image_path": "dataset/BDS500/images/val\\134035.jpg",
  "k": 10,
  "strategies": {
    "PA1": {
      "fe_best": 0.04932893289641383,
      "thresholds": [
        1,
        2,
        3,
        4,
        5,
        6,
        7,
        8,
        9,
        58
      ],
      "time_sec": 4.340132713317871,
      "stability_jitter": {
        "fe_mean": 0.049309802824589355,
        "fe_std": 1.1727698092735372e-05,
        "fe_min": 0.0492694792761984,
        "fe_max": 0.04932893289641383,
        "fe_original": 0.04932893289641383
      },
      "stability_convergence": {
        "fe_last_mean": 0.04932893289641383,
        "fe_last_std": 0.0,
        "fe_improvement": 0.0033706352436578754,
        "fe_first": 0.045958297652755956,
        "fe_last": 0.04932893289641383
      }
    },
    "PA2": {
      "fe_best": 0.04932893289641383,
      "thresholds": [
        1,
        2,
        3,
        4,
        5,
        6,
        7,
        8,
        9,
        58
      ],
      "time_sec": 4.483792543411255,
      "stability_jitter": {
        "fe_mean": 0.049309802824589355,
        "fe_std": 1.1727698092735372e-05,
        "fe_min": 0.0492694792761984,
        "fe_max": 0.04932893289641383,
        "fe_original": 0.04932893289641383
      },
      "stability_convergence": {
        "fe_last_mean": 0.04932893289641383,
        "fe_last_std": 0.0,
        "fe_improvement": 0.003361653830779014,
        "fe_first": 0.04596727906563482,
        "fe_last": 0.04932893289641383
      }
    },
    "PA3": {
      "fe_best": 0.04853920365643736,
      "thresholds": [
        1,
        2,
        3,
        4,
        5,
        6,
        61,
        252,
        253,
        254
      ],
      "time_sec": 4.2554662227630615,
      "stability_jitter": {
        "fe_mean": 0.04849334102289068,
        "fe_std": 2.150115345421085e-05,
        "fe_min": 0.04845078798221495,
        "fe_max": 0.04853920365643736,
        "fe_original": 0.04853920365643736
      },
      "stability_convergence": {
        "fe_last_mean": 0.048539203656437366,
        "fe_last_std": 6.938893903907228e-18,
        "fe_improvement": 0.0025809060036814033,
        "fe_first": 0.045958297652755956,
        "fe_last": 0.04853920365643736
      }
    },
    "PA4": {
      "fe_best": 0.04932893289641383,
      "thresholds": [
        1,
        2,
        3,
        4,
        5,
        6,
        7,
        8,
        9,
        58
      ],
      "time_sec": 4.631877899169922,
      "stability_jitter": {
        "fe_mean": 0.049309802824589355,
        "fe_std": 1.1727698092735372e-05,
        "fe_min": 0.0492694792761984,
        "fe_max": 0.04932893289641383,
        "fe_original": 0.04932893289641383
      },
      "stability_convergence": {
        "fe_last_mean": 0.04932893289641383,
        "fe_last_std": 0.0,
        "fe_improvement": 0.003361653830779014,
        "fe_first": 0.04596727906563482,
        "fe_last": 0.04932893289641383
      }
    },
    "PA5": {
      "fe_best": 0.04932893289641383,
      "thresholds": [
        1,
        2,
        3,
        4,
        5,
        6,
        7,
        8,
        9,
        58
      ],
      "time_sec": 9.188242197036743,
      "stability_jitter": {
        "fe_mean": 0.049309802824589355,
        "fe_std": 1.1727698092735372e-05,
        "fe_min": 0.0492694792761984,
        "fe_max": 0.04932893289641383,
        "fe_original": 0.04932893289641383
      },
      "stability_convergence": {
        "fe_last_mean": 0.04932893289641383,
        "fe_last_std": 0.0,
        "fe_improvement": 0.0009059747074056101,
        "fe_first": 0.04842295818900822,
        "fe_last": 0.04932893289641383
      }
    }
  }
}