{
  "image_index": 27,
  "image_path": "dataset/BDS500/images/val\\163085.jpg",
  "k": 10,
  "strategies": {
    "PA1": {
      "fe_best": 0.04730823652967761,
      "thresholds": [
        1,
        2,
        3,
        6,
        7,
        86,
        251,
        252,
        253,
        254
      ],
      "time_sec": 3.009793996810913,
      "stability_jitter": {
        "fe_mean": 0.047170865522774066,
        "fe_std": 5.4608706630394236e-05,
        "fe_min": 0.047064623911688974,
        "fe_max": 0.04730823652967761,
        "fe_original": 0.04730823652967761
      },
      "stability_convergence": {
        "fe_last_mean": 0.04730823652967762,
        "fe_last_std": 6.938893903907228e-18,
        "fe_improvement": 0.001353929818540836,
        "fe_first": 0.045954306711136775,
        "fe_last": 0.04730823652967761
      }
    },
    "PA2": {
      "fe_best": 0.0473012836026369,
      "thresholds": [
        1,
        2,
        3,
        4,
        87,
        250,
        251,
        252,
        253,
        254
      ],
      "time_sec": 3.139995813369751,
      "stability_jitter": {
        "fe_mean": 0.04721609044776433,
        "fe_std": 4.180903249389359e-05,
        "fe_min": 0.047133016806757536,
        "fe_max": 0.0473012836026369,
        "fe_original": 0.0473012836026369
      },
      "stability_convergence": {
        "fe_last_mean": 0.0473012836026369,
        "fe_last_std": 0.0,
        "fe_improvement": 0.0013469768915001235,
        "fe_first": 0.045954306711136775,
        "fe_last": 0.0473012836026369
      }
    },
    "PA3": {
      "fe_best": 0.04728627574440454,
      "thresholds": [
        1,
        2,
        3,
        6,
        7,
        8,
        83,
        252,
        253,
        254
      ],
      "time_sec": 2.680994749069214,
      "stability_jitter": {
        "fe_mean": 0.047153166603436034,
        "fe_std": 5.968708895807697e-05,
        "fe_min": 0.04701639281739454,
        "fe_max": 0.04728627574440454,
        "fe_original": 0.04728627574440454
      },
      "stability_convergence": {
        "fe_last_mean": 0.04728627574440454,
        "fe_last_std": 0.0,
        "fe_improvement": 0.0013319690332677658,
        "fe_first": 0.045954306711136775,
        "fe_last": 0.04728627574440454
      }
    },
    "PA4": {
      "fe_best": 0.047338528970453576,
      "thresholds": [
        1,
        2,
        9,
        15,
        18,
        19,
        90,
        252,
        253,
        254
      ],
      "time_sec": 3.6469366550445557,
      "stability_jitter": {
        "fe_mean": 0.04722885148542451,
        "fe_std": 4.1385929746643035e-05,
        "fe_min": 0.04715041589460935,
        "fe_max": 0.047338528970453576,
        "fe_original": 0.047338528970453576
      },
      "stability_convergence": {
        "fe_last_mean": 0.04733027944308636,
        "fe_last_std": 1.0109486535231126e-05,
        "fe_improvement": 0.0013842222593168016,
        "fe_first": 0.045954306711136775,
        "fe_last": 0.047338528970453576
      }
    },
    "PA5": {
      "fe_best": 0.04735405723113014,
      "thresholds": [
        1,
        2,
        5,
        14,
        17,
        18,
        89,
        252,
        253,
        254
      ],
      "time_sec": 8.524152517318726,
      "stability_jitter": {
        "fe_mean": 0.04723727247842989,
        "fe_std": 4.464372015049336e-05,
        "fe_min": 0.0471562034724495,
        "fe_max": 0.04735405723113014,
        "fe_original": 0.04735405723113014
      },
      "stability_convergence": {
        "fe_last_mean": 0.04734631448401172,
        "fe_last_std": 9.482889823759342e-06,
        "fe_improvement": 0.0013922812561779213,
        "fe_first": 0.04596177597495222,
        "fe_last": 0.04735405723113014
      }
    }
  }
}