{
  "image_index": 52,
  "image_path": "dataset/BDS500/images/val\\253055.jpg",
  "k": 10,
  "strategies": {
    "PA1": {
      "fe_best": 0.04464772495043777,
      "thresholds": [
        1,
        3,
        8,
        11,
        19,
        21,
        29,
        147,
        247,
        250
      ],
      "time_sec": 4.549912452697754,
      "stability_jitter": {
        "fe_mean": 0.043791945433234704,
        "fe_std": 0.0006316816306387528,
        "fe_min": 0.04268289597756417,
        "fe_max": 0.04464772495043777,
        "fe_original": 0.04464772495043777
      },
      "stability_convergence": {
        "fe_last_mean": 0.044612458067387915,
        "fe_last_std": 2.8318191609630522e-05,
        "fe_improvement": 0.0010488622782471174,
        "fe_first": 0.04359886267219065,
        "fe_last": 0.04464772495043777
      }
    },
    "PA2": {
      "fe_best": 0.044532403498698026,
      "thresholds": [
        2,
        5,
        9,
        20,
        23,
        28,
        29,
        147,
        243,
        246
      ],
      "time_sec": 4.3872551918029785,
      "stability_jitter": {
        "fe_mean": 0.04418053619552407,
        "fe_std": 0.0002985404719040953,
        "fe_min": 0.04366931775395178,
        "fe_max": 0.044532403498698026,
        "fe_original": 0.044532403498698026
      },
      "stability_convergence": {
        "fe_last_mean": 0.044532403498698026,
        "fe_last_std": 0.0,
        "fe_improvement": 0.000933540826507373,
        "fe_first": 0.04359886267219065,
        "fe_last": 0.044532403498698026
      }
    },
    "PA3": {
      "fe_best": 0.045518812571555683,
      "thresholds": [
        1,
        12,
        16,
        165,
        219,
        224,
        227,
        250,
        251,
        254
      ],
      "time_sec": 4.216773509979248,
      "stability_jitter": {
        "fe_mean": 0.04318035317786982,
        "fe_std": 0.0010934077571892926,
        "fe_min": 0.04125519211521447,
        "fe_max": 0.045518812571555683,
        "fe_original": 0.045518812571555683
      },
      "stability_convergence": {
        "fe_last_mean": 0.04531541342596037,
        "fe_last_std": 0.00015367245493498063,
        "fe_improvement": 0.001919949899365031,
        "fe_first": 0.04359886267219065,
        "fe_last": 0.045518812571555683
      }
    },
    "PA4": {
      "fe_best": 0.045380367317111474,
      "thresholds": [
        9,
        36,
        156,
        214,
        227,
        238,
        243,
        250,
        251,
        254
      ],
      "time_sec": 4.197167158126831,
      "stability_jitter": {
        "fe_mean": 0.04269248032885488,
        "fe_std": 0.001165982373309387,
        "fe_min": 0.04076270269299818,
        "fe_max": 0.045380367317111474,
        "fe_original": 0.045380367317111474
      },
      "stability_convergence": {
        "fe_last_mean": 0.04533858576016865,
        "fe_last_std": 6.382238244787617e-05,
        "fe_improvement": 0.0017815046449208213,
        "fe_first": 0.04359886267219065,
        "fe_last": 0.045380367317111474
      }
    },
    "PA5": {
      "fe_best": 0.046095578520906996,
      "thresholds": [
        1,
        2,
        3,
        4,
        5,
        42,
        247,
        250,
        251,
        254
      ],
      "time_sec": 8.901203632354736,
      "stability_jitter": {
        "fe_mean": 0.043483096131762086,
        "fe_std": 0.001251106512009523,
        "fe_min": 0.041126280465089135,
        "fe_max": 0.046095578520906996,
        "fe_original": 0.046095578520906996
      },
      "stability_convergence": {
        "fe_last_mean": 0.046095578520906996,
        "fe_last_std": 0.0,
        "fe_improvement": 0.0024967158487163438,
        "fe_first": 0.04359886267219065,
        "fe_last": 0.046095578520906996
      }
    }
  }
}