{
  "image_index": 63,
  "image_path": "dataset/BDS500/images/val\\304034.jpg",
  "k": 10,
  "strategies": {
    "PA1": {
      "fe_best": 0.046925990098527534,
      "thresholds": [
        25,
        28,
        33,
        36,
        37,
        40,
        81,
        252,
        253,
        254
      ],
      "time_sec": 4.32323145866394,
      "stability_jitter": {
        "fe_mean": 0.04646754100020574,
        "fe_std": 0.0001747069871616954,
        "fe_min": 0.04620811205333103,
        "fe_max": 0.046925990098527534,
        "fe_original": 0.046925990098527534
      },
      "stability_convergence": {
        "fe_last_mean": 0.04688447705690611,
        "fe_last_std": 3.682028280933417e-05,
        "fe_improvement": 0.000745145895510585,
        "fe_first": 0.04618084420301695,
        "fe_last": 0.046925990098527534
      }
    },
    "PA2": {
      "fe_best": 0.046574710406635,
      "thresholds": [
        28,
        29,
        32,
        35,
        36,
        43,
        71,
        234,
        235,
        254
      ],
      "time_sec": 4.513373851776123,
      "stability_jitter": {
        "fe_mean": 0.046290709782824326,
        "fe_std": 0.0001723756672719431,
        "fe_min": 0.04591639408380781,
        "fe_max": 0.046574710406635,
        "fe_original": 0.046574710406635
      },
      "stability_convergence": {
        "fe_last_mean": 0.04657471040663501,
        "fe_last_std": 6.938893903907228e-18,
        "fe_improvement": 0.0006679194811636882,
        "fe_first": 0.045906790925471314,
        "fe_last": 0.046574710406635
      }
    },
    "PA3": {
      "fe_best": 0.046347680041818634,
      "thresholds": [
        25,
        74,
        77,
        78,
        121,
        168,
        169,
        184,
        225,
        253
      ],
      "time_sec": 4.183229446411133,
      "stability_jitter": {
        "fe_mean": 0.0457756879845314,
        "fe_std": 0.00022206330623788994,
        "fe_min": 0.04540179008990068,
        "fe_max": 0.046347680041818634,
        "fe_original": 0.046347680041818634
      },
      "stability_convergence": {
        "fe_last_mean": 0.04634463340582044,
        "fe_last_std": 1.994491439526942e-06,
        "fe_improvement": 0.00016683583880168495,
        "fe_first": 0.04618084420301695,
        "fe_last": 0.046347680041818634
      }
    },
    "PA4": {
      "fe_best": 0.04676228583835549,
      "thresholds": [
        27,
        49,
        52,
        85,
        88,
        89,
        92,
        129,
        216,
        222
      ],
      "time_sec": 4.187449216842651,
      "stability_jitter": {
        "fe_mean": 0.04572538102468291,
        "fe_std": 0.0004521521699599774,
        "fe_min": 0.0451117422943876,
        "fe_max": 0.04676228583835549,
        "fe_original": 0.04676228583835549
      },
      "stability_convergence": {
        "fe_last_mean": 0.04675027679620307,
        "fe_last_std": 6.0045210762138534e-06,
        "fe_improvement": 0.0008554949128841763,
        "fe_first": 0.045906790925471314,
        "fe_last": 0.04676228583835549
      }
    },
    "PA5": {
      "fe_best": 0.0468993491500872,
      "thresholds": [
        29,
        44,
        45,
        48,
        49,
        64,
        245,
        246,
        249,
        250
      ],
      "time_sec": 8.649264335632324,
      "stability_jitter": {
        "fe_mean": 0.04623925204033467,
        "fe_std": 0.00019937590373345998,
        "fe_min": 0.04589427843198082,
        "fe_max": 0.0468993491500872,
        "fe_original": 0.0468993491500872
      },
      "stability_convergence": {
        "fe_last_mean": 0.04687884037251243,
        "fe_last_std": 7.786849128663262e-06,
        "fe_improvement": 0.0008798890260165587,
        "fe_first": 0.04601946012407064,
        "fe_last": 0.0468993491500872
      }
    }
  }
}