{
  "image_index": 77,
  "image_path": "dataset/BDS500/images/val\\42012.jpg",
  "k": 10,
  "strategies": {
    "PA1": {
      "fe_best": 0.048368923987319554,
      "thresholds": [
        1,
        2,
        3,
        4,
        5,
        6,
        7,
        10,
        11,
        50
      ],
      "time_sec": 4.2046496868133545,
      "stability_jitter": {
        "fe_mean": 0.048245068307597026,
        "fe_std": 6.025485153854019e-05,
        "fe_min": 0.04811484333907506,
        "fe_max": 0.048368923987319554,
        "fe_original": 0.048368923987319554
      },
      "stability_convergence": {
        "fe_last_mean": 0.048368923987319554,
        "fe_last_std": 0.0,
        "fe_improvement": 0.0024802164152543313,
        "fe_first": 0.04588870757206522,
        "fe_last": 0.048368923987319554
      }
    },
    "PA2": {
      "fe_best": 0.05156468711523399,
      "thresholds": [
        239,
        240,
        243,
        245,
        248,
        249,
        251,
        252,
        253,
        254
      ],
      "time_sec": 4.444591045379639,
      "stability_jitter": {
        "fe_mean": 0.05154659507552476,
        "fe_std": 9.167612450873203e-06,
        "fe_min": 0.05153584966382137,
        "fe_max": 0.05156468711523399,
        "fe_original": 0.05156468711523399
      },
      "stability_convergence": {
        "fe_last_mean": 0.05156468711523399,
        "fe_last_std": 0.0,
        "fe_improvement": 0.005390322500660086,
        "fe_first": 0.0461743646145739,
        "fe_last": 0.05156468711523399
      }
    },
    "PA3": {
      "fe_best": 0.04725634733927213,
      "thresholds": [
        1,
        2,
        3,
        5,
        7,
        10,
        55,
        225,
        226,
        229
      ],
      "time_sec": 4.406365156173706,
      "stability_jitter": {
        "fe_mean": 0.04712505975817042,
        "fe_std": 8.07095845698435e-05,
        "fe_min": 0.04695595650946885,
        "fe_max": 0.04725634733927213,
        "fe_original": 0.04725634733927213
      },
      "stability_convergence": {
        "fe_last_mean": 0.04724415540060929,
        "fe_last_std": 1.1281725691612807e-05,
        "fe_improvement": 0.001367639767206906,
        "fe_first": 0.04588870757206522,
        "fe_last": 0.04725634733927213
      }
    },
    "PA4": {
      "fe_best": 0.046859192011088104,
      "thresholds": [
        73,
        76,
        77,
        128,
        131,
        132,
        155,
        172,
        253,
        254
      ],
      "time_sec": 4.16621732711792,
      "stability_jitter": {
        "fe_mean": 0.04621751761337018,
        "fe_std": 0.00023569653334378868,
        "fe_min": 0.04580560318566887,
        "fe_max": 0.046859192011088104,
        "fe_original": 0.046859192011088104
      },
      "stability_convergence": {
        "fe_last_mean": 0.04685176044014666,
        "fe_last_std": 1.4863141882889841e-05,
        "fe_improvement": 0.0006848273965142024,
        "fe_first": 0.0461743646145739,
        "fe_last": 0.046859192011088104
      }
    },
    "PA5": {
      "fe_best": 0.04920150819134113,
      "thresholds": [
        1,
        10,
        11,
        14,
        15,
        18,
        19,
        22,
        23,
        42
      ],
      "time_sec": 8.36826467514038,
      "stability_jitter": {
        "fe_mean": 0.047920231252318674,
        "fe_std": 0.0004549039925253402,
        "fe_min": 0.04728577186655086,
        "fe_max": 0.04920150819134113,
        "fe_original": 0.04920150819134113
      },
      "stability_convergence": {
        "fe_last_mean": 0.04920150819134113,
        "fe_last_std": 0.0,
        "fe_improvement": 0.0025673968983432743,
        "fe_first": 0.046634111292997854,
        "fe_last": 0.04920150819134113
      }
    }
  }
}