{
  "image_index": 98,
  "image_path": "dataset/BDS500/images/val\\89072.jpg",
  "k": 10,
  "strategies": {
    "PA1": {
      "fe_best": 0.04999235630017074,
      "thresholds": [
        1,
        2,
        3,
        5,
        6,
        7,
        10,
        12,
        19,
        24
      ],
      "time_sec": 4.5354392528533936,
      "stability_jitter": {
        "fe_mean": 0.049973632087426015,
        "fe_std": 1.183131494020304e-05,
        "fe_min": 0.049951840439080214,
        "fe_max": 0.04999235630017074,
        "fe_original": 0.04999235630017074
      },
      "stability_convergence": {
        "fe_last_mean": 0.04999235630017074,
        "fe_last_std": 0.0,
        "fe_improvement": 0.003640613684812062,
        "fe_first": 0.046351742615358675,
        "fe_last": 0.04999235630017074
      }
    },
    "PA2": {
      "fe_best": 0.049995753394257506,
      "thresholds": [
        1,
        2,
        3,
        4,
        5,
        9,
        10,
        14,
        15,
        28
      ],
      "time_sec": 4.513398885726929,
      "stability_jitter": {
        "fe_mean": 0.04997517528487904,
        "fe_std": 1.2672238549425744e-05,
        "fe_min": 0.04995208888741624,
        "fe_max": 0.049995753394257506,
        "fe_original": 0.049995753394257506
      },
      "stability_convergence": {
        "fe_last_mean": 0.049995753394257506,
        "fe_last_std": 0.0,
        "fe_improvement": 0.0008809345331072596,
        "fe_first": 0.049114818861150246,
        "fe_last": 0.049995753394257506
      }
    },
    "PA3": {
      "fe_best": 0.049292086501816726,
      "thresholds": [
        1,
        2,
        12,
        13,
        14,
        20,
        21,
        30,
        221,
        226
      ],
      "time_sec": 4.464593410491943,
      "stability_jitter": {
        "fe_mean": 0.04924930292551603,
        "fe_std": 2.94594131047335e-05,
        "fe_min": 0.049176301657309525,
        "fe_max": 0.049292086501816726,
        "fe_original": 0.049292086501816726
      },
      "stability_convergence": {
        "fe_last_mean": 0.049292086501816726,
        "fe_last_std": 0.0,
        "fe_improvement": 0.002940343886458051,
        "fe_first": 0.046351742615358675,
        "fe_last": 0.049292086501816726
      }
    },
    "PA4": {
      "fe_best": 0.049995753394257506,
      "thresholds": [
        1,
        2,
        3,
        4,
        5,
        6,
        9,
        10,
        15,
        28
      ],
      "time_sec": 4.507078647613525,
      "stability_jitter": {
        "fe_mean": 0.04997585503589023,
        "fe_std": 1.1236606242705099e-05,
        "fe_min": 0.04995208888741624,
        "fe_max": 0.049995753394257506,
        "fe_original": 0.049995753394257506
      },
      "stability_convergence": {
        "fe_last_mean": 0.049995753394257506,
        "fe_last_std": 0.0,
        "fe_improvement": 0.0008809345331072596,
        "fe_first": 0.049114818861150246,
        "fe_last": 0.049995753394257506
      }
    },
    "PA5": {
      "fe_best": 0.04932388415712197,
      "thresholds": [
        1,
        4,
        6,
        8,
        9,
        39,
        222,
        223,
        226,
        251
      ],
      "time_sec": 9.377377033233643,
      "stability_jitter": {
        "fe_mean": 0.04929128450799921,
        "fe_std": 1.4677147337800808e-05,
        "fe_min": 0.04925062399079369,
        "fe_max": 0.04932388415712197,
        "fe_original": 0.04932388415712197
      },
      "stability_convergence": {
        "fe_last_mean": 0.04932388415712197,
        "fe_last_std": 0.0,
        "fe_improvement": 0.00215580565379659,
        "fe_first": 0.04716807850332538,
        "fe_last": 0.04932388415712197
      }
    }
  }
}