{
  "image_index": 94,
  "image_path": "dataset/BDS500/images/val\\86000.jpg",
  "k": 10,
  "strategies": {
    "PA1": {
      "fe_best": 0.049199389769362147,
      "thresholds": [
        1,
        2,
        3,
        4,
        5,
        6,
        7,
        90,
        253,
        254
      ],
      "time_sec": 4.483007907867432,
      "stability_jitter": {
        "fe_mean": 0.04907837166244088,
        "fe_std": 6.123048620928672e-05,
        "fe_min": 0.04893324925374959,
        "fe_max": 0.049199389769362147,
        "fe_original": 0.049199389769362147
      },
      "stability_convergence": {
        "fe_last_mean": 0.04919938976936215,
        "fe_last_std": 6.938893903907228e-18,
        "fe_improvement": 0.0024639905985157293,
        "fe_first": 0.04673539917084642,
        "fe_last": 0.049199389769362147
      }
    },
    "PA2": {
      "fe_best": 0.048885826765112814,
      "thresholds": [
        1,
        2,
        4,
        7,
        24,
        29,
        80,
        252,
        253,
        254
      ],
      "time_sec": 4.7229814529418945,
      "stability_jitter": {
        "fe_mean": 0.04883265913459745,
        "fe_std": 4.008738423019641e-05,
        "fe_min": 0.04875233440828295,
        "fe_max": 0.0489124690220482,
        "fe_original": 0.048885826765112814
      },
      "stability_convergence": {
        "fe_last_mean": 0.0488724082564551,
        "fe_last_std": 1.6463855733932477e-05,
        "fe_improvement": 0.002392035013588277,
        "fe_first": 0.04649379175152454,
        "fe_last": 0.048885826765112814
      }
    },
    "PA3": {
      "fe_best": 0.049199389769362147,
      "thresholds": [
        1,
        2,
        3,
        4,
        5,
        6,
        7,
        90,
        253,
        254
      ],
      "time_sec": 4.610070705413818,
      "stability_jitter": {
        "fe_mean": 0.04907837166244088,
        "fe_std": 6.123048620928672e-05,
        "fe_min": 0.04893324925374959,
        "fe_max": 0.049199389769362147,
        "fe_original": 0.049199389769362147
      },
      "stability_convergence": {
        "fe_last_mean": 0.04919938976936215,
        "fe_last_std": 6.938893903907228e-18,
        "fe_improvement": 0.0024639905985157293,
        "fe_first": 0.04673539917084642,
        "fe_last": 0.049199389769362147
      }
    },
    "PA4": {
      "fe_best": 0.049265470140099424,
      "thresholds": [
        1,
        2,
        3,
        4,
        95,
        250,
        251,
        252,
        253,
        254
      ],
      "time_sec": 4.60707950592041,
      "stability_jitter": {
        "fe_mean": 0.049153159801345374,
        "fe_std": 6.392388981745536e-05,
        "fe_min": 0.0490255914289575,
        "fe_max": 0.049265470140099424,
        "fe_original": 0.049265470140099424
      },
      "stability_convergence": {
        "fe_last_mean": 0.049265470140099424,
        "fe_last_std": 0.0,
        "fe_improvement": 0.002771678388574887,
        "fe_first": 0.04649379175152454,
        "fe_last": 0.049265470140099424
      }
    },
    "PA5": {
      "fe_best": 0.04927458291347957,
      "thresholds": [
        1,
        2,
        97,
        248,
        249,
        250,
        251,
        252,
        253,
        254
      ],
      "time_sec": 9.009235858917236,
      "stability_jitter": {
        "fe_mean": 0.04921141199499965,
        "fe_std": 4.324148129858259e-05,
        "fe_min": 0.049123550435093685,
        "fe_max": 0.04927458291347957,
        "fe_original": 0.04927458291347957
      },
      "stability_convergence": {
        "fe_last_mean": 0.04927458291347957,
        "fe_last_std": 0.0,
        "fe_improvement": 0.0027807911619550305,
        "fe_first": 0.04649379175152454,
        "fe_last": 0.04927458291347957
      }
    }
  }
}