{
  "algorithm": "OTSU",
  "thresholds": [
    47,
    64,
    78,
    92,
    108,
    125,
    143,
    162,
    185,
    213
  ],
  "best_f": -36.09545048582408,
  "entropy": 36.09545048582408,
  "time": 0.4062786102294922,
  "metrics": {
    "psnr": 33.695499385465595,
    "ssim": 0.9074952921667885,
    "boundary_dsc": 0.13646882566181093
  }
}