{
  "algorithm": "PSO",
  "thresholds": [
    39,
    67,
    95,
    123,
    151,
    180,
    210
  ],
  "best_f": -28.31748310263911,
  "entropy": 28.31748310263911,
  "time": 3.5586957931518555,
  "metrics": {
    "psnr": 29.311252492589684,
    "ssim": 0.8912332247775784,
    "dice": 0.1351584186847899
  }
}