{
  "algorithm": "OTSU",
  "thresholds": [
    32,
    64,
    96,
    128,
    159,
    191,
    223
  ],
  "best_f": -28.608239469064465,
  "entropy": 28.608239469064465,
  "time": 0.0,
  "metrics": {
    "psnr": 30.16676426868954,
    "ssim": 0.826375186381163,
    "dice": 0.23668043528400395
  }
}