{
  "algorithm": "HYBRID-PA5",
  "thresholds": [
    40,
    68,
    91,
    113,
    133,
    153,
    172,
    191,
    210,
    229
  ],
  "best_f": -36.22406537015108,
  "entropy": 36.22406537015108,
  "time": 4.619493722915649,
  "metrics": {
    "psnr": 32.17772321272035,
    "ssim": 0.8591269942709948,
    "dice": 0.09684409597730585
  }
}