{
  "algorithm": "WOA",
  "thresholds": [
    33,
    59,
    83,
    107,
    131,
    153,
    175,
    197,
    219,
    238
  ],
  "best_f": -36.893851159048815,
  "entropy": 36.893851159048815,
  "time": 2.3826093673706055,
  "metrics": {
    "psnr": 31.965398452289765,
    "ssim": 0.9261399110537368,
    "boundary_dsc": 0.16646446587063407
  }
}