{
  "image_name": "uploaded",
  "timestamp": "2026-04-18T10:34:48.334166",
  "total_time": 17.193195104599,
  "best_overall_algo": "HYBRID-PA5",
  "best_overall_f": -25.83524604542826,
  "best_overall_entropy": 25.83524604542826,
  "results": {
    "GWO": {
      "entropy": 25.780656694210684,
      "time": 1.9286372661590576,
      "metrics": {
        "psnr": 29.15557283308258,
        "ssim": 0.8090222398114774,
        "dice": 0.26291655427772737
      }
    },
    "WOA": {
      "entropy": 25.81264027387548,
      "time": 2.011448860168457,
      "metrics": {
        "psnr": 28.03445606089334,
        "ssim": 0.7906747247590229,
        "dice": 0.22947538952684995
      }
    },
    "PSO": {
      "entropy": 25.792718974676525,
      "time": 3.6714231967926025,
      "metrics": {
        "psnr": 28.54386840372909,
        "ssim": 0.8060666213343921,
        "dice": 0.26825748595578003
      }
    },
    "OTSU": {
      "entropy": 25.726996299092452,
      "time": 0.000995635986328125,
      "metrics": {
        "psnr": 29.198880028101183,
        "ssim": 0.8123095917662327,
        "dice": 0.26078209480699105
      }
    },
    "HYBRID-PA5": {
      "entropy": 25.83524604542826,
      "time": 3.6850366592407227,
      "metrics": {
        "psnr": 28.902122614040955,
        "ssim": 0.8003147230808855,
        "dice": 0.19992402886902977
      }
    },
    "HYBRID-PA6": {
      "entropy": 25.789785538211017,
      "time": 1.96303391456604,
      "metrics": {
        "psnr": 28.98740975822872,
        "ssim": 0.8064232945386672,
        "dice": 0.262194228797422
      }
    }
  }
}