{
  "algorithm": "GWO",
  "thresholds": [
    35,
    58,
    70,
    80,
    95,
    124,
    149,
    178,
    205,
    219
  ],
  "best_f": -35.18290153833736,
  "entropy": 35.18290153833736,
  "time": 15.368102073669434,
  "metrics": {
    "psnr": 31.225537626717976,
    "ssim": 0.8893647021742578,
    "boundary_dsc": 0.14713172409173123
  }
}