{
  "algorithm": "HYBRID-PA6",
  "thresholds": [
    48,
    94,
    134,
    174,
    215
  ],
  "best_f": -23.02301446753821,
  "entropy": 23.02301446753821,
  "time": 2.019090414047241,
  "metrics": {
    "psnr": 27.66618008366852,
    "ssim": 0.7785384940299085,
    "dice": 0.2486098177464414
  }
}