{
  "algorithm": "GWO",
  "thresholds": [
    6,
    23,
    41,
    59,
    78,
    100,
    124,
    152,
    183,
    214
  ],
  "best_f": -36.27832370198573,
  "entropy": 36.27832370198573,
  "time": 14.403331279754639,
  "metrics": {
    "psnr": 32.30137844867948,
    "ssim": 0.9423210950244073,
    "boundary_dsc": 0.2001524003048006
  }
}