{
  "algorithm": "HYBRID-PA6",
  "thresholds": [
    35,
    63,
    84,
    104,
    123,
    143,
    163,
    182,
    205,
    228
  ],
  "best_f": -37.09959749557552,
  "entropy": 37.09959749557552,
  "time": 19.11560869216919,
  "metrics": {
    "psnr": 32.71826388431204,
    "ssim": 0.9380115130971899,
    "boundary_dsc": 0.1009026222163658
  }
}