{
  "image_name": "uploaded",
  "timestamp": "2026-04-18T15:07:34.652761",
  "total_time": 17.45793390274048,
  "best_overall_algo": "HYBRID-PA6",
  "best_overall_f": -35.38240265868436,
  "best_overall_entropy": 35.38240265868436,
  "results": {
    "GWO": {
      "entropy": 34.8925715291386,
      "time": 2.1192824840545654,
      "metrics": {
        "psnr": 30.905041785357724,
        "ssim": 0.881735083261388,
        "dice": 0.20236074375271407
      }
    },
    "WOA": {
      "entropy": 35.321158592357406,
      "time": 1.9238131046295166,
      "metrics": {
        "psnr": 31.239028359636304,
        "ssim": 0.8853269822455226,
        "dice": 0.20201801313740095
      }
    },
    "PSO": {
      "entropy": 35.275173976011715,
      "time": 3.760974645614624,
      "metrics": {
        "psnr": 31.08728138563665,
        "ssim": 0.8819877151896294,
        "dice": 0.2056434432425746
      }
    },
    "OTSU": {
      "entropy": 35.36404211518,
      "time": 0.008331060409545898,
      "metrics": {
        "psnr": 31.298151368482795,
        "ssim": 0.8840816112533432,
        "dice": 0.2028021911465834
      }
    },
    "HYBRID-PA5": {
      "entropy": 35.220877406636106,
      "time": 3.911111354827881,
      "metrics": {
        "psnr": 29.346905772593395,
        "ssim": 0.8445400885139408,
        "dice": 0.2087443348440416
      }
    },
    "HYBRID-PA6": {
      "entropy": 35.38240265868436,
      "time": 2.1942195892333984,
      "metrics": {
        "psnr": 31.287633191932187,
        "ssim": 0.8857108711500896,
        "dice": 0.20341225062764895
      }
    }
  }
}