{
  "algorithm": "GWO",
  "thresholds": [
    49,
    98,
    148,
    200
  ],
  "best_f": -20.81231903900313,
  "entropy": 20.81231903900313,
  "time": 1.8829424381256104,
  "metrics": {
    "psnr": 25.392752235277705,
    "ssim": 0.8164163193369528,
    "dice": 0.15151324323983928
  }
}