{
  "algorithm": "OTSU",
  "thresholds": [
    26,
    51,
    76,
    102,
    128,
    153,
    178,
    204,
    230
  ],
  "best_f": -34.51140644712954,
  "entropy": 34.51140644712954,
  "time": 0.0,
  "metrics": {
    "psnr": 31.660005915273402,
    "ssim": 0.9463802427957871,
    "dice": 0.2254449420140085
  }
}