{
  "image_name": "uploaded",
  "timestamp": "2026-04-18T10:16:15.433631",
  "total_time": 18.30975604057312,
  "best_overall_algo": "HYBRID-PA6",
  "best_overall_f": -23.02991018461534,
  "best_overall_entropy": 23.02991018461534,
  "results": {
    "GWO": {
      "entropy": 23.01866843982506,
      "time": 1.8859267234802246,
      "metrics": {
        "psnr": 28.128474697219282,
        "ssim": 0.791219727289185,
        "dice": 0.2510464496816256
      }
    },
    "WOA": {
      "entropy": 23.026587733561946,
      "time": 1.8519139289855957,
      "metrics": {
        "psnr": 28.071535272696092,
        "ssim": 0.7892864107662678,
        "dice": 0.24725888324873097
      }
    },
    "PSO": {
      "entropy": 23.02830621900817,
      "time": 3.6255946159362793,
      "metrics": {
        "psnr": 27.78513418136239,
        "ssim": 0.7812308633599838,
        "dice": 0.2412829798241076
      }
    },
    "OTSU": {
      "entropy": 22.923107061256847,
      "time": 0.0029799938201904297,
      "metrics": {
        "psnr": 27.615668913094144,
        "ssim": 0.7844282358718514,
        "dice": 0.26531552280055276
      }
    },
    "HYBRID-PA5": {
      "entropy": 23.0276690048259,
      "time": 4.4686925411224365,
      "metrics": {
        "psnr": 28.070250802194877,
        "ssim": 0.7894948322601694,
        "dice": 0.24812834224598931
      }
    },
    "HYBRID-PA6": {
      "entropy": 23.02991018461534,
      "time": 2.345196485519409,
      "metrics": {
        "psnr": 27.758178344928073,
        "ssim": 0.7804164077997164,
        "dice": 0.2430997043664809
      }
    }
  }
}