{
  "algorithm": "OTSU",
  "thresholds": [
    108,
    170
  ],
  "best_f": -12.91235321502949,
  "entropy": 12.91235321502949,
  "time": 0.003995418548583984,
  "metrics": {
    "psnr": 12.812845363220147,
    "ssim": 0.5525035331503155,
    "dice": 0.273093095808654
  }
}