{
  "algorithm": "GWO",
  "thresholds": [
    25,
    43,
    60,
    78,
    100,
    126,
    153,
    182,
    214,
    247
  ],
  "best_f": -35.2116979146216,
  "entropy": 35.2116979146216,
  "time": 15.428690910339355,
  "metrics": {
    "psnr": 32.74424234392925,
    "ssim": 0.9303061093983692,
    "boundary_dsc": 0.2967390251663692
  }
}