{
  "image_name": "uploaded",
  "timestamp": "2026-04-19T23:09:54.902176",
  "total_time": 20.917133569717407,
  "best_overall_algo": "WOA",
  "best_overall_f": -37.3811730677496,
  "best_overall_entropy": 37.3811730677496,
  "results": {
    "GWO": {
      "entropy": 36.40790120690116,
      "time": 2.4653658866882324,
      "metrics": {
        "psnr": 29.507806652620157,
        "ssim": 0.8481419197722934,
        "dice": 0.1752304353885051
      }
    },
    "WOA": {
      "entropy": 37.3811730677496,
      "time": 2.367159128189087,
      "metrics": {
        "psnr": 31.880204127289538,
        "ssim": 0.8590206322526523,
        "dice": 0.19388249163210744
      }
    },
    "PSO": {
      "entropy": 37.2270869463099,
      "time": 4.533759117126465,
      "metrics": {
        "psnr": 31.492211987169426,
        "ssim": 0.8532194218951369,
        "dice": 0.20340881094761362
      }
    },
    "OTSU": {
      "entropy": 35.9025083496151,
      "time": 0.4719524383544922,
      "metrics": {
        "psnr": 34.15707777124724,
        "ssim": 0.9053914640091814,
        "dice": 0.14757967407883119
      }
    },
    "HYBRID-PA5": {
      "entropy": 37.34382704809171,
      "time": 5.004725694656372,
      "metrics": {
        "psnr": 32.12527320640605,
        "ssim": 0.863669974416097,
        "dice": 0.19359093250901596
      }
    },
    "HYBRID-PA6": {
      "entropy": 36.7677170882412,
      "time": 2.2683703899383545,
      "metrics": {
        "psnr": 30.11786344953675,
        "ssim": 0.8485884096979193,
        "dice": 0.16525390776887783
      }
    }
  }
}