{
  "image_name": "uploaded",
  "timestamp": "2026-04-19T23:12:10.649151",
  "total_time": 21.80752658843994,
  "best_overall_algo": "HYBRID-PA5",
  "best_overall_f": -38.13935196580219,
  "best_overall_entropy": 38.13935196580219,
  "results": {
    "GWO": {
      "entropy": 37.11125575352195,
      "time": 2.5091168880462646,
      "metrics": {
        "psnr": 30.373034726361126,
        "ssim": 0.9087820800674484,
        "dice": 0.20236053102625298
      }
    },
    "WOA": {
      "entropy": 37.9889496440065,
      "time": 2.588590145111084,
      "metrics": {
        "psnr": 31.122020405561827,
        "ssim": 0.9128314916514155,
        "dice": 0.18922281863346138
      }
    },
    "PSO": {
      "entropy": 38.02092464248547,
      "time": 4.694312810897827,
      "metrics": {
        "psnr": 31.350084627969423,
        "ssim": 0.9188642310392175,
        "dice": 0.1915921915921916
      }
    },
    "OTSU": {
      "entropy": 37.9967731616311,
      "time": 0.4999732971191406,
      "metrics": {
        "psnr": 31.84051880987966,
        "ssim": 0.9270181379222195,
        "dice": 0.186072106935544
      }
    },
    "HYBRID-PA5": {
      "entropy": 38.13935196580219,
      "time": 4.920151948928833,
      "metrics": {
        "psnr": 31.737960768228696,
        "ssim": 0.9251727932144759,
        "dice": 0.18727280846693162
      }
    },
    "HYBRID-PA6": {
      "entropy": 37.708252330208516,
      "time": 2.435238838195801,
      "metrics": {
        "psnr": 31.189429870877134,
        "ssim": 0.9187963167441112,
        "dice": 0.19587011005775307
      }
    }
  }
}