{
  "algorithm": "GWO",
  "mode": "single_image_multi_seed",
  "seed": 44,
  "thresholds": [
    5,
    15,
    29,
    44,
    62,
    84,
    107,
    132,
    158,
    187
  ],
  "best_f": -34.513927826329045,
  "entropy": 34.51915492847593,
  "time": 16.425209999084473,
  "metrics": {
    "boundary_dsc": 0.10667183362397469,
    "psnr": 32.673072718547054,
    "ssim": 0.8959817757263072,
    "boundary_dsc_mean": 0.10516969095415112,
    "boundary_dsc_sd": 0.0010473901245574896,
    "fe_mean": 34.75595446876564,
    "fe_sd": 0.29924108807938626,
    "psnr_mean": 32.966762926992374,
    "psnr_sd": 0.17602972167404465,
    "ssim_mean": 0.9014056346788714,
    "ssim_sd": 0.003518295292803411,
    "time_mean": 16.559420537948608,
    "time_sd": 0.7110116623403022,
    "n_runs": 5
  }
}