{
  "algorithm": "GWO",
  "thresholds": [
    46,
    63,
    79,
    94,
    115,
    140,
    164,
    185,
    206,
    228
  ],
  "best_f": -35.56333509576115,
  "entropy": 35.56333509576115,
  "time": 17.868408679962158,
  "metrics": {
    "psnr": 32.208977837390904,
    "ssim": 0.9096283877467083,
    "boundary_dsc": 0.1494298700263137
  }
}