{
  "algorithm": "WOA",
  "thresholds": [
    32,
    52,
    72,
    94,
    116,
    138,
    160,
    183,
    207,
    231
  ],
  "best_f": -37.14034120521384,
  "entropy": 37.14034120521384,
  "time": 2.1312360763549805,
  "metrics": {
    "psnr": 32.02592155481364,
    "ssim": 0.8927922821406512,
    "boundary_dsc": 0.2267403477027655
  }
}