{
  "algorithm": "WOA",
  "thresholds": [
    25,
    48,
    71,
    94,
    117,
    140,
    163,
    186,
    209,
    232
  ],
  "best_f": -37.611573572671574,
  "entropy": 37.611573572671574,
  "time": 2.2319939136505127,
  "metrics": {
    "psnr": 32.01110293822814,
    "ssim": 0.9020652813931495,
    "dice": 0.14749972644709486
  }
}