{
  "algorithm": "WOA",
  "thresholds": [
    35,
    59,
    83,
    105,
    127,
    149,
    171,
    192,
    213,
    234
  ],
  "best_f": -36.38748435786479,
  "entropy": 36.38748435786479,
  "time": 2.049530029296875,
  "metrics": {
    "psnr": 32.338865138043396,
    "ssim": 0.883367842372382,
    "boundary_dsc": 0.25159627339656654
  }
}