{
  "algorithm": "OTSU",
  "thresholds": [
    23,
    46,
    70,
    93,
    116,
    139,
    162,
    185,
    209,
    232
  ],
  "best_f": -37.13047909273903,
  "entropy": 37.13047909273903,
  "time": 0.00424647331237793,
  "metrics": {
    "psnr": 32.29555802363486,
    "ssim": 0.9309283462891349,
    "dice": 0.21660886562834983
  }
}