{
  "algorithm": "HYBRID-PA5",
  "thresholds": [
    35,
    60,
    82,
    103,
    124,
    145,
    167,
    189,
    211,
    233
  ],
  "best_f": -36.43391382757867,
  "entropy": 36.43391382757867,
  "time": 4.360018730163574,
  "metrics": {
    "psnr": 33.112571500795774,
    "ssim": 0.8759465904044735,
    "dice": 0.24059937800395817
  }
}