{
  "algorithm": "GWO",
  "thresholds": [
    12,
    30,
    55,
    80,
    105,
    131,
    158,
    188,
    219
  ],
  "best_f": -33.63609460844603,
  "entropy": 33.63609460844603,
  "time": 2.1525816917419434,
  "metrics": {
    "psnr": 35.217390580281204,
    "ssim": 0.9434429728425551,
    "dice": 0.2611581062765808
  }
}