{
  "config": {
    "eval_mode": "single_image_multi_seed",
    "image_id": "28083",
    "k": 10,
    "seeds": [
      42
    ],
    "n_agents": 30,
    "n_iters": 80,
    "use_penalties": true,
    "penalty_mode": "light",
    "n_images": 1,
    "algorithms": [
      "GWO",
      "WOA",
      "PSO",
      "OTSU",
      "PA5",
      "PA6"
    ],
    "image_path": "dataset/BDS500/images\\test\\28083.jpg",
    "gt_path": "dataset/BDS500/ground_truth\\test\\28083.mat"
  },
  "summary_statistics": {
    "GWO": {
      "n_runs": 1,
      "n_images": 1,
      "n_seeds": 1,
      "boundary_dsc_mean": 0.2194765672550213,
      "boundary_dsc_sd": 0.0,
      "fe_mean": 35.098615583608975,
      "fe_sd": 0.0,
      "psnr_mean": 31.968830397538476,
      "psnr_sd": 0.0,
      "ssim_mean": 0.8604848161625638,
      "ssim_sd": 0.0,
      "time_mean": 13.995039224624634,
      "time_sd": 0.0
    },
    "WOA": {
      "n_runs": 1,
      "n_images": 1,
      "n_seeds": 1,
      "boundary_dsc_mean": 0.20198251681599086,
      "boundary_dsc_sd": 0.0,
      "fe_mean": 35.73587905480017,
      "fe_sd": 0.0,
      "psnr_mean": 33.280759181661765,
      "psnr_sd": 0.0,
      "ssim_mean": 0.8779547963403702,
      "ssim_sd": 0.0,
      "time_mean": 13.780837059020996,
      "time_sd": 0.0
    },
    "PSO": {
      "n_runs": 1,
      "n_images": 1,
      "n_seeds": 1,
      "boundary_dsc_mean": 0.20894909125772124,
      "boundary_dsc_sd": 0.0,
      "fe_mean": 35.371033399598076,
      "fe_sd": 0.0,
      "psnr_mean": 32.644559868472854,
      "psnr_sd": 0.0,
      "ssim_mean": 0.882253485791269,
      "ssim_sd": 0.0,
      "time_mean": 27.54661273956299,
      "time_sd": 0.0
    },
    "OTSU": {
      "n_runs": 1,
      "n_images": 1,
      "n_seeds": 1,
      "boundary_dsc_mean": 0.18989463320870595,
      "boundary_dsc_sd": 0.0,
      "fe_mean": 34.21059105513755,
      "fe_sd": 0.0,
      "psnr_mean": 34.622214219151736,
      "psnr_sd": 0.0,
      "ssim_mean": 0.9134762798479181,
      "ssim_sd": 0.0,
      "time_mean": 0.43803977966308594,
      "time_sd": 0.0
    },
    "PA5": {
      "n_runs": 1,
      "n_images": 1,
      "n_seeds": 1,
      "boundary_dsc_mean": 0.22321211630355553,
      "boundary_dsc_sd": 0.0,
      "fe_mean": 35.8395536086137,
      "fe_sd": 0.0,
      "psnr_mean": 32.10566625596456,
      "psnr_sd": 0.0,
      "ssim_mean": 0.8382898706222723,
      "ssim_sd": 0.0,
      "time_mean": 28.85961127281189,
      "time_sd": 0.0
    },
    "PA6": {
      "n_runs": 1,
      "n_images": 1,
      "n_seeds": 1,
      "boundary_dsc_mean": 0.2196124862002208,
      "boundary_dsc_sd": 0.0,
      "fe_mean": 35.66330435218215,
      "fe_sd": 0.0,
      "psnr_mean": 31.41037983873253,
      "psnr_sd": 0.0,
      "ssim_mean": 0.8287560781499761,
      "ssim_sd": 0.0,
      "time_mean": 14.045895338058472,
      "time_sd": 0.0
    }
  },
  "wilcoxon": [
    {
      "base": "PA5",
      "challenger": "GWO",
      "metric": "boundary_dsc",
      "mean_base": 0.22321211630355553,
      "mean_challenger": 0.2194765672550213,
      "delta_mean": 0.003735549048534237,
      "n": 1,
      "statistic": 0.0,
      "pvalue": 1.0,
      "status": "ok"
    },
    {
      "base": "PA5",
      "challenger": "GWO",
      "metric": "fe",
      "mean_base": 35.8395536086137,
      "mean_challenger": 35.098615583608975,
      "delta_mean": 0.7409380250047235,
      "n": 1,
      "statistic": 0.0,
      "pvalue": 1.0,
      "status": "ok"
    },
    {
      "base": "PA5",
      "challenger": "GWO",
      "metric": "psnr",
      "mean_base": 32.10566625596456,
      "mean_challenger": 31.968830397538476,
      "delta_mean": 0.1368358584260818,
      "n": 1,
      "statistic": 0.0,
      "pvalue": 1.0,
      "status": "ok"
    },
    {
      "base": "PA5",
      "challenger": "GWO",
      "metric": "ssim",
      "mean_base": 0.8382898706222723,
      "mean_challenger": 0.8604848161625638,
      "delta_mean": -0.022194945540291444,
      "n": 1,
      "statistic": 0.0,
      "pvalue": 1.0,
      "status": "ok"
    },
    {
      "base": "PA5",
      "challenger": "WOA",
      "metric": "boundary_dsc",
      "mean_base": 0.22321211630355553,
      "mean_challenger": 0.20198251681599086,
      "delta_mean": 0.02122959948756467,
      "n": 1,
      "statistic": 0.0,
      "pvalue": 1.0,
      "status": "ok"
    },
    {
      "base": "PA5",
      "challenger": "WOA",
      "metric": "fe",
      "mean_base": 35.8395536086137,
      "mean_challenger": 35.73587905480017,
      "delta_mean": 0.10367455381352642,
      "n": 1,
      "statistic": 0.0,
      "pvalue": 1.0,
      "status": "ok"
    },
    {
      "base": "PA5",
      "challenger": "WOA",
      "metric": "psnr",
      "mean_base": 32.10566625596456,
      "mean_challenger": 33.280759181661765,
      "delta_mean": -1.1750929256972071,
      "n": 1,
      "statistic": 0.0,
      "pvalue": 1.0,
      "status": "ok"
    },
    {
      "base": "PA5",
      "challenger": "WOA",
      "metric": "ssim",
      "mean_base": 0.8382898706222723,
      "mean_challenger": 0.8779547963403702,
      "delta_mean": -0.039664925718097876,
      "n": 1,
      "statistic": 0.0,
      "pvalue": 1.0,
      "status": "ok"
    },
    {
      "base": "PA5",
      "challenger": "PSO",
      "metric": "boundary_dsc",
      "mean_base": 0.22321211630355553,
      "mean_challenger": 0.20894909125772124,
      "delta_mean": 0.014263025045834293,
      "n": 1,
      "statistic": 0.0,
      "pvalue": 1.0,
      "status": "ok"
    },
    {
      "base": "PA5",
      "challenger": "PSO",
      "metric": "fe",
      "mean_base": 35.8395536086137,
      "mean_challenger": 35.371033399598076,
      "delta_mean": 0.4685202090156224,
      "n": 1,
      "statistic": 0.0,
      "pvalue": 1.0,
      "status": "ok"
    },
    {
      "base": "PA5",
      "challenger": "PSO",
      "metric": "psnr",
      "mean_base": 32.10566625596456,
      "mean_challenger": 32.644559868472854,
      "delta_mean": -0.5388936125082964,
      "n": 1,
      "statistic": 0.0,
      "pvalue": 1.0,
      "status": "ok"
    },
    {
      "base": "PA5",
      "challenger": "PSO",
      "metric": "ssim",
      "mean_base": 0.8382898706222723,
      "mean_challenger": 0.882253485791269,
      "delta_mean": -0.04396361516899672,
      "n": 1,
      "statistic": 0.0,
      "pvalue": 1.0,
      "status": "ok"
    },
    {
      "base": "PA5",
      "challenger": "OTSU",
      "metric": "boundary_dsc",
      "mean_base": 0.22321211630355553,
      "mean_challenger": 0.18989463320870595,
      "delta_mean": 0.03331748309484958,
      "n": 1,
      "statistic": 0.0,
      "pvalue": 1.0,
      "status": "ok"
    },
    {
      "base": "PA5",
      "challenger": "OTSU",
      "metric": "fe",
      "mean_base": 35.8395536086137,
      "mean_challenger": 34.21059105513755,
      "delta_mean": 1.6289625534761498,
      "n": 1,
      "statistic": 0.0,
      "pvalue": 1.0,
      "status": "ok"
    },
    {
      "base": "PA5",
      "challenger": "OTSU",
      "metric": "psnr",
      "mean_base": 32.10566625596456,
      "mean_challenger": 34.622214219151736,
      "delta_mean": -2.516547963187179,
      "n": 1,
      "statistic": 0.0,
      "pvalue": 1.0,
      "status": "ok"
    },
    {
      "base": "PA5",
      "challenger": "OTSU",
      "metric": "ssim",
      "mean_base": 0.8382898706222723,
      "mean_challenger": 0.9134762798479181,
      "delta_mean": -0.07518640922564579,
      "n": 1,
      "statistic": 0.0,
      "pvalue": 1.0,
      "status": "ok"
    },
    {
      "base": "PA5",
      "challenger": "PA6",
      "metric": "boundary_dsc",
      "mean_base": 0.22321211630355553,
      "mean_challenger": 0.2196124862002208,
      "delta_mean": 0.0035996301033347222,
      "n": 1,
      "statistic": 0.0,
      "pvalue": 1.0,
      "status": "ok"
    },
    {
      "base": "PA5",
      "challenger": "PA6",
      "metric": "fe",
      "mean_base": 35.8395536086137,