{
  "image_name": "uploaded",
  "timestamp": "2026-04-18T14:33:14.686758",
  "total_time": 13.880702018737793,
  "best_overall_algo": "GWO",
  "best_overall_f": -13.022909641171294,
  "best_overall_entropy": 13.022909641171294,
  "results": {
    "GWO": {
      "entropy": 13.022909641171294,
      "time": 1.5050997734069824,
      "metrics": {
        "psnr": 23.622828195959897,
        "ssim": 0.6931329742700242,
        "dice": 0.265012046002091
      }
    },
    "WOA": {
      "entropy": 13.022909641171294,
      "time": 1.4621715545654297,
      "metrics": {
        "psnr": 23.622828195959897,
        "ssim": 0.6931329742700242,
        "dice": 0.265012046002091
      }
    },
    "PSO": {
      "entropy": 13.022909641171294,
      "time": 2.7950892448425293,
      "metrics": {
        "psnr": 23.622828195959897,
        "ssim": 0.6931329742700242,
        "dice": 0.265012046002091
      }
    },
    "OTSU": {
      "entropy": 12.91235321502949,
      "time": 0.0,
      "metrics": {
        "psnr": 24.342416084794078,
        "ssim": 0.7033603459745731,
        "dice": 0.273093095808654
      }
    },
    "HYBRID-PA5": {
      "entropy": 13.022909641171294,
      "time": 2.86942195892334,
      "metrics": {
        "psnr": 23.622828195959897,
        "ssim": 0.6931329742700242,
        "dice": 0.265012046002091
      }
    },
    "HYBRID-PA6": {
      "entropy": 13.022909641171294,
      "time": 1.5832030773162842,
      "metrics": {
        "psnr": 23.622828195959897,
        "ssim": 0.6931329742700242,
        "dice": 0.265012046002091
      }
    }
  }
}