{
  "algorithm": "PSO",
  "thresholds": [
    18,
    37,
    57,
    80,
    103,
    128,
    153,
    178,
    203,
    229
  ],
  "best_f": -37.14460706044694,
  "entropy": 37.14460706044694,
  "time": 4.467160940170288,
  "metrics": {
    "psnr": 31.98612796252086,
    "ssim": 0.8482049418587315,
    "dice": 0.19253792061370373
  }
}