{
  "algorithm": "WOA",
  "thresholds": [
    46,
    74,
    98,
    122,
    148,
    174,
    201,
    228
  ],
  "best_f": -31.28254832882452,
  "entropy": 31.28254832882452,
  "time": 2.302868366241455,
  "metrics": {
    "psnr": 24.78112281681514,
    "ssim": 0.7277628616833904,
    "dice": 0.20836484011359244
  }
}