{
  "image_name": "uploaded",
  "timestamp": "2026-04-18T16:43:26.750333",
  "total_time": 20.160726308822632,
  "best_overall_algo": "HYBRID-PA5",
  "best_overall_f": -35.84607174781367,
  "best_overall_entropy": 35.84607174781367,
  "results": {
    "GWO": {
      "entropy": 35.656802465140665,
      "time": 2.3260350227355957,
      "metrics": {
        "psnr": 33.135373764983555,
        "ssim": 0.9218360109526793,
        "dice": 0.14895876797026136
      }
    },
    "WOA": {
      "entropy": 35.823614527065516,
      "time": 2.1673295497894287,
      "metrics": {
        "psnr": 32.1997688960315,
        "ssim": 0.9081693877564522,
        "dice": 0.15479260525089328
      }
    },
    "PSO": {
      "entropy": 35.48150408800645,
      "time": 4.370590448379517,
      "metrics": {
        "psnr": 31.665362918521755,
        "ssim": 0.8972393485900233,
        "dice": 0.1568151060814339
      }
    },
    "OTSU": {
      "entropy": 33.44258891162531,
      "time": 0.002002239227294922,
      "metrics": {
        "psnr": 31.747081891170165,
        "ssim": 0.8964988977059044,
        "dice": 0.15397100972848587
      }
    },
    "HYBRID-PA5": {
      "entropy": 35.84607174781367,
      "time": 4.823798656463623,
      "metrics": {
        "psnr": 33.460840537597335,
        "ssim": 0.9291992354803537,
        "dice": 0.15147305666493024
      }
    },
    "HYBRID-PA6": {
      "entropy": 35.64308485170403,
      "time": 2.575606107711792,
      "metrics": {
        "psnr": 32.9041026071266,
        "ssim": 0.92172475924941,
        "dice": 0.15141205160478288
      }
    }
  }
}