{
  "algorithm": "GWO",
  "thresholds": [
    35,
    61,
    87,
    115,
    143,
    170,
    199,
    227
  ],
  "best_f": -31.29791108839223,
  "entropy": 31.29791108839223,
  "time": 1.9565951824188232,
  "metrics": {
    "psnr": 30.460702784287776,
    "ssim": 0.8244578338332468,
    "dice": 0.20935037646646823
  }
}