{
  "algorithm": "HYBRID-PA6",
  "thresholds": [
    56,
    98,
    135,
    174,
    215
  ],
  "best_f": -23.005573817440066,
  "entropy": 23.005573817440066,
  "time": 0.867405891418457,
  "metrics": {
    "psnr": 28.114778482897872,
    "ssim": 0.7926092737422202,
    "dice": 0.25913994989006495
  }
}