{
  "algorithm": "HYBRID-PA5",
  "thresholds": [
    36,
    57,
    77,
    97,
    117,
    138,
    159,
    180,
    201,
    226
  ],
  "best_f": -37.134571715167056,
  "entropy": 37.134571715167056,
  "time": 4.194040060043335,
  "metrics": {
    "psnr": 31.4343797752201,
    "ssim": 0.838523060830283,
    "boundary_dsc": 0.15536851077431213
  }
}