{
  "algorithm": "WOA",
  "thresholds": [
    52,
    97,
    136,
    175,
    215
  ],
  "best_f": -23.028029229524,
  "entropy": 23.028029229524,
  "time": 1.6645138263702393,
  "metrics": {
    "psnr": 27.931850401264295,
    "ssim": 0.7854885671623059,
    "dice": 0.24336101712293653
  }
}