{
  "algorithm": "WOA",
  "thresholds": [
    42,
    66,
    89,
    111,
    132,
    152,
    172,
    192,
    213,
    234
  ],
  "best_f": -37.063718129291544,
  "entropy": 37.063718129291544,
  "time": 1.957127332687378,
  "metrics": {
    "psnr": 32.318401962116354,
    "ssim": 0.8744077560938766,
    "boundary_dsc": 0.1366969351326529
  }
}