{
  "algorithm": "HYBRID-PA5",
  "thresholds": [
    22,
    45,
    69,
    94,
    119,
    144,
    168,
    191,
    213,
    234
  ],
  "best_f": -37.519975608933684,
  "entropy": 37.519975608933684,
  "time": 4.481695175170898,
  "metrics": {
    "psnr": 31.475422803793826,
    "ssim": 0.8731045507439431,
    "boundary_dsc": 0.19936056838365898
  }
}