{
  "algorithm": "WOA",
  "thresholds": [
    41,
    73,
    101,
    129,
    157,
    185,
    213
  ],
  "best_f": -28.35370040929776,
  "entropy": 28.35370040929776,
  "time": 1.8216166496276855,
  "metrics": {
    "psnr": 29.465307480160348,
    "ssim": 0.8908841205069385,
    "dice": 0.1359064729648414
  }
}