{
  "algorithm": "OTSU",
  "thresholds": [
    23,
    46,
    70,
    93,
    116,
    139,
    162,
    185,
    209,
    232
  ],
  "best_f": -35.44330695658944,
  "entropy": 35.44330695658944,
  "time": 0.0,
  "metrics": {
    "psnr": 29.201032293689536,
    "ssim": 0.8440418400058749,
    "dice": 0.23381281524378852
  }
}