{
  "image_name": "uploaded",
  "timestamp": "2026-04-24T20:26:14.129076",
  "total_time": 124.91596913337708,
  "best_overall_algo": "PSO",
  "best_overall_f": -37.224639338289265,
  "best_overall_entropy": 37.224639338289265,
  "results": {
    "GWO": {
      "entropy": 36.26437146766076,
      "time": 17.513277292251587,
      "metrics": {
        "psnr": 30.649362353818788,
        "ssim": 0.9077167159412821,
        "boundary_dsc": 0.10510267974627259
      }
    },
    "WOA": {
      "entropy": 37.22228178991521,
      "time": 16.491743326187134,
      "metrics": {
        "psnr": 32.184059307558115,
        "ssim": 0.9288352740007992,
        "boundary_dsc": 0.10239122847341046
      }
    },
    "PSO": {
      "entropy": 37.224639338289265,
      "time": 32.572367429733276,
      "metrics": {
        "psnr": 32.21908953841355,
        "ssim": 0.9294798635461283,
        "boundary_dsc": 0.10195759944503663
      }
    },
    "OTSU": {
      "entropy": 36.343502094254845,
      "time": 0.45786380767822266,
      "metrics": {
        "psnr": 33.58675749698372,
        "ssim": 0.9505908947199303,
        "boundary_dsc": 0.09626394197020513
      }
    },
    "HYBRID-PA5": {
      "entropy": 37.190290501116905,
      "time": 34.68127918243408,
      "metrics": {
        "psnr": 32.266481214197825,
        "ssim": 0.930758472391454,
        "boundary_dsc": 0.1018329250781316
      }
    },
    "HYBRID-PA6": {
      "entropy": 37.09959749557552,
      "time": 19.11560869216919,
      "metrics": {
        "psnr": 32.71826388431204,
        "ssim": 0.9380115130971899,
        "boundary_dsc": 0.1009026222163658
      }
    }
  }
}