{
  "algorithm": "HYBRID-PA5",
  "thresholds": [
    38,
    62,
    82,
    101,
    123,
    145,
    167,
    189,
    211,
    233
  ],
  "best_f": -35.874954373474935,
  "entropy": 35.874954373474935,
  "time": 4.458583354949951,
  "metrics": {
    "psnr": 32.32349598323869,
    "ssim": 0.9291411673638668,
    "dice": 0.13667851050394428
  }
}