{
  "algorithm": "HYBRID-PA6",
  "thresholds": [
    32,
    56,
    76,
    94,
    113,
    133,
    156,
    179,
    202,
    228
  ],
  "best_f": -36.29241665423227,
  "entropy": 36.29241665423227,
  "time": 2.6079630851745605,
  "metrics": {
    "psnr": 32.66480982227879,
    "ssim": 0.9192742085929928,
    "dice": 0.13513978407584665
  }
}