{
  "algorithm": "HYBRID-PA6",
  "thresholds": [
    49,
    95,
    134,
    173,
    214
  ],
  "best_f": -23.02300930104066,
  "entropy": 23.02300930104066,
  "time": 2.289548873901367,
  "metrics": {
    "psnr": 27.69131272392711,
    "ssim": 0.7810779229067181,
    "dice": 0.2484069668649108
  }
}