{
  "config": {
    "eval_mode": "single_image_multi_seed",
    "image_id": "306052",
    "k": 10,
    "seeds": [
      42,
      43,
      44,
      45,
      46,
      47,
      48,
      49,
      50,
      51,
      52,
      53,
      54,
      55,
      56,
      57,
      58,
      59,
      60,
      61
    ],
    "n_agents": 30,
    "n_iters": 80,
    "use_penalties": false,
    "penalty_mode": null,
    "n_images": 1,
    "algorithms": [
      "GWO",
      "WOA",
      "PSO",
      "OTSU",
      "PA5",
      "PA6"
    ],
    "image_path": "dataset/BDS500/images\\test\\306052.jpg",
    "gt_path": "dataset/BDS500/ground_truth\\test\\306052.mat"
  },
  "summary_statistics": {
    "GWO": {
      "n_runs": 20,
      "n_images": 1,
      "n_seeds": 20,
      "boundary_dsc_mean": 0.07754659011567626,
      "boundary_dsc_sd": 0.00554923220085542,
      "fe_mean": 36.938400667831154,
      "fe_sd": 0.6065262975325267,
      "psnr_mean": 31.37387792434534,
      "psnr_sd": 0.7072095572212204,
      "ssim_mean": 0.8907069821783005,
      "ssim_sd": 0.010819557703073638,
      "time_mean": 2.193008005619049,
      "time_sd": 0.08765672305527804
    },
    "WOA": {
      "n_runs": 20,
      "n_images": 1,
      "n_seeds": 20,
      "boundary_dsc_mean": 0.07423110503789773,
      "boundary_dsc_sd": 0.0019083034086293106,
      "fe_mean": 37.884175390656836,
      "fe_sd": 0.05580219565045372,
      "psnr_mean": 31.965836335634588,
      "psnr_sd": 0.10880276812322633,
      "ssim_mean": 0.8915612443834805,
      "ssim_sd": 0.0029064481768606813,
      "time_mean": 2.1342434763908384,
      "time_sd": 0.012857094509546706
    },
    "PSO": {
      "n_runs": 20,
      "n_images": 1,
      "n_seeds": 20,
      "boundary_dsc_mean": 0.0737530786386022,
      "boundary_dsc_sd": 0.002636028194472194,
      "fe_mean": 37.84359033434403,
      "fe_sd": 0.07672340705432086,
      "psnr_mean": 31.917602090569243,
      "psnr_sd": 0.2298995200199241,
      "ssim_mean": 0.891087214255179,
      "ssim_sd": 0.00597572110894718,
      "time_mean": 4.178163230419159,
      "time_sd": 0.035166087402783396
    },
    "OTSU": {
      "n_runs": 20,
      "n_images": 1,
      "n_seeds": 20,
      "boundary_dsc_mean": 0.07324244220509782,
      "boundary_dsc_sd": 1.4238309865648918e-17,
      "fe_mean": 37.61487155609492,
      "fe_sd": 7.290014651212246e-15,
      "psnr_mean": 32.26386796046718,
      "psnr_sd": 7.290014651212246e-15,
      "ssim_mean": 0.9020313719242707,
      "ssim_sd": 1.1390647892519134e-16,
      "time_mean": 0.4517879128456116,
      "time_sd": 0.008642149307110368
    },
    "PA5": {
      "n_runs": 20,
      "n_images": 1,
      "n_seeds": 20,
      "boundary_dsc_mean": 0.07454807290379109,
      "boundary_dsc_sd": 0.0014841756048293098,
      "fe_mean": 37.90277709895018,
      "fe_sd": 0.05616803403428596,
      "psnr_mean": 32.00042827139148,
      "psnr_sd": 0.10338685834296607,
      "ssim_mean": 0.8923031498388964,
      "ssim_sd": 0.0030989256040896617,
      "time_mean": 4.377750217914581,
      "time_sd": 0.12339758801733491
    },
    "PA6": {
      "n_runs": 20,
      "n_images": 1,
      "n_seeds": 20,
      "boundary_dsc_mean": 0.07580016362272367,
      "boundary_dsc_sd": 0.002581260948872721,
      "fe_mean": 37.72595154263267,
      "fe_sd": 0.12792143910532255,
      "psnr_mean": 31.948655243881053,
      "psnr_sd": 0.15201560474176637,
      "ssim_mean": 0.8937691714574273,
      "ssim_sd": 0.005576059446623399,
      "time_mean": 2.2109755992889406,
      "time_sd": 0.06901340048580488
    }
  },
  "wilcoxon": [
    {
      "base": "PA5",
      "challenger": "GWO",
      "metric": "boundary_dsc",
      "mean_base": 0.07454807290379109,
      "mean_challenger": 0.07754659011567626,
      "delta_mean": -0.0029985172118851683,
      "n": 20,
      "statistic": 45.0,
      "pvalue": 0.023950576782226562,
      "status": "ok"
    },
    {
      "base": "PA5",
      "challenger": "GWO",
      "metric": "fe",
      "mean_base": 37.90277709895018,
      "mean_challenger": 36.938400667831154,
      "delta_mean": 0.9643764311190282,
      "n": 20,
      "statistic": 0.0,
      "pvalue": 1.9073486328125e-06,
      "status": "ok"
    },
    {
      "base": "PA5",
      "challenger": "GWO",
      "metric": "psnr",
      "mean_base": 32.00042827139148,
      "mean_challenger": 31.37387792434534,
      "delta_mean": 0.6265503470461375,
      "n": 20,
      "statistic": 5.0,
      "pvalue": 1.9073486328125e-05,
      "status": "ok"
    },
    {
      "base": "PA5",
      "challenger": "GWO",
      "metric": "ssim",
      "mean_base": 0.8923031498388964,
      "mean_challenger": 0.8907069821783005,
      "delta_mean": 0.001596167660595893,
      "n": 20,
      "statistic": 98.0,
      "pvalue": 0.8123550415039062,
      "status": "ok"
    },
    {
      "base": "PA5",
      "challenger": "WOA",
      "metric": "boundary_dsc",
      "mean_base": 0.07454807290379109,
      "mean_challenger": 0.07423110503789773,
      "delta_mean": 0.00031696786589335835,
      "n": 20,
      "statistic": 84.0,
      "pvalue": 0.4523754119873047,
      "status": "ok"
    },
    {
      "base": "PA5",
      "challenger": "WOA",
      "metric": "fe",
      "mean_base": 37.90277709895018,
      "mean_challenger": 37.884175390656836,
      "delta_mean": 0.018601708293346064,
      "n": 20,
      "statistic": 75.0,
      "pvalue": 0.2773551940917969,
      "status": "ok"
    },
    {
      "base": "PA5",
      "challenger": "WOA",
      "metric": "psnr",
      "mean_base": 32.00042827139148,
      "mean_challenger": 31.965836335634588,
      "delta_mean": 0.03459193575688957,
      "n": 20,
      "statistic": 68.0,
      "pvalue": 0.17685317993164062,
      "status": "ok"
    },
    {
      "base": "PA5",
      "challenger": "WOA",
      "metric": "ssim",
      "mean_base": 0.8923031498388964,
      "mean_challenger": 0.8915612443834805,
      "delta_mean": 0.0007419054554158588,
      "n": 20,
      "statistic": 77.0,
      "pvalue": 0.3117942810058594,
      "status": "ok"
    },
    {
      "base": "PA5",
      "challenger": "PSO",
      "metric": "boundary_dsc",
      "mean_base": 0.07454807290379109,
      "mean_challenger": 0.0737530786386022,
      "delta_mean": 0.0007949942651888919,
      "n": 20,
      "statistic": 80.0,
      "pvalue": 0.36827659606933594,
      "status": "ok"
    },
    {
      "base": "PA5",
      "challenger": "PSO",
      "metric": "fe",
      "mean_base": 37.90277709895018,
      "mean_challenger": 37.84359033434403,
      "delta_mean": 0.05918676460615302,
      "n": 20,
      "statistic": 46.0,
      "pvalue": 0.026641845703125,
      "status": "ok"
    },
    {
      "base": "PA5",
      "challenger": "PSO",
      "metric": "psnr",
      "mean_base": 32.00042827139148,
      "mean_challenger": 31.917602090569243,
      "delta_mean": 0.08282618082223436,
      "n": 20,
      "statistic": 75.0,
      "pvalue": 0.2773551940917969,
      "status": "ok"
    },
    {
      "base": "PA5",
      "challenger": "PSO",
      "metric": "ssim",
      "mean_base": 0.8923031498388964,
      "mean_challenger": 0.891087214255179,
      "delta_mean": 0.0012159355837173536,
      "n": 20,
      "statistic": 86.0,
      "pvalue": 0.49800872802734375,
      "status": "ok"
    },
    {
      "base": "PA5",
      "challenger": "OTSU",
      "metric": "boundary_dsc",
      "mean_base": 0.07454807290379109,
      "mean_challenger": 0.07324244220509782,
      "delta_mean": 0.001305630698693272,
      "n": 20,
      "statistic": 18.0,
      "pvalue": 0.0004825592041015625,
      "status": "ok"
    },
    {
      "base": "PA5",
      "challenger": "OTSU",
      "metric": "fe",
      "mean_base": 37.90277709895018,
      "mean_challenger": 37.61487155609492,
      "delta_mean": 0.28790554285526326,
      "n": 20,
      "statistic": 0.0,
      "pvalue": 1.9073486328125e-06,
      "status": "ok"
    },
    {
      "base": "PA5",
      "challenger": "OTSU",