{
  "algorithm": "HYBRID-PA5",
  "thresholds": [
    20,
    40,
    62,
    85,
    109,
    133,
    157,
    181,
    205,
    229
  ],
  "best_f": -36.661585701753644,
  "entropy": 36.661585701753644,
  "time": 4.758398771286011,
  "metrics": {
    "psnr": 32.098820579614845,
    "ssim": 0.9377845981970535,
    "boundary_dsc": 0.103815792090036
  }
}