{
  "image_name": "uploaded",
  "timestamp": "2026-04-23T09:48:17.077527",
  "total_time": 111.79255533218384,
  "best_overall_algo": "HYBRID-PA5",
  "best_overall_f": -36.73113308226139,
  "best_overall_entropy": 36.73113308226139,
  "results": {
    "GWO": {
      "entropy": 36.2774443632434,
      "time": 14.738169193267822,
      "metrics": {
        "psnr": 32.10352920163847,
        "ssim": 0.92616580960573,
        "boundary_dsc": 0.09738271201665918
      }
    },
    "WOA": {
      "entropy": 36.67310181995089,
      "time": 16.55412483215332,
      "metrics": {
        "psnr": 31.876696873592465,
        "ssim": 0.9171613808710256,
        "boundary_dsc": 0.08804090022663785
      }
    },
    "PSO": {
      "entropy": 36.537728555824636,
      "time": 30.56483507156372,
      "metrics": {
        "psnr": 32.28760446326526,
        "ssim": 0.9217590154238842,
        "boundary_dsc": 0.09376055343491921
      }
    },
    "OTSU": {
      "entropy": 36.486227764621006,
      "time": 0.4661874771118164,
      "metrics": {
        "psnr": 33.03647592073955,
        "ssim": 0.9371141331953319,
        "boundary_dsc": 0.0978346767820452
      }
    },
    "HYBRID-PA5": {
      "entropy": 36.73113308226139,
      "time": 31.11358070373535,
      "metrics": {
        "psnr": 32.51818385390198,
        "ssim": 0.9259550177866932,
        "boundary_dsc": 0.09242292930543519
      }
    },
    "HYBRID-PA6": {
      "entropy": 36.63037020790206,
      "time": 14.509450435638428,
      "metrics": {
        "psnr": 32.55075023488007,
        "ssim": 0.9244574785344774,
        "boundary_dsc": 0.09150125660358004
      }
    }
  }
}