{
  "algorithm": "PSO",
  "thresholds": [
    37,
    60,
    78,
    96,
    116,
    137,
    159,
    182,
    206,
    230
  ],
  "best_f": -36.24064130590234,
  "entropy": 36.24064130590234,
  "time": 4.100646495819092,
  "metrics": {
    "psnr": 32.81727374898114,
    "ssim": 0.9246106004807656,
    "boundary_dsc": 0.05215198578715113
  }
}