{
  "image_name": "uploaded",
  "timestamp": "2026-04-18T09:07:50.006177",
  "total_time": 19.481446504592896,
  "best_overall_algo": "HYBRID-PA6",
  "best_overall_f": -31.363677679812188,
  "best_overall_entropy": 31.363677679812188,
  "results": {
    "GWO": {
      "entropy": 31.179096981425886,
      "time": 2.2024190425872803,
      "metrics": {
        "psnr": 25.16493537467603,
        "ssim": 0.7610795885782873,
        "dice": 0.21704781704781706
      }
    },
    "WOA": {
      "entropy": 31.28254832882452,
      "time": 2.302868366241455,
      "metrics": {
        "psnr": 24.78112281681514,
        "ssim": 0.7277628616833904,
        "dice": 0.20836484011359244
      }
    },
    "PSO": {
      "entropy": 31.151781993810722,
      "time": 4.471412181854248,
      "metrics": {
        "psnr": 20.545359353711984,
        "ssim": 0.750026463488071,
        "dice": 0.21379713961739638
      }
    },
    "OTSU": {
      "entropy": 31.054830801789784,
      "time": 0.002011537551879883,
      "metrics": {
        "psnr": 25.79780889834394,
        "ssim": 0.7527202190638748,
        "dice": 0.21240282685512368
      }
    },
    "HYBRID-PA5": {
      "entropy": 31.355544577030695,
      "time": 4.311514377593994,
      "metrics": {
        "psnr": 26.560538189667717,
        "ssim": 0.7680833761685435,
        "dice": 0.2258917024347272
      }
    },
    "HYBRID-PA6": {
      "entropy": 31.363677679812188,
      "time": 2.2426843643188477,
      "metrics": {
        "psnr": 25.74744557792708,
        "ssim": 0.7432008083363261,
        "dice": 0.20873192340176155
      }
    }
  }
}