{
  "algorithm": "WOA",
  "thresholds": [
    28,
    50,
    72,
    95,
    117,
    139,
    161,
    183,
    207,
    231
  ],
  "best_f": -37.69941513751448,
  "entropy": 37.69941513751448,
  "time": 18.05114197731018,
  "metrics": {
    "psnr": 32.19602622921008,
    "ssim": 0.9539725220794562,
    "boundary_dsc": 0.14018860368884317
  }
}