{
  "algorithm": "GWO",
  "thresholds": [
    63,
    89,
    107,
    130,
    135,
    142,
    163,
    202,
    223,
    243
  ],
  "best_f": -33.931364365679215,
  "entropy": 33.931364365679215,
  "time": 2.088265895843506,
  "metrics": {
    "psnr": 29.53246015655564,
    "ssim": 0.8226138240910935,
    "dice": 0.2216099962673966
  }
}