{
  "image_name": "uploaded",
  "timestamp": "2026-04-18T08:59:28.605923",
  "total_time": 20.134145498275757,
  "best_overall_algo": "HYBRID-PA5",
  "best_overall_f": -36.40008444929952,
  "best_overall_entropy": 36.40008444929952,
  "results": {
    "GWO": {
      "entropy": 36.140992896997695,
      "time": 2.3743066787719727,
      "metrics": {
        "psnr": 24.752358046759376,
        "ssim": 0.8254205240087064,
        "dice": 0.25649295213522794
      }
    },
    "WOA": {
      "entropy": 36.39699199636919,
      "time": 2.293010711669922,
      "metrics": {
        "psnr": 27.240416458041278,
        "ssim": 0.838888833505195,
        "dice": 0.2425094645754462
      }
    },
    "PSO": {
      "entropy": 36.37661349653854,
      "time": 4.559627056121826,
      "metrics": {
        "psnr": 25.095194124263386,
        "ssim": 0.818248485601068,
        "dice": 0.22718440096488876
      }
    },
    "OTSU": {
      "entropy": 35.44330695658944,
      "time": 0.003000020980834961,
      "metrics": {
        "psnr": 29.201032293689536,
        "ssim": 0.8440418400058749,
        "dice": 0.23381281524378852
      }
    },
    "HYBRID-PA5": {
      "entropy": 36.40008444929952,
      "time": 4.6469926834106445,
      "metrics": {
        "psnr": 25.694845205568114,
        "ssim": 0.816129529768041,
        "dice": 0.22435047720042417
      }
    },
    "HYBRID-PA6": {
      "entropy": 36.20611611371062,
      "time": 2.5243916511535645,
      "metrics": {
        "psnr": 25.832288689022192,
        "ssim": 0.8223035269794533,
        "dice": 0.2368011323425336
      }
    }
  }
}