{
  "algorithm": "HYBRID-PA5",
  "thresholds": [
    38,
    58,
    78,
    100,
    122,
    144,
    166,
    187,
    209,
    232
  ],
  "best_f": -36.37861114476409,
  "entropy": 36.37861114476409,
  "time": 4.251985549926758,
  "metrics": {
    "psnr": 33.12734610702091,
    "ssim": 0.8782971113168564,
    "dice": 0.23974618029706832
  }
}