{
  "algorithm": "GWO",
  "thresholds": [
    37,
    58,
    76,
    93,
    111,
    131,
    151,
    173,
    206,
    230
  ],
  "best_f": -36.140992896997695,
  "entropy": 36.140992896997695,
  "time": 2.3250925540924072,
  "metrics": {
    "psnr": 30.601698959432404,
    "ssim": 0.8520761731976368,
    "dice": 0.25649295213522794
  }
}