{
  "image_name": "uploaded",
  "timestamp": "2026-04-18T15:41:41.894936",
  "total_time": 17.21783471107483,
  "best_overall_algo": "HYBRID-PA5",
  "best_overall_f": -33.91726707122867,
  "best_overall_entropy": 33.91726707122867,
  "results": {
    "GWO": {
      "entropy": 33.866166876698784,
      "time": 1.9724183082580566,
      "metrics": {
        "psnr": 31.234515103413365,
        "ssim": 0.8451489459798256,
        "dice": 0.23729430610164556
      }
    },
    "WOA": {
      "entropy": 33.9144800425209,
      "time": 1.918367624282837,
      "metrics": {
        "psnr": 31.931779365480942,
        "ssim": 0.8604714405569419,
        "dice": 0.24174770316665709
      }
    },
    "PSO": {
      "entropy": 33.86481301365645,
      "time": 3.722574472427368,
      "metrics": {
        "psnr": 31.460393867822212,
        "ssim": 0.8514778589099895,
        "dice": 0.2438715917122345
      }
    },
    "OTSU": {
      "entropy": 33.42981455720165,
      "time": 0.0,
      "metrics": {
        "psnr": 31.203806833860973,
        "ssim": 0.8422701734539488,
        "dice": 0.22847164113944773
      }
    },
    "HYBRID-PA5": {
      "entropy": 33.91726707122867,
      "time": 3.952548027038574,
      "metrics": {
        "psnr": 31.596553786828736,
        "ssim": 0.852562020042129,
        "dice": 0.23916913946587537
      }
    },
    "HYBRID-PA6": {
      "entropy": 33.90465969707106,
      "time": 2.18074369430542,
      "metrics": {
        "psnr": 31.517499684455718,
        "ssim": 0.8542792412511453,
        "dice": 0.25551191818641367
      }
    }
  }
}