{
  "image_name": "uploaded",
  "timestamp": "2026-04-22T20:06:05.353676",
  "total_time": 123.08064699172974,
  "best_overall_algo": "HYBRID-PA5",
  "best_overall_f": -37.079886575952536,
  "best_overall_entropy": 37.079886575952536,
  "results": {
    "GWO": {
      "entropy": 36.67587453842169,
      "time": 15.58508038520813,
      "metrics": {
        "psnr": 30.458920169223372,
        "ssim": 0.9088331977293446,
        "boundary_dsc": 0.1952601926181847
      }
    },
    "WOA": {
      "entropy": 36.96224807773015,
      "time": 15.700161933898926,
      "metrics": {
        "psnr": 32.12172741856797,
        "ssim": 0.9245631358942067,
        "boundary_dsc": 0.19664615487331277
      }
    },
    "PSO": {
      "entropy": 36.938970965710595,
      "time": 33.46283006668091,
      "metrics": {
        "psnr": 31.280768620157442,
        "ssim": 0.9166752443834238,
        "boundary_dsc": 0.19583626987056862
      }
    },
    "OTSU": {
      "entropy": 36.69964574697238,
      "time": 0.46627140045166016,
      "metrics": {
        "psnr": 32.57444607446795,
        "ssim": 0.9312774574898126,
        "boundary_dsc": 0.19708554167542627
      }
    },
    "HYBRID-PA5": {
      "entropy": 37.079886575952536,
      "time": 37.0290789604187,
      "metrics": {
        "psnr": 31.652093833910758,
        "ssim": 0.9123555925207144,
        "boundary_dsc": 0.19671911317718577
      }
    },
    "HYBRID-PA6": {
      "entropy": 36.734852090990856,
      "time": 17.011860370635986,
      "metrics": {
        "psnr": 30.79783287695163,
        "ssim": 0.9133465599967816,
        "boundary_dsc": 0.1977512699046858
      }
    }
  }
}