{
  "algorithm": "PSO",
  "thresholds": [
    23,
    45,
    66,
    88,
    112,
    136,
    160,
    184,
    209,
    232
  ],
  "best_f": -37.16439247305401,
  "entropy": 37.16439247305401,
  "time": 4.262366533279419,
  "metrics": {
    "psnr": 32.2461675664064,
    "ssim": 0.9450271575077948,
    "boundary_dsc": 0.15084035591544653
  }
}