{
  "image_name": "uploaded",
  "timestamp": "2026-04-20T20:16:49.250219",
  "total_time": 22.01289653778076,
  "best_overall_algo": "PSO",
  "best_overall_f": -37.388787554490605,
  "best_overall_entropy": 37.388787554490605,
  "results": {
    "GWO": {
      "entropy": 36.997627797844444,
      "time": 2.383026123046875,
      "metrics": {
        "psnr": 32.88551016314354,
        "ssim": 0.9046373769907899,
        "boundary_dsc": 0.22334996597867998
      }
    },
    "WOA": {
      "entropy": 37.3316665667328,
      "time": 2.414031744003296,
      "metrics": {
        "psnr": 32.36121587920122,
        "ssim": 0.8937574241912738,
        "boundary_dsc": 0.22727136386814242
      }
    },
    "PSO": {
      "entropy": 37.388787554490605,
      "time": 5.063660621643066,
      "metrics": {
        "psnr": 32.19412886181789,
        "ssim": 0.8918035785917573,
        "boundary_dsc": 0.22729226800958055
      }
    },
    "OTSU": {
      "entropy": 35.74781714848025,
      "time": 0.4991779327392578,
      "metrics": {
        "psnr": 34.10244244906601,
        "ssim": 0.9180644190043494,
        "boundary_dsc": 0.22519944979367262
      }
    },
    "HYBRID-PA5": {
      "entropy": 37.28677230958161,
      "time": 4.965316295623779,
      "metrics": {
        "psnr": 32.267444273283374,
        "ssim": 0.8891146576824188,
        "boundary_dsc": 0.22839888276590925
      }
    },
    "HYBRID-PA6": {
      "entropy": 36.338146563347834,
      "time": 2.5823795795440674,
      "metrics": {
        "psnr": 30.95472594708918,
        "ssim": 0.8856074730743142,
        "boundary_dsc": 0.2087573051707259
      }
    }
  }
}