{
  "image_index": 29,
  "image_path": "dataset/BDS500/images/val\\167083.jpg",
  "k": 10,
  "strategies": {
    "PA1": {
      "fe_best": 0.046708186434277064,
      "thresholds": [
        62,
        89,
        98,
        101,
        110,
        113,
        134,
        145,
        170,
        221
      ],
      "time_sec": 3.0346016883850098,
      "stability_jitter": {
        "fe_mean": 0.046249228006029125,
        "fe_std": 0.00014702983414960257,
        "fe_min": 0.04605735541278343,
        "fe_max": 0.046708186434277064,
        "fe_original": 0.046708186434277064
      },
      "stability_convergence": {
        "fe_last_mean": 0.046689129209749866,
        "fe_last_std": 6.352408175732543e-06,
        "fe_improvement": 0.0004131991418071246,
        "fe_first": 0.04629498729246994,
        "fe_last": 0.046708186434277064
      }
    },
    "PA2": {
      "fe_best": 0.047979227259860625,
      "thresholds": [
        216,
        224,
        227,
        228,
        243,
        244,
        247,
        248,
        251,
        252
      ],
      "time_sec": 3.037193536758423,
      "stability_jitter": {
        "fe_mean": 0.04734723207879251,
        "fe_std": 0.00024161630397027552,
        "fe_min": 0.04700049444233886,
        "fe_max": 0.047979227259860625,
        "fe_original": 0.047979227259860625
      },
      "stability_convergence": {
        "fe_last_mean": 0.04797922725986063,
        "fe_last_std": 6.938893903907228e-18,
        "fe_improvement": 0.0016915764969742467,
        "fe_first": 0.04628765076288638,
        "fe_last": 0.047979227259860625
      }
    },
    "PA3": {
      "fe_best": 0.04691668952062163,
      "thresholds": [
        69,
        72,
        73,
        80,
        81,
        112,
        125,
        144,
        201,
        232
      ],
      "time_sec": 2.9994497299194336,
      "stability_jitter": {
        "fe_mean": 0.046134315469986045,
        "fe_std": 0.00023400861622369047,
        "fe_min": 0.045727473546989965,
        "fe_max": 0.04691668952062163,
        "fe_original": 0.04691668952062163
      },
      "stability_convergence": {
        "fe_last_mean": 0.04680518219429966,
        "fe_last_std": 5.1591393358445386e-05,
        "fe_improvement": 0.0006217022281516868,
        "fe_first": 0.04629498729246994,
        "fe_last": 0.04691668952062163
      }
    },
    "PA4": {
      "fe_best": 0.046912942338023005,
      "thresholds": [
        63,
        140,
        143,
        144,
        147,
        152,
        207,
        242,
        247,
        254
      ],
      "time_sec": 3.0106542110443115,
      "stability_jitter": {
        "fe_mean": 0.046361049417319854,
        "fe_std": 0.0002233547400684544,
        "fe_min": 0.04588064237492529,
        "fe_max": 0.046912942338023005,
        "fe_original": 0.046912942338023005
      },
      "stability_convergence": {
        "fe_last_mean": 0.04688190533803986,
        "fe_last_std": 1.5518499991573622e-05,
        "fe_improvement": 0.0006252915751366259,
        "fe_first": 0.04628765076288638,
        "fe_last": 0.046912942338023005
      }
    },
    "PA5": {
      "fe_best": 0.047925785738737695,
      "thresholds": [
        207,
        222,
        227,
        230,
        239,
        240,
        243,
        248,
        251,
        252
      ],
      "time_sec": 5.8957414627075195,
      "stability_jitter": {
        "fe_mean": 0.04738431217232546,
        "fe_std": 0.00021818539149251503,
        "fe_min": 0.04691867296753819,
        "fe_max": 0.047925785738737695,
        "fe_original": 0.047925785738737695
      },
      "stability_convergence": {
        "fe_last_mean": 0.04790903807606585,
        "fe_last_std": 1.745831676203143e-05,
        "fe_improvement": 0.0016219631970681228,
        "fe_first": 0.04630382254166957,
        "fe_last": 0.047925785738737695
      }
    }
  }
}