{
  "image_index": 39,
  "image_path": "dataset/BDS500/images/val\\210088.jpg",
  "k": 10,
  "strategies": {
    "PA1": {
      "fe_best": 0.04876130094634358,
      "thresholds": [
        2,
        3,
        4,
        5,
        7,
        12,
        13,
        104,
        253,
        254
      ],
      "time_sec": 2.7194554805755615,
      "stability_jitter": {
        "fe_mean": 0.04870027613937271,
        "fe_std": 4.0312149802577985e-05,
        "fe_min": 0.04862469579124035,
        "fe_max": 0.04876651580817841,
        "fe_original": 0.04876130094634358
      },
      "stability_convergence": {
        "fe_last_mean": 0.04873966509254076,
        "fe_last_std": 1.9323863210990102e-05,
        "fe_improvement": 0.00247475389823143,
        "fe_first": 0.04628654704811215,
        "fe_last": 0.04876130094634358
      }
    },
    "PA2": {
      "fe_best": 0.048839325492591394,
      "thresholds": [
        1,
        2,
        3,
        4,
        5,
        6,
        7,
        110,
        253,
        254
      ],
      "time_sec": 2.647744655609131,
      "stability_jitter": {
        "fe_mean": 0.048789282994357676,
        "fe_std": 3.3681446846152567e-05,
        "fe_min": 0.04871063348871507,
        "fe_max": 0.048839325492591394,
        "fe_original": 0.048839325492591394
      },
      "stability_convergence": {
        "fe_last_mean": 0.048839325492591394,
        "fe_last_std": 0.0,
        "fe_improvement": 0.0026149846949105743,
        "fe_first": 0.04622434079768082,
        "fe_last": 0.048839325492591394
      }
    },
    "PA3": {
      "fe_best": 0.04881801234661826,
      "thresholds": [
        1,
        2,
        3,
        4,
        5,
        6,
        109,
        252,
        253,
        254
      ],
      "time_sec": 2.624332904815674,
      "stability_jitter": {
        "fe_mean": 0.04876062555297192,
        "fe_std": 3.351600913350933e-05,
        "fe_min": 0.048699787069869355,
        "fe_max": 0.04881801234661826,
        "fe_original": 0.04881801234661826
      },
      "stability_convergence": {
        "fe_last_mean": 0.04881801234661826,
        "fe_last_std": 0.0,
        "fe_improvement": 0.0025314652985061123,
        "fe_first": 0.04628654704811215,
        "fe_last": 0.04881801234661826
      }
    },
    "PA4": {
      "fe_best": 0.04872609083276307,
      "thresholds": [
        1,
        4,
        8,
        9,
        10,
        107,
        251,
        252,
        253,
        254
      ],
      "time_sec": 2.6541736125946045,
      "stability_jitter": {
        "fe_mean": 0.048663722866502154,
        "fe_std": 3.844964172082739e-05,
        "fe_min": 0.04858629408027438,
        "fe_max": 0.04872609083276307,
        "fe_original": 0.04872609083276307
      },
      "stability_convergence": {
        "fe_last_mean": 0.04872609083276307,
        "fe_last_std": 0.0,
        "fe_improvement": 0.0025017500350822536,
        "fe_first": 0.04622434079768082,
        "fe_last": 0.04872609083276307
      }
    },
    "PA5": {
      "fe_best": 0.04885436289420031,
      "thresholds": [
        1,
        2,
        3,
        4,
        5,
        6,
        7,
        8,
        109,
        254
      ],
      "time_sec": 6.131479263305664,
      "stability_jitter": {
        "fe_mean": 0.04880305734030793,
        "fe_std": 3.3387250448992915e-05,
        "fe_min": 0.04873198082370514,
        "fe_max": 0.04885436289420031,
        "fe_original": 0.04885436289420031
      },
      "stability_convergence": {
        "fe_last_mean": 0.04885436289420031,
        "fe_last_std": 0.0,
        "fe_improvement": 0.002428305298794481,
        "fe_first": 0.04642605759540583,
        "fe_last": 0.04885436289420031
      }
    }
  }
}