{
  "image_index": 32,
  "image_path": "dataset/BDS500/images/val\\175043.jpg",
  "k": 10,
  "strategies": {
    "PA1": {
      "fe_best": 0.04664325022447384,
      "thresholds": [
        1,
        3,
        6,
        7,
        28,
        239,
        240,
        247,
        253,
        254
      ],
      "time_sec": 2.8579249382019043,
      "stability_jitter": {
        "fe_mean": 0.04660528041442621,
        "fe_std": 1.845813310636565e-05,
        "fe_min": 0.04656786333910256,
        "fe_max": 0.04664325022447384,
        "fe_original": 0.04664325022447384
      },
      "stability_convergence": {
        "fe_last_mean": 0.046642928025649816,
        "fe_last_std": 4.921668333069588e-07,
        "fe_improvement": 0.0006809911029652949,
        "fe_first": 0.045962259121508545,
        "fe_last": 0.04664325022447384
      }
    },
    "PA2": {
      "fe_best": 0.04660686477877303,
      "thresholds": [
        1,
        2,
        3,
        4,
        5,
        6,
        7,
        9,
        21,
        254
      ],
      "time_sec": 2.9898130893707275,
      "stability_jitter": {
        "fe_mean": 0.04658591859963997,
        "fe_std": 1.848166963865492e-05,
        "fe_min": 0.046555294047321144,
        "fe_max": 0.04660686477877303,
        "fe_original": 0.04660686477877303
      },
      "stability_convergence": {
        "fe_last_mean": 0.04660686477877303,
        "fe_last_std": 0.0,
        "fe_improvement": 0.0006446056572644854,
        "fe_first": 0.045962259121508545,
        "fe_last": 0.04660686477877303
      }
    },
    "PA3": {
      "fe_best": 0.04661903221216999,
      "thresholds": [
        1,
        2,
        3,
        4,
        6,
        7,
        8,
        23,
        252,
        253
      ],
      "time_sec": 2.943864583969116,
      "stability_jitter": {
        "fe_mean": 0.046581378247599795,
        "fe_std": 2.1372486682626276e-05,
        "fe_min": 0.046540642127314624,
        "fe_max": 0.04661903221216999,
        "fe_original": 0.04661903221216999
      },
      "stability_convergence": {
        "fe_last_mean": 0.046619032212169995,
        "fe_last_std": 6.938893903907228e-18,
        "fe_improvement": 0.000656773090661443,
        "fe_first": 0.045962259121508545,
        "fe_last": 0.04661903221216999
      }
    },
    "PA4": {
      "fe_best": 0.04667574536795852,
      "thresholds": [
        1,
        2,
        3,
        4,
        31,
        236,
        237,
        252,
        253,
        254
      ],
      "time_sec": 3.0320842266082764,
      "stability_jitter": {
        "fe_mean": 0.04663283374451053,
        "fe_std": 1.431917917912549e-05,
        "fe_min": 0.0466001669333158,
        "fe_max": 0.04667574536795852,
        "fe_original": 0.04667574536795852
      },
      "stability_convergence": {
        "fe_last_mean": 0.04667574536795853,
        "fe_last_std": 6.938893903907228e-18,
        "fe_improvement": 0.0007134862464499778,
        "fe_first": 0.045962259121508545,
        "fe_last": 0.04667574536795852
      }
    },
    "PA5": {
      "fe_best": 0.0466175459803665,
      "thresholds": [
        1,
        3,
        4,
        5,
        6,
        7,
        8,
        22,
        253,
        254
      ],
      "time_sec": 5.945786476135254,
      "stability_jitter": {
        "fe_mean": 0.046583360640478466,
        "fe_std": 1.7866059966775365e-05,
        "fe_min": 0.04655400979870478,
        "fe_max": 0.0466175459803665,
        "fe_original": 0.0466175459803665
      },
      "stability_convergence": {
        "fe_last_mean": 0.0466175459803665,
        "fe_last_std": 0.0,
        "fe_improvement": 0.000655286858857955,
        "fe_first": 0.045962259121508545,
        "fe_last": 0.0466175459803665
      }
    }
  }
}