{
  "image_index": 78,
  "image_path": "dataset/BDS500/images/val\\42049.jpg",
  "k": 10,
  "strategies": {
    "PA1": {
      "fe_best": 0.05783280933829932,
      "thresholds": [
        1,
        2,
        3,
        4,
        5,
        6,
        7,
        8,
        9,
        10
      ],
      "time_sec": 4.0897955894470215,
      "stability_jitter": {
        "fe_mean": 0.05781199266892293,
        "fe_std": 1.0685373352717623e-05,
        "fe_min": 0.057794272346174264,
        "fe_max": 0.05783280933829932,
        "fe_original": 0.05783280933829932
      },
      "stability_convergence": {
        "fe_last_mean": 0.05783280933829933,
        "fe_last_std": 1.3877787807814457e-17,
        "fe_improvement": 0.004697104586755721,
        "fe_first": 0.0531357047515436,
        "fe_last": 0.05783280933829932
      }
    },
    "PA2": {
      "fe_best": 0.05783280933829932,
      "thresholds": [
        1,
        2,
        3,
        4,
        5,
        6,
        7,
        8,
        9,
        10
      ],
      "time_sec": 4.030959606170654,
      "stability_jitter": {
        "fe_mean": 0.05781199266892293,
        "fe_std": 1.0685373352717623e-05,
        "fe_min": 0.057794272346174264,
        "fe_max": 0.05783280933829932,
        "fe_original": 0.05783280933829932
      },
      "stability_convergence": {
        "fe_last_mean": 0.05783280933829933,
        "fe_last_std": 1.3877787807814457e-17,
        "fe_improvement": 0.0007639536797636876,
        "fe_first": 0.05706885565853563,
        "fe_last": 0.05783280933829932
      }
    },
    "PA3": {
      "fe_best": 0.05783280933829932,
      "thresholds": [
        1,
        2,
        3,
        4,
        5,
        6,
        7,
        8,
        9,
        10
      ],
      "time_sec": 3.879006862640381,
      "stability_jitter": {
        "fe_mean": 0.05781199266892293,
        "fe_std": 1.0685373352717623e-05,
        "fe_min": 0.057794272346174264,
        "fe_max": 0.05783280933829932,
        "fe_original": 0.05783280933829932
      },
      "stability_convergence": {
        "fe_last_mean": 0.05783280933829933,
        "fe_last_std": 1.3877787807814457e-17,
        "fe_improvement": 0.004697104586755721,
        "fe_first": 0.0531357047515436,
        "fe_last": 0.05783280933829932
      }
    },
    "PA4": {
      "fe_best": 0.05783280933829932,
      "thresholds": [
        1,
        2,
        3,
        4,
        5,
        6,
        7,
        8,
        9,
        10
      ],
      "time_sec": 4.2078588008880615,
      "stability_jitter": {
        "fe_mean": 0.05781199266892293,
        "fe_std": 1.0685373352717623e-05,
        "fe_min": 0.057794272346174264,
        "fe_max": 0.05783280933829932,
        "fe_original": 0.05783280933829932
      },
      "stability_convergence": {
        "fe_last_mean": 0.05783280933829933,
        "fe_last_std": 1.3877787807814457e-17,
        "fe_improvement": 0.0007639536797636876,
        "fe_first": 0.05706885565853563,
        "fe_last": 0.05783280933829932
      }
    },
    "PA5": {
      "fe_best": 0.05783280933829932,
      "thresholds": [
        1,
        2,
        3,
        4,
        5,
        6,
        7,
        8,
        9,
        10
      ],
      "time_sec": 7.214311361312866,
      "stability_jitter": {
        "fe_mean": 0.05781199266892293,
        "fe_std": 1.0685373352717623e-05,
        "fe_min": 0.057794272346174264,
        "fe_max": 0.05783280933829932,
        "fe_original": 0.05783280933829932
      },
      "stability_convergence": {
        "fe_last_mean": 0.05783280933829933,
        "fe_last_std": 1.3877787807814457e-17,
        "fe_improvement": 0.004260885108619841,
        "fe_first": 0.05357192422967948,
        "fe_last": 0.05783280933829932
      }
    }
  }
}