{
  "image_index": 76,
  "image_path": "dataset/BDS500/images/val\\41069.jpg",
  "k": 10,
  "strategies": {
    "PA1": {
      "fe_best": 0.047046605451178586,
      "thresholds": [
        1,
        2,
        3,
        4,
        5,
        6,
        7,
        8,
        9,
        54
      ],
      "time_sec": 4.438796758651733,
      "stability_jitter": {
        "fe_mean": 0.047005660335480016,
        "fe_std": 1.98992054273002e-05,
        "fe_min": 0.04694418237483593,
        "fe_max": 0.047046605451178586,
        "fe_original": 0.047046605451178586
      },
      "stability_convergence": {
        "fe_last_mean": 0.04704660545117858,
        "fe_last_std": 6.938893903907228e-18,
        "fe_improvement": 0.0009701847872224112,
        "fe_first": 0.046076420663956175,
        "fe_last": 0.047046605451178586
      }
    },
    "PA2": {
      "fe_best": 0.047046605451178586,
      "thresholds": [
        1,
        2,
        3,
        4,
        5,
        6,
        7,
        8,
        9,
        54
      ],
      "time_sec": 4.341925859451294,
      "stability_jitter": {
        "fe_mean": 0.047005660335480016,
        "fe_std": 1.98992054273002e-05,
        "fe_min": 0.04694418237483593,
        "fe_max": 0.047046605451178586,
        "fe_original": 0.047046605451178586
      },
      "stability_convergence": {
        "fe_last_mean": 0.04704660545117858,
        "fe_last_std": 6.938893903907228e-18,
        "fe_improvement": 0.0006553104311695923,
        "fe_first": 0.046391295020008994,
        "fe_last": 0.047046605451178586
      }
    },
    "PA3": {
      "fe_best": 0.047046605451178586,
      "thresholds": [
        1,
        2,
        3,
        4,
        5,
        6,
        7,
        8,
        9,
        54
      ],
      "time_sec": 4.681136608123779,
      "stability_jitter": {
        "fe_mean": 0.047005660335480016,
        "fe_std": 1.98992054273002e-05,
        "fe_min": 0.04694418237483593,
        "fe_max": 0.047046605451178586,
        "fe_original": 0.047046605451178586
      },
      "stability_convergence": {
        "fe_last_mean": 0.04704660545117858,
        "fe_last_std": 6.938893903907228e-18,
        "fe_improvement": 0.0009701847872224112,
        "fe_first": 0.046076420663956175,
        "fe_last": 0.047046605451178586
      }
    },
    "PA4": {
      "fe_best": 0.047046605451178586,
      "thresholds": [
        1,
        2,
        3,
        4,
        5,
        6,
        7,
        8,
        9,
        54
      ],
      "time_sec": 4.143822431564331,
      "stability_jitter": {
        "fe_mean": 0.047005660335480016,
        "fe_std": 1.98992054273002e-05,
        "fe_min": 0.04694418237483593,
        "fe_max": 0.047046605451178586,
        "fe_original": 0.047046605451178586
      },
      "stability_convergence": {
        "fe_last_mean": 0.04704660545117858,
        "fe_last_std": 6.938893903907228e-18,
        "fe_improvement": 0.0006553104311695923,
        "fe_first": 0.046391295020008994,
        "fe_last": 0.047046605451178586
      }
    },
    "PA5": {
      "fe_best": 0.04705845775540424,
      "thresholds": [
        1,
        2,
        3,
        4,
        5,
        61,
        244,
        245,
        248,
        254
      ],
      "time_sec": 8.654503345489502,
      "stability_jitter": {
        "fe_mean": 0.0469757047939207,
        "fe_std": 3.241771868865906e-05,
        "fe_min": 0.04691311185060598,
        "fe_max": 0.04705845775540424,
        "fe_original": 0.04705845775540424
      },
      "stability_convergence": {
        "fe_last_mean": 0.047055641918004945,
        "fe_last_std": 2.3006901356198246e-06,
        "fe_improvement": 5.636121670778149e-05,
        "fe_first": 0.047002096538696456,
        "fe_last": 0.04705845775540424
      }
    }
  }
}