{
  "image_index": 88,
  "image_path": "dataset/BDS500/images/val\\69020.jpg",
  "k": 10,
  "strategies": {
    "PA1": {
      "fe_best": 0.049105110979883106,
      "thresholds": [
        1,
        2,
        5,
        6,
        9,
        10,
        17,
        18,
        121,
        254
      ],
      "time_sec": 2.8569071292877197,
      "stability_jitter": {
        "fe_mean": 0.0487321412678284,
        "fe_std": 0.00020795379718543825,
        "fe_min": 0.048240856170867895,
        "fe_max": 0.049105110979883106,
        "fe_original": 0.049105110979883106
      },
      "stability_convergence": {
        "fe_last_mean": 0.04910511097988311,
        "fe_last_std": 6.938893903907228e-18,
        "fe_improvement": 0.003141388393154039,
        "fe_first": 0.04596372258672907,
        "fe_last": 0.049105110979883106
      }
    },
    "PA2": {
      "fe_best": 0.04914209410732304,
      "thresholds": [
        1,
        2,
        4,
        5,
        8,
        9,
        12,
        13,
        15,
        122
      ],
      "time_sec": 2.829063892364502,
      "stability_jitter": {
        "fe_mean": 0.048775056992795024,
        "fe_std": 0.00017553416896290937,
        "fe_min": 0.0483539646427847,
        "fe_max": 0.04914209410732304,
        "fe_original": 0.04914209410732304
      },
      "stability_convergence": {
        "fe_last_mean": 0.04914042700895175,
        "fe_last_std": 1.6670983712975538e-06,
        "fe_improvement": 0.0025975308740482234,
        "fe_first": 0.04654456323327481,
        "fe_last": 0.04914209410732304
      }
    },
    "PA3": {
      "fe_best": 0.04916484189422367,
      "thresholds": [
        1,
        2,
        5,
        6,
        9,
        10,
        125,
        252,
        253,
        254
      ],
      "time_sec": 2.8601813316345215,
      "stability_jitter": {
        "fe_mean": 0.048826203495522705,
        "fe_std": 0.00021062379341861158,
        "fe_min": 0.04832914643006794,
        "fe_max": 0.04916484189422367,
        "fe_original": 0.04916484189422367
      },
      "stability_convergence": {
        "fe_last_mean": 0.04916484189422367,
        "fe_last_std": 0.0,
        "fe_improvement": 0.0032011193074946015,
        "fe_first": 0.04596372258672907,
        "fe_last": 0.04916484189422367
      }
    },
    "PA4": {
      "fe_best": 0.04911105812980501,
      "thresholds": [
        1,
        4,
        7,
        8,
        11,
        12,
        14,
        123,
        253,
        254
      ],
      "time_sec": 2.868436336517334,
      "stability_jitter": {
        "fe_mean": 0.048803498120978436,
        "fe_std": 0.00014445681336579442,
        "fe_min": 0.04855509202543849,
        "fe_max": 0.04911105812980501,
        "fe_original": 0.04911105812980501
      },
      "stability_convergence": {
        "fe_last_mean": 0.049111058129805006,
        "fe_last_std": 6.938893903907228e-18,
        "fe_improvement": 0.0025664948965302,
        "fe_first": 0.04654456323327481,
        "fe_last": 0.04911105812980501
      }
    },
    "PA5": {
      "fe_best": 0.04918307465114832,
      "thresholds": [
        1,
        3,
        4,
        7,
        8,
        11,
        12,
        14,
        123,
        254
      ],
      "time_sec": 5.750838756561279,
      "stability_jitter": {
        "fe_mean": 0.04886494246407548,
        "fe_std": 0.00011872935971504938,
        "fe_min": 0.04867471768716808,
        "fe_max": 0.04918307465114832,
        "fe_original": 0.04918307465114832
      },
      "stability_convergence": {
        "fe_last_mean": 0.04918307465114833,
        "fe_last_std": 6.938893903907228e-18,
        "fe_improvement": 0.0031908604268536533,
        "fe_first": 0.04599221422429467,
        "fe_last": 0.04918307465114832
      }
    }
  }
}