{
  "image_index": 86,
  "image_path": "dataset/BDS500/images/val\\66053.jpg",
  "k": 10,
  "strategies": {
    "PA1": {
      "fe_best": 0.047879687421680237,
      "thresholds": [
        1,
        112,
        245,
        246,
        247,
        248,
        249,
        252,
        253,
        254
      ],
      "time_sec": 3.1702044010162354,
      "stability_jitter": {
        "fe_mean": 0.04785219626097218,
        "fe_std": 2.393857295342756e-05,
        "fe_min": 0.0478226686537881,
        "fe_max": 0.047900588629117107,
        "fe_original": 0.047879687421680237
      },
      "stability_convergence": {
        "fe_last_mean": 0.04787847697434818,
        "fe_last_std": 4.034824440182772e-07,
        "fe_improvement": 0.0011304609128510446,
        "fe_first": 0.04674922650882919,
        "fe_last": 0.047879687421680237
      }
    },
    "PA2": {
      "fe_best": 0.05096546490425309,
      "thresholds": [
        245,
        246,
        247,
        248,
        249,
        250,
        251,
        252,
        253,
        254
      ],
      "time_sec": 3.142568826675415,
      "stability_jitter": {
        "fe_mean": 0.050945003184788194,
        "fe_std": 2.837206072278046e-05,
        "fe_min": 0.050883233705844515,
        "fe_max": 0.05096546490425309,
        "fe_original": 0.05096546490425309
      },
      "stability_convergence": {
        "fe_last_mean": 0.05096546490425309,
        "fe_last_std": 0.0,
        "fe_improvement": 0.004169544932328857,
        "fe_first": 0.046795919971924234,
        "fe_last": 0.05096546490425309
      }
    },
    "PA3": {
      "fe_best": 0.04798297407996432,
      "thresholds": [
        2,
        5,
        102,
        248,
        249,
        250,
        251,
        252,
        253,
        254
      ],
      "time_sec": 3.1633384227752686,
      "stability_jitter": {
        "fe_mean": 0.04793414807996003,
        "fe_std": 2.7521671086041934e-05,
        "fe_min": 0.04787972962611464,
        "fe_max": 0.04798297407996432,
        "fe_original": 0.04798297407996432
      },
      "stability_convergence": {
        "fe_last_mean": 0.04798199541501511,
        "fe_last_std": 1.9573298984221224e-06,
        "fe_improvement": 0.0012337475711351256,
        "fe_first": 0.04674922650882919,
        "fe_last": 0.04798297407996432
      }
    },
    "PA4": {
      "fe_best": 0.04788287634712006,
      "thresholds": [
        1,
        112,
        245,
        248,
        249,
        250,
        251,
        252,
        253,
        254
      ],
      "time_sec": 3.1741790771484375,
      "stability_jitter": {
        "fe_mean": 0.047854565790658665,
        "fe_std": 2.5099461937679017e-05,
        "fe_min": 0.047822748577456,
        "fe_max": 0.047902544724033096,
        "fe_original": 0.04788287634712006
      },
      "stability_convergence": {
        "fe_last_mean": 0.04788198364919168,
        "fe_last_std": 5.844079756473256e-07,
        "fe_improvement": 0.0010869563751958258,
        "fe_first": 0.046795919971924234,
        "fe_last": 0.04788287634712006
      }
    },
    "PA5": {
      "fe_best": 0.05096546490425309,
      "thresholds": [
        245,
        246,
        247,
        248,
        249,
        250,
        251,
        252,
        253,
        254
      ],
      "time_sec": 6.364522695541382,
      "stability_jitter": {
        "fe_mean": 0.050945003184788194,
        "fe_std": 2.837206072278046e-05,
        "fe_min": 0.050883233705844515,
        "fe_max": 0.05096546490425309,
        "fe_original": 0.05096546490425309
      },
      "stability_convergence": {
        "fe_last_mean": 0.05096546490425309,
        "fe_last_std": 0.0,
        "fe_improvement": 0.004018974956221527,
        "fe_first": 0.046946489948031564,
        "fe_last": 0.05096546490425309
      }
    }
  }
}