{
  "image_index": 93,
  "image_path": "dataset/BDS500/images/val\\85048.jpg",
  "k": 10,
  "strategies": {
    "PA1": {
      "fe_best": 0.047405048398049654,
      "thresholds": [
        1,
        2,
        3,
        4,
        5,
        22,
        25,
        150,
        239,
        240
      ],
      "time_sec": 2.8308141231536865,
      "stability_jitter": {
        "fe_mean": 0.04726776455517124,
        "fe_std": 7.29952563830029e-05,
        "fe_min": 0.047129256410507595,
        "fe_max": 0.047423335197150064,
        "fe_original": 0.047405048398049654
      },
      "stability_convergence": {
        "fe_last_mean": 0.047273621863807055,
        "fe_last_std": 0.00014718644683916454,
        "fe_improvement": 0.0012283278988400592,
        "fe_first": 0.046176720499209595,
        "fe_last": 0.047405048398049654
      }
    },
    "PA2": {
      "fe_best": 0.04735485660545842,
      "thresholds": [
        1,
        2,
        7,
        10,
        21,
        25,
        150,
        232,
        235,
        236
      ],
      "time_sec": 2.8159658908843994,
      "stability_jitter": {
        "fe_mean": 0.04712749694918596,
        "fe_std": 9.840548492039993e-05,
        "fe_min": 0.04691377539420584,
        "fe_max": 0.04735485660545842,
        "fe_original": 0.04735485660545842
      },
      "stability_convergence": {
        "fe_last_mean": 0.04725310346506622,
        "fe_last_std": 8.122948792235038e-05,
        "fe_improvement": 0.0012946786261727183,
        "fe_first": 0.0460601779792857,
        "fe_last": 0.04735485660545842
      }
    },
    "PA3": {
      "fe_best": 0.04721023482318276,
      "thresholds": [
        1,
        20,
        26,
        164,
        195,
        196,
        235,
        250,
        251,
        254
      ],
      "time_sec": 2.8579938411712646,
      "stability_jitter": {
        "fe_mean": 0.045688479601525764,
        "fe_std": 0.0007093181446322086,
        "fe_min": 0.04421436356252134,
        "fe_max": 0.04721023482318276,
        "fe_original": 0.04721023482318276
      },
      "stability_convergence": {
        "fe_last_mean": 0.04715245833524469,
        "fe_last_std": 4.6589311425156e-05,
        "fe_improvement": 0.001033514323973167,
        "fe_first": 0.046176720499209595,
        "fe_last": 0.04721023482318276
      }
    },
    "PA4": {
      "fe_best": 0.04770317493105093,
      "thresholds": [
        15,
        29,
        158,
        231,
        238,
        239,
        243,
        250,
        251,
        254
      ],
      "time_sec": 2.7741167545318604,
      "stability_jitter": {
        "fe_mean": 0.0460212460596537,
        "fe_std": 0.000760284589121189,
        "fe_min": 0.04466495381408807,
        "fe_max": 0.04770317493105093,
        "fe_original": 0.04770317493105093
      },
      "stability_convergence": {
        "fe_last_mean": 0.047657175836329654,
        "fe_last_std": 3.755810356569134e-05,
        "fe_improvement": 0.0016429969517652299,
        "fe_first": 0.0460601779792857,
        "fe_last": 0.04770317493105093
      }
    },
    "PA5": {
      "fe_best": 0.04760071139579294,
      "thresholds": [
        1,
        2,
        3,
        4,
        5,
        32,
        239,
        244,
        251,
        252
      ],
      "time_sec": 5.738053560256958,
      "stability_jitter": {
        "fe_mean": 0.0460859208483862,
        "fe_std": 0.000799110453909096,
        "fe_min": 0.044332191168705855,
        "fe_max": 0.04760071139579294,
        "fe_original": 0.04760071139579294
      },
      "stability_convergence": {
        "fe_last_mean": 0.04760071139579293,
        "fe_last_std": 6.938893903907228e-18,
        "fe_improvement": 0.0012530209678587381,
        "fe_first": 0.0463476904279342,
        "fe_last": 0.04760071139579294
      }
    }
  }
}