{
  "algorithm": "HYBRID-PA6",
  "thresholds": [
    17,
    36,
    55,
    76,
    97,
    119,
    151,
    183,
    208,
    227
  ],
  "best_f": -36.99020463131593,
  "entropy": 36.99020463131593,
  "time": 2.083949327468872,
  "metrics": {
    "psnr": 29.689005351018643,
    "ssim": 0.846577175664925,
    "dice": 0.16676930182433994
  }
}