{
  "image_name": "10081.jpg",
  "image_path": "dataset/BDS500/images/test\\10081.jpg",
  "results": {
    "PA5": {
      "image_name": "10081.jpg",
      "strategy": "PA5",
      "seed": 42,
      "thresholds": "39,63,84,103,122,143,165,187,209,231",
      "best_f": -37.184997755374916,
      "fe": 37.184997755374916,
      "dsc": 0.19171772998518163,
      "iou": 0.10602201501627871,
      "psnr": 32.57023812699068,
      "ssim": 0.8707818769871807,
      "time_sec": 1.707437515258789,
      "convergence_iters": 40
    },
    "PA6": {
      "image_name": "10081.jpg",
      "strategy": "PA6",
      "seed": 42,
      "thresholds": "24,47,68,90,116,143,164,185,205,225",
      "best_f": -37.19450124646768,
      "fe": 37.19450124646768,
      "dsc": 0.1926283016972984,
      "iou": 0.10657923983107358,
      "psnr": 32.0855355751684,
      "ssim": 0.86160285188709,
      "time_sec": 0.7045493125915527,
      "convergence_iters": 25
    }
  }
}