{
  "algorithm": "OTSU",
  "thresholds": [
    49,
    64,
    79,
    94,
    110,
    128,
    149,
    173,
    201,
    231
  ],
  "best_f": -35.99702463850451,
  "entropy": 35.99702463850451,
  "time": 0.4367680549621582,
  "metrics": {
    "psnr": 33.485380303912706,
    "ssim": 0.957268041926427,
    "boundary_dsc": 0.12759792813208157
  }
}