{
  "image_name": "uploaded",
  "timestamp": "2026-04-18T15:49:51.495686",
  "total_time": 18.236551761627197,
  "best_overall_algo": "OTSU",
  "best_overall_f": -34.915529133203734,
  "best_overall_entropy": 34.915529133203734,
  "results": {
    "GWO": {
      "entropy": 34.04967169878249,
      "time": 2.0830979347229004,
      "metrics": {
        "psnr": 30.763167795651775,
        "ssim": 0.8853668823573416,
        "dice": 0.11854559849111082
      }
    },
    "WOA": {
      "entropy": 34.79021952647513,
      "time": 2.1643283367156982,
      "metrics": {
        "psnr": 30.67862455259212,
        "ssim": 0.8710436154936778,
        "dice": 0.11384503309594685
      }
    },
    "PSO": {
      "entropy": 34.7506317515367,
      "time": 4.321251392364502,
      "metrics": {
        "psnr": 29.99695234498339,
        "ssim": 0.8515596456039811,
        "dice": 0.10675766557899719
      }
    },
    "OTSU": {
      "entropy": 34.915529133203734,
      "time": 0.006432771682739258,
      "metrics": {
        "psnr": 31.13094953201495,
        "ssim": 0.8767050443840183,
        "dice": 0.11442472739846132
      }
    },
    "HYBRID-PA5": {
      "entropy": 34.90475628727543,
      "time": 4.071189880371094,
      "metrics": {
        "psnr": 30.860783630989744,
        "ssim": 0.8741043632534301,
        "dice": 0.11031023230896606
      }
    },
    "HYBRID-PA6": {
      "entropy": 34.806153435905784,
      "time": 2.0135176181793213,
      "metrics": {
        "psnr": 31.235407261211797,
        "ssim": 0.8824866700828405,
        "dice": 0.11427097742245564
      }
    }
  }
}