{
  "algorithm": "WOA",
  "thresholds": [
    35,
    58,
    81,
    104,
    127,
    149,
    171,
    192,
    213,
    234
  ],
  "best_f": -36.83774071904203,
  "entropy": 36.83774071904203,
  "time": 2.4597418308258057,
  "metrics": {
    "psnr": 32.02602776643255,
    "ssim": 0.9404225656466304,
    "boundary_dsc": 0.11598616137620968
  }
}