{
  "image_name": "uploaded",
  "timestamp": "2026-01-25T19:21:30.651410",
  "total_time": 31.776844024658203,
  "best_overall_algo": "PSO",
  "best_overall_f": -0.044827870446665655,
  "best_overall_entropy": 0.044827870446665655,
  "results": {
    "PSO": {
      "entropy": 0.044827870446665655,
      "time": 31.59815263748169,
      "metrics": {
        "psnr": 15.248382223171946,
        "ssim": 0.5819294829776721,
        "dice": 0.09277109612768747
      }
    },
    "OTSU": {
      "entropy": 0.029219161947886107,
      "time": 0.008759498596191406,
      "metrics": {
        "psnr": 29.609237665225344,
        "ssim": 0.8452486452365146,
        "dice": 0.12428918575534421
      }
    }
  }
}