{
  "algorithm": "OTSU",
  "thresholds": [
    48,
    65,
    83,
    100,
    118,
    136,
    155,
    174,
    195,
    228
  ],
  "best_f": -34.979306925216264,
  "entropy": 34.979306925216264,
  "time": 0.4562973976135254,
  "metrics": {
    "psnr": 33.4416161060773,
    "ssim": 0.9058251157185009,
    "boundary_dsc": 0.18166096765318554
  }
}