{
  "algorithm": "PSO",
  "thresholds": [
    36,
    57,
    77,
    97,
    117,
    137,
    157,
    179,
    201,
    226
  ],
  "best_f": -37.122757769001105,
  "entropy": 37.122757769001105,
  "time": 4.188830852508545,
  "metrics": {
    "psnr": 31.467525506380927,
    "ssim": 0.8396854625656652,
    "boundary_dsc": 0.15474533815752853
  }
}