{
  "algorithm": "PSO",
  "thresholds": [
    58,
    114,
    164,
    214
  ],
  "best_f": -19.832328028474002,
  "entropy": 19.832328028474002,
  "time": 3.598217010498047,
  "metrics": {
    "psnr": 21.769841162648426,
    "ssim": 0.6968566808489672,
    "dice": 0.2508863003291973
  }
}