{
  "algorithm": "PSO",
  "thresholds": [
    34,
    57,
    80,
    104,
    130,
    156,
    181,
    206,
    223,
    240
  ],
  "best_f": -36.24780678234025,
  "entropy": 36.24780678234025,
  "time": 1.9394421577453613,
  "metrics": {
    "psnr": 31.991172235842882,
    "ssim": 0.8626491161005545,
    "dice": 0.24082307550982915
  }
}