{
  "algorithm": "HYBRID-PA5",
  "thresholds": [
    35,
    61,
    87,
    108,
    129,
    151,
    173,
    194,
    215,
    235
  ],
  "best_f": -36.39782371975449,
  "entropy": 36.39782371975449,
  "time": 15.015643119812012,
  "metrics": {
    "psnr": 32.901464325485975,
    "ssim": 0.870760708943023,
    "dice": 0.21794275635372404
  }
}