{
  "algorithm": "GWO",
  "thresholds": [
    38,
    69,
    99,
    129,
    159,
    190,
    221
  ],
  "best_f": -28.57550348881987,
  "entropy": 28.57550348881987,
  "time": 1.853865146636963,
  "metrics": {
    "psnr": 30.473211749012904,
    "ssim": 0.8347543683033832,
    "dice": 0.24202290317818503
  }
}