{
  "image_name": "uploaded",
  "timestamp": "2026-04-18T16:01:54.066897",
  "total_time": 18.368358850479126,
  "best_overall_algo": "HYBRID-PA5",
  "best_overall_f": -30.908407972117338,
  "best_overall_entropy": 30.908407972117338,
  "results": {
    "GWO": {
      "entropy": 30.8727401370489,
      "time": 2.02274751663208,
      "metrics": {
        "psnr": 34.61374962998406,
        "ssim": 0.9408917995613152,
        "dice": 0.2694765935394714
      }
    },
    "WOA": {
      "entropy": 30.896751469188764,
      "time": 2.061296224594116,
      "metrics": {
        "psnr": 34.398904593510885,
        "ssim": 0.9385970998040332,
        "dice": 0.269733295684986
      }
    },
    "PSO": {
      "entropy": 30.77681347705766,
      "time": 4.163198232650757,
      "metrics": {
        "psnr": 34.27612351707246,
        "ssim": 0.9352916815502161,
        "dice": 0.24954945404431253
      }
    },
    "OTSU": {
      "entropy": 30.781452652878247,
      "time": 0.0,
      "metrics": {
        "psnr": 34.56110056548259,
        "ssim": 0.9420630342319091,
        "dice": 0.2459497139560598
      }
    },
    "HYBRID-PA5": {
      "entropy": 30.908407972117338,
      "time": 4.292322158813477,
      "metrics": {
        "psnr": 34.46554734555642,
        "ssim": 0.9392931179894676,
        "dice": 0.2696568094154881
      }
    },
    "HYBRID-PA6": {
      "entropy": 30.849406481944474,
      "time": 2.13097882270813,
      "metrics": {
        "psnr": 34.341114430469176,
        "ssim": 0.9379379136002185,
        "dice": 0.26942019798117717
      }
    }
  }
}